**********************************************************************
** Visual Studio 2022 Developer Command Prompt v17.14.31
** Copyright (c) 2025 Microsoft Corporation
**********************************************************************
CMake Deprecation Warning at CMakeLists.txt:1 (cmake_minimum_required):
  Compatibility with CMake < 3.10 will be removed from a future version of
  CMake.

  Update the VERSION argument <min> value.  Or, use the <min>...<max> syntax
  to tell CMake that the project requires at least <min> but has been updated
  to work with policies introduced by <max> or earlier.


-- USE_NUMAS: OFF
-- USE_CUDA: ON
-- USE_ROCM: OFF
-- CUDA_ARCH: 86
-- USE_TFACC: OFF
-- For legacy CUDA GPUs: OFF
-- CUDA_MEM_DEBUG: OFF
-- PYTHON_API: OFF
-- BUILD_CLI: OFF
-- USE_SENTENCEPIECE: OFF
-- USE_IVCOREX: OFF
-- MAKE_WHL_X86: 
-- CMAKE_CXX_FLAGS: /DWIN32 /D_WINDOWS /W3 /GR /EHsc -DNOMINMAX /std:c++17 /arch:AVX2 /source-charset:utf-8
-- CUDA20 is unavailable for this CMake/NVCC combination, falling back to CUDA17
-- Configuring done (0.1s)
-- Generating done (0.1s)
-- Build files have been written to: C:/Users/user/output/deepseek-v4部署/fastllm-master/build-cuda-ninja
[1/33] Building CXX object CMakeFiles\fastllm_tools.dir\src\blocks\embeddingblock.cpp.obj
注意: 包含文件:  C:\Users\user\output\deepseek-v4部署\fastllm-master\include\blocks\baseblock.h
注意: 包含文件:   C:\Users\user\output\deepseek-v4部署\fastllm-master\include\fastllm.h
注意: 包含文件:    C:\Program Files (x86)\Microsoft Visual Studio\2022\BuildTools\VC\Tools\MSVC\14.44.35207\include\vector
注意: 包含文件:     C:\Program Files (x86)\Microsoft Visual Studio\2022\BuildTools\VC\Tools\MSVC\14.44.35207\include\yvals_core.h
注意: 包含文件:      C:\Program Files (x86)\Microsoft Visual Studio\2022\BuildTools\VC\Tools\MSVC\14.44.35207\include\vcruntime.h
注意: 包含文件:       C:\Program Files (x86)\Microsoft Visual Studio\2022\BuildTools\VC\Tools\MSVC\14.44.35207\include\sal.h
注意: 包含文件:        C:\Program Files (x86)\Microsoft Visual Studio\2022\BuildTools\VC\Tools\MSVC\14.44.35207\include\concurrencysal.h
注意: 包含文件:       C:\Program Files (x86)\Microsoft Visual Studio\2022\BuildTools\VC\Tools\MSVC\14.44.35207\include\vadefs.h
注意: 包含文件:      C:\Program Files (x86)\Microsoft Visual Studio\2022\BuildTools\VC\Tools\MSVC\14.44.35207\include\xkeycheck.h
注意: 包含文件:     C:\Program Files (x86)\Microsoft Visual Studio\2022\BuildTools\VC\Tools\MSVC\14.44.35207\include\__msvc_bit_utils.hpp
注意: 包含文件:      C:\Program Files (x86)\Microsoft Visual Studio\2022\BuildTools\VC\Tools\MSVC\14.44.35207\include\climits
注意: 包含文件:       C:\Program Files (x86)\Microsoft Visual Studio\2022\BuildTools\VC\Tools\MSVC\14.44.35207\include\limits.h
注意: 包含文件:      C:\Program Files (x86)\Microsoft Visual Studio\2022\BuildTools\VC\Tools\MSVC\14.44.35207\include\xtr1common
注意: 包含文件:      C:\Program Files (x86)\Microsoft Visual Studio\2022\BuildTools\VC\Tools\MSVC\14.44.35207\include\intrin0.h
注意: 包含文件:       C:\Program Files (x86)\Microsoft Visual Studio\2022\BuildTools\VC\Tools\MSVC\14.44.35207\include\intrin0.inl.h
注意: 包含文件:     C:\Program Files (x86)\Microsoft Visual Studio\2022\BuildTools\VC\Tools\MSVC\14.44.35207\include\__msvc_sanitizer_annotate_container.hpp
注意: 包含文件:     C:\Program Files (x86)\Microsoft Visual Studio\2022\BuildTools\VC\Tools\MSVC\14.44.35207\include\xmemory
注意: 包含文件:      C:\Program Files (x86)\Microsoft Visual Studio\2022\BuildTools\VC\Tools\MSVC\14.44.35207\include\cstdint
注意: 包含文件:       C:\Program Files (x86)\Microsoft Visual Studio\2022\BuildTools\VC\Tools\MSVC\14.44.35207\include\stdint.h
注意: 包含文件:      C:\Program Files (x86)\Microsoft Visual Studio\2022\BuildTools\VC\Tools\MSVC\14.44.35207\include\cstdlib
注意: 包含文件:       C:\Program Files (x86)\Windows Kits\10\include\10.0.26100.0\ucrt\math.h
注意: 包含文件:        C:\Program Files (x86)\Windows Kits\10\include\10.0.26100.0\ucrt\corecrt_math.h
注意: 包含文件:         C:\Program Files (x86)\Windows Kits\10\include\10.0.26100.0\ucrt\corecrt.h
注意: 包含文件:        C:\Program Files (x86)\Windows Kits\10\include\10.0.26100.0\ucrt\corecrt_math_defines.h
注意: 包含文件:       C:\Program Files (x86)\Windows Kits\10\include\10.0.26100.0\ucrt\stdlib.h
注意: 包含文件:        C:\Program Files (x86)\Windows Kits\10\include\10.0.26100.0\ucrt\corecrt_malloc.h
注意: 包含文件:        C:\Program Files (x86)\Windows Kits\10\include\10.0.26100.0\ucrt\corecrt_search.h
注意: 包含文件:         C:\Program Files (x86)\Windows Kits\10\include\10.0.26100.0\ucrt\stddef.h
注意: 包含文件:        C:\Program Files (x86)\Windows Kits\10\include\10.0.26100.0\ucrt\corecrt_wstdlib.h
注意: 包含文件:      C:\Program Files (x86)\Microsoft Visual Studio\2022\BuildTools\VC\Tools\MSVC\14.44.35207\include\limits
注意: 包含文件:       C:\Program Files (x86)\Microsoft Visual Studio\2022\BuildTools\VC\Tools\MSVC\14.44.35207\include\cfloat
注意: 包含文件:        C:\Program Files (x86)\Windows Kits\10\include\10.0.26100.0\ucrt\float.h
注意: 包含文件:       C:\Program Files (x86)\Microsoft Visual Studio\2022\BuildTools\VC\Tools\MSVC\14.44.35207\include\cwchar
注意: 包含文件:        C:\Program Files (x86)\Microsoft Visual Studio\2022\BuildTools\VC\Tools\MSVC\14.44.35207\include\cstdio
注意: 包含文件:         C:\Program Files (x86)\Windows Kits\10\include\10.0.26100.0\ucrt\stdio.h
注意: 包含文件:          C:\Program Files (x86)\Windows Kits\10\include\10.0.26100.0\ucrt\corecrt_wstdio.h
注意: 包含文件:           C:\Program Files (x86)\Windows Kits\10\include\10.0.26100.0\ucrt\corecrt_stdio_config.h
注意: 包含文件:        C:\Program Files (x86)\Windows Kits\10\include\10.0.26100.0\ucrt\wchar.h
注意: 包含文件:         C:\Program Files (x86)\Windows Kits\10\include\10.0.26100.0\ucrt\corecrt_memcpy_s.h
注意: 包含文件:          C:\Program Files (x86)\Windows Kits\10\include\10.0.26100.0\ucrt\errno.h
注意: 包含文件:          C:\Program Files (x86)\Microsoft Visual Studio\2022\BuildTools\VC\Tools\MSVC\14.44.35207\include\vcruntime_string.h
注意: 包含文件:         C:\Program Files (x86)\Windows Kits\10\include\10.0.26100.0\ucrt\corecrt_wconio.h
注意: 包含文件:         C:\Program Files (x86)\Windows Kits\10\include\10.0.26100.0\ucrt\corecrt_wctype.h
注意: 包含文件:         C:\Program Files (x86)\Windows Kits\10\include\10.0.26100.0\ucrt\corecrt_wdirect.h
注意: 包含文件:         C:\Program Files (x86)\Windows Kits\10\include\10.0.26100.0\ucrt\corecrt_wio.h
注意: 包含文件:          C:\Program Files (x86)\Windows Kits\10\include\10.0.26100.0\ucrt\corecrt_share.h
注意: 包含文件:         C:\Program Files (x86)\Windows Kits\10\include\10.0.26100.0\ucrt\corecrt_wprocess.h
注意: 包含文件:         C:\Program Files (x86)\Windows Kits\10\include\10.0.26100.0\ucrt\corecrt_wstring.h
注意: 包含文件:         C:\Program Files (x86)\Windows Kits\10\include\10.0.26100.0\ucrt\corecrt_wtime.h
注意: 包含文件:         C:\Program Files (x86)\Windows Kits\10\include\10.0.26100.0\ucrt\sys/stat.h
注意: 包含文件:          C:\Program Files (x86)\Windows Kits\10\include\10.0.26100.0\ucrt\sys/types.h
注意: 包含文件:         C:\Program Files (x86)\Microsoft Visual Studio\2022\BuildTools\VC\Tools\MSVC\14.44.35207\include\intrin.h
注意: 包含文件:          C:\Program Files (x86)\Microsoft Visual Studio\2022\BuildTools\VC\Tools\MSVC\14.44.35207\include\setjmp.h
注意: 包含文件:          C:\Program Files (x86)\Microsoft Visual Studio\2022\BuildTools\VC\Tools\MSVC\14.44.35207\include\immintrin.h
注意: 包含文件:           C:\Program Files (x86)\Microsoft Visual Studio\2022\BuildTools\VC\Tools\MSVC\14.44.35207\include\wmmintrin.h
注意: 包含文件:            C:\Program Files (x86)\Microsoft Visual Studio\2022\BuildTools\VC\Tools\MSVC\14.44.35207\include\nmmintrin.h
注意: 包含文件:             C:\Program Files (x86)\Microsoft Visual Studio\2022\BuildTools\VC\Tools\MSVC\14.44.35207\include\smmintrin.h
注意: 包含文件:              C:\Program Files (x86)\Microsoft Visual Studio\2022\BuildTools\VC\Tools\MSVC\14.44.35207\include\tmmintrin.h
注意: 包含文件:               C:\Program Files (x86)\Microsoft Visual Studio\2022\BuildTools\VC\Tools\MSVC\14.44.35207\include\pmmintrin.h
注意: 包含文件:                C:\Program Files (x86)\Microsoft Visual Studio\2022\BuildTools\VC\Tools\MSVC\14.44.35207\include\emmintrin.h
注意: 包含文件:                 C:\Program Files (x86)\Microsoft Visual Studio\2022\BuildTools\VC\Tools\MSVC\14.44.35207\include\xmmintrin.h
注意: 包含文件:                  C:\Program Files (x86)\Microsoft Visual Studio\2022\BuildTools\VC\Tools\MSVC\14.44.35207\include\mmintrin.h
注意: 包含文件:                  C:\Program Files (x86)\Windows Kits\10\include\10.0.26100.0\ucrt\malloc.h
注意: 包含文件:           C:\Program Files (x86)\Microsoft Visual Studio\2022\BuildTools\VC\Tools\MSVC\14.44.35207\include\zmmintrin.h
注意: 包含文件:          C:\Program Files (x86)\Microsoft Visual Studio\2022\BuildTools\VC\Tools\MSVC\14.44.35207\include\ammintrin.h
注意: 包含文件:      C:\Program Files (x86)\Microsoft Visual Studio\2022\BuildTools\VC\Tools\MSVC\14.44.35207\include\new
注意: 包含文件:       C:\Program Files (x86)\Microsoft Visual Studio\2022\BuildTools\VC\Tools\MSVC\14.44.35207\include\exception
注意: 包含文件:        C:\Program Files (x86)\Microsoft Visual Studio\2022\BuildTools\VC\Tools\MSVC\14.44.35207\include\yvals.h
注意: 包含文件:         C:\Program Files (x86)\Windows Kits\10\include\10.0.26100.0\ucrt\crtdbg.h
注意: 包含文件:          C:\Program Files (x86)\Microsoft Visual Studio\2022\BuildTools\VC\Tools\MSVC\14.44.35207\include\vcruntime_new_debug.h
注意: 包含文件:           C:\Program Files (x86)\Microsoft Visual Studio\2022\BuildTools\VC\Tools\MSVC\14.44.35207\include\vcruntime_new.h
注意: 包含文件:         C:\Program Files (x86)\Microsoft Visual Studio\2022\BuildTools\VC\Tools\MSVC\14.44.35207\include\crtdefs.h
注意: 包含文件:         C:\Program Files (x86)\Microsoft Visual Studio\2022\BuildTools\VC\Tools\MSVC\14.44.35207\include\use_ansi.h
注意: 包含文件:        C:\Program Files (x86)\Microsoft Visual Studio\2022\BuildTools\VC\Tools\MSVC\14.44.35207\include\type_traits
注意: 包含文件:         C:\Program Files (x86)\Microsoft Visual Studio\2022\BuildTools\VC\Tools\MSVC\14.44.35207\include\cstddef
注意: 包含文件:         C:\Program Files (x86)\Microsoft Visual Studio\2022\BuildTools\VC\Tools\MSVC\14.44.35207\include\cstring
注意: 包含文件:          C:\Program Files (x86)\Windows Kits\10\include\10.0.26100.0\ucrt\string.h
注意: 包含文件:           C:\Program Files (x86)\Windows Kits\10\include\10.0.26100.0\ucrt\corecrt_memory.h
注意: 包含文件:        C:\Program Files (x86)\Microsoft Visual Studio\2022\BuildTools\VC\Tools\MSVC\14.44.35207\include\vcruntime_exception.h
注意: 包含文件:         C:\Program Files (x86)\Microsoft Visual Studio\2022\BuildTools\VC\Tools\MSVC\14.44.35207\include\eh.h
注意: 包含文件:          C:\Program Files (x86)\Windows Kits\10\include\10.0.26100.0\ucrt\corecrt_terminate.h
注意: 包含文件:      C:\Program Files (x86)\Microsoft Visual Studio\2022\BuildTools\VC\Tools\MSVC\14.44.35207\include\xatomic.h
注意: 包含文件:      C:\Program Files (x86)\Microsoft Visual Studio\2022\BuildTools\VC\Tools\MSVC\14.44.35207\include\xutility
注意: 包含文件:       C:\Program Files (x86)\Microsoft Visual Studio\2022\BuildTools\VC\Tools\MSVC\14.44.35207\include\__msvc_iter_core.hpp
注意: 包含文件:        C:\Program Files (x86)\Microsoft Visual Studio\2022\BuildTools\VC\Tools\MSVC\14.44.35207\include\utility
注意: 包含文件:         C:\Program Files (x86)\Microsoft Visual Studio\2022\BuildTools\VC\Tools\MSVC\14.44.35207\include\initializer_list
注意: 包含文件:     C:\Program Files (x86)\Microsoft Visual Studio\2022\BuildTools\VC\Tools\MSVC\14.44.35207\include\xpolymorphic_allocator.h
注意: 包含文件:      C:\Program Files (x86)\Microsoft Visual Studio\2022\BuildTools\VC\Tools\MSVC\14.44.35207\include\tuple
注意: 包含文件:    C:\Program Files (x86)\Microsoft Visual Studio\2022\BuildTools\VC\Tools\MSVC\14.44.35207\include\string
注意: 包含文件:     C:\Program Files (x86)\Microsoft Visual Studio\2022\BuildTools\VC\Tools\MSVC\14.44.35207\include\xstring
注意: 包含文件:      C:\Program Files (x86)\Microsoft Visual Studio\2022\BuildTools\VC\Tools\MSVC\14.44.35207\include\__msvc_string_view.hpp
注意: 包含文件:       C:\Program Files (x86)\Microsoft Visual Studio\2022\BuildTools\VC\Tools\MSVC\14.44.35207\include\iosfwd
注意: 包含文件:     C:\Program Files (x86)\Microsoft Visual Studio\2022\BuildTools\VC\Tools\MSVC\14.44.35207\include\cctype
注意: 包含文件:      C:\Program Files (x86)\Windows Kits\10\include\10.0.26100.0\ucrt\ctype.h
注意: 包含文件:    C:\Program Files (x86)\Microsoft Visual Studio\2022\BuildTools\VC\Tools\MSVC\14.44.35207\include\map
注意: 包含文件:     C:\Program Files (x86)\Microsoft Visual Studio\2022\BuildTools\VC\Tools\MSVC\14.44.35207\include\xtree
注意: 包含文件:      C:\Program Files (x86)\Microsoft Visual Studio\2022\BuildTools\VC\Tools\MSVC\14.44.35207\include\xnode_handle.h
注意: 包含文件:    C:\Program Files (x86)\Microsoft Visual Studio\2022\BuildTools\VC\Tools\MSVC\14.44.35207\include\set
注意: 包含文件:    C:\Program Files (x86)\Microsoft Visual Studio\2022\BuildTools\VC\Tools\MSVC\14.44.35207\include\queue
注意: 包含文件:     C:\Program Files (x86)\Microsoft Visual Studio\2022\BuildTools\VC\Tools\MSVC\14.44.35207\include\__msvc_heap_algorithms.hpp
注意: 包含文件:     C:\Program Files (x86)\Microsoft Visual Studio\2022\BuildTools\VC\Tools\MSVC\14.44.35207\include\deque
注意: 包含文件:    C:\Program Files (x86)\Microsoft Visual Studio\2022\BuildTools\VC\Tools\MSVC\14.44.35207\include\unordered_map
注意: 包含文件:     C:\Program Files (x86)\Microsoft Visual Studio\2022\BuildTools\VC\Tools\MSVC\14.44.35207\include\xhash
注意: 包含文件:      C:\Program Files (x86)\Microsoft Visual Studio\2022\BuildTools\VC\Tools\MSVC\14.44.35207\include\cmath
注意: 包含文件:      C:\Program Files (x86)\Microsoft Visual Studio\2022\BuildTools\VC\Tools\MSVC\14.44.35207\include\list
注意: 包含文件:      C:\Program Files (x86)\Microsoft Visual Studio\2022\BuildTools\VC\Tools\MSVC\14.44.35207\include\xbit_ops.h
注意: 包含文件:    C:\Program Files (x86)\Microsoft Visual Studio\2022\BuildTools\VC\Tools\MSVC\14.44.35207\include\unordered_set
注意: 包含文件:    C:\Program Files (x86)\Microsoft Visual Studio\2022\BuildTools\VC\Tools\MSVC\14.44.35207\include\algorithm
注意: 包含文件:     C:\Program Files (x86)\Microsoft Visual Studio\2022\BuildTools\VC\Tools\MSVC\14.44.35207\include\__msvc_minmax.hpp
注意: 包含文件:    C:\Program Files (x86)\Microsoft Visual Studio\2022\BuildTools\VC\Tools\MSVC\14.44.35207\include\iostream
注意: 包含文件:     C:\Program Files (x86)\Microsoft Visual Studio\2022\BuildTools\VC\Tools\MSVC\14.44.35207\include\istream
注意: 包含文件:      C:\Program Files (x86)\Microsoft Visual Studio\2022\BuildTools\VC\Tools\MSVC\14.44.35207\include\__msvc_ostream.hpp
注意: 包含文件:       C:\Program Files (x86)\Microsoft Visual Studio\2022\BuildTools\VC\Tools\MSVC\14.44.35207\include\ios
注意: 包含文件:        C:\Program Files (x86)\Microsoft Visual Studio\2022\BuildTools\VC\Tools\MSVC\14.44.35207\include\xlocnum
注意: 包含文件:         C:\Program Files (x86)\Microsoft Visual Studio\2022\BuildTools\VC\Tools\MSVC\14.44.35207\include\iterator
注意: 包含文件:         C:\Program Files (x86)\Microsoft Visual Studio\2022\BuildTools\VC\Tools\MSVC\14.44.35207\include\streambuf
注意: 包含文件:          C:\Program Files (x86)\Microsoft Visual Studio\2022\BuildTools\VC\Tools\MSVC\14.44.35207\include\xiosbase
注意: 包含文件:           C:\Program Files (x86)\Windows Kits\10\include\10.0.26100.0\ucrt\share.h
注意: 包含文件:           C:\Program Files (x86)\Microsoft Visual Studio\2022\BuildTools\VC\Tools\MSVC\14.44.35207\include\system_error
注意: 包含文件:            C:\Program Files (x86)\Microsoft Visual Studio\2022\BuildTools\VC\Tools\MSVC\14.44.35207\include\__msvc_system_error_abi.hpp
注意: 包含文件:            C:\Program Files (x86)\Microsoft Visual Studio\2022\BuildTools\VC\Tools\MSVC\14.44.35207\include\cerrno
注意: 包含文件:            C:\Program Files (x86)\Microsoft Visual Studio\2022\BuildTools\VC\Tools\MSVC\14.44.35207\include\stdexcept
注意: 包含文件:            C:\Program Files (x86)\Microsoft Visual Studio\2022\BuildTools\VC\Tools\MSVC\14.44.35207\include\xcall_once.h
注意: 包含文件:            C:\Program Files (x86)\Microsoft Visual Studio\2022\BuildTools\VC\Tools\MSVC\14.44.35207\include\xerrc.h
注意: 包含文件:            C:\Program Files (x86)\Microsoft Visual Studio\2022\BuildTools\VC\Tools\MSVC\14.44.35207\include\atomic
注意: 包含文件:             C:\Program Files (x86)\Microsoft Visual Studio\2022\BuildTools\VC\Tools\MSVC\14.44.35207\include\xthreads.h
注意: 包含文件:              C:\Program Files (x86)\Microsoft Visual Studio\2022\BuildTools\VC\Tools\MSVC\14.44.35207\include\__msvc_threads_core.hpp
注意: 包含文件:              C:\Program Files (x86)\Microsoft Visual Studio\2022\BuildTools\VC\Tools\MSVC\14.44.35207\include\xtimec.h
注意: 包含文件:               C:\Program Files (x86)\Microsoft Visual Studio\2022\BuildTools\VC\Tools\MSVC\14.44.35207\include\ctime
注意: 包含文件:                C:\Program Files (x86)\Windows Kits\10\include\10.0.26100.0\ucrt\time.h
注意: 包含文件:           C:\Program Files (x86)\Microsoft Visual Studio\2022\BuildTools\VC\Tools\MSVC\14.44.35207\include\xlocale
注意: 包含文件:            C:\Program Files (x86)\Microsoft Visual Studio\2022\BuildTools\VC\Tools\MSVC\14.44.35207\include\memory
注意: 包含文件:             C:\Program Files (x86)\Microsoft Visual Studio\2022\BuildTools\VC\Tools\MSVC\14.44.35207\include\typeinfo
注意: 包含文件:              C:\Program Files (x86)\Microsoft Visual Studio\2022\BuildTools\VC\Tools\MSVC\14.44.35207\include\vcruntime_typeinfo.h
注意: 包含文件:            C:\Program Files (x86)\Microsoft Visual Studio\2022\BuildTools\VC\Tools\MSVC\14.44.35207\include\xfacet
注意: 包含文件:            C:\Program Files (x86)\Microsoft Visual Studio\2022\BuildTools\VC\Tools\MSVC\14.44.35207\include\xlocinfo
注意: 包含文件:             C:\Program Files (x86)\Microsoft Visual Studio\2022\BuildTools\VC\Tools\MSVC\14.44.35207\include\__msvc_xlocinfo_types.hpp
注意: 包含文件:             C:\Program Files (x86)\Microsoft Visual Studio\2022\BuildTools\VC\Tools\MSVC\14.44.35207\include\clocale
注意: 包含文件:              C:\Program Files (x86)\Windows Kits\10\include\10.0.26100.0\ucrt\locale.h
注意: 包含文件:     C:\Program Files (x86)\Microsoft Visual Studio\2022\BuildTools\VC\Tools\MSVC\14.44.35207\include\ostream
注意: 包含文件:    C:\Program Files (x86)\Microsoft Visual Studio\2022\BuildTools\VC\Tools\MSVC\14.44.35207\include\functional
注意: 包含文件:    C:\Program Files (x86)\Microsoft Visual Studio\2022\BuildTools\VC\Tools\MSVC\14.44.35207\include\mutex
注意: 包含文件:     C:\Program Files (x86)\Microsoft Visual Studio\2022\BuildTools\VC\Tools\MSVC\14.44.35207\include\__msvc_chrono.hpp
注意: 包含文件:      C:\Program Files (x86)\Microsoft Visual Studio\2022\BuildTools\VC\Tools\MSVC\14.44.35207\include\ratio
注意: 包含文件:     C:\Program Files (x86)\Microsoft Visual Studio\2022\BuildTools\VC\Tools\MSVC\14.44.35207\include\thread
注意: 包含文件:      C:\Program Files (x86)\Windows Kits\10\include\10.0.26100.0\ucrt\process.h
注意: 包含文件:       C:\Program Files (x86)\Windows Kits\10\include\10.0.26100.0\ucrt\corecrt_startup.h
注意: 包含文件:        C:\Program Files (x86)\Windows Kits\10\include\10.0.26100.0\ucrt\math.h
注意: 包含文件:        C:\Program Files (x86)\Microsoft Visual Studio\2022\BuildTools\VC\Tools\MSVC\14.44.35207\include\vcruntime_startup.h
注意: 包含文件:    C:\Program Files (x86)\Microsoft Visual Studio\2022\BuildTools\VC\Tools\MSVC\14.44.35207\include\locale
注意: 包含文件:     C:\Program Files (x86)\Microsoft Visual Studio\2022\BuildTools\VC\Tools\MSVC\14.44.35207\include\xlocbuf
注意: 包含文件:     C:\Program Files (x86)\Microsoft Visual Studio\2022\BuildTools\VC\Tools\MSVC\14.44.35207\include\xlocmes
注意: 包含文件:     C:\Program Files (x86)\Microsoft Visual Studio\2022\BuildTools\VC\Tools\MSVC\14.44.35207\include\xlocmon
注意: 包含文件:     C:\Program Files (x86)\Microsoft Visual Studio\2022\BuildTools\VC\Tools\MSVC\14.44.35207\include\xloctime
注意: 包含文件:    C:\Program Files (x86)\Microsoft Visual Studio\2022\BuildTools\VC\Tools\MSVC\14.44.35207\include\codecvt
注意: 包含文件:    C:\Users\user\output\deepseek-v4部署\fastllm-master\include\devices/cpu/alivethreadpool.h
注意: 包含文件:     C:\Program Files (x86)\Microsoft Visual Studio\2022\BuildTools\VC\Tools\MSVC\14.44.35207\include\chrono
注意: 包含文件:      C:\Program Files (x86)\Microsoft Visual Studio\2022\BuildTools\VC\Tools\MSVC\14.44.35207\include\xfilesystem_abi.h
注意: 包含文件:     C:\Program Files (x86)\Windows Kits\10\\include\10.0.26100.0\\um\Windows.h
注意: 包含文件:      C:\Program Files (x86)\Windows Kits\10\\include\10.0.26100.0\\shared\winapifamily.h
注意: 包含文件:       C:\Program Files (x86)\Windows Kits\10\\include\10.0.26100.0\\shared\winpackagefamily.h
注意: 包含文件:      C:\Program Files (x86)\Windows Kits\10\\include\10.0.26100.0\\shared\sdkddkver.h
注意: 包含文件:      C:\Program Files (x86)\Microsoft Visual Studio\2022\BuildTools\VC\Tools\MSVC\14.44.35207\include\excpt.h
注意: 包含文件:      C:\Program Files (x86)\Microsoft Visual Studio\2022\BuildTools\VC\Tools\MSVC\14.44.35207\include\stdarg.h
注意: 包含文件:      C:\Program Files (x86)\Windows Kits\10\\include\10.0.26100.0\\shared\windef.h
注意: 包含文件:       C:\Program Files (x86)\Windows Kits\10\\include\10.0.26100.0\\shared\minwindef.h
注意: 包含文件:        C:\Program Files (x86)\Windows Kits\10\\include\10.0.26100.0\\shared\specstrings.h
注意: 包含文件:         C:\Program Files (x86)\Windows Kits\10\\include\10.0.26100.0\\shared\specstrings_strict.h
注意: 包含文件:          C:\Program Files (x86)\Windows Kits\10\\include\10.0.26100.0\\shared\specstrings_undef.h
注意: 包含文件:         C:\Program Files (x86)\Windows Kits\10\\include\10.0.26100.0\\shared\driverspecs.h
注意: 包含文件:          C:\Program Files (x86)\Windows Kits\10\include\10.0.26100.0\shared\sdv_driverspecs.h
注意: 包含文件:        C:\Program Files (x86)\Windows Kits\10\\include\10.0.26100.0\\um\winnt.h
注意: 包含文件:         C:\Program Files (x86)\Windows Kits\10\\include\10.0.26100.0\\shared\kernelspecs.h
注意: 包含文件:         C:\Program Files (x86)\Windows Kits\10\\include\10.0.26100.0\\shared\basetsd.h
注意: 包含文件:         C:\Program Files (x86)\Windows Kits\10\\include\10.0.26100.0\\shared\guiddef.h
注意: 包含文件:         C:\Program Files (x86)\Windows Kits\10\include\10.0.26100.0\shared\pshpack4.h
注意: 包含文件:         C:\Program Files (x86)\Windows Kits\10\include\10.0.26100.0\shared\poppack.h
注意: 包含文件:         C:\Program Files (x86)\Windows Kits\10\\include\10.0.26100.0\\shared\pshpack4.h
注意: 包含文件:         C:\Program Files (x86)\Windows Kits\10\\include\10.0.26100.0\\shared\poppack.h
注意: 包含文件:         C:\Program Files (x86)\Windows Kits\10\include\10.0.26100.0\shared\pshpack4.h
注意: 包含文件:         C:\Program Files (x86)\Windows Kits\10\include\10.0.26100.0\shared\pshpack2.h
注意: 包含文件:         C:\Program Files (x86)\Windows Kits\10\include\10.0.26100.0\shared\poppack.h
注意: 包含文件:         C:\Program Files (x86)\Windows Kits\10\include\10.0.26100.0\shared\pshpack2.h
注意: 包含文件:         C:\Program Files (x86)\Windows Kits\10\\include\10.0.26100.0\\shared\pshpack2.h
注意: 包含文件:         C:\Program Files (x86)\Windows Kits\10\\include\10.0.26100.0\\shared\poppack.h
注意: 包含文件:         C:\Program Files (x86)\Windows Kits\10\include\10.0.26100.0\shared\poppack.h
注意: 包含文件:         C:\Program Files (x86)\Windows Kits\10\include\10.0.26100.0\shared\pshpack8.h
注意: 包含文件:         C:\Program Files (x86)\Windows Kits\10\include\10.0.26100.0\shared\poppack.h
注意: 包含文件:         C:\Program Files (x86)\Windows Kits\10\include\10.0.26100.0\shared\pshpack1.h
注意: 包含文件:         C:\Program Files (x86)\Windows Kits\10\include\10.0.26100.0\shared\poppack.h
注意: 包含文件:         C:\Program Files (x86)\Windows Kits\10\include\10.0.26100.0\shared\pshpack1.h
注意: 包含文件:         C:\Program Files (x86)\Windows Kits\10\include\10.0.26100.0\shared\poppack.h
注意: 包含文件:         C:\Program Files (x86)\Windows Kits\10\include\10.0.26100.0\shared\poppack.h
注意: 包含文件:         C:\Program Files (x86)\Windows Kits\10\\include\10.0.26100.0\\shared\apiset.h
注意: 包含文件:         C:\Program Files (x86)\Windows Kits\10\\include\10.0.26100.0\\shared\ktmtypes.h
注意: 包含文件:      C:\Program Files (x86)\Windows Kits\10\\include\10.0.26100.0\\um\winbase.h
注意: 包含文件:       C:\Program Files (x86)\Windows Kits\10\\include\10.0.26100.0\\shared\apisetcconv.h
注意: 包含文件:       C:\Program Files (x86)\Windows Kits\10\\include\10.0.26100.0\\um\minwinbase.h
注意: 包含文件:       C:\Program Files (x86)\Windows Kits\10\\include\10.0.26100.0\\um\apiquery2.h
注意: 包含文件:       C:\Program Files (x86)\Windows Kits\10\\include\10.0.26100.0\\um\processenv.h
注意: 包含文件:       C:\Program Files (x86)\Windows Kits\10\\include\10.0.26100.0\\um\fileapifromapp.h
注意: 包含文件:        C:\Program Files (x86)\Windows Kits\10\\include\10.0.26100.0\\um\fileapi.h
注意: 包含文件:       C:\Program Files (x86)\Windows Kits\10\\include\10.0.26100.0\\um\debugapi.h
注意: 包含文件:       C:\Program Files (x86)\Windows Kits\10\\include\10.0.26100.0\\um\utilapiset.h
注意: 包含文件:       C:\Program Files (x86)\Windows Kits\10\\include\10.0.26100.0\\um\handleapi.h
注意: 包含文件:       C:\Program Files (x86)\Windows Kits\10\\include\10.0.26100.0\\um\errhandlingapi.h
注意: 包含文件:       C:\Program Files (x86)\Windows Kits\10\\include\10.0.26100.0\\um\fibersapi.h
注意: 包含文件:       C:\Program Files (x86)\Windows Kits\10\\include\10.0.26100.0\\um\namedpipeapi.h
注意: 包含文件:       C:\Program Files (x86)\Windows Kits\10\\include\10.0.26100.0\\um\profileapi.h
注意: 包含文件:       C:\Program Files (x86)\Windows Kits\10\\include\10.0.26100.0\\um\heapapi.h
注意: 包含文件:       C:\Program Files (x86)\Windows Kits\10\\include\10.0.26100.0\\um\ioapiset.h
注意: 包含文件:       C:\Program Files (x86)\Windows Kits\10\\include\10.0.26100.0\\um\synchapi.h
注意: 包含文件:       C:\Program Files (x86)\Windows Kits\10\\include\10.0.26100.0\\um\interlockedapi.h
注意: 包含文件:       C:\Program Files (x86)\Windows Kits\10\\include\10.0.26100.0\\um\processthreadsapi.h
注意: 包含文件:       C:\Program Files (x86)\Windows Kits\10\\include\10.0.26100.0\\um\sysinfoapi.h
注意: 包含文件:       C:\Program Files (x86)\Windows Kits\10\\include\10.0.26100.0\\um\memoryapi.h
注意: 包含文件:       C:\Program Files (x86)\Windows Kits\10\\include\10.0.26100.0\\um\enclaveapi.h
注意: 包含文件:       C:\Program Files (x86)\Windows Kits\10\\include\10.0.26100.0\\um\threadpoollegacyapiset.h
注意: 包含文件:       C:\Program Files (x86)\Windows Kits\10\\include\10.0.26100.0\\um\threadpoolapiset.h
注意: 包含文件:       C:\Program Files (x86)\Windows Kits\10\\include\10.0.26100.0\\um\jobapi.h
注意: 包含文件:       C:\Program Files (x86)\Windows Kits\10\\include\10.0.26100.0\\um\jobapi2.h
注意: 包含文件:       C:\Program Files (x86)\Windows Kits\10\\include\10.0.26100.0\\um\wow64apiset.h
注意: 包含文件:       C:\Program Files (x86)\Windows Kits\10\\include\10.0.26100.0\\um\libloaderapi.h
注意: 包含文件:       C:\Program Files (x86)\Windows Kits\10\\include\10.0.26100.0\\um\securitybaseapi.h
注意: 包含文件:       C:\Program Files (x86)\Windows Kits\10\\include\10.0.26100.0\\um\namespaceapi.h
注意: 包含文件:       C:\Program Files (x86)\Windows Kits\10\\include\10.0.26100.0\\um\systemtopologyapi.h
注意: 包含文件:       C:\Program Files (x86)\Windows Kits\10\\include\10.0.26100.0\\um\processtopologyapi.h
注意: 包含文件:       C:\Program Files (x86)\Windows Kits\10\\include\10.0.26100.0\\um\securityappcontainer.h
注意: 包含文件:       C:\Program Files (x86)\Windows Kits\10\\include\10.0.26100.0\\um\realtimeapiset.h
注意: 包含文件:       C:\Program Files (x86)\Windows Kits\10\\include\10.0.26100.0\\shared\winerror.h
注意: 包含文件:       C:\Program Files (x86)\Windows Kits\10\\include\10.0.26100.0\\um\timezoneapi.h
注意: 包含文件:      C:\Program Files (x86)\Windows Kits\10\\include\10.0.26100.0\\um\wingdi.h
注意: 包含文件:       C:\Program Files (x86)\Windows Kits\10\\include\10.0.26100.0\\shared\pshpack1.h
注意: 包含文件:       C:\Program Files (x86)\Windows Kits\10\\include\10.0.26100.0\\shared\poppack.h
注意: 包含文件:       C:\Program Files (x86)\Windows Kits\10\\include\10.0.26100.0\\shared\pshpack2.h
注意: 包含文件:       C:\Program Files (x86)\Windows Kits\10\\include\10.0.26100.0\\shared\poppack.h
注意: 包含文件:       C:\Program Files (x86)\Windows Kits\10\\include\10.0.26100.0\\shared\pshpack2.h
注意: 包含文件:       C:\Program Files (x86)\Windows Kits\10\\include\10.0.26100.0\\shared\poppack.h
注意: 包含文件:       C:\Program Files (x86)\Windows Kits\10\\include\10.0.26100.0\\shared\pshpack4.h
注意: 包含文件:       C:\Program Files (x86)\Windows Kits\10\\include\10.0.26100.0\\shared\poppack.h
注意: 包含文件:       C:\Program Files (x86)\Windows Kits\10\\include\10.0.26100.0\\shared\pshpack4.h
注意: 包含文件:       C:\Program Files (x86)\Windows Kits\10\\include\10.0.26100.0\\shared\poppack.h
注意: 包含文件:      C:\Program Files (x86)\Windows Kits\10\\include\10.0.26100.0\\um\winuser.h
注意: 包含文件:       C:\Program Files (x86)\Windows Kits\10\\include\10.0.26100.0\\shared\pshpack2.h
注意: 包含文件:       C:\Program Files (x86)\Windows Kits\10\\include\10.0.26100.0\\shared\poppack.h
注意: 包含文件:       C:\Program Files (x86)\Windows Kits\10\\include\10.0.26100.0\\shared\tvout.h
注意: 包含文件:      C:\Program Files (x86)\Windows Kits\10\\include\10.0.26100.0\\um\winnls.h
注意: 包含文件:       C:\Program Files (x86)\Windows Kits\10\\include\10.0.26100.0\\um\datetimeapi.h
注意: 包含文件:       C:\Program Files (x86)\Windows Kits\10\\include\10.0.26100.0\\um\stringapiset.h
注意: 包含文件:        C:\Program Files (x86)\Windows Kits\10\\include\10.0.26100.0\\um\winnls.h
注意: 包含文件:      C:\Program Files (x86)\Windows Kits\10\\include\10.0.26100.0\\um\wincon.h
注意: 包含文件:       C:\Program Files (x86)\Windows Kits\10\\include\10.0.26100.0\\um\wincontypes.h
注意: 包含文件:       C:\Program Files (x86)\Windows Kits\10\\include\10.0.26100.0\\um\consoleapi.h
注意: 包含文件:       C:\Program Files (x86)\Windows Kits\10\\include\10.0.26100.0\\um\consoleapi2.h
注意: 包含文件:       C:\Program Files (x86)\Windows Kits\10\\include\10.0.26100.0\\um\consoleapi3.h
注意: 包含文件:      C:\Program Files (x86)\Windows Kits\10\\include\10.0.26100.0\\um\winver.h
注意: 包含文件:       C:\Program Files (x86)\Windows Kits\10\\include\10.0.26100.0\\um\verrsrc.h
注意: 包含文件:      C:\Program Files (x86)\Windows Kits\10\\include\10.0.26100.0\\um\winreg.h
注意: 包含文件:       C:\Program Files (x86)\Windows Kits\10\\include\10.0.26100.0\\um\reason.h
注意: 包含文件:      C:\Program Files (x86)\Windows Kits\10\\include\10.0.26100.0\\um\winnetwk.h
注意: 包含文件:       C:\Program Files (x86)\Windows Kits\10\\include\10.0.26100.0\\shared\wnnc.h
注意: 包含文件:      C:\Program Files (x86)\Windows Kits\10\\include\10.0.26100.0\\shared\cderr.h
注意: 包含文件:      C:\Program Files (x86)\Windows Kits\10\\include\10.0.26100.0\\um\dde.h
注意: 包含文件:      C:\Program Files (x86)\Windows Kits\10\\include\10.0.26100.0\\um\ddeml.h
注意: 包含文件:      C:\Program Files (x86)\Windows Kits\10\\include\10.0.26100.0\\um\dlgs.h
注意: 包含文件:      C:\Program Files (x86)\Windows Kits\10\\include\10.0.26100.0\\um\lzexpand.h
注意: 包含文件:      C:\Program Files (x86)\Windows Kits\10\\include\10.0.26100.0\\um\mmsystem.h
注意: 包含文件:       C:\Program Files (x86)\Windows Kits\10\\include\10.0.26100.0\\um\mmsyscom.h
注意: 包含文件:        C:\Program Files (x86)\Windows Kits\10\\include\10.0.26100.0\\shared\pshpack1.h
注意: 包含文件:        C:\Program Files (x86)\Windows Kits\10\\include\10.0.26100.0\\shared\poppack.h
注意: 包含文件:       C:\Program Files (x86)\Windows Kits\10\\include\10.0.26100.0\\shared\pshpack1.h
注意: 包含文件:       C:\Program Files (x86)\Windows Kits\10\\include\10.0.26100.0\\um\mciapi.h
注意: 包含文件:        C:\Program Files (x86)\Windows Kits\10\\include\10.0.26100.0\\um\mmsyscom.h
注意: 包含文件:       C:\Program Files (x86)\Windows Kits\10\\include\10.0.26100.0\\um\mmiscapi.h
注意: 包含文件:        C:\Program Files (x86)\Windows Kits\10\\include\10.0.26100.0\\um\mmsyscom.h
注意: 包含文件:       C:\Program Files (x86)\Windows Kits\10\\include\10.0.26100.0\\um\mmiscapi2.h
注意: 包含文件:        C:\Program Files (x86)\Windows Kits\10\\include\10.0.26100.0\\um\mmsyscom.h
注意: 包含文件:       C:\Program Files (x86)\Windows Kits\10\\include\10.0.26100.0\\um\playsoundapi.h
注意: 包含文件:        C:\Program Files (x86)\Windows Kits\10\\include\10.0.26100.0\\um\mmsyscom.h
注意: 包含文件:       C:\Program Files (x86)\Windows Kits\10\\include\10.0.26100.0\\um\mmeapi.h
注意: 包含文件:        C:\Program Files (x86)\Windows Kits\10\\include\10.0.26100.0\\um\mmsyscom.h
注意: 包含文件:       C:\Program Files (x86)\Windows Kits\10\\include\10.0.26100.0\\um\timeapi.h
注意: 包含文件:        C:\Program Files (x86)\Windows Kits\10\\include\10.0.26100.0\\um\mmsyscom.h
注意: 包含文件:       C:\Program Files (x86)\Windows Kits\10\\include\10.0.26100.0\\um\joystickapi.h
注意: 包含文件:        C:\Program Files (x86)\Windows Kits\10\\include\10.0.26100.0\\um\mmsyscom.h
注意: 包含文件:       C:\Program Files (x86)\Windows Kits\10\\include\10.0.26100.0\\shared\poppack.h
注意: 包含文件:      C:\Program Files (x86)\Windows Kits\10\\include\10.0.26100.0\\um\nb30.h
注意: 包含文件:      C:\Program Files (x86)\Windows Kits\10\\include\10.0.26100.0\\shared\rpc.h
注意: 包含文件:       C:\Program Files (x86)\Windows Kits\10\\include\10.0.26100.0\\shared\pshpack8.h
注意: 包含文件:       C:\Program Files (x86)\Windows Kits\10\\include\10.0.26100.0\\shared\rpcdce.h
注意: 包含文件:        C:\Program Files (x86)\Windows Kits\10\\include\10.0.26100.0\\shared\rpcdcep.h
注意: 包含文件:       C:\Program Files (x86)\Windows Kits\10\\include\10.0.26100.0\\um\rpcnsi.h
注意: 包含文件:       C:\Program Files (x86)\Windows Kits\10\\include\10.0.26100.0\\shared\rpcnterr.h
注意: 包含文件:       C:\Program Files (x86)\Windows Kits\10\\include\10.0.26100.0\\shared\rpcasync.h
注意: 包含文件:        C:\Program Files (x86)\Windows Kits\10\\include\10.0.26100.0\\shared\pshpack8.h
注意: 包含文件:        C:\Program Files (x86)\Windows Kits\10\\include\10.0.26100.0\\shared\poppack.h
注意: 包含文件:       C:\Program Files (x86)\Windows Kits\10\\include\10.0.26100.0\\shared\poppack.h
注意: 包含文件:      C:\Program Files (x86)\Windows Kits\10\\include\10.0.26100.0\\um\shellapi.h
注意: 包含文件:      C:\Program Files (x86)\Windows Kits\10\\include\10.0.26100.0\\um\winperf.h
注意: 包含文件:       C:\Program Files (x86)\Windows Kits\10\\include\10.0.26100.0\\shared\pshpack8.h
注意: 包含文件:       C:\Program Files (x86)\Windows Kits\10\\include\10.0.26100.0\\shared\poppack.h
注意: 包含文件:      C:\Program Files (x86)\Windows Kits\10\\include\10.0.26100.0\\um\winsock.h
注意: 包含文件:       C:\Program Files (x86)\Windows Kits\10\\include\10.0.26100.0\\shared\inaddr.h
注意: 包含文件:      C:\Program Files (x86)\Windows Kits\10\\include\10.0.26100.0\\um\wincrypt.h
注意: 包含文件:       C:\Program Files (x86)\Windows Kits\10\\include\10.0.26100.0\\shared\bcrypt.h
注意: 包含文件:       C:\Program Files (x86)\Windows Kits\10\\include\10.0.26100.0\\um\ncrypt.h
注意: 包含文件:       C:\Program Files (x86)\Windows Kits\10\\include\10.0.26100.0\\um\dpapi.h
注意: 包含文件:      C:\Program Files (x86)\Windows Kits\10\\include\10.0.26100.0\\um\winefs.h
注意: 包含文件:      C:\Program Files (x86)\Windows Kits\10\\include\10.0.26100.0\\um\winscard.h
注意: 包含文件:       C:\Program Files (x86)\Windows Kits\10\\include\10.0.26100.0\\shared\wtypes.h
注意: 包含文件:        C:\Program Files (x86)\Windows Kits\10\include\10.0.26100.0\shared\rpcndr.h
注意: 包含文件:         C:\Program Files (x86)\Windows Kits\10\\include\10.0.26100.0\\shared\pshpack8.h
注意: 包含文件:         C:\Program Files (x86)\Windows Kits\10\\include\10.0.26100.0\\um\rpcnsip.h
注意: 包含文件:         C:\Program Files (x86)\Windows Kits\10\\include\10.0.26100.0\\shared\rpcsal.h
注意: 包含文件:         C:\Program Files (x86)\Windows Kits\10\\include\10.0.26100.0\\shared\poppack.h
注意: 包含文件:        C:\Program Files (x86)\Windows Kits\10\include\10.0.26100.0\shared\wtypesbase.h
注意: 包含文件:         C:\Program Files (x86)\Windows Kits\10\include\10.0.26100.0\shared\guiddef.h
注意: 包含文件:       C:\Program Files (x86)\Windows Kits\10\\include\10.0.26100.0\\um\winioctl.h
注意: 包含文件:        C:\Program Files (x86)\Windows Kits\10\\include\10.0.26100.0\\shared\pshpack1.h
注意: 包含文件:        C:\Program Files (x86)\Windows Kits\10\\include\10.0.26100.0\\shared\poppack.h
注意: 包含文件:        C:\Program Files (x86)\Windows Kits\10\\include\10.0.26100.0\\shared\pshpack1.h
注意: 包含文件:        C:\Program Files (x86)\Windows Kits\10\\include\10.0.26100.0\\shared\poppack.h
注意: 包含文件:        C:\Program Files (x86)\Windows Kits\10\\include\10.0.26100.0\\shared\pshpack1.h
注意: 包含文件:        C:\Program Files (x86)\Windows Kits\10\\include\10.0.26100.0\\shared\poppack.h
注意: 包含文件:        C:\Program Files (x86)\Windows Kits\10\\include\10.0.26100.0\\shared\pshpack1.h
注意: 包含文件:        C:\Program Files (x86)\Windows Kits\10\\include\10.0.26100.0\\shared\poppack.h
注意: 包含文件:        C:\Program Files (x86)\Windows Kits\10\\include\10.0.26100.0\\shared\pshpack1.h
注意: 包含文件:        C:\Program Files (x86)\Windows Kits\10\\include\10.0.26100.0\\shared\poppack.h
注意: 包含文件:        C:\Program Files (x86)\Windows Kits\10\\include\10.0.26100.0\\shared\pshpack1.h
注意: 包含文件:        C:\Program Files (x86)\Windows Kits\10\\include\10.0.26100.0\\shared\poppack.h
注意: 包含文件:        C:\Program Files (x86)\Windows Kits\10\\include\10.0.26100.0\\shared\pshpack1.h
注意: 包含文件:        C:\Program Files (x86)\Windows Kits\10\\include\10.0.26100.0\\shared\poppack.h
注意: 包含文件:       C:\Program Files (x86)\Windows Kits\10\\include\10.0.26100.0\\shared\winsmcrd.h
注意: 包含文件:      C:\Program Files (x86)\Windows Kits\10\\include\10.0.26100.0\\um\winspool.h
注意: 包含文件:       C:\Program Files (x86)\Windows Kits\10\\include\10.0.26100.0\\um\prsht.h
注意: 包含文件:        C:\Program Files (x86)\Windows Kits\10\\include\10.0.26100.0\\shared\pshpack8.h
注意: 包含文件:        C:\Program Files (x86)\Windows Kits\10\\include\10.0.26100.0\\shared\poppack.h
注意: 包含文件:      C:\Program Files (x86)\Windows Kits\10\\include\10.0.26100.0\\um\ole2.h
注意: 包含文件:       C:\Program Files (x86)\Windows Kits\10\\include\10.0.26100.0\\shared\pshpack8.h
注意: 包含文件:       C:\Program Files (x86)\Windows Kits\10\\include\10.0.26100.0\\um\objbase.h
注意: 包含文件:        C:\Program Files (x86)\Windows Kits\10\\include\10.0.26100.0\\shared\pshpack8.h
注意: 包含文件:        C:\Program Files (x86)\Windows Kits\10\\include\10.0.26100.0\\um\combaseapi.h
注意: 包含文件:         C:\Program Files (x86)\Windows Kits\10\\include\10.0.26100.0\\shared\pshpack8.h
注意: 包含文件:         C:\Program Files (x86)\Windows Kits\10\\include\10.0.26100.0\\um\unknwnbase.h
注意: 包含文件:         C:\Program Files (x86)\Windows Kits\10\\include\10.0.26100.0\\um\objidlbase.h
注意: 包含文件:         C:\Program Files (x86)\Windows Kits\10\\include\10.0.26100.0\\shared\guiddef.h
注意: 包含文件:         C:\Program Files (x86)\Windows Kits\10\\include\10.0.26100.0\\um\cguid.h
注意: 包含文件:         C:\Program Files (x86)\Windows Kits\10\\include\10.0.26100.0\\shared\poppack.h
注意: 包含文件:        C:\Program Files (x86)\Windows Kits\10\\include\10.0.26100.0\\um\coml2api.h
注意: 包含文件:         C:\Program Files (x86)\Windows Kits\10\\include\10.0.26100.0\\um\objidl.h
注意: 包含文件:          C:\Program Files (x86)\Windows Kits\10\include\10.0.26100.0\um\unknwn.h
注意: 包含文件:         C:\Program Files (x86)\Windows Kits\10\\include\10.0.26100.0\\um\propidlbase.h
注意: 包含文件:          C:\Program Files (x86)\Windows Kits\10\include\10.0.26100.0\um\oaidl.h
注意: 包含文件:        C:\Program Files (x86)\Windows Kits\10\\include\10.0.26100.0\\um\urlmon.h
注意: 包含文件:         C:\Program Files (x86)\Windows Kits\10\include\10.0.26100.0\um\oleidl.h
注意: 包含文件:         C:\Program Files (x86)\Windows Kits\10\include\10.0.26100.0\um\servprov.h
注意: 包含文件:         C:\Program Files (x86)\Windows Kits\10\include\10.0.26100.0\um\msxml.h
注意: 包含文件:        C:\Program Files (x86)\Windows Kits\10\\include\10.0.26100.0\\um\propidl.h
注意: 包含文件:        C:\Program Files (x86)\Windows Kits\10\\include\10.0.26100.0\\shared\poppack.h
注意: 包含文件:       C:\Program Files (x86)\Windows Kits\10\\include\10.0.26100.0\\um\oleauto.h
注意: 包含文件:        C:\Program Files (x86)\Windows Kits\10\\include\10.0.26100.0\\shared\pshpack8.h
注意: 包含文件:        C:\Program Files (x86)\Windows Kits\10\\include\10.0.26100.0\\shared\poppack.h
注意: 包含文件:       C:\Program Files (x86)\Windows Kits\10\\include\10.0.26100.0\\shared\poppack.h
注意: 包含文件:      C:\Program Files (x86)\Windows Kits\10\\include\10.0.26100.0\\um\commdlg.h
注意: 包含文件:       C:\Program Files (x86)\Windows Kits\10\\include\10.0.26100.0\\um\prsht.h
注意: 包含文件:      C:\Program Files (x86)\Windows Kits\10\\include\10.0.26100.0\\shared\stralign.h
注意: 包含文件:      C:\Program Files (x86)\Windows Kits\10\\include\10.0.26100.0\\um\winsvc.h
注意: 包含文件:      C:\Program Files (x86)\Windows Kits\10\\include\10.0.26100.0\\um\mcx.h
注意: 包含文件:      C:\Program Files (x86)\Windows Kits\10\\include\10.0.26100.0\\um\imm.h
注意: 包含文件:       C:\Program Files (x86)\Windows Kits\10\\include\10.0.26100.0\\um\ime_cmodes.h
C:\Users\user\output\deepseek-v4部署\fastllm-master\include\devices/cpu/alivethreadpool.h(136): warning C4267: “初始化”: 从“size_t”转换到“int”，可能丢失数据
C:\Users\user\output\deepseek-v4部署\fastllm-master\include\devices/cpu/alivethreadpool.h(176): warning C4267: “初始化”: 从“size_t”转换到“int”，可能丢失数据
C:\Users\user\output\deepseek-v4部署\fastllm-master\include\devices/cpu/alivethreadpool.h(236): warning C4267: “初始化”: 从“size_t”转换到“int”，可能丢失数据
C:\Users\user\output\deepseek-v4部署\fastllm-master\include\devices/cpu/alivethreadpool.h(237): warning C4267: “初始化”: 从“size_t”转换到“int”，可能丢失数据
C:\Users\user\output\deepseek-v4部署\fastllm-master\include\devices/cpu/alivethreadpool.h(238): warning C4267: “初始化”: 从“size_t”转换到“int”，可能丢失数据
C:\Users\user\output\deepseek-v4部署\fastllm-master\include\devices/cpu/alivethreadpool.h(281): warning C4267: “初始化”: 从“size_t”转换到“int”，可能丢失数据
C:\Users\user\output\deepseek-v4部署\fastllm-master\include\devices/cpu/alivethreadpool.h(327): warning C4267: “初始化”: 从“size_t”转换到“int”，可能丢失数据
C:\Users\user\output\deepseek-v4部署\fastllm-master\include\devices/cpu/alivethreadpool.h(330): warning C4267: “初始化”: 从“size_t”转换到“int”，可能丢失数据
C:\Users\user\output\deepseek-v4部署\fastllm-master\include\devices/cpu/alivethreadpool.h(370): warning C4267: “初始化”: 从“size_t”转换到“int”，可能丢失数据
C:\Users\user\output\deepseek-v4部署\fastllm-master\include\devices/cpu/alivethreadpool.h(372): warning C4267: “初始化”: 从“size_t”转换到“int”，可能丢失数据
注意: 包含文件:    C:\Users\user\output\deepseek-v4部署\fastllm-master\third_party\json11\json11.hpp
C:\Users\user\output\deepseek-v4部署\fastllm-master\include\fastllm.h(222): warning C4244: “初始化”: 从“int”转换到“float”，可能丢失数据
C:\Users\user\output\deepseek-v4部署\fastllm-master\include\fastllm.h(222): warning C4244: “初始化”: 从“int”转换到“const float”，可能丢失数据
C:\Users\user\output\deepseek-v4部署\fastllm-master\include\fastllm.h(227): warning C4244: “=”: 从“float”转换到“uint8_t”，可能丢失数据
C:\Users\user\output\deepseek-v4部署\fastllm-master\include\fastllm.h(229): warning C4244: “=”: 从“const float”转换到“uint8_t”，可能丢失数据
C:\Users\user\output\deepseek-v4部署\fastllm-master\include\fastllm.h(687): warning C4996: 'std::codecvt_utf8<wchar_t,1114111,(std::codecvt_mode)0>': warning STL4017: std::wbuffer_convert, std::wstring_convert, and the <codecvt> header (containing std::codecvt_mode, std::codecvt_utf8, std::codecvt_utf16, and std::codecvt_utf8_utf16) are deprecated in C++17. (The std::codecvt class template is NOT deprecated.) The C++ Standard doesn't provide equivalent non-deprecated functionality; consider using MultiByteToWideChar() and WideCharToMultiByte() from <Windows.h> instead. You can define _SILENCE_CXX17_CODECVT_HEADER_DEPRECATION_WARNING or _SILENCE_ALL_CXX17_DEPRECATION_WARNINGS to suppress this warning.
C:\Program Files (x86)\Microsoft Visual Studio\2022\BuildTools\VC\Tools\MSVC\14.44.35207\include\codecvt(34): note: 参见“std::codecvt_utf8”的声明
C:\Users\user\output\deepseek-v4部署\fastllm-master\include\fastllm.h(687): warning C4996: 'std::wstring_convert<std::codecvt_utf8<wchar_t,1114111,(std::codecvt_mode)0>,wchar_t,std::allocator<wchar_t>,std::allocator<char>>': warning STL4017: std::wbuffer_convert, std::wstring_convert, and the <codecvt> header (containing std::codecvt_mode, std::codecvt_utf8, std::codecvt_utf16, and std::codecvt_utf8_utf16) are deprecated in C++17. (The std::codecvt class template is NOT deprecated.) The C++ Standard doesn't provide equivalent non-deprecated functionality; consider using MultiByteToWideChar() and WideCharToMultiByte() from <Windows.h> instead. You can define _SILENCE_CXX17_CODECVT_HEADER_DEPRECATION_WARNING or _SILENCE_ALL_CXX17_DEPRECATION_WARNINGS to suppress this warning.
C:\Program Files (x86)\Microsoft Visual Studio\2022\BuildTools\VC\Tools\MSVC\14.44.35207\include\xlocbuf(303): note: 参见“std::wstring_convert”的声明
[2/33] Building CXX object CMakeFiles\fastllm_tools.dir\src\blocks\linearswiglublock.cpp.obj
注意: 包含文件:  C:\Users\user\output\deepseek-v4部署\fastllm-master\include\blocks\baseblock.h
注意: 包含文件:   C:\Users\user\output\deepseek-v4部署\fastllm-master\include\fastllm.h
注意: 包含文件:    C:\Program Files (x86)\Microsoft Visual Studio\2022\BuildTools\VC\Tools\MSVC\14.44.35207\include\vector
注意: 包含文件:     C:\Program Files (x86)\Microsoft Visual Studio\2022\BuildTools\VC\Tools\MSVC\14.44.35207\include\yvals_core.h
注意: 包含文件:      C:\Program Files (x86)\Microsoft Visual Studio\2022\BuildTools\VC\Tools\MSVC\14.44.35207\include\vcruntime.h
注意: 包含文件:       C:\Program Files (x86)\Microsoft Visual Studio\2022\BuildTools\VC\Tools\MSVC\14.44.35207\include\sal.h
注意: 包含文件:        C:\Program Files (x86)\Microsoft Visual Studio\2022\BuildTools\VC\Tools\MSVC\14.44.35207\include\concurrencysal.h
注意: 包含文件:       C:\Program Files (x86)\Microsoft Visual Studio\2022\BuildTools\VC\Tools\MSVC\14.44.35207\include\vadefs.h
注意: 包含文件:      C:\Program Files (x86)\Microsoft Visual Studio\2022\BuildTools\VC\Tools\MSVC\14.44.35207\include\xkeycheck.h
注意: 包含文件:     C:\Program Files (x86)\Microsoft Visual Studio\2022\BuildTools\VC\Tools\MSVC\14.44.35207\include\__msvc_bit_utils.hpp
注意: 包含文件:      C:\Program Files (x86)\Microsoft Visual Studio\2022\BuildTools\VC\Tools\MSVC\14.44.35207\include\climits
注意: 包含文件:       C:\Program Files (x86)\Microsoft Visual Studio\2022\BuildTools\VC\Tools\MSVC\14.44.35207\include\limits.h
注意: 包含文件:      C:\Program Files (x86)\Microsoft Visual Studio\2022\BuildTools\VC\Tools\MSVC\14.44.35207\include\xtr1common
注意: 包含文件:      C:\Program Files (x86)\Microsoft Visual Studio\2022\BuildTools\VC\Tools\MSVC\14.44.35207\include\intrin0.h
注意: 包含文件:       C:\Program Files (x86)\Microsoft Visual Studio\2022\BuildTools\VC\Tools\MSVC\14.44.35207\include\intrin0.inl.h
注意: 包含文件:     C:\Program Files (x86)\Microsoft Visual Studio\2022\BuildTools\VC\Tools\MSVC\14.44.35207\include\__msvc_sanitizer_annotate_container.hpp
注意: 包含文件:     C:\Program Files (x86)\Microsoft Visual Studio\2022\BuildTools\VC\Tools\MSVC\14.44.35207\include\xmemory
注意: 包含文件:      C:\Program Files (x86)\Microsoft Visual Studio\2022\BuildTools\VC\Tools\MSVC\14.44.35207\include\cstdint
注意: 包含文件:       C:\Program Files (x86)\Microsoft Visual Studio\2022\BuildTools\VC\Tools\MSVC\14.44.35207\include\stdint.h
注意: 包含文件:      C:\Program Files (x86)\Microsoft Visual Studio\2022\BuildTools\VC\Tools\MSVC\14.44.35207\include\cstdlib
注意: 包含文件:       C:\Program Files (x86)\Windows Kits\10\include\10.0.26100.0\ucrt\math.h
注意: 包含文件:        C:\Program Files (x86)\Windows Kits\10\include\10.0.26100.0\ucrt\corecrt_math.h
注意: 包含文件:         C:\Program Files (x86)\Windows Kits\10\include\10.0.26100.0\ucrt\corecrt.h
注意: 包含文件:        C:\Program Files (x86)\Windows Kits\10\include\10.0.26100.0\ucrt\corecrt_math_defines.h
注意: 包含文件:       C:\Program Files (x86)\Windows Kits\10\include\10.0.26100.0\ucrt\stdlib.h
注意: 包含文件:        C:\Program Files (x86)\Windows Kits\10\include\10.0.26100.0\ucrt\corecrt_malloc.h
注意: 包含文件:        C:\Program Files (x86)\Windows Kits\10\include\10.0.26100.0\ucrt\corecrt_search.h
注意: 包含文件:         C:\Program Files (x86)\Windows Kits\10\include\10.0.26100.0\ucrt\stddef.h
注意: 包含文件:        C:\Program Files (x86)\Windows Kits\10\include\10.0.26100.0\ucrt\corecrt_wstdlib.h
注意: 包含文件:      C:\Program Files (x86)\Microsoft Visual Studio\2022\BuildTools\VC\Tools\MSVC\14.44.35207\include\limits
注意: 包含文件:       C:\Program Files (x86)\Microsoft Visual Studio\2022\BuildTools\VC\Tools\MSVC\14.44.35207\include\cfloat
注意: 包含文件:        C:\Program Files (x86)\Windows Kits\10\include\10.0.26100.0\ucrt\float.h
注意: 包含文件:       C:\Program Files (x86)\Microsoft Visual Studio\2022\BuildTools\VC\Tools\MSVC\14.44.35207\include\cwchar
注意: 包含文件:        C:\Program Files (x86)\Microsoft Visual Studio\2022\BuildTools\VC\Tools\MSVC\14.44.35207\include\cstdio
注意: 包含文件:         C:\Program Files (x86)\Windows Kits\10\include\10.0.26100.0\ucrt\stdio.h
注意: 包含文件:          C:\Program Files (x86)\Windows Kits\10\include\10.0.26100.0\ucrt\corecrt_wstdio.h
注意: 包含文件:           C:\Program Files (x86)\Windows Kits\10\include\10.0.26100.0\ucrt\corecrt_stdio_config.h
注意: 包含文件:        C:\Program Files (x86)\Windows Kits\10\include\10.0.26100.0\ucrt\wchar.h
注意: 包含文件:         C:\Program Files (x86)\Windows Kits\10\include\10.0.26100.0\ucrt\corecrt_memcpy_s.h
注意: 包含文件:          C:\Program Files (x86)\Windows Kits\10\include\10.0.26100.0\ucrt\errno.h
注意: 包含文件:          C:\Program Files (x86)\Microsoft Visual Studio\2022\BuildTools\VC\Tools\MSVC\14.44.35207\include\vcruntime_string.h
注意: 包含文件:         C:\Program Files (x86)\Windows Kits\10\include\10.0.26100.0\ucrt\corecrt_wconio.h
注意: 包含文件:         C:\Program Files (x86)\Windows Kits\10\include\10.0.26100.0\ucrt\corecrt_wctype.h
注意: 包含文件:         C:\Program Files (x86)\Windows Kits\10\include\10.0.26100.0\ucrt\corecrt_wdirect.h
注意: 包含文件:         C:\Program Files (x86)\Windows Kits\10\include\10.0.26100.0\ucrt\corecrt_wio.h
注意: 包含文件:          C:\Program Files (x86)\Windows Kits\10\include\10.0.26100.0\ucrt\corecrt_share.h
注意: 包含文件:         C:\Program Files (x86)\Windows Kits\10\include\10.0.26100.0\ucrt\corecrt_wprocess.h
注意: 包含文件:         C:\Program Files (x86)\Windows Kits\10\include\10.0.26100.0\ucrt\corecrt_wstring.h
注意: 包含文件:         C:\Program Files (x86)\Windows Kits\10\include\10.0.26100.0\ucrt\corecrt_wtime.h
注意: 包含文件:         C:\Program Files (x86)\Windows Kits\10\include\10.0.26100.0\ucrt\sys/stat.h
注意: 包含文件:          C:\Program Files (x86)\Windows Kits\10\include\10.0.26100.0\ucrt\sys/types.h
注意: 包含文件:         C:\Program Files (x86)\Microsoft Visual Studio\2022\BuildTools\VC\Tools\MSVC\14.44.35207\include\intrin.h
注意: 包含文件:          C:\Program Files (x86)\Microsoft Visual Studio\2022\BuildTools\VC\Tools\MSVC\14.44.35207\include\setjmp.h
注意: 包含文件:          C:\Program Files (x86)\Microsoft Visual Studio\2022\BuildTools\VC\Tools\MSVC\14.44.35207\include\immintrin.h
注意: 包含文件:           C:\Program Files (x86)\Microsoft Visual Studio\2022\BuildTools\VC\Tools\MSVC\14.44.35207\include\wmmintrin.h
注意: 包含文件:            C:\Program Files (x86)\Microsoft Visual Studio\2022\BuildTools\VC\Tools\MSVC\14.44.35207\include\nmmintrin.h
注意: 包含文件:             C:\Program Files (x86)\Microsoft Visual Studio\2022\BuildTools\VC\Tools\MSVC\14.44.35207\include\smmintrin.h
注意: 包含文件:              C:\Program Files (x86)\Microsoft Visual Studio\2022\BuildTools\VC\Tools\MSVC\14.44.35207\include\tmmintrin.h
注意: 包含文件:               C:\Program Files (x86)\Microsoft Visual Studio\2022\BuildTools\VC\Tools\MSVC\14.44.35207\include\pmmintrin.h
注意: 包含文件:                C:\Program Files (x86)\Microsoft Visual Studio\2022\BuildTools\VC\Tools\MSVC\14.44.35207\include\emmintrin.h
注意: 包含文件:                 C:\Program Files (x86)\Microsoft Visual Studio\2022\BuildTools\VC\Tools\MSVC\14.44.35207\include\xmmintrin.h
注意: 包含文件:                  C:\Program Files (x86)\Microsoft Visual Studio\2022\BuildTools\VC\Tools\MSVC\14.44.35207\include\mmintrin.h
注意: 包含文件:                  C:\Program Files (x86)\Windows Kits\10\include\10.0.26100.0\ucrt\malloc.h
注意: 包含文件:           C:\Program Files (x86)\Microsoft Visual Studio\2022\BuildTools\VC\Tools\MSVC\14.44.35207\include\zmmintrin.h
注意: 包含文件:          C:\Program Files (x86)\Microsoft Visual Studio\2022\BuildTools\VC\Tools\MSVC\14.44.35207\include\ammintrin.h
注意: 包含文件:      C:\Program Files (x86)\Microsoft Visual Studio\2022\BuildTools\VC\Tools\MSVC\14.44.35207\include\new
注意: 包含文件:       C:\Program Files (x86)\Microsoft Visual Studio\2022\BuildTools\VC\Tools\MSVC\14.44.35207\include\exception
注意: 包含文件:        C:\Program Files (x86)\Microsoft Visual Studio\2022\BuildTools\VC\Tools\MSVC\14.44.35207\include\yvals.h
注意: 包含文件:         C:\Program Files (x86)\Windows Kits\10\include\10.0.26100.0\ucrt\crtdbg.h
注意: 包含文件:          C:\Program Files (x86)\Microsoft Visual Studio\2022\BuildTools\VC\Tools\MSVC\14.44.35207\include\vcruntime_new_debug.h
注意: 包含文件:           C:\Program Files (x86)\Microsoft Visual Studio\2022\BuildTools\VC\Tools\MSVC\14.44.35207\include\vcruntime_new.h
注意: 包含文件:         C:\Program Files (x86)\Microsoft Visual Studio\2022\BuildTools\VC\Tools\MSVC\14.44.35207\include\crtdefs.h
注意: 包含文件:         C:\Program Files (x86)\Microsoft Visual Studio\2022\BuildTools\VC\Tools\MSVC\14.44.35207\include\use_ansi.h
注意: 包含文件:        C:\Program Files (x86)\Microsoft Visual Studio\2022\BuildTools\VC\Tools\MSVC\14.44.35207\include\type_traits
注意: 包含文件:         C:\Program Files (x86)\Microsoft Visual Studio\2022\BuildTools\VC\Tools\MSVC\14.44.35207\include\cstddef
注意: 包含文件:         C:\Program Files (x86)\Microsoft Visual Studio\2022\BuildTools\VC\Tools\MSVC\14.44.35207\include\cstring
注意: 包含文件:          C:\Program Files (x86)\Windows Kits\10\include\10.0.26100.0\ucrt\string.h
注意: 包含文件:           C:\Program Files (x86)\Windows Kits\10\include\10.0.26100.0\ucrt\corecrt_memory.h
注意: 包含文件:        C:\Program Files (x86)\Microsoft Visual Studio\2022\BuildTools\VC\Tools\MSVC\14.44.35207\include\vcruntime_exception.h
注意: 包含文件:         C:\Program Files (x86)\Microsoft Visual Studio\2022\BuildTools\VC\Tools\MSVC\14.44.35207\include\eh.h
注意: 包含文件:          C:\Program Files (x86)\Windows Kits\10\include\10.0.26100.0\ucrt\corecrt_terminate.h
注意: 包含文件:      C:\Program Files (x86)\Microsoft Visual Studio\2022\BuildTools\VC\Tools\MSVC\14.44.35207\include\xatomic.h
注意: 包含文件:      C:\Program Files (x86)\Microsoft Visual Studio\2022\BuildTools\VC\Tools\MSVC\14.44.35207\include\xutility
注意: 包含文件:       C:\Program Files (x86)\Microsoft Visual Studio\2022\BuildTools\VC\Tools\MSVC\14.44.35207\include\__msvc_iter_core.hpp
注意: 包含文件:        C:\Program Files (x86)\Microsoft Visual Studio\2022\BuildTools\VC\Tools\MSVC\14.44.35207\include\utility
注意: 包含文件:         C:\Program Files (x86)\Microsoft Visual Studio\2022\BuildTools\VC\Tools\MSVC\14.44.35207\include\initializer_list
注意: 包含文件:     C:\Program Files (x86)\Microsoft Visual Studio\2022\BuildTools\VC\Tools\MSVC\14.44.35207\include\xpolymorphic_allocator.h
注意: 包含文件:      C:\Program Files (x86)\Microsoft Visual Studio\2022\BuildTools\VC\Tools\MSVC\14.44.35207\include\tuple
注意: 包含文件:    C:\Program Files (x86)\Microsoft Visual Studio\2022\BuildTools\VC\Tools\MSVC\14.44.35207\include\string
注意: 包含文件:     C:\Program Files (x86)\Microsoft Visual Studio\2022\BuildTools\VC\Tools\MSVC\14.44.35207\include\xstring
注意: 包含文件:      C:\Program Files (x86)\Microsoft Visual Studio\2022\BuildTools\VC\Tools\MSVC\14.44.35207\include\__msvc_string_view.hpp
注意: 包含文件:       C:\Program Files (x86)\Microsoft Visual Studio\2022\BuildTools\VC\Tools\MSVC\14.44.35207\include\iosfwd
注意: 包含文件:     C:\Program Files (x86)\Microsoft Visual Studio\2022\BuildTools\VC\Tools\MSVC\14.44.35207\include\cctype
注意: 包含文件:      C:\Program Files (x86)\Windows Kits\10\include\10.0.26100.0\ucrt\ctype.h
注意: 包含文件:    C:\Program Files (x86)\Microsoft Visual Studio\2022\BuildTools\VC\Tools\MSVC\14.44.35207\include\map
注意: 包含文件:     C:\Program Files (x86)\Microsoft Visual Studio\2022\BuildTools\VC\Tools\MSVC\14.44.35207\include\xtree
注意: 包含文件:      C:\Program Files (x86)\Microsoft Visual Studio\2022\BuildTools\VC\Tools\MSVC\14.44.35207\include\xnode_handle.h
注意: 包含文件:    C:\Program Files (x86)\Microsoft Visual Studio\2022\BuildTools\VC\Tools\MSVC\14.44.35207\include\set
注意: 包含文件:    C:\Program Files (x86)\Microsoft Visual Studio\2022\BuildTools\VC\Tools\MSVC\14.44.35207\include\queue
注意: 包含文件:     C:\Program Files (x86)\Microsoft Visual Studio\2022\BuildTools\VC\Tools\MSVC\14.44.35207\include\__msvc_heap_algorithms.hpp
注意: 包含文件:     C:\Program Files (x86)\Microsoft Visual Studio\2022\BuildTools\VC\Tools\MSVC\14.44.35207\include\deque
注意: 包含文件:    C:\Program Files (x86)\Microsoft Visual Studio\2022\BuildTools\VC\Tools\MSVC\14.44.35207\include\unordered_map
注意: 包含文件:     C:\Program Files (x86)\Microsoft Visual Studio\2022\BuildTools\VC\Tools\MSVC\14.44.35207\include\xhash
注意: 包含文件:      C:\Program Files (x86)\Microsoft Visual Studio\2022\BuildTools\VC\Tools\MSVC\14.44.35207\include\cmath
注意: 包含文件:      C:\Program Files (x86)\Microsoft Visual Studio\2022\BuildTools\VC\Tools\MSVC\14.44.35207\include\list
注意: 包含文件:      C:\Program Files (x86)\Microsoft Visual Studio\2022\BuildTools\VC\Tools\MSVC\14.44.35207\include\xbit_ops.h
注意: 包含文件:    C:\Program Files (x86)\Microsoft Visual Studio\2022\BuildTools\VC\Tools\MSVC\14.44.35207\include\unordered_set
注意: 包含文件:    C:\Program Files (x86)\Microsoft Visual Studio\2022\BuildTools\VC\Tools\MSVC\14.44.35207\include\algorithm
注意: 包含文件:     C:\Program Files (x86)\Microsoft Visual Studio\2022\BuildTools\VC\Tools\MSVC\14.44.35207\include\__msvc_minmax.hpp
注意: 包含文件:    C:\Program Files (x86)\Microsoft Visual Studio\2022\BuildTools\VC\Tools\MSVC\14.44.35207\include\iostream
注意: 包含文件:     C:\Program Files (x86)\Microsoft Visual Studio\2022\BuildTools\VC\Tools\MSVC\14.44.35207\include\istream
注意: 包含文件:      C:\Program Files (x86)\Microsoft Visual Studio\2022\BuildTools\VC\Tools\MSVC\14.44.35207\include\__msvc_ostream.hpp
注意: 包含文件:       C:\Program Files (x86)\Microsoft Visual Studio\2022\BuildTools\VC\Tools\MSVC\14.44.35207\include\ios
注意: 包含文件:        C:\Program Files (x86)\Microsoft Visual Studio\2022\BuildTools\VC\Tools\MSVC\14.44.35207\include\xlocnum
注意: 包含文件:         C:\Program Files (x86)\Microsoft Visual Studio\2022\BuildTools\VC\Tools\MSVC\14.44.35207\include\iterator
注意: 包含文件:         C:\Program Files (x86)\Microsoft Visual Studio\2022\BuildTools\VC\Tools\MSVC\14.44.35207\include\streambuf
注意: 包含文件:          C:\Program Files (x86)\Microsoft Visual Studio\2022\BuildTools\VC\Tools\MSVC\14.44.35207\include\xiosbase
注意: 包含文件:           C:\Program Files (x86)\Windows Kits\10\include\10.0.26100.0\ucrt\share.h
注意: 包含文件:           C:\Program Files (x86)\Microsoft Visual Studio\2022\BuildTools\VC\Tools\MSVC\14.44.35207\include\system_error
注意: 包含文件:            C:\Program Files (x86)\Microsoft Visual Studio\2022\BuildTools\VC\Tools\MSVC\14.44.35207\include\__msvc_system_error_abi.hpp
注意: 包含文件:            C:\Program Files (x86)\Microsoft Visual Studio\2022\BuildTools\VC\Tools\MSVC\14.44.35207\include\cerrno
注意: 包含文件:            C:\Program Files (x86)\Microsoft Visual Studio\2022\BuildTools\VC\Tools\MSVC\14.44.35207\include\stdexcept
注意: 包含文件:            C:\Program Files (x86)\Microsoft Visual Studio\2022\BuildTools\VC\Tools\MSVC\14.44.35207\include\xcall_once.h
注意: 包含文件:            C:\Program Files (x86)\Microsoft Visual Studio\2022\BuildTools\VC\Tools\MSVC\14.44.35207\include\xerrc.h
注意: 包含文件:            C:\Program Files (x86)\Microsoft Visual Studio\2022\BuildTools\VC\Tools\MSVC\14.44.35207\include\atomic
注意: 包含文件:             C:\Program Files (x86)\Microsoft Visual Studio\2022\BuildTools\VC\Tools\MSVC\14.44.35207\include\xthreads.h
注意: 包含文件:              C:\Program Files (x86)\Microsoft Visual Studio\2022\BuildTools\VC\Tools\MSVC\14.44.35207\include\__msvc_threads_core.hpp
注意: 包含文件:              C:\Program Files (x86)\Microsoft Visual Studio\2022\BuildTools\VC\Tools\MSVC\14.44.35207\include\xtimec.h
注意: 包含文件:               C:\Program Files (x86)\Microsoft Visual Studio\2022\BuildTools\VC\Tools\MSVC\14.44.35207\include\ctime
注意: 包含文件:                C:\Program Files (x86)\Windows Kits\10\include\10.0.26100.0\ucrt\time.h
注意: 包含文件:           C:\Program Files (x86)\Microsoft Visual Studio\2022\BuildTools\VC\Tools\MSVC\14.44.35207\include\xlocale
注意: 包含文件:            C:\Program Files (x86)\Microsoft Visual Studio\2022\BuildTools\VC\Tools\MSVC\14.44.35207\include\memory
注意: 包含文件:             C:\Program Files (x86)\Microsoft Visual Studio\2022\BuildTools\VC\Tools\MSVC\14.44.35207\include\typeinfo
注意: 包含文件:              C:\Program Files (x86)\Microsoft Visual Studio\2022\BuildTools\VC\Tools\MSVC\14.44.35207\include\vcruntime_typeinfo.h
注意: 包含文件:            C:\Program Files (x86)\Microsoft Visual Studio\2022\BuildTools\VC\Tools\MSVC\14.44.35207\include\xfacet
注意: 包含文件:            C:\Program Files (x86)\Microsoft Visual Studio\2022\BuildTools\VC\Tools\MSVC\14.44.35207\include\xlocinfo
注意: 包含文件:             C:\Program Files (x86)\Microsoft Visual Studio\2022\BuildTools\VC\Tools\MSVC\14.44.35207\include\__msvc_xlocinfo_types.hpp
注意: 包含文件:             C:\Program Files (x86)\Microsoft Visual Studio\2022\BuildTools\VC\Tools\MSVC\14.44.35207\include\clocale
注意: 包含文件:              C:\Program Files (x86)\Windows Kits\10\include\10.0.26100.0\ucrt\locale.h
注意: 包含文件:     C:\Program Files (x86)\Microsoft Visual Studio\2022\BuildTools\VC\Tools\MSVC\14.44.35207\include\ostream
注意: 包含文件:    C:\Program Files (x86)\Microsoft Visual Studio\2022\BuildTools\VC\Tools\MSVC\14.44.35207\include\functional
注意: 包含文件:    C:\Program Files (x86)\Microsoft Visual Studio\2022\BuildTools\VC\Tools\MSVC\14.44.35207\include\mutex
注意: 包含文件:     C:\Program Files (x86)\Microsoft Visual Studio\2022\BuildTools\VC\Tools\MSVC\14.44.35207\include\__msvc_chrono.hpp
注意: 包含文件:      C:\Program Files (x86)\Microsoft Visual Studio\2022\BuildTools\VC\Tools\MSVC\14.44.35207\include\ratio
注意: 包含文件:     C:\Program Files (x86)\Microsoft Visual Studio\2022\BuildTools\VC\Tools\MSVC\14.44.35207\include\thread
注意: 包含文件:      C:\Program Files (x86)\Windows Kits\10\include\10.0.26100.0\ucrt\process.h
注意: 包含文件:       C:\Program Files (x86)\Windows Kits\10\include\10.0.26100.0\ucrt\corecrt_startup.h
注意: 包含文件:        C:\Program Files (x86)\Windows Kits\10\include\10.0.26100.0\ucrt\math.h
注意: 包含文件:        C:\Program Files (x86)\Microsoft Visual Studio\2022\BuildTools\VC\Tools\MSVC\14.44.35207\include\vcruntime_startup.h
注意: 包含文件:    C:\Program Files (x86)\Microsoft Visual Studio\2022\BuildTools\VC\Tools\MSVC\14.44.35207\include\locale
注意: 包含文件:     C:\Program Files (x86)\Microsoft Visual Studio\2022\BuildTools\VC\Tools\MSVC\14.44.35207\include\xlocbuf
注意: 包含文件:     C:\Program Files (x86)\Microsoft Visual Studio\2022\BuildTools\VC\Tools\MSVC\14.44.35207\include\xlocmes
注意: 包含文件:     C:\Program Files (x86)\Microsoft Visual Studio\2022\BuildTools\VC\Tools\MSVC\14.44.35207\include\xlocmon
注意: 包含文件:     C:\Program Files (x86)\Microsoft Visual Studio\2022\BuildTools\VC\Tools\MSVC\14.44.35207\include\xloctime
注意: 包含文件:    C:\Program Files (x86)\Microsoft Visual Studio\2022\BuildTools\VC\Tools\MSVC\14.44.35207\include\codecvt
注意: 包含文件:    C:\Users\user\output\deepseek-v4部署\fastllm-master\include\devices/cpu/alivethreadpool.h
注意: 包含文件:     C:\Program Files (x86)\Microsoft Visual Studio\2022\BuildTools\VC\Tools\MSVC\14.44.35207\include\chrono
注意: 包含文件:      C:\Program Files (x86)\Microsoft Visual Studio\2022\BuildTools\VC\Tools\MSVC\14.44.35207\include\xfilesystem_abi.h
注意: 包含文件:     C:\Program Files (x86)\Windows Kits\10\\include\10.0.26100.0\\um\Windows.h
注意: 包含文件:      C:\Program Files (x86)\Windows Kits\10\\include\10.0.26100.0\\shared\winapifamily.h
注意: 包含文件:       C:\Program Files (x86)\Windows Kits\10\\include\10.0.26100.0\\shared\winpackagefamily.h
注意: 包含文件:      C:\Program Files (x86)\Windows Kits\10\\include\10.0.26100.0\\shared\sdkddkver.h
注意: 包含文件:      C:\Program Files (x86)\Microsoft Visual Studio\2022\BuildTools\VC\Tools\MSVC\14.44.35207\include\excpt.h
注意: 包含文件:      C:\Program Files (x86)\Microsoft Visual Studio\2022\BuildTools\VC\Tools\MSVC\14.44.35207\include\stdarg.h
注意: 包含文件:      C:\Program Files (x86)\Windows Kits\10\\include\10.0.26100.0\\shared\windef.h
注意: 包含文件:       C:\Program Files (x86)\Windows Kits\10\\include\10.0.26100.0\\shared\minwindef.h
注意: 包含文件:        C:\Program Files (x86)\Windows Kits\10\\include\10.0.26100.0\\shared\specstrings.h
注意: 包含文件:         C:\Program Files (x86)\Windows Kits\10\\include\10.0.26100.0\\shared\specstrings_strict.h
注意: 包含文件:          C:\Program Files (x86)\Windows Kits\10\\include\10.0.26100.0\\shared\specstrings_undef.h
注意: 包含文件:         C:\Program Files (x86)\Windows Kits\10\\include\10.0.26100.0\\shared\driverspecs.h
注意: 包含文件:          C:\Program Files (x86)\Windows Kits\10\include\10.0.26100.0\shared\sdv_driverspecs.h
注意: 包含文件:        C:\Program Files (x86)\Windows Kits\10\\include\10.0.26100.0\\um\winnt.h
注意: 包含文件:         C:\Program Files (x86)\Windows Kits\10\\include\10.0.26100.0\\shared\kernelspecs.h
注意: 包含文件:         C:\Program Files (x86)\Windows Kits\10\\include\10.0.26100.0\\shared\basetsd.h
注意: 包含文件:         C:\Program Files (x86)\Windows Kits\10\\include\10.0.26100.0\\shared\guiddef.h
注意: 包含文件:         C:\Program Files (x86)\Windows Kits\10\include\10.0.26100.0\shared\pshpack4.h
注意: 包含文件:         C:\Program Files (x86)\Windows Kits\10\include\10.0.26100.0\shared\poppack.h
注意: 包含文件:         C:\Program Files (x86)\Windows Kits\10\\include\10.0.26100.0\\shared\pshpack4.h
注意: 包含文件:         C:\Program Files (x86)\Windows Kits\10\\include\10.0.26100.0\\shared\poppack.h
注意: 包含文件:         C:\Program Files (x86)\Windows Kits\10\include\10.0.26100.0\shared\pshpack4.h
注意: 包含文件:         C:\Program Files (x86)\Windows Kits\10\include\10.0.26100.0\shared\pshpack2.h
注意: 包含文件:         C:\Program Files (x86)\Windows Kits\10\include\10.0.26100.0\shared\poppack.h
注意: 包含文件:         C:\Program Files (x86)\Windows Kits\10\include\10.0.26100.0\shared\pshpack2.h
注意: 包含文件:         C:\Program Files (x86)\Windows Kits\10\\include\10.0.26100.0\\shared\pshpack2.h
注意: 包含文件:         C:\Program Files (x86)\Windows Kits\10\\include\10.0.26100.0\\shared\poppack.h
注意: 包含文件:         C:\Program Files (x86)\Windows Kits\10\include\10.0.26100.0\shared\poppack.h
注意: 包含文件:         C:\Program Files (x86)\Windows Kits\10\include\10.0.26100.0\shared\pshpack8.h
注意: 包含文件:         C:\Program Files (x86)\Windows Kits\10\include\10.0.26100.0\shared\poppack.h
注意: 包含文件:         C:\Program Files (x86)\Windows Kits\10\include\10.0.26100.0\shared\pshpack1.h
注意: 包含文件:         C:\Program Files (x86)\Windows Kits\10\include\10.0.26100.0\shared\poppack.h
注意: 包含文件:         C:\Program Files (x86)\Windows Kits\10\include\10.0.26100.0\shared\pshpack1.h
注意: 包含文件:         C:\Program Files (x86)\Windows Kits\10\include\10.0.26100.0\shared\poppack.h
注意: 包含文件:         C:\Program Files (x86)\Windows Kits\10\include\10.0.26100.0\shared\poppack.h
注意: 包含文件:         C:\Program Files (x86)\Windows Kits\10\\include\10.0.26100.0\\shared\apiset.h
注意: 包含文件:         C:\Program Files (x86)\Windows Kits\10\\include\10.0.26100.0\\shared\ktmtypes.h
注意: 包含文件:      C:\Program Files (x86)\Windows Kits\10\\include\10.0.26100.0\\um\winbase.h
注意: 包含文件:       C:\Program Files (x86)\Windows Kits\10\\include\10.0.26100.0\\shared\apisetcconv.h
注意: 包含文件:       C:\Program Files (x86)\Windows Kits\10\\include\10.0.26100.0\\um\minwinbase.h
注意: 包含文件:       C:\Program Files (x86)\Windows Kits\10\\include\10.0.26100.0\\um\apiquery2.h
注意: 包含文件:       C:\Program Files (x86)\Windows Kits\10\\include\10.0.26100.0\\um\processenv.h
注意: 包含文件:       C:\Program Files (x86)\Windows Kits\10\\include\10.0.26100.0\\um\fileapifromapp.h
注意: 包含文件:        C:\Program Files (x86)\Windows Kits\10\\include\10.0.26100.0\\um\fileapi.h
注意: 包含文件:       C:\Program Files (x86)\Windows Kits\10\\include\10.0.26100.0\\um\debugapi.h
注意: 包含文件:       C:\Program Files (x86)\Windows Kits\10\\include\10.0.26100.0\\um\utilapiset.h
注意: 包含文件:       C:\Program Files (x86)\Windows Kits\10\\include\10.0.26100.0\\um\handleapi.h
注意: 包含文件:       C:\Program Files (x86)\Windows Kits\10\\include\10.0.26100.0\\um\errhandlingapi.h
注意: 包含文件:       C:\Program Files (x86)\Windows Kits\10\\include\10.0.26100.0\\um\fibersapi.h
注意: 包含文件:       C:\Program Files (x86)\Windows Kits\10\\include\10.0.26100.0\\um\namedpipeapi.h
注意: 包含文件:       C:\Program Files (x86)\Windows Kits\10\\include\10.0.26100.0\\um\profileapi.h
注意: 包含文件:       C:\Program Files (x86)\Windows Kits\10\\include\10.0.26100.0\\um\heapapi.h
注意: 包含文件:       C:\Program Files (x86)\Windows Kits\10\\include\10.0.26100.0\\um\ioapiset.h
注意: 包含文件:       C:\Program Files (x86)\Windows Kits\10\\include\10.0.26100.0\\um\synchapi.h
注意: 包含文件:       C:\Program Files (x86)\Windows Kits\10\\include\10.0.26100.0\\um\interlockedapi.h
注意: 包含文件:       C:\Program Files (x86)\Windows Kits\10\\include\10.0.26100.0\\um\processthreadsapi.h
注意: 包含文件:       C:\Program Files (x86)\Windows Kits\10\\include\10.0.26100.0\\um\sysinfoapi.h
注意: 包含文件:       C:\Program Files (x86)\Windows Kits\10\\include\10.0.26100.0\\um\memoryapi.h
注意: 包含文件:       C:\Program Files (x86)\Windows Kits\10\\include\10.0.26100.0\\um\enclaveapi.h
注意: 包含文件:       C:\Program Files (x86)\Windows Kits\10\\include\10.0.26100.0\\um\threadpoollegacyapiset.h
注意: 包含文件:       C:\Program Files (x86)\Windows Kits\10\\include\10.0.26100.0\\um\threadpoolapiset.h
注意: 包含文件:       C:\Program Files (x86)\Windows Kits\10\\include\10.0.26100.0\\um\jobapi.h
注意: 包含文件:       C:\Program Files (x86)\Windows Kits\10\\include\10.0.26100.0\\um\jobapi2.h
注意: 包含文件:       C:\Program Files (x86)\Windows Kits\10\\include\10.0.26100.0\\um\wow64apiset.h
注意: 包含文件:       C:\Program Files (x86)\Windows Kits\10\\include\10.0.26100.0\\um\libloaderapi.h
注意: 包含文件:       C:\Program Files (x86)\Windows Kits\10\\include\10.0.26100.0\\um\securitybaseapi.h
注意: 包含文件:       C:\Program Files (x86)\Windows Kits\10\\include\10.0.26100.0\\um\namespaceapi.h
注意: 包含文件:       C:\Program Files (x86)\Windows Kits\10\\include\10.0.26100.0\\um\systemtopologyapi.h
注意: 包含文件:       C:\Program Files (x86)\Windows Kits\10\\include\10.0.26100.0\\um\processtopologyapi.h
注意: 包含文件:       C:\Program Files (x86)\Windows Kits\10\\include\10.0.26100.0\\um\securityappcontainer.h
注意: 包含文件:       C:\Program Files (x86)\Windows Kits\10\\include\10.0.26100.0\\um\realtimeapiset.h
注意: 包含文件:       C:\Program Files (x86)\Windows Kits\10\\include\10.0.26100.0\\shared\winerror.h
注意: 包含文件:       C:\Program Files (x86)\Windows Kits\10\\include\10.0.26100.0\\um\timezoneapi.h
注意: 包含文件:      C:\Program Files (x86)\Windows Kits\10\\include\10.0.26100.0\\um\wingdi.h
注意: 包含文件:       C:\Program Files (x86)\Windows Kits\10\\include\10.0.26100.0\\shared\pshpack1.h
注意: 包含文件:       C:\Program Files (x86)\Windows Kits\10\\include\10.0.26100.0\\shared\poppack.h
注意: 包含文件:       C:\Program Files (x86)\Windows Kits\10\\include\10.0.26100.0\\shared\pshpack2.h
注意: 包含文件:       C:\Program Files (x86)\Windows Kits\10\\include\10.0.26100.0\\shared\poppack.h
注意: 包含文件:       C:\Program Files (x86)\Windows Kits\10\\include\10.0.26100.0\\shared\pshpack2.h
注意: 包含文件:       C:\Program Files (x86)\Windows Kits\10\\include\10.0.26100.0\\shared\poppack.h
注意: 包含文件:       C:\Program Files (x86)\Windows Kits\10\\include\10.0.26100.0\\shared\pshpack4.h
注意: 包含文件:       C:\Program Files (x86)\Windows Kits\10\\include\10.0.26100.0\\shared\poppack.h
注意: 包含文件:       C:\Program Files (x86)\Windows Kits\10\\include\10.0.26100.0\\shared\pshpack4.h
注意: 包含文件:       C:\Program Files (x86)\Windows Kits\10\\include\10.0.26100.0\\shared\poppack.h
注意: 包含文件:      C:\Program Files (x86)\Windows Kits\10\\include\10.0.26100.0\\um\winuser.h
注意: 包含文件:       C:\Program Files (x86)\Windows Kits\10\\include\10.0.26100.0\\shared\pshpack2.h
注意: 包含文件:       C:\Program Files (x86)\Windows Kits\10\\include\10.0.26100.0\\shared\poppack.h
注意: 包含文件:       C:\Program Files (x86)\Windows Kits\10\\include\10.0.26100.0\\shared\tvout.h
注意: 包含文件:      C:\Program Files (x86)\Windows Kits\10\\include\10.0.26100.0\\um\winnls.h
注意: 包含文件:       C:\Program Files (x86)\Windows Kits\10\\include\10.0.26100.0\\um\datetimeapi.h
注意: 包含文件:       C:\Program Files (x86)\Windows Kits\10\\include\10.0.26100.0\\um\stringapiset.h
注意: 包含文件:        C:\Program Files (x86)\Windows Kits\10\\include\10.0.26100.0\\um\winnls.h
注意: 包含文件:      C:\Program Files (x86)\Windows Kits\10\\include\10.0.26100.0\\um\wincon.h
注意: 包含文件:       C:\Program Files (x86)\Windows Kits\10\\include\10.0.26100.0\\um\wincontypes.h
注意: 包含文件:       C:\Program Files (x86)\Windows Kits\10\\include\10.0.26100.0\\um\consoleapi.h
注意: 包含文件:       C:\Program Files (x86)\Windows Kits\10\\include\10.0.26100.0\\um\consoleapi2.h
注意: 包含文件:       C:\Program Files (x86)\Windows Kits\10\\include\10.0.26100.0\\um\consoleapi3.h
注意: 包含文件:      C:\Program Files (x86)\Windows Kits\10\\include\10.0.26100.0\\um\winver.h
注意: 包含文件:       C:\Program Files (x86)\Windows Kits\10\\include\10.0.26100.0\\um\verrsrc.h
注意: 包含文件:      C:\Program Files (x86)\Windows Kits\10\\include\10.0.26100.0\\um\winreg.h
注意: 包含文件:       C:\Program Files (x86)\Windows Kits\10\\include\10.0.26100.0\\um\reason.h
注意: 包含文件:      C:\Program Files (x86)\Windows Kits\10\\include\10.0.26100.0\\um\winnetwk.h
注意: 包含文件:       C:\Program Files (x86)\Windows Kits\10\\include\10.0.26100.0\\shared\wnnc.h
注意: 包含文件:      C:\Program Files (x86)\Windows Kits\10\\include\10.0.26100.0\\shared\cderr.h
注意: 包含文件:      C:\Program Files (x86)\Windows Kits\10\\include\10.0.26100.0\\um\dde.h
注意: 包含文件:      C:\Program Files (x86)\Windows Kits\10\\include\10.0.26100.0\\um\ddeml.h
注意: 包含文件:      C:\Program Files (x86)\Windows Kits\10\\include\10.0.26100.0\\um\dlgs.h
注意: 包含文件:      C:\Program Files (x86)\Windows Kits\10\\include\10.0.26100.0\\um\lzexpand.h
注意: 包含文件:      C:\Program Files (x86)\Windows Kits\10\\include\10.0.26100.0\\um\mmsystem.h
注意: 包含文件:       C:\Program Files (x86)\Windows Kits\10\\include\10.0.26100.0\\um\mmsyscom.h
注意: 包含文件:        C:\Program Files (x86)\Windows Kits\10\\include\10.0.26100.0\\shared\pshpack1.h
注意: 包含文件:        C:\Program Files (x86)\Windows Kits\10\\include\10.0.26100.0\\shared\poppack.h
注意: 包含文件:       C:\Program Files (x86)\Windows Kits\10\\include\10.0.26100.0\\shared\pshpack1.h
注意: 包含文件:       C:\Program Files (x86)\Windows Kits\10\\include\10.0.26100.0\\um\mciapi.h
注意: 包含文件:        C:\Program Files (x86)\Windows Kits\10\\include\10.0.26100.0\\um\mmsyscom.h
注意: 包含文件:       C:\Program Files (x86)\Windows Kits\10\\include\10.0.26100.0\\um\mmiscapi.h
注意: 包含文件:        C:\Program Files (x86)\Windows Kits\10\\include\10.0.26100.0\\um\mmsyscom.h
注意: 包含文件:       C:\Program Files (x86)\Windows Kits\10\\include\10.0.26100.0\\um\mmiscapi2.h
注意: 包含文件:        C:\Program Files (x86)\Windows Kits\10\\include\10.0.26100.0\\um\mmsyscom.h
注意: 包含文件:       C:\Program Files (x86)\Windows Kits\10\\include\10.0.26100.0\\um\playsoundapi.h
注意: 包含文件:        C:\Program Files (x86)\Windows Kits\10\\include\10.0.26100.0\\um\mmsyscom.h
注意: 包含文件:       C:\Program Files (x86)\Windows Kits\10\\include\10.0.26100.0\\um\mmeapi.h
注意: 包含文件:        C:\Program Files (x86)\Windows Kits\10\\include\10.0.26100.0\\um\mmsyscom.h
注意: 包含文件:       C:\Program Files (x86)\Windows Kits\10\\include\10.0.26100.0\\um\timeapi.h
注意: 包含文件:        C:\Program Files (x86)\Windows Kits\10\\include\10.0.26100.0\\um\mmsyscom.h
注意: 包含文件:       C:\Program Files (x86)\Windows Kits\10\\include\10.0.26100.0\\um\joystickapi.h
注意: 包含文件:        C:\Program Files (x86)\Windows Kits\10\\include\10.0.26100.0\\um\mmsyscom.h
注意: 包含文件:       C:\Program Files (x86)\Windows Kits\10\\include\10.0.26100.0\\shared\poppack.h
注意: 包含文件:      C:\Program Files (x86)\Windows Kits\10\\include\10.0.26100.0\\um\nb30.h
注意: 包含文件:      C:\Program Files (x86)\Windows Kits\10\\include\10.0.26100.0\\shared\rpc.h
注意: 包含文件:       C:\Program Files (x86)\Windows Kits\10\\include\10.0.26100.0\\shared\pshpack8.h
注意: 包含文件:       C:\Program Files (x86)\Windows Kits\10\\include\10.0.26100.0\\shared\rpcdce.h
注意: 包含文件:        C:\Program Files (x86)\Windows Kits\10\\include\10.0.26100.0\\shared\rpcdcep.h
注意: 包含文件:       C:\Program Files (x86)\Windows Kits\10\\include\10.0.26100.0\\um\rpcnsi.h
注意: 包含文件:       C:\Program Files (x86)\Windows Kits\10\\include\10.0.26100.0\\shared\rpcnterr.h
注意: 包含文件:       C:\Program Files (x86)\Windows Kits\10\\include\10.0.26100.0\\shared\rpcasync.h
注意: 包含文件:        C:\Program Files (x86)\Windows Kits\10\\include\10.0.26100.0\\shared\pshpack8.h
注意: 包含文件:        C:\Program Files (x86)\Windows Kits\10\\include\10.0.26100.0\\shared\poppack.h
注意: 包含文件:       C:\Program Files (x86)\Windows Kits\10\\include\10.0.26100.0\\shared\poppack.h
注意: 包含文件:      C:\Program Files (x86)\Windows Kits\10\\include\10.0.26100.0\\um\shellapi.h
注意: 包含文件:      C:\Program Files (x86)\Windows Kits\10\\include\10.0.26100.0\\um\winperf.h
注意: 包含文件:       C:\Program Files (x86)\Windows Kits\10\\include\10.0.26100.0\\shared\pshpack8.h
注意: 包含文件:       C:\Program Files (x86)\Windows Kits\10\\include\10.0.26100.0\\shared\poppack.h
注意: 包含文件:      C:\Program Files (x86)\Windows Kits\10\\include\10.0.26100.0\\um\winsock.h
注意: 包含文件:       C:\Program Files (x86)\Windows Kits\10\\include\10.0.26100.0\\shared\inaddr.h
注意: 包含文件:      C:\Program Files (x86)\Windows Kits\10\\include\10.0.26100.0\\um\wincrypt.h
注意: 包含文件:       C:\Program Files (x86)\Windows Kits\10\\include\10.0.26100.0\\shared\bcrypt.h
注意: 包含文件:       C:\Program Files (x86)\Windows Kits\10\\include\10.0.26100.0\\um\ncrypt.h
注意: 包含文件:       C:\Program Files (x86)\Windows Kits\10\\include\10.0.26100.0\\um\dpapi.h
注意: 包含文件:      C:\Program Files (x86)\Windows Kits\10\\include\10.0.26100.0\\um\winefs.h
注意: 包含文件:      C:\Program Files (x86)\Windows Kits\10\\include\10.0.26100.0\\um\winscard.h
注意: 包含文件:       C:\Program Files (x86)\Windows Kits\10\\include\10.0.26100.0\\shared\wtypes.h
注意: 包含文件:        C:\Program Files (x86)\Windows Kits\10\include\10.0.26100.0\shared\rpcndr.h
注意: 包含文件:         C:\Program Files (x86)\Windows Kits\10\\include\10.0.26100.0\\shared\pshpack8.h
注意: 包含文件:         C:\Program Files (x86)\Windows Kits\10\\include\10.0.26100.0\\um\rpcnsip.h
注意: 包含文件:         C:\Program Files (x86)\Windows Kits\10\\include\10.0.26100.0\\shared\rpcsal.h
注意: 包含文件:         C:\Program Files (x86)\Windows Kits\10\\include\10.0.26100.0\\shared\poppack.h
注意: 包含文件:        C:\Program Files (x86)\Windows Kits\10\include\10.0.26100.0\shared\wtypesbase.h
注意: 包含文件:         C:\Program Files (x86)\Windows Kits\10\include\10.0.26100.0\shared\guiddef.h
注意: 包含文件:       C:\Program Files (x86)\Windows Kits\10\\include\10.0.26100.0\\um\winioctl.h
注意: 包含文件:        C:\Program Files (x86)\Windows Kits\10\\include\10.0.26100.0\\shared\pshpack1.h
注意: 包含文件:        C:\Program Files (x86)\Windows Kits\10\\include\10.0.26100.0\\shared\poppack.h
注意: 包含文件:        C:\Program Files (x86)\Windows Kits\10\\include\10.0.26100.0\\shared\pshpack1.h
注意: 包含文件:        C:\Program Files (x86)\Windows Kits\10\\include\10.0.26100.0\\shared\poppack.h
注意: 包含文件:        C:\Program Files (x86)\Windows Kits\10\\include\10.0.26100.0\\shared\pshpack1.h
注意: 包含文件:        C:\Program Files (x86)\Windows Kits\10\\include\10.0.26100.0\\shared\poppack.h
注意: 包含文件:        C:\Program Files (x86)\Windows Kits\10\\include\10.0.26100.0\\shared\pshpack1.h
注意: 包含文件:        C:\Program Files (x86)\Windows Kits\10\\include\10.0.26100.0\\shared\poppack.h
注意: 包含文件:        C:\Program Files (x86)\Windows Kits\10\\include\10.0.26100.0\\shared\pshpack1.h
注意: 包含文件:        C:\Program Files (x86)\Windows Kits\10\\include\10.0.26100.0\\shared\poppack.h
注意: 包含文件:        C:\Program Files (x86)\Windows Kits\10\\include\10.0.26100.0\\shared\pshpack1.h
注意: 包含文件:        C:\Program Files (x86)\Windows Kits\10\\include\10.0.26100.0\\shared\poppack.h
注意: 包含文件:        C:\Program Files (x86)\Windows Kits\10\\include\10.0.26100.0\\shared\pshpack1.h
注意: 包含文件:        C:\Program Files (x86)\Windows Kits\10\\include\10.0.26100.0\\shared\poppack.h
注意: 包含文件:       C:\Program Files (x86)\Windows Kits\10\\include\10.0.26100.0\\shared\winsmcrd.h
注意: 包含文件:      C:\Program Files (x86)\Windows Kits\10\\include\10.0.26100.0\\um\winspool.h
注意: 包含文件:       C:\Program Files (x86)\Windows Kits\10\\include\10.0.26100.0\\um\prsht.h
注意: 包含文件:        C:\Program Files (x86)\Windows Kits\10\\include\10.0.26100.0\\shared\pshpack8.h
注意: 包含文件:        C:\Program Files (x86)\Windows Kits\10\\include\10.0.26100.0\\shared\poppack.h
注意: 包含文件:      C:\Program Files (x86)\Windows Kits\10\\include\10.0.26100.0\\um\ole2.h
注意: 包含文件:       C:\Program Files (x86)\Windows Kits\10\\include\10.0.26100.0\\shared\pshpack8.h
注意: 包含文件:       C:\Program Files (x86)\Windows Kits\10\\include\10.0.26100.0\\um\objbase.h
注意: 包含文件:        C:\Program Files (x86)\Windows Kits\10\\include\10.0.26100.0\\shared\pshpack8.h
注意: 包含文件:        C:\Program Files (x86)\Windows Kits\10\\include\10.0.26100.0\\um\combaseapi.h
注意: 包含文件:         C:\Program Files (x86)\Windows Kits\10\\include\10.0.26100.0\\shared\pshpack8.h
注意: 包含文件:         C:\Program Files (x86)\Windows Kits\10\\include\10.0.26100.0\\um\unknwnbase.h
注意: 包含文件:         C:\Program Files (x86)\Windows Kits\10\\include\10.0.26100.0\\um\objidlbase.h
注意: 包含文件:         C:\Program Files (x86)\Windows Kits\10\\include\10.0.26100.0\\shared\guiddef.h
注意: 包含文件:         C:\Program Files (x86)\Windows Kits\10\\include\10.0.26100.0\\um\cguid.h
注意: 包含文件:         C:\Program Files (x86)\Windows Kits\10\\include\10.0.26100.0\\shared\poppack.h
注意: 包含文件:        C:\Program Files (x86)\Windows Kits\10\\include\10.0.26100.0\\um\coml2api.h
注意: 包含文件:         C:\Program Files (x86)\Windows Kits\10\\include\10.0.26100.0\\um\objidl.h
注意: 包含文件:          C:\Program Files (x86)\Windows Kits\10\include\10.0.26100.0\um\unknwn.h
注意: 包含文件:         C:\Program Files (x86)\Windows Kits\10\\include\10.0.26100.0\\um\propidlbase.h
注意: 包含文件:          C:\Program Files (x86)\Windows Kits\10\include\10.0.26100.0\um\oaidl.h
注意: 包含文件:        C:\Program Files (x86)\Windows Kits\10\\include\10.0.26100.0\\um\urlmon.h
注意: 包含文件:         C:\Program Files (x86)\Windows Kits\10\include\10.0.26100.0\um\oleidl.h
注意: 包含文件:         C:\Program Files (x86)\Windows Kits\10\include\10.0.26100.0\um\servprov.h
注意: 包含文件:         C:\Program Files (x86)\Windows Kits\10\include\10.0.26100.0\um\msxml.h
注意: 包含文件:        C:\Program Files (x86)\Windows Kits\10\\include\10.0.26100.0\\um\propidl.h
注意: 包含文件:        C:\Program Files (x86)\Windows Kits\10\\include\10.0.26100.0\\shared\poppack.h
注意: 包含文件:       C:\Program Files (x86)\Windows Kits\10\\include\10.0.26100.0\\um\oleauto.h
注意: 包含文件:        C:\Program Files (x86)\Windows Kits\10\\include\10.0.26100.0\\shared\pshpack8.h
注意: 包含文件:        C:\Program Files (x86)\Windows Kits\10\\include\10.0.26100.0\\shared\poppack.h
注意: 包含文件:       C:\Program Files (x86)\Windows Kits\10\\include\10.0.26100.0\\shared\poppack.h
注意: 包含文件:      C:\Program Files (x86)\Windows Kits\10\\include\10.0.26100.0\\um\commdlg.h
注意: 包含文件:       C:\Program Files (x86)\Windows Kits\10\\include\10.0.26100.0\\um\prsht.h
注意: 包含文件:      C:\Program Files (x86)\Windows Kits\10\\include\10.0.26100.0\\shared\stralign.h
注意: 包含文件:      C:\Program Files (x86)\Windows Kits\10\\include\10.0.26100.0\\um\winsvc.h
注意: 包含文件:      C:\Program Files (x86)\Windows Kits\10\\include\10.0.26100.0\\um\mcx.h
注意: 包含文件:      C:\Program Files (x86)\Windows Kits\10\\include\10.0.26100.0\\um\imm.h
注意: 包含文件:       C:\Program Files (x86)\Windows Kits\10\\include\10.0.26100.0\\um\ime_cmodes.h
C:\Users\user\output\deepseek-v4部署\fastllm-master\include\devices/cpu/alivethreadpool.h(136): warning C4267: “初始化”: 从“size_t”转换到“int”，可能丢失数据
C:\Users\user\output\deepseek-v4部署\fastllm-master\include\devices/cpu/alivethreadpool.h(176): warning C4267: “初始化”: 从“size_t”转换到“int”，可能丢失数据
C:\Users\user\output\deepseek-v4部署\fastllm-master\include\devices/cpu/alivethreadpool.h(236): warning C4267: “初始化”: 从“size_t”转换到“int”，可能丢失数据
C:\Users\user\output\deepseek-v4部署\fastllm-master\include\devices/cpu/alivethreadpool.h(237): warning C4267: “初始化”: 从“size_t”转换到“int”，可能丢失数据
C:\Users\user\output\deepseek-v4部署\fastllm-master\include\devices/cpu/alivethreadpool.h(238): warning C4267: “初始化”: 从“size_t”转换到“int”，可能丢失数据
C:\Users\user\output\deepseek-v4部署\fastllm-master\include\devices/cpu/alivethreadpool.h(281): warning C4267: “初始化”: 从“size_t”转换到“int”，可能丢失数据
C:\Users\user\output\deepseek-v4部署\fastllm-master\include\devices/cpu/alivethreadpool.h(327): warning C4267: “初始化”: 从“size_t”转换到“int”，可能丢失数据
C:\Users\user\output\deepseek-v4部署\fastllm-master\include\devices/cpu/alivethreadpool.h(330): warning C4267: “初始化”: 从“size_t”转换到“int”，可能丢失数据
C:\Users\user\output\deepseek-v4部署\fastllm-master\include\devices/cpu/alivethreadpool.h(370): warning C4267: “初始化”: 从“size_t”转换到“int”，可能丢失数据
C:\Users\user\output\deepseek-v4部署\fastllm-master\include\devices/cpu/alivethreadpool.h(372): warning C4267: “初始化”: 从“size_t”转换到“int”，可能丢失数据
注意: 包含文件:    C:\Users\user\output\deepseek-v4部署\fastllm-master\third_party\json11\json11.hpp
C:\Users\user\output\deepseek-v4部署\fastllm-master\include\fastllm.h(222): warning C4244: “初始化”: 从“int”转换到“float”，可能丢失数据
C:\Users\user\output\deepseek-v4部署\fastllm-master\include\fastllm.h(222): warning C4244: “初始化”: 从“int”转换到“const float”，可能丢失数据
C:\Users\user\output\deepseek-v4部署\fastllm-master\include\fastllm.h(227): warning C4244: “=”: 从“float”转换到“uint8_t”，可能丢失数据
C:\Users\user\output\deepseek-v4部署\fastllm-master\include\fastllm.h(229): warning C4244: “=”: 从“const float”转换到“uint8_t”，可能丢失数据
C:\Users\user\output\deepseek-v4部署\fastllm-master\include\fastllm.h(687): warning C4996: 'std::codecvt_utf8<wchar_t,1114111,(std::codecvt_mode)0>': warning STL4017: std::wbuffer_convert, std::wstring_convert, and the <codecvt> header (containing std::codecvt_mode, std::codecvt_utf8, std::codecvt_utf16, and std::codecvt_utf8_utf16) are deprecated in C++17. (The std::codecvt class template is NOT deprecated.) The C++ Standard doesn't provide equivalent non-deprecated functionality; consider using MultiByteToWideChar() and WideCharToMultiByte() from <Windows.h> instead. You can define _SILENCE_CXX17_CODECVT_HEADER_DEPRECATION_WARNING or _SILENCE_ALL_CXX17_DEPRECATION_WARNINGS to suppress this warning.
C:\Program Files (x86)\Microsoft Visual Studio\2022\BuildTools\VC\Tools\MSVC\14.44.35207\include\codecvt(34): note: 参见“std::codecvt_utf8”的声明
C:\Users\user\output\deepseek-v4部署\fastllm-master\include\fastllm.h(687): warning C4996: 'std::wstring_convert<std::codecvt_utf8<wchar_t,1114111,(std::codecvt_mode)0>,wchar_t,std::allocator<wchar_t>,std::allocator<char>>': warning STL4017: std::wbuffer_convert, std::wstring_convert, and the <codecvt> header (containing std::codecvt_mode, std::codecvt_utf8, std::codecvt_utf16, and std::codecvt_utf8_utf16) are deprecated in C++17. (The std::codecvt class template is NOT deprecated.) The C++ Standard doesn't provide equivalent non-deprecated functionality; consider using MultiByteToWideChar() and WideCharToMultiByte() from <Windows.h> instead. You can define _SILENCE_CXX17_CODECVT_HEADER_DEPRECATION_WARNING or _SILENCE_ALL_CXX17_DEPRECATION_WARNINGS to suppress this warning.
C:\Program Files (x86)\Microsoft Visual Studio\2022\BuildTools\VC\Tools\MSVC\14.44.35207\include\xlocbuf(303): note: 参见“std::wstring_convert”的声明
[3/33] Building CXX object CMakeFiles\fastllm_tools.dir\src\blocks\linearaddblock.cpp.obj
注意: 包含文件:  C:\Users\user\output\deepseek-v4部署\fastllm-master\include\blocks\baseblock.h
注意: 包含文件:   C:\Users\user\output\deepseek-v4部署\fastllm-master\include\fastllm.h
注意: 包含文件:    C:\Program Files (x86)\Microsoft Visual Studio\2022\BuildTools\VC\Tools\MSVC\14.44.35207\include\vector
注意: 包含文件:     C:\Program Files (x86)\Microsoft Visual Studio\2022\BuildTools\VC\Tools\MSVC\14.44.35207\include\yvals_core.h
注意: 包含文件:      C:\Program Files (x86)\Microsoft Visual Studio\2022\BuildTools\VC\Tools\MSVC\14.44.35207\include\vcruntime.h
注意: 包含文件:       C:\Program Files (x86)\Microsoft Visual Studio\2022\BuildTools\VC\Tools\MSVC\14.44.35207\include\sal.h
注意: 包含文件:        C:\Program Files (x86)\Microsoft Visual Studio\2022\BuildTools\VC\Tools\MSVC\14.44.35207\include\concurrencysal.h
注意: 包含文件:       C:\Program Files (x86)\Microsoft Visual Studio\2022\BuildTools\VC\Tools\MSVC\14.44.35207\include\vadefs.h
注意: 包含文件:      C:\Program Files (x86)\Microsoft Visual Studio\2022\BuildTools\VC\Tools\MSVC\14.44.35207\include\xkeycheck.h
注意: 包含文件:     C:\Program Files (x86)\Microsoft Visual Studio\2022\BuildTools\VC\Tools\MSVC\14.44.35207\include\__msvc_bit_utils.hpp
注意: 包含文件:      C:\Program Files (x86)\Microsoft Visual Studio\2022\BuildTools\VC\Tools\MSVC\14.44.35207\include\climits
注意: 包含文件:       C:\Program Files (x86)\Microsoft Visual Studio\2022\BuildTools\VC\Tools\MSVC\14.44.35207\include\limits.h
注意: 包含文件:      C:\Program Files (x86)\Microsoft Visual Studio\2022\BuildTools\VC\Tools\MSVC\14.44.35207\include\xtr1common
注意: 包含文件:      C:\Program Files (x86)\Microsoft Visual Studio\2022\BuildTools\VC\Tools\MSVC\14.44.35207\include\intrin0.h
注意: 包含文件:       C:\Program Files (x86)\Microsoft Visual Studio\2022\BuildTools\VC\Tools\MSVC\14.44.35207\include\intrin0.inl.h
注意: 包含文件:     C:\Program Files (x86)\Microsoft Visual Studio\2022\BuildTools\VC\Tools\MSVC\14.44.35207\include\__msvc_sanitizer_annotate_container.hpp
注意: 包含文件:     C:\Program Files (x86)\Microsoft Visual Studio\2022\BuildTools\VC\Tools\MSVC\14.44.35207\include\xmemory
注意: 包含文件:      C:\Program Files (x86)\Microsoft Visual Studio\2022\BuildTools\VC\Tools\MSVC\14.44.35207\include\cstdint
注意: 包含文件:       C:\Program Files (x86)\Microsoft Visual Studio\2022\BuildTools\VC\Tools\MSVC\14.44.35207\include\stdint.h
注意: 包含文件:      C:\Program Files (x86)\Microsoft Visual Studio\2022\BuildTools\VC\Tools\MSVC\14.44.35207\include\cstdlib
注意: 包含文件:       C:\Program Files (x86)\Windows Kits\10\include\10.0.26100.0\ucrt\math.h
注意: 包含文件:        C:\Program Files (x86)\Windows Kits\10\include\10.0.26100.0\ucrt\corecrt_math.h
注意: 包含文件:         C:\Program Files (x86)\Windows Kits\10\include\10.0.26100.0\ucrt\corecrt.h
注意: 包含文件:        C:\Program Files (x86)\Windows Kits\10\include\10.0.26100.0\ucrt\corecrt_math_defines.h
注意: 包含文件:       C:\Program Files (x86)\Windows Kits\10\include\10.0.26100.0\ucrt\stdlib.h
注意: 包含文件:        C:\Program Files (x86)\Windows Kits\10\include\10.0.26100.0\ucrt\corecrt_malloc.h
注意: 包含文件:        C:\Program Files (x86)\Windows Kits\10\include\10.0.26100.0\ucrt\corecrt_search.h
注意: 包含文件:         C:\Program Files (x86)\Windows Kits\10\include\10.0.26100.0\ucrt\stddef.h
注意: 包含文件:        C:\Program Files (x86)\Windows Kits\10\include\10.0.26100.0\ucrt\corecrt_wstdlib.h
注意: 包含文件:      C:\Program Files (x86)\Microsoft Visual Studio\2022\BuildTools\VC\Tools\MSVC\14.44.35207\include\limits
注意: 包含文件:       C:\Program Files (x86)\Microsoft Visual Studio\2022\BuildTools\VC\Tools\MSVC\14.44.35207\include\cfloat
注意: 包含文件:        C:\Program Files (x86)\Windows Kits\10\include\10.0.26100.0\ucrt\float.h
注意: 包含文件:       C:\Program Files (x86)\Microsoft Visual Studio\2022\BuildTools\VC\Tools\MSVC\14.44.35207\include\cwchar
注意: 包含文件:        C:\Program Files (x86)\Microsoft Visual Studio\2022\BuildTools\VC\Tools\MSVC\14.44.35207\include\cstdio
注意: 包含文件:         C:\Program Files (x86)\Windows Kits\10\include\10.0.26100.0\ucrt\stdio.h
注意: 包含文件:          C:\Program Files (x86)\Windows Kits\10\include\10.0.26100.0\ucrt\corecrt_wstdio.h
注意: 包含文件:           C:\Program Files (x86)\Windows Kits\10\include\10.0.26100.0\ucrt\corecrt_stdio_config.h
注意: 包含文件:        C:\Program Files (x86)\Windows Kits\10\include\10.0.26100.0\ucrt\wchar.h
注意: 包含文件:         C:\Program Files (x86)\Windows Kits\10\include\10.0.26100.0\ucrt\corecrt_memcpy_s.h
注意: 包含文件:          C:\Program Files (x86)\Windows Kits\10\include\10.0.26100.0\ucrt\errno.h
注意: 包含文件:          C:\Program Files (x86)\Microsoft Visual Studio\2022\BuildTools\VC\Tools\MSVC\14.44.35207\include\vcruntime_string.h
注意: 包含文件:         C:\Program Files (x86)\Windows Kits\10\include\10.0.26100.0\ucrt\corecrt_wconio.h
注意: 包含文件:         C:\Program Files (x86)\Windows Kits\10\include\10.0.26100.0\ucrt\corecrt_wctype.h
注意: 包含文件:         C:\Program Files (x86)\Windows Kits\10\include\10.0.26100.0\ucrt\corecrt_wdirect.h
注意: 包含文件:         C:\Program Files (x86)\Windows Kits\10\include\10.0.26100.0\ucrt\corecrt_wio.h
注意: 包含文件:          C:\Program Files (x86)\Windows Kits\10\include\10.0.26100.0\ucrt\corecrt_share.h
注意: 包含文件:         C:\Program Files (x86)\Windows Kits\10\include\10.0.26100.0\ucrt\corecrt_wprocess.h
注意: 包含文件:         C:\Program Files (x86)\Windows Kits\10\include\10.0.26100.0\ucrt\corecrt_wstring.h
注意: 包含文件:         C:\Program Files (x86)\Windows Kits\10\include\10.0.26100.0\ucrt\corecrt_wtime.h
注意: 包含文件:         C:\Program Files (x86)\Windows Kits\10\include\10.0.26100.0\ucrt\sys/stat.h
注意: 包含文件:          C:\Program Files (x86)\Windows Kits\10\include\10.0.26100.0\ucrt\sys/types.h
注意: 包含文件:         C:\Program Files (x86)\Microsoft Visual Studio\2022\BuildTools\VC\Tools\MSVC\14.44.35207\include\intrin.h
注意: 包含文件:          C:\Program Files (x86)\Microsoft Visual Studio\2022\BuildTools\VC\Tools\MSVC\14.44.35207\include\setjmp.h
注意: 包含文件:          C:\Program Files (x86)\Microsoft Visual Studio\2022\BuildTools\VC\Tools\MSVC\14.44.35207\include\immintrin.h
注意: 包含文件:           C:\Program Files (x86)\Microsoft Visual Studio\2022\BuildTools\VC\Tools\MSVC\14.44.35207\include\wmmintrin.h
注意: 包含文件:            C:\Program Files (x86)\Microsoft Visual Studio\2022\BuildTools\VC\Tools\MSVC\14.44.35207\include\nmmintrin.h
注意: 包含文件:             C:\Program Files (x86)\Microsoft Visual Studio\2022\BuildTools\VC\Tools\MSVC\14.44.35207\include\smmintrin.h
注意: 包含文件:              C:\Program Files (x86)\Microsoft Visual Studio\2022\BuildTools\VC\Tools\MSVC\14.44.35207\include\tmmintrin.h
注意: 包含文件:               C:\Program Files (x86)\Microsoft Visual Studio\2022\BuildTools\VC\Tools\MSVC\14.44.35207\include\pmmintrin.h
注意: 包含文件:                C:\Program Files (x86)\Microsoft Visual Studio\2022\BuildTools\VC\Tools\MSVC\14.44.35207\include\emmintrin.h
注意: 包含文件:                 C:\Program Files (x86)\Microsoft Visual Studio\2022\BuildTools\VC\Tools\MSVC\14.44.35207\include\xmmintrin.h
注意: 包含文件:                  C:\Program Files (x86)\Microsoft Visual Studio\2022\BuildTools\VC\Tools\MSVC\14.44.35207\include\mmintrin.h
注意: 包含文件:                  C:\Program Files (x86)\Windows Kits\10\include\10.0.26100.0\ucrt\malloc.h
注意: 包含文件:           C:\Program Files (x86)\Microsoft Visual Studio\2022\BuildTools\VC\Tools\MSVC\14.44.35207\include\zmmintrin.h
注意: 包含文件:          C:\Program Files (x86)\Microsoft Visual Studio\2022\BuildTools\VC\Tools\MSVC\14.44.35207\include\ammintrin.h
注意: 包含文件:      C:\Program Files (x86)\Microsoft Visual Studio\2022\BuildTools\VC\Tools\MSVC\14.44.35207\include\new
注意: 包含文件:       C:\Program Files (x86)\Microsoft Visual Studio\2022\BuildTools\VC\Tools\MSVC\14.44.35207\include\exception
注意: 包含文件:        C:\Program Files (x86)\Microsoft Visual Studio\2022\BuildTools\VC\Tools\MSVC\14.44.35207\include\yvals.h
注意: 包含文件:         C:\Program Files (x86)\Windows Kits\10\include\10.0.26100.0\ucrt\crtdbg.h
注意: 包含文件:          C:\Program Files (x86)\Microsoft Visual Studio\2022\BuildTools\VC\Tools\MSVC\14.44.35207\include\vcruntime_new_debug.h
注意: 包含文件:           C:\Program Files (x86)\Microsoft Visual Studio\2022\BuildTools\VC\Tools\MSVC\14.44.35207\include\vcruntime_new.h
注意: 包含文件:         C:\Program Files (x86)\Microsoft Visual Studio\2022\BuildTools\VC\Tools\MSVC\14.44.35207\include\crtdefs.h
注意: 包含文件:         C:\Program Files (x86)\Microsoft Visual Studio\2022\BuildTools\VC\Tools\MSVC\14.44.35207\include\use_ansi.h
注意: 包含文件:        C:\Program Files (x86)\Microsoft Visual Studio\2022\BuildTools\VC\Tools\MSVC\14.44.35207\include\type_traits
注意: 包含文件:         C:\Program Files (x86)\Microsoft Visual Studio\2022\BuildTools\VC\Tools\MSVC\14.44.35207\include\cstddef
注意: 包含文件:         C:\Program Files (x86)\Microsoft Visual Studio\2022\BuildTools\VC\Tools\MSVC\14.44.35207\include\cstring
注意: 包含文件:          C:\Program Files (x86)\Windows Kits\10\include\10.0.26100.0\ucrt\string.h
注意: 包含文件:           C:\Program Files (x86)\Windows Kits\10\include\10.0.26100.0\ucrt\corecrt_memory.h
注意: 包含文件:        C:\Program Files (x86)\Microsoft Visual Studio\2022\BuildTools\VC\Tools\MSVC\14.44.35207\include\vcruntime_exception.h
注意: 包含文件:         C:\Program Files (x86)\Microsoft Visual Studio\2022\BuildTools\VC\Tools\MSVC\14.44.35207\include\eh.h
注意: 包含文件:          C:\Program Files (x86)\Windows Kits\10\include\10.0.26100.0\ucrt\corecrt_terminate.h
注意: 包含文件:      C:\Program Files (x86)\Microsoft Visual Studio\2022\BuildTools\VC\Tools\MSVC\14.44.35207\include\xatomic.h
注意: 包含文件:      C:\Program Files (x86)\Microsoft Visual Studio\2022\BuildTools\VC\Tools\MSVC\14.44.35207\include\xutility
注意: 包含文件:       C:\Program Files (x86)\Microsoft Visual Studio\2022\BuildTools\VC\Tools\MSVC\14.44.35207\include\__msvc_iter_core.hpp
注意: 包含文件:        C:\Program Files (x86)\Microsoft Visual Studio\2022\BuildTools\VC\Tools\MSVC\14.44.35207\include\utility
注意: 包含文件:         C:\Program Files (x86)\Microsoft Visual Studio\2022\BuildTools\VC\Tools\MSVC\14.44.35207\include\initializer_list
注意: 包含文件:     C:\Program Files (x86)\Microsoft Visual Studio\2022\BuildTools\VC\Tools\MSVC\14.44.35207\include\xpolymorphic_allocator.h
注意: 包含文件:      C:\Program Files (x86)\Microsoft Visual Studio\2022\BuildTools\VC\Tools\MSVC\14.44.35207\include\tuple
注意: 包含文件:    C:\Program Files (x86)\Microsoft Visual Studio\2022\BuildTools\VC\Tools\MSVC\14.44.35207\include\string
注意: 包含文件:     C:\Program Files (x86)\Microsoft Visual Studio\2022\BuildTools\VC\Tools\MSVC\14.44.35207\include\xstring
注意: 包含文件:      C:\Program Files (x86)\Microsoft Visual Studio\2022\BuildTools\VC\Tools\MSVC\14.44.35207\include\__msvc_string_view.hpp
注意: 包含文件:       C:\Program Files (x86)\Microsoft Visual Studio\2022\BuildTools\VC\Tools\MSVC\14.44.35207\include\iosfwd
注意: 包含文件:     C:\Program Files (x86)\Microsoft Visual Studio\2022\BuildTools\VC\Tools\MSVC\14.44.35207\include\cctype
注意: 包含文件:      C:\Program Files (x86)\Windows Kits\10\include\10.0.26100.0\ucrt\ctype.h
注意: 包含文件:    C:\Program Files (x86)\Microsoft Visual Studio\2022\BuildTools\VC\Tools\MSVC\14.44.35207\include\map
注意: 包含文件:     C:\Program Files (x86)\Microsoft Visual Studio\2022\BuildTools\VC\Tools\MSVC\14.44.35207\include\xtree
注意: 包含文件:      C:\Program Files (x86)\Microsoft Visual Studio\2022\BuildTools\VC\Tools\MSVC\14.44.35207\include\xnode_handle.h
注意: 包含文件:    C:\Program Files (x86)\Microsoft Visual Studio\2022\BuildTools\VC\Tools\MSVC\14.44.35207\include\set
注意: 包含文件:    C:\Program Files (x86)\Microsoft Visual Studio\2022\BuildTools\VC\Tools\MSVC\14.44.35207\include\queue
注意: 包含文件:     C:\Program Files (x86)\Microsoft Visual Studio\2022\BuildTools\VC\Tools\MSVC\14.44.35207\include\__msvc_heap_algorithms.hpp
注意: 包含文件:     C:\Program Files (x86)\Microsoft Visual Studio\2022\BuildTools\VC\Tools\MSVC\14.44.35207\include\deque
注意: 包含文件:    C:\Program Files (x86)\Microsoft Visual Studio\2022\BuildTools\VC\Tools\MSVC\14.44.35207\include\unordered_map
注意: 包含文件:     C:\Program Files (x86)\Microsoft Visual Studio\2022\BuildTools\VC\Tools\MSVC\14.44.35207\include\xhash
注意: 包含文件:      C:\Program Files (x86)\Microsoft Visual Studio\2022\BuildTools\VC\Tools\MSVC\14.44.35207\include\cmath
注意: 包含文件:      C:\Program Files (x86)\Microsoft Visual Studio\2022\BuildTools\VC\Tools\MSVC\14.44.35207\include\list
注意: 包含文件:      C:\Program Files (x86)\Microsoft Visual Studio\2022\BuildTools\VC\Tools\MSVC\14.44.35207\include\xbit_ops.h
注意: 包含文件:    C:\Program Files (x86)\Microsoft Visual Studio\2022\BuildTools\VC\Tools\MSVC\14.44.35207\include\unordered_set
注意: 包含文件:    C:\Program Files (x86)\Microsoft Visual Studio\2022\BuildTools\VC\Tools\MSVC\14.44.35207\include\algorithm
注意: 包含文件:     C:\Program Files (x86)\Microsoft Visual Studio\2022\BuildTools\VC\Tools\MSVC\14.44.35207\include\__msvc_minmax.hpp
注意: 包含文件:    C:\Program Files (x86)\Microsoft Visual Studio\2022\BuildTools\VC\Tools\MSVC\14.44.35207\include\iostream
注意: 包含文件:     C:\Program Files (x86)\Microsoft Visual Studio\2022\BuildTools\VC\Tools\MSVC\14.44.35207\include\istream
注意: 包含文件:      C:\Program Files (x86)\Microsoft Visual Studio\2022\BuildTools\VC\Tools\MSVC\14.44.35207\include\__msvc_ostream.hpp
注意: 包含文件:       C:\Program Files (x86)\Microsoft Visual Studio\2022\BuildTools\VC\Tools\MSVC\14.44.35207\include\ios
注意: 包含文件:        C:\Program Files (x86)\Microsoft Visual Studio\2022\BuildTools\VC\Tools\MSVC\14.44.35207\include\xlocnum
注意: 包含文件:         C:\Program Files (x86)\Microsoft Visual Studio\2022\BuildTools\VC\Tools\MSVC\14.44.35207\include\iterator
注意: 包含文件:         C:\Program Files (x86)\Microsoft Visual Studio\2022\BuildTools\VC\Tools\MSVC\14.44.35207\include\streambuf
注意: 包含文件:          C:\Program Files (x86)\Microsoft Visual Studio\2022\BuildTools\VC\Tools\MSVC\14.44.35207\include\xiosbase
注意: 包含文件:           C:\Program Files (x86)\Windows Kits\10\include\10.0.26100.0\ucrt\share.h
注意: 包含文件:           C:\Program Files (x86)\Microsoft Visual Studio\2022\BuildTools\VC\Tools\MSVC\14.44.35207\include\system_error
注意: 包含文件:            C:\Program Files (x86)\Microsoft Visual Studio\2022\BuildTools\VC\Tools\MSVC\14.44.35207\include\__msvc_system_error_abi.hpp
注意: 包含文件:            C:\Program Files (x86)\Microsoft Visual Studio\2022\BuildTools\VC\Tools\MSVC\14.44.35207\include\cerrno
注意: 包含文件:            C:\Program Files (x86)\Microsoft Visual Studio\2022\BuildTools\VC\Tools\MSVC\14.44.35207\include\stdexcept
注意: 包含文件:            C:\Program Files (x86)\Microsoft Visual Studio\2022\BuildTools\VC\Tools\MSVC\14.44.35207\include\xcall_once.h
注意: 包含文件:            C:\Program Files (x86)\Microsoft Visual Studio\2022\BuildTools\VC\Tools\MSVC\14.44.35207\include\xerrc.h
注意: 包含文件:            C:\Program Files (x86)\Microsoft Visual Studio\2022\BuildTools\VC\Tools\MSVC\14.44.35207\include\atomic
注意: 包含文件:             C:\Program Files (x86)\Microsoft Visual Studio\2022\BuildTools\VC\Tools\MSVC\14.44.35207\include\xthreads.h
注意: 包含文件:              C:\Program Files (x86)\Microsoft Visual Studio\2022\BuildTools\VC\Tools\MSVC\14.44.35207\include\__msvc_threads_core.hpp
注意: 包含文件:              C:\Program Files (x86)\Microsoft Visual Studio\2022\BuildTools\VC\Tools\MSVC\14.44.35207\include\xtimec.h
注意: 包含文件:               C:\Program Files (x86)\Microsoft Visual Studio\2022\BuildTools\VC\Tools\MSVC\14.44.35207\include\ctime
注意: 包含文件:                C:\Program Files (x86)\Windows Kits\10\include\10.0.26100.0\ucrt\time.h
注意: 包含文件:           C:\Program Files (x86)\Microsoft Visual Studio\2022\BuildTools\VC\Tools\MSVC\14.44.35207\include\xlocale
注意: 包含文件:            C:\Program Files (x86)\Microsoft Visual Studio\2022\BuildTools\VC\Tools\MSVC\14.44.35207\include\memory
注意: 包含文件:             C:\Program Files (x86)\Microsoft Visual Studio\2022\BuildTools\VC\Tools\MSVC\14.44.35207\include\typeinfo
注意: 包含文件:              C:\Program Files (x86)\Microsoft Visual Studio\2022\BuildTools\VC\Tools\MSVC\14.44.35207\include\vcruntime_typeinfo.h
注意: 包含文件:            C:\Program Files (x86)\Microsoft Visual Studio\2022\BuildTools\VC\Tools\MSVC\14.44.35207\include\xfacet
注意: 包含文件:            C:\Program Files (x86)\Microsoft Visual Studio\2022\BuildTools\VC\Tools\MSVC\14.44.35207\include\xlocinfo
注意: 包含文件:             C:\Program Files (x86)\Microsoft Visual Studio\2022\BuildTools\VC\Tools\MSVC\14.44.35207\include\__msvc_xlocinfo_types.hpp
注意: 包含文件:             C:\Program Files (x86)\Microsoft Visual Studio\2022\BuildTools\VC\Tools\MSVC\14.44.35207\include\clocale
注意: 包含文件:              C:\Program Files (x86)\Windows Kits\10\include\10.0.26100.0\ucrt\locale.h
注意: 包含文件:     C:\Program Files (x86)\Microsoft Visual Studio\2022\BuildTools\VC\Tools\MSVC\14.44.35207\include\ostream
注意: 包含文件:    C:\Program Files (x86)\Microsoft Visual Studio\2022\BuildTools\VC\Tools\MSVC\14.44.35207\include\functional
注意: 包含文件:    C:\Program Files (x86)\Microsoft Visual Studio\2022\BuildTools\VC\Tools\MSVC\14.44.35207\include\mutex
注意: 包含文件:     C:\Program Files (x86)\Microsoft Visual Studio\2022\BuildTools\VC\Tools\MSVC\14.44.35207\include\__msvc_chrono.hpp
注意: 包含文件:      C:\Program Files (x86)\Microsoft Visual Studio\2022\BuildTools\VC\Tools\MSVC\14.44.35207\include\ratio
注意: 包含文件:     C:\Program Files (x86)\Microsoft Visual Studio\2022\BuildTools\VC\Tools\MSVC\14.44.35207\include\thread
注意: 包含文件:      C:\Program Files (x86)\Windows Kits\10\include\10.0.26100.0\ucrt\process.h
注意: 包含文件:       C:\Program Files (x86)\Windows Kits\10\include\10.0.26100.0\ucrt\corecrt_startup.h
注意: 包含文件:        C:\Program Files (x86)\Windows Kits\10\include\10.0.26100.0\ucrt\math.h
注意: 包含文件:        C:\Program Files (x86)\Microsoft Visual Studio\2022\BuildTools\VC\Tools\MSVC\14.44.35207\include\vcruntime_startup.h
注意: 包含文件:    C:\Program Files (x86)\Microsoft Visual Studio\2022\BuildTools\VC\Tools\MSVC\14.44.35207\include\locale
注意: 包含文件:     C:\Program Files (x86)\Microsoft Visual Studio\2022\BuildTools\VC\Tools\MSVC\14.44.35207\include\xlocbuf
注意: 包含文件:     C:\Program Files (x86)\Microsoft Visual Studio\2022\BuildTools\VC\Tools\MSVC\14.44.35207\include\xlocmes
注意: 包含文件:     C:\Program Files (x86)\Microsoft Visual Studio\2022\BuildTools\VC\Tools\MSVC\14.44.35207\include\xlocmon
注意: 包含文件:     C:\Program Files (x86)\Microsoft Visual Studio\2022\BuildTools\VC\Tools\MSVC\14.44.35207\include\xloctime
注意: 包含文件:    C:\Program Files (x86)\Microsoft Visual Studio\2022\BuildTools\VC\Tools\MSVC\14.44.35207\include\codecvt
注意: 包含文件:    C:\Users\user\output\deepseek-v4部署\fastllm-master\include\devices/cpu/alivethreadpool.h
注意: 包含文件:     C:\Program Files (x86)\Microsoft Visual Studio\2022\BuildTools\VC\Tools\MSVC\14.44.35207\include\chrono
注意: 包含文件:      C:\Program Files (x86)\Microsoft Visual Studio\2022\BuildTools\VC\Tools\MSVC\14.44.35207\include\xfilesystem_abi.h
注意: 包含文件:     C:\Program Files (x86)\Windows Kits\10\\include\10.0.26100.0\\um\Windows.h
注意: 包含文件:      C:\Program Files (x86)\Windows Kits\10\\include\10.0.26100.0\\shared\winapifamily.h
注意: 包含文件:       C:\Program Files (x86)\Windows Kits\10\\include\10.0.26100.0\\shared\winpackagefamily.h
注意: 包含文件:      C:\Program Files (x86)\Windows Kits\10\\include\10.0.26100.0\\shared\sdkddkver.h
注意: 包含文件:      C:\Program Files (x86)\Microsoft Visual Studio\2022\BuildTools\VC\Tools\MSVC\14.44.35207\include\excpt.h
注意: 包含文件:      C:\Program Files (x86)\Microsoft Visual Studio\2022\BuildTools\VC\Tools\MSVC\14.44.35207\include\stdarg.h
注意: 包含文件:      C:\Program Files (x86)\Windows Kits\10\\include\10.0.26100.0\\shared\windef.h
注意: 包含文件:       C:\Program Files (x86)\Windows Kits\10\\include\10.0.26100.0\\shared\minwindef.h
注意: 包含文件:        C:\Program Files (x86)\Windows Kits\10\\include\10.0.26100.0\\shared\specstrings.h
注意: 包含文件:         C:\Program Files (x86)\Windows Kits\10\\include\10.0.26100.0\\shared\specstrings_strict.h
注意: 包含文件:          C:\Program Files (x86)\Windows Kits\10\\include\10.0.26100.0\\shared\specstrings_undef.h
注意: 包含文件:         C:\Program Files (x86)\Windows Kits\10\\include\10.0.26100.0\\shared\driverspecs.h
注意: 包含文件:          C:\Program Files (x86)\Windows Kits\10\include\10.0.26100.0\shared\sdv_driverspecs.h
注意: 包含文件:        C:\Program Files (x86)\Windows Kits\10\\include\10.0.26100.0\\um\winnt.h
注意: 包含文件:         C:\Program Files (x86)\Windows Kits\10\\include\10.0.26100.0\\shared\kernelspecs.h
注意: 包含文件:         C:\Program Files (x86)\Windows Kits\10\\include\10.0.26100.0\\shared\basetsd.h
注意: 包含文件:         C:\Program Files (x86)\Windows Kits\10\\include\10.0.26100.0\\shared\guiddef.h
注意: 包含文件:         C:\Program Files (x86)\Windows Kits\10\include\10.0.26100.0\shared\pshpack4.h
注意: 包含文件:         C:\Program Files (x86)\Windows Kits\10\include\10.0.26100.0\shared\poppack.h
注意: 包含文件:         C:\Program Files (x86)\Windows Kits\10\\include\10.0.26100.0\\shared\pshpack4.h
注意: 包含文件:         C:\Program Files (x86)\Windows Kits\10\\include\10.0.26100.0\\shared\poppack.h
注意: 包含文件:         C:\Program Files (x86)\Windows Kits\10\include\10.0.26100.0\shared\pshpack4.h
注意: 包含文件:         C:\Program Files (x86)\Windows Kits\10\include\10.0.26100.0\shared\pshpack2.h
注意: 包含文件:         C:\Program Files (x86)\Windows Kits\10\include\10.0.26100.0\shared\poppack.h
注意: 包含文件:         C:\Program Files (x86)\Windows Kits\10\include\10.0.26100.0\shared\pshpack2.h
注意: 包含文件:         C:\Program Files (x86)\Windows Kits\10\\include\10.0.26100.0\\shared\pshpack2.h
注意: 包含文件:         C:\Program Files (x86)\Windows Kits\10\\include\10.0.26100.0\\shared\poppack.h
注意: 包含文件:         C:\Program Files (x86)\Windows Kits\10\include\10.0.26100.0\shared\poppack.h
注意: 包含文件:         C:\Program Files (x86)\Windows Kits\10\include\10.0.26100.0\shared\pshpack8.h
注意: 包含文件:         C:\Program Files (x86)\Windows Kits\10\include\10.0.26100.0\shared\poppack.h
注意: 包含文件:         C:\Program Files (x86)\Windows Kits\10\include\10.0.26100.0\shared\pshpack1.h
注意: 包含文件:         C:\Program Files (x86)\Windows Kits\10\include\10.0.26100.0\shared\poppack.h
注意: 包含文件:         C:\Program Files (x86)\Windows Kits\10\include\10.0.26100.0\shared\pshpack1.h
注意: 包含文件:         C:\Program Files (x86)\Windows Kits\10\include\10.0.26100.0\shared\poppack.h
注意: 包含文件:         C:\Program Files (x86)\Windows Kits\10\include\10.0.26100.0\shared\poppack.h
注意: 包含文件:         C:\Program Files (x86)\Windows Kits\10\\include\10.0.26100.0\\shared\apiset.h
注意: 包含文件:         C:\Program Files (x86)\Windows Kits\10\\include\10.0.26100.0\\shared\ktmtypes.h
注意: 包含文件:      C:\Program Files (x86)\Windows Kits\10\\include\10.0.26100.0\\um\winbase.h
注意: 包含文件:       C:\Program Files (x86)\Windows Kits\10\\include\10.0.26100.0\\shared\apisetcconv.h
注意: 包含文件:       C:\Program Files (x86)\Windows Kits\10\\include\10.0.26100.0\\um\minwinbase.h
注意: 包含文件:       C:\Program Files (x86)\Windows Kits\10\\include\10.0.26100.0\\um\apiquery2.h
注意: 包含文件:       C:\Program Files (x86)\Windows Kits\10\\include\10.0.26100.0\\um\processenv.h
注意: 包含文件:       C:\Program Files (x86)\Windows Kits\10\\include\10.0.26100.0\\um\fileapifromapp.h
注意: 包含文件:        C:\Program Files (x86)\Windows Kits\10\\include\10.0.26100.0\\um\fileapi.h
注意: 包含文件:       C:\Program Files (x86)\Windows Kits\10\\include\10.0.26100.0\\um\debugapi.h
注意: 包含文件:       C:\Program Files (x86)\Windows Kits\10\\include\10.0.26100.0\\um\utilapiset.h
注意: 包含文件:       C:\Program Files (x86)\Windows Kits\10\\include\10.0.26100.0\\um\handleapi.h
注意: 包含文件:       C:\Program Files (x86)\Windows Kits\10\\include\10.0.26100.0\\um\errhandlingapi.h
注意: 包含文件:       C:\Program Files (x86)\Windows Kits\10\\include\10.0.26100.0\\um\fibersapi.h
注意: 包含文件:       C:\Program Files (x86)\Windows Kits\10\\include\10.0.26100.0\\um\namedpipeapi.h
注意: 包含文件:       C:\Program Files (x86)\Windows Kits\10\\include\10.0.26100.0\\um\profileapi.h
注意: 包含文件:       C:\Program Files (x86)\Windows Kits\10\\include\10.0.26100.0\\um\heapapi.h
注意: 包含文件:       C:\Program Files (x86)\Windows Kits\10\\include\10.0.26100.0\\um\ioapiset.h
注意: 包含文件:       C:\Program Files (x86)\Windows Kits\10\\include\10.0.26100.0\\um\synchapi.h
注意: 包含文件:       C:\Program Files (x86)\Windows Kits\10\\include\10.0.26100.0\\um\interlockedapi.h
注意: 包含文件:       C:\Program Files (x86)\Windows Kits\10\\include\10.0.26100.0\\um\processthreadsapi.h
注意: 包含文件:       C:\Program Files (x86)\Windows Kits\10\\include\10.0.26100.0\\um\sysinfoapi.h
注意: 包含文件:       C:\Program Files (x86)\Windows Kits\10\\include\10.0.26100.0\\um\memoryapi.h
注意: 包含文件:       C:\Program Files (x86)\Windows Kits\10\\include\10.0.26100.0\\um\enclaveapi.h
注意: 包含文件:       C:\Program Files (x86)\Windows Kits\10\\include\10.0.26100.0\\um\threadpoollegacyapiset.h
注意: 包含文件:       C:\Program Files (x86)\Windows Kits\10\\include\10.0.26100.0\\um\threadpoolapiset.h
注意: 包含文件:       C:\Program Files (x86)\Windows Kits\10\\include\10.0.26100.0\\um\jobapi.h
注意: 包含文件:       C:\Program Files (x86)\Windows Kits\10\\include\10.0.26100.0\\um\jobapi2.h
注意: 包含文件:       C:\Program Files (x86)\Windows Kits\10\\include\10.0.26100.0\\um\wow64apiset.h
注意: 包含文件:       C:\Program Files (x86)\Windows Kits\10\\include\10.0.26100.0\\um\libloaderapi.h
注意: 包含文件:       C:\Program Files (x86)\Windows Kits\10\\include\10.0.26100.0\\um\securitybaseapi.h
注意: 包含文件:       C:\Program Files (x86)\Windows Kits\10\\include\10.0.26100.0\\um\namespaceapi.h
注意: 包含文件:       C:\Program Files (x86)\Windows Kits\10\\include\10.0.26100.0\\um\systemtopologyapi.h
注意: 包含文件:       C:\Program Files (x86)\Windows Kits\10\\include\10.0.26100.0\\um\processtopologyapi.h
注意: 包含文件:       C:\Program Files (x86)\Windows Kits\10\\include\10.0.26100.0\\um\securityappcontainer.h
注意: 包含文件:       C:\Program Files (x86)\Windows Kits\10\\include\10.0.26100.0\\um\realtimeapiset.h
注意: 包含文件:       C:\Program Files (x86)\Windows Kits\10\\include\10.0.26100.0\\shared\winerror.h
注意: 包含文件:       C:\Program Files (x86)\Windows Kits\10\\include\10.0.26100.0\\um\timezoneapi.h
注意: 包含文件:      C:\Program Files (x86)\Windows Kits\10\\include\10.0.26100.0\\um\wingdi.h
注意: 包含文件:       C:\Program Files (x86)\Windows Kits\10\\include\10.0.26100.0\\shared\pshpack1.h
注意: 包含文件:       C:\Program Files (x86)\Windows Kits\10\\include\10.0.26100.0\\shared\poppack.h
注意: 包含文件:       C:\Program Files (x86)\Windows Kits\10\\include\10.0.26100.0\\shared\pshpack2.h
注意: 包含文件:       C:\Program Files (x86)\Windows Kits\10\\include\10.0.26100.0\\shared\poppack.h
注意: 包含文件:       C:\Program Files (x86)\Windows Kits\10\\include\10.0.26100.0\\shared\pshpack2.h
注意: 包含文件:       C:\Program Files (x86)\Windows Kits\10\\include\10.0.26100.0\\shared\poppack.h
注意: 包含文件:       C:\Program Files (x86)\Windows Kits\10\\include\10.0.26100.0\\shared\pshpack4.h
注意: 包含文件:       C:\Program Files (x86)\Windows Kits\10\\include\10.0.26100.0\\shared\poppack.h
注意: 包含文件:       C:\Program Files (x86)\Windows Kits\10\\include\10.0.26100.0\\shared\pshpack4.h
注意: 包含文件:       C:\Program Files (x86)\Windows Kits\10\\include\10.0.26100.0\\shared\poppack.h
注意: 包含文件:      C:\Program Files (x86)\Windows Kits\10\\include\10.0.26100.0\\um\winuser.h
注意: 包含文件:       C:\Program Files (x86)\Windows Kits\10\\include\10.0.26100.0\\shared\pshpack2.h
注意: 包含文件:       C:\Program Files (x86)\Windows Kits\10\\include\10.0.26100.0\\shared\poppack.h
注意: 包含文件:       C:\Program Files (x86)\Windows Kits\10\\include\10.0.26100.0\\shared\tvout.h
注意: 包含文件:      C:\Program Files (x86)\Windows Kits\10\\include\10.0.26100.0\\um\winnls.h
注意: 包含文件:       C:\Program Files (x86)\Windows Kits\10\\include\10.0.26100.0\\um\datetimeapi.h
注意: 包含文件:       C:\Program Files (x86)\Windows Kits\10\\include\10.0.26100.0\\um\stringapiset.h
注意: 包含文件:        C:\Program Files (x86)\Windows Kits\10\\include\10.0.26100.0\\um\winnls.h
注意: 包含文件:      C:\Program Files (x86)\Windows Kits\10\\include\10.0.26100.0\\um\wincon.h
注意: 包含文件:       C:\Program Files (x86)\Windows Kits\10\\include\10.0.26100.0\\um\wincontypes.h
注意: 包含文件:       C:\Program Files (x86)\Windows Kits\10\\include\10.0.26100.0\\um\consoleapi.h
注意: 包含文件:       C:\Program Files (x86)\Windows Kits\10\\include\10.0.26100.0\\um\consoleapi2.h
注意: 包含文件:       C:\Program Files (x86)\Windows Kits\10\\include\10.0.26100.0\\um\consoleapi3.h
注意: 包含文件:      C:\Program Files (x86)\Windows Kits\10\\include\10.0.26100.0\\um\winver.h
注意: 包含文件:       C:\Program Files (x86)\Windows Kits\10\\include\10.0.26100.0\\um\verrsrc.h
注意: 包含文件:      C:\Program Files (x86)\Windows Kits\10\\include\10.0.26100.0\\um\winreg.h
注意: 包含文件:       C:\Program Files (x86)\Windows Kits\10\\include\10.0.26100.0\\um\reason.h
注意: 包含文件:      C:\Program Files (x86)\Windows Kits\10\\include\10.0.26100.0\\um\winnetwk.h
注意: 包含文件:       C:\Program Files (x86)\Windows Kits\10\\include\10.0.26100.0\\shared\wnnc.h
注意: 包含文件:      C:\Program Files (x86)\Windows Kits\10\\include\10.0.26100.0\\shared\cderr.h
注意: 包含文件:      C:\Program Files (x86)\Windows Kits\10\\include\10.0.26100.0\\um\dde.h
注意: 包含文件:      C:\Program Files (x86)\Windows Kits\10\\include\10.0.26100.0\\um\ddeml.h
注意: 包含文件:      C:\Program Files (x86)\Windows Kits\10\\include\10.0.26100.0\\um\dlgs.h
注意: 包含文件:      C:\Program Files (x86)\Windows Kits\10\\include\10.0.26100.0\\um\lzexpand.h
注意: 包含文件:      C:\Program Files (x86)\Windows Kits\10\\include\10.0.26100.0\\um\mmsystem.h
注意: 包含文件:       C:\Program Files (x86)\Windows Kits\10\\include\10.0.26100.0\\um\mmsyscom.h
注意: 包含文件:        C:\Program Files (x86)\Windows Kits\10\\include\10.0.26100.0\\shared\pshpack1.h
注意: 包含文件:        C:\Program Files (x86)\Windows Kits\10\\include\10.0.26100.0\\shared\poppack.h
注意: 包含文件:       C:\Program Files (x86)\Windows Kits\10\\include\10.0.26100.0\\shared\pshpack1.h
注意: 包含文件:       C:\Program Files (x86)\Windows Kits\10\\include\10.0.26100.0\\um\mciapi.h
注意: 包含文件:        C:\Program Files (x86)\Windows Kits\10\\include\10.0.26100.0\\um\mmsyscom.h
注意: 包含文件:       C:\Program Files (x86)\Windows Kits\10\\include\10.0.26100.0\\um\mmiscapi.h
注意: 包含文件:        C:\Program Files (x86)\Windows Kits\10\\include\10.0.26100.0\\um\mmsyscom.h
注意: 包含文件:       C:\Program Files (x86)\Windows Kits\10\\include\10.0.26100.0\\um\mmiscapi2.h
注意: 包含文件:        C:\Program Files (x86)\Windows Kits\10\\include\10.0.26100.0\\um\mmsyscom.h
注意: 包含文件:       C:\Program Files (x86)\Windows Kits\10\\include\10.0.26100.0\\um\playsoundapi.h
注意: 包含文件:        C:\Program Files (x86)\Windows Kits\10\\include\10.0.26100.0\\um\mmsyscom.h
注意: 包含文件:       C:\Program Files (x86)\Windows Kits\10\\include\10.0.26100.0\\um\mmeapi.h
注意: 包含文件:        C:\Program Files (x86)\Windows Kits\10\\include\10.0.26100.0\\um\mmsyscom.h
注意: 包含文件:       C:\Program Files (x86)\Windows Kits\10\\include\10.0.26100.0\\um\timeapi.h
注意: 包含文件:        C:\Program Files (x86)\Windows Kits\10\\include\10.0.26100.0\\um\mmsyscom.h
注意: 包含文件:       C:\Program Files (x86)\Windows Kits\10\\include\10.0.26100.0\\um\joystickapi.h
注意: 包含文件:        C:\Program Files (x86)\Windows Kits\10\\include\10.0.26100.0\\um\mmsyscom.h
注意: 包含文件:       C:\Program Files (x86)\Windows Kits\10\\include\10.0.26100.0\\shared\poppack.h
注意: 包含文件:      C:\Program Files (x86)\Windows Kits\10\\include\10.0.26100.0\\um\nb30.h
注意: 包含文件:      C:\Program Files (x86)\Windows Kits\10\\include\10.0.26100.0\\shared\rpc.h
注意: 包含文件:       C:\Program Files (x86)\Windows Kits\10\\include\10.0.26100.0\\shared\pshpack8.h
注意: 包含文件:       C:\Program Files (x86)\Windows Kits\10\\include\10.0.26100.0\\shared\rpcdce.h
注意: 包含文件:        C:\Program Files (x86)\Windows Kits\10\\include\10.0.26100.0\\shared\rpcdcep.h
注意: 包含文件:       C:\Program Files (x86)\Windows Kits\10\\include\10.0.26100.0\\um\rpcnsi.h
注意: 包含文件:       C:\Program Files (x86)\Windows Kits\10\\include\10.0.26100.0\\shared\rpcnterr.h
注意: 包含文件:       C:\Program Files (x86)\Windows Kits\10\\include\10.0.26100.0\\shared\rpcasync.h
注意: 包含文件:        C:\Program Files (x86)\Windows Kits\10\\include\10.0.26100.0\\shared\pshpack8.h
注意: 包含文件:        C:\Program Files (x86)\Windows Kits\10\\include\10.0.26100.0\\shared\poppack.h
注意: 包含文件:       C:\Program Files (x86)\Windows Kits\10\\include\10.0.26100.0\\shared\poppack.h
注意: 包含文件:      C:\Program Files (x86)\Windows Kits\10\\include\10.0.26100.0\\um\shellapi.h
注意: 包含文件:      C:\Program Files (x86)\Windows Kits\10\\include\10.0.26100.0\\um\winperf.h
注意: 包含文件:       C:\Program Files (x86)\Windows Kits\10\\include\10.0.26100.0\\shared\pshpack8.h
注意: 包含文件:       C:\Program Files (x86)\Windows Kits\10\\include\10.0.26100.0\\shared\poppack.h
注意: 包含文件:      C:\Program Files (x86)\Windows Kits\10\\include\10.0.26100.0\\um\winsock.h
注意: 包含文件:       C:\Program Files (x86)\Windows Kits\10\\include\10.0.26100.0\\shared\inaddr.h
注意: 包含文件:      C:\Program Files (x86)\Windows Kits\10\\include\10.0.26100.0\\um\wincrypt.h
注意: 包含文件:       C:\Program Files (x86)\Windows Kits\10\\include\10.0.26100.0\\shared\bcrypt.h
注意: 包含文件:       C:\Program Files (x86)\Windows Kits\10\\include\10.0.26100.0\\um\ncrypt.h
注意: 包含文件:       C:\Program Files (x86)\Windows Kits\10\\include\10.0.26100.0\\um\dpapi.h
注意: 包含文件:      C:\Program Files (x86)\Windows Kits\10\\include\10.0.26100.0\\um\winefs.h
注意: 包含文件:      C:\Program Files (x86)\Windows Kits\10\\include\10.0.26100.0\\um\winscard.h
注意: 包含文件:       C:\Program Files (x86)\Windows Kits\10\\include\10.0.26100.0\\shared\wtypes.h
注意: 包含文件:        C:\Program Files (x86)\Windows Kits\10\include\10.0.26100.0\shared\rpcndr.h
注意: 包含文件:         C:\Program Files (x86)\Windows Kits\10\\include\10.0.26100.0\\shared\pshpack8.h
注意: 包含文件:         C:\Program Files (x86)\Windows Kits\10\\include\10.0.26100.0\\um\rpcnsip.h
注意: 包含文件:         C:\Program Files (x86)\Windows Kits\10\\include\10.0.26100.0\\shared\rpcsal.h
注意: 包含文件:         C:\Program Files (x86)\Windows Kits\10\\include\10.0.26100.0\\shared\poppack.h
注意: 包含文件:        C:\Program Files (x86)\Windows Kits\10\include\10.0.26100.0\shared\wtypesbase.h
注意: 包含文件:         C:\Program Files (x86)\Windows Kits\10\include\10.0.26100.0\shared\guiddef.h
注意: 包含文件:       C:\Program Files (x86)\Windows Kits\10\\include\10.0.26100.0\\um\winioctl.h
注意: 包含文件:        C:\Program Files (x86)\Windows Kits\10\\include\10.0.26100.0\\shared\pshpack1.h
注意: 包含文件:        C:\Program Files (x86)\Windows Kits\10\\include\10.0.26100.0\\shared\poppack.h
注意: 包含文件:        C:\Program Files (x86)\Windows Kits\10\\include\10.0.26100.0\\shared\pshpack1.h
注意: 包含文件:        C:\Program Files (x86)\Windows Kits\10\\include\10.0.26100.0\\shared\poppack.h
注意: 包含文件:        C:\Program Files (x86)\Windows Kits\10\\include\10.0.26100.0\\shared\pshpack1.h
注意: 包含文件:        C:\Program Files (x86)\Windows Kits\10\\include\10.0.26100.0\\shared\poppack.h
注意: 包含文件:        C:\Program Files (x86)\Windows Kits\10\\include\10.0.26100.0\\shared\pshpack1.h
注意: 包含文件:        C:\Program Files (x86)\Windows Kits\10\\include\10.0.26100.0\\shared\poppack.h
注意: 包含文件:        C:\Program Files (x86)\Windows Kits\10\\include\10.0.26100.0\\shared\pshpack1.h
注意: 包含文件:        C:\Program Files (x86)\Windows Kits\10\\include\10.0.26100.0\\shared\poppack.h
注意: 包含文件:        C:\Program Files (x86)\Windows Kits\10\\include\10.0.26100.0\\shared\pshpack1.h
注意: 包含文件:        C:\Program Files (x86)\Windows Kits\10\\include\10.0.26100.0\\shared\poppack.h
注意: 包含文件:        C:\Program Files (x86)\Windows Kits\10\\include\10.0.26100.0\\shared\pshpack1.h
注意: 包含文件:        C:\Program Files (x86)\Windows Kits\10\\include\10.0.26100.0\\shared\poppack.h
注意: 包含文件:       C:\Program Files (x86)\Windows Kits\10\\include\10.0.26100.0\\shared\winsmcrd.h
注意: 包含文件:      C:\Program Files (x86)\Windows Kits\10\\include\10.0.26100.0\\um\winspool.h
注意: 包含文件:       C:\Program Files (x86)\Windows Kits\10\\include\10.0.26100.0\\um\prsht.h
注意: 包含文件:        C:\Program Files (x86)\Windows Kits\10\\include\10.0.26100.0\\shared\pshpack8.h
注意: 包含文件:        C:\Program Files (x86)\Windows Kits\10\\include\10.0.26100.0\\shared\poppack.h
注意: 包含文件:      C:\Program Files (x86)\Windows Kits\10\\include\10.0.26100.0\\um\ole2.h
注意: 包含文件:       C:\Program Files (x86)\Windows Kits\10\\include\10.0.26100.0\\shared\pshpack8.h
注意: 包含文件:       C:\Program Files (x86)\Windows Kits\10\\include\10.0.26100.0\\um\objbase.h
注意: 包含文件:        C:\Program Files (x86)\Windows Kits\10\\include\10.0.26100.0\\shared\pshpack8.h
注意: 包含文件:        C:\Program Files (x86)\Windows Kits\10\\include\10.0.26100.0\\um\combaseapi.h
注意: 包含文件:         C:\Program Files (x86)\Windows Kits\10\\include\10.0.26100.0\\shared\pshpack8.h
注意: 包含文件:         C:\Program Files (x86)\Windows Kits\10\\include\10.0.26100.0\\um\unknwnbase.h
注意: 包含文件:         C:\Program Files (x86)\Windows Kits\10\\include\10.0.26100.0\\um\objidlbase.h
注意: 包含文件:         C:\Program Files (x86)\Windows Kits\10\\include\10.0.26100.0\\shared\guiddef.h
注意: 包含文件:         C:\Program Files (x86)\Windows Kits\10\\include\10.0.26100.0\\um\cguid.h
注意: 包含文件:         C:\Program Files (x86)\Windows Kits\10\\include\10.0.26100.0\\shared\poppack.h
注意: 包含文件:        C:\Program Files (x86)\Windows Kits\10\\include\10.0.26100.0\\um\coml2api.h
注意: 包含文件:         C:\Program Files (x86)\Windows Kits\10\\include\10.0.26100.0\\um\objidl.h
注意: 包含文件:          C:\Program Files (x86)\Windows Kits\10\include\10.0.26100.0\um\unknwn.h
注意: 包含文件:         C:\Program Files (x86)\Windows Kits\10\\include\10.0.26100.0\\um\propidlbase.h
注意: 包含文件:          C:\Program Files (x86)\Windows Kits\10\include\10.0.26100.0\um\oaidl.h
注意: 包含文件:        C:\Program Files (x86)\Windows Kits\10\\include\10.0.26100.0\\um\urlmon.h
注意: 包含文件:         C:\Program Files (x86)\Windows Kits\10\include\10.0.26100.0\um\oleidl.h
注意: 包含文件:         C:\Program Files (x86)\Windows Kits\10\include\10.0.26100.0\um\servprov.h
注意: 包含文件:         C:\Program Files (x86)\Windows Kits\10\include\10.0.26100.0\um\msxml.h
注意: 包含文件:        C:\Program Files (x86)\Windows Kits\10\\include\10.0.26100.0\\um\propidl.h
注意: 包含文件:        C:\Program Files (x86)\Windows Kits\10\\include\10.0.26100.0\\shared\poppack.h
注意: 包含文件:       C:\Program Files (x86)\Windows Kits\10\\include\10.0.26100.0\\um\oleauto.h
注意: 包含文件:        C:\Program Files (x86)\Windows Kits\10\\include\10.0.26100.0\\shared\pshpack8.h
注意: 包含文件:        C:\Program Files (x86)\Windows Kits\10\\include\10.0.26100.0\\shared\poppack.h
注意: 包含文件:       C:\Program Files (x86)\Windows Kits\10\\include\10.0.26100.0\\shared\poppack.h
注意: 包含文件:      C:\Program Files (x86)\Windows Kits\10\\include\10.0.26100.0\\um\commdlg.h
注意: 包含文件:       C:\Program Files (x86)\Windows Kits\10\\include\10.0.26100.0\\um\prsht.h
注意: 包含文件:      C:\Program Files (x86)\Windows Kits\10\\include\10.0.26100.0\\shared\stralign.h
注意: 包含文件:      C:\Program Files (x86)\Windows Kits\10\\include\10.0.26100.0\\um\winsvc.h
注意: 包含文件:      C:\Program Files (x86)\Windows Kits\10\\include\10.0.26100.0\\um\mcx.h
注意: 包含文件:      C:\Program Files (x86)\Windows Kits\10\\include\10.0.26100.0\\um\imm.h
注意: 包含文件:       C:\Program Files (x86)\Windows Kits\10\\include\10.0.26100.0\\um\ime_cmodes.h
C:\Users\user\output\deepseek-v4部署\fastllm-master\include\devices/cpu/alivethreadpool.h(136): warning C4267: “初始化”: 从“size_t”转换到“int”，可能丢失数据
C:\Users\user\output\deepseek-v4部署\fastllm-master\include\devices/cpu/alivethreadpool.h(176): warning C4267: “初始化”: 从“size_t”转换到“int”，可能丢失数据
C:\Users\user\output\deepseek-v4部署\fastllm-master\include\devices/cpu/alivethreadpool.h(236): warning C4267: “初始化”: 从“size_t”转换到“int”，可能丢失数据
C:\Users\user\output\deepseek-v4部署\fastllm-master\include\devices/cpu/alivethreadpool.h(237): warning C4267: “初始化”: 从“size_t”转换到“int”，可能丢失数据
C:\Users\user\output\deepseek-v4部署\fastllm-master\include\devices/cpu/alivethreadpool.h(238): warning C4267: “初始化”: 从“size_t”转换到“int”，可能丢失数据
C:\Users\user\output\deepseek-v4部署\fastllm-master\include\devices/cpu/alivethreadpool.h(281): warning C4267: “初始化”: 从“size_t”转换到“int”，可能丢失数据
C:\Users\user\output\deepseek-v4部署\fastllm-master\include\devices/cpu/alivethreadpool.h(327): warning C4267: “初始化”: 从“size_t”转换到“int”，可能丢失数据
C:\Users\user\output\deepseek-v4部署\fastllm-master\include\devices/cpu/alivethreadpool.h(330): warning C4267: “初始化”: 从“size_t”转换到“int”，可能丢失数据
C:\Users\user\output\deepseek-v4部署\fastllm-master\include\devices/cpu/alivethreadpool.h(370): warning C4267: “初始化”: 从“size_t”转换到“int”，可能丢失数据
C:\Users\user\output\deepseek-v4部署\fastllm-master\include\devices/cpu/alivethreadpool.h(372): warning C4267: “初始化”: 从“size_t”转换到“int”，可能丢失数据
注意: 包含文件:    C:\Users\user\output\deepseek-v4部署\fastllm-master\third_party\json11\json11.hpp
C:\Users\user\output\deepseek-v4部署\fastllm-master\include\fastllm.h(222): warning C4244: “初始化”: 从“int”转换到“float”，可能丢失数据
C:\Users\user\output\deepseek-v4部署\fastllm-master\include\fastllm.h(222): warning C4244: “初始化”: 从“int”转换到“const float”，可能丢失数据
C:\Users\user\output\deepseek-v4部署\fastllm-master\include\fastllm.h(227): warning C4244: “=”: 从“float”转换到“uint8_t”，可能丢失数据
C:\Users\user\output\deepseek-v4部署\fastllm-master\include\fastllm.h(229): warning C4244: “=”: 从“const float”转换到“uint8_t”，可能丢失数据
C:\Users\user\output\deepseek-v4部署\fastllm-master\include\fastllm.h(687): warning C4996: 'std::codecvt_utf8<wchar_t,1114111,(std::codecvt_mode)0>': warning STL4017: std::wbuffer_convert, std::wstring_convert, and the <codecvt> header (containing std::codecvt_mode, std::codecvt_utf8, std::codecvt_utf16, and std::codecvt_utf8_utf16) are deprecated in C++17. (The std::codecvt class template is NOT deprecated.) The C++ Standard doesn't provide equivalent non-deprecated functionality; consider using MultiByteToWideChar() and WideCharToMultiByte() from <Windows.h> instead. You can define _SILENCE_CXX17_CODECVT_HEADER_DEPRECATION_WARNING or _SILENCE_ALL_CXX17_DEPRECATION_WARNINGS to suppress this warning.
C:\Program Files (x86)\Microsoft Visual Studio\2022\BuildTools\VC\Tools\MSVC\14.44.35207\include\codecvt(34): note: 参见“std::codecvt_utf8”的声明
C:\Users\user\output\deepseek-v4部署\fastllm-master\include\fastllm.h(687): warning C4996: 'std::wstring_convert<std::codecvt_utf8<wchar_t,1114111,(std::codecvt_mode)0>,wchar_t,std::allocator<wchar_t>,std::allocator<char>>': warning STL4017: std::wbuffer_convert, std::wstring_convert, and the <codecvt> header (containing std::codecvt_mode, std::codecvt_utf8, std::codecvt_utf16, and std::codecvt_utf8_utf16) are deprecated in C++17. (The std::codecvt class template is NOT deprecated.) The C++ Standard doesn't provide equivalent non-deprecated functionality; consider using MultiByteToWideChar() and WideCharToMultiByte() from <Windows.h> instead. You can define _SILENCE_CXX17_CODECVT_HEADER_DEPRECATION_WARNING or _SILENCE_ALL_CXX17_DEPRECATION_WARNINGS to suppress this warning.
C:\Program Files (x86)\Microsoft Visual Studio\2022\BuildTools\VC\Tools\MSVC\14.44.35207\include\xlocbuf(303): note: 参见“std::wstring_convert”的声明
[4/33] Building CXX object CMakeFiles\fastllm_tools.dir\src\devices\cpu\avx2.cpp.obj
注意: 包含文件:  C:\Program Files (x86)\Microsoft Visual Studio\2022\BuildTools\VC\Tools\MSVC\14.44.35207\include\cstdint
注意: 包含文件:   C:\Program Files (x86)\Microsoft Visual Studio\2022\BuildTools\VC\Tools\MSVC\14.44.35207\include\yvals_core.h
注意: 包含文件:    C:\Program Files (x86)\Microsoft Visual Studio\2022\BuildTools\VC\Tools\MSVC\14.44.35207\include\vcruntime.h
注意: 包含文件:     C:\Program Files (x86)\Microsoft Visual Studio\2022\BuildTools\VC\Tools\MSVC\14.44.35207\include\sal.h
注意: 包含文件:      C:\Program Files (x86)\Microsoft Visual Studio\2022\BuildTools\VC\Tools\MSVC\14.44.35207\include\concurrencysal.h
注意: 包含文件:     C:\Program Files (x86)\Microsoft Visual Studio\2022\BuildTools\VC\Tools\MSVC\14.44.35207\include\vadefs.h
注意: 包含文件:    C:\Program Files (x86)\Microsoft Visual Studio\2022\BuildTools\VC\Tools\MSVC\14.44.35207\include\xkeycheck.h
注意: 包含文件:   C:\Program Files (x86)\Microsoft Visual Studio\2022\BuildTools\VC\Tools\MSVC\14.44.35207\include\stdint.h
注意: 包含文件:  C:\Program Files (x86)\Microsoft Visual Studio\2022\BuildTools\VC\Tools\MSVC\14.44.35207\include\algorithm
注意: 包含文件:   C:\Program Files (x86)\Microsoft Visual Studio\2022\BuildTools\VC\Tools\MSVC\14.44.35207\include\__msvc_heap_algorithms.hpp
注意: 包含文件:    C:\Program Files (x86)\Microsoft Visual Studio\2022\BuildTools\VC\Tools\MSVC\14.44.35207\include\xutility
注意: 包含文件:     C:\Program Files (x86)\Microsoft Visual Studio\2022\BuildTools\VC\Tools\MSVC\14.44.35207\include\yvals.h
注意: 包含文件:      C:\Program Files (x86)\Windows Kits\10\include\10.0.26100.0\ucrt\crtdbg.h
注意: 包含文件:       C:\Program Files (x86)\Windows Kits\10\include\10.0.26100.0\ucrt\corecrt.h
注意: 包含文件:       C:\Program Files (x86)\Microsoft Visual Studio\2022\BuildTools\VC\Tools\MSVC\14.44.35207\include\vcruntime_new_debug.h
注意: 包含文件:        C:\Program Files (x86)\Microsoft Visual Studio\2022\BuildTools\VC\Tools\MSVC\14.44.35207\include\vcruntime_new.h
注意: 包含文件:      C:\Program Files (x86)\Microsoft Visual Studio\2022\BuildTools\VC\Tools\MSVC\14.44.35207\include\crtdefs.h
注意: 包含文件:      C:\Program Files (x86)\Microsoft Visual Studio\2022\BuildTools\VC\Tools\MSVC\14.44.35207\include\use_ansi.h
注意: 包含文件:     C:\Program Files (x86)\Microsoft Visual Studio\2022\BuildTools\VC\Tools\MSVC\14.44.35207\include\__msvc_iter_core.hpp
注意: 包含文件:      C:\Program Files (x86)\Microsoft Visual Studio\2022\BuildTools\VC\Tools\MSVC\14.44.35207\include\utility
注意: 包含文件:       C:\Program Files (x86)\Microsoft Visual Studio\2022\BuildTools\VC\Tools\MSVC\14.44.35207\include\initializer_list
注意: 包含文件:        C:\Program Files (x86)\Microsoft Visual Studio\2022\BuildTools\VC\Tools\MSVC\14.44.35207\include\cstddef
注意: 包含文件:         C:\Program Files (x86)\Windows Kits\10\include\10.0.26100.0\ucrt\stddef.h
注意: 包含文件:         C:\Program Files (x86)\Microsoft Visual Studio\2022\BuildTools\VC\Tools\MSVC\14.44.35207\include\xtr1common
注意: 包含文件:       C:\Program Files (x86)\Microsoft Visual Studio\2022\BuildTools\VC\Tools\MSVC\14.44.35207\include\type_traits
注意: 包含文件:        C:\Program Files (x86)\Microsoft Visual Studio\2022\BuildTools\VC\Tools\MSVC\14.44.35207\include\cstring
注意: 包含文件:         C:\Program Files (x86)\Windows Kits\10\include\10.0.26100.0\ucrt\string.h
注意: 包含文件:          C:\Program Files (x86)\Windows Kits\10\include\10.0.26100.0\ucrt\corecrt_memory.h
注意: 包含文件:           C:\Program Files (x86)\Windows Kits\10\include\10.0.26100.0\ucrt\corecrt_memcpy_s.h
注意: 包含文件:            C:\Program Files (x86)\Windows Kits\10\include\10.0.26100.0\ucrt\errno.h
注意: 包含文件:            C:\Program Files (x86)\Microsoft Visual Studio\2022\BuildTools\VC\Tools\MSVC\14.44.35207\include\vcruntime_string.h
注意: 包含文件:          C:\Program Files (x86)\Windows Kits\10\include\10.0.26100.0\ucrt\corecrt_wstring.h
注意: 包含文件:     C:\Program Files (x86)\Microsoft Visual Studio\2022\BuildTools\VC\Tools\MSVC\14.44.35207\include\climits
注意: 包含文件:      C:\Program Files (x86)\Microsoft Visual Studio\2022\BuildTools\VC\Tools\MSVC\14.44.35207\include\limits.h
注意: 包含文件:     C:\Program Files (x86)\Microsoft Visual Studio\2022\BuildTools\VC\Tools\MSVC\14.44.35207\include\cstdlib
注意: 包含文件:      C:\Program Files (x86)\Windows Kits\10\include\10.0.26100.0\ucrt\math.h
注意: 包含文件:       C:\Program Files (x86)\Windows Kits\10\include\10.0.26100.0\ucrt\corecrt_math.h
注意: 包含文件:      C:\Program Files (x86)\Windows Kits\10\include\10.0.26100.0\ucrt\stdlib.h
注意: 包含文件:       C:\Program Files (x86)\Windows Kits\10\include\10.0.26100.0\ucrt\corecrt_malloc.h
注意: 包含文件:       C:\Program Files (x86)\Windows Kits\10\include\10.0.26100.0\ucrt\corecrt_search.h
注意: 包含文件:       C:\Program Files (x86)\Windows Kits\10\include\10.0.26100.0\ucrt\corecrt_wstdlib.h
注意: 包含文件:     C:\Program Files (x86)\Microsoft Visual Studio\2022\BuildTools\VC\Tools\MSVC\14.44.35207\include\cwchar
注意: 包含文件:      C:\Program Files (x86)\Microsoft Visual Studio\2022\BuildTools\VC\Tools\MSVC\14.44.35207\include\cstdio
注意: 包含文件:       C:\Program Files (x86)\Windows Kits\10\include\10.0.26100.0\ucrt\stdio.h
注意: 包含文件:        C:\Program Files (x86)\Windows Kits\10\include\10.0.26100.0\ucrt\corecrt_wstdio.h
注意: 包含文件:         C:\Program Files (x86)\Windows Kits\10\include\10.0.26100.0\ucrt\corecrt_stdio_config.h
注意: 包含文件:      C:\Program Files (x86)\Windows Kits\10\include\10.0.26100.0\ucrt\wchar.h
注意: 包含文件:       C:\Program Files (x86)\Windows Kits\10\include\10.0.26100.0\ucrt\corecrt_wconio.h
注意: 包含文件:       C:\Program Files (x86)\Windows Kits\10\include\10.0.26100.0\ucrt\corecrt_wctype.h
注意: 包含文件:       C:\Program Files (x86)\Windows Kits\10\include\10.0.26100.0\ucrt\corecrt_wdirect.h
注意: 包含文件:       C:\Program Files (x86)\Windows Kits\10\include\10.0.26100.0\ucrt\corecrt_wio.h
注意: 包含文件:        C:\Program Files (x86)\Windows Kits\10\include\10.0.26100.0\ucrt\corecrt_share.h
注意: 包含文件:       C:\Program Files (x86)\Windows Kits\10\include\10.0.26100.0\ucrt\corecrt_wprocess.h
注意: 包含文件:       C:\Program Files (x86)\Windows Kits\10\include\10.0.26100.0\ucrt\corecrt_wtime.h
注意: 包含文件:       C:\Program Files (x86)\Windows Kits\10\include\10.0.26100.0\ucrt\sys/stat.h
注意: 包含文件:        C:\Program Files (x86)\Windows Kits\10\include\10.0.26100.0\ucrt\sys/types.h
注意: 包含文件:       C:\Program Files (x86)\Microsoft Visual Studio\2022\BuildTools\VC\Tools\MSVC\14.44.35207\include\intrin.h
注意: 包含文件:        C:\Program Files (x86)\Microsoft Visual Studio\2022\BuildTools\VC\Tools\MSVC\14.44.35207\include\intrin0.inl.h
注意: 包含文件:        C:\Program Files (x86)\Microsoft Visual Studio\2022\BuildTools\VC\Tools\MSVC\14.44.35207\include\setjmp.h
注意: 包含文件:        C:\Program Files (x86)\Microsoft Visual Studio\2022\BuildTools\VC\Tools\MSVC\14.44.35207\include\immintrin.h
注意: 包含文件:         C:\Program Files (x86)\Microsoft Visual Studio\2022\BuildTools\VC\Tools\MSVC\14.44.35207\include\wmmintrin.h
注意: 包含文件:          C:\Program Files (x86)\Microsoft Visual Studio\2022\BuildTools\VC\Tools\MSVC\14.44.35207\include\nmmintrin.h
注意: 包含文件:           C:\Program Files (x86)\Microsoft Visual Studio\2022\BuildTools\VC\Tools\MSVC\14.44.35207\include\smmintrin.h
注意: 包含文件:            C:\Program Files (x86)\Microsoft Visual Studio\2022\BuildTools\VC\Tools\MSVC\14.44.35207\include\tmmintrin.h
注意: 包含文件:             C:\Program Files (x86)\Microsoft Visual Studio\2022\BuildTools\VC\Tools\MSVC\14.44.35207\include\pmmintrin.h
注意: 包含文件:              C:\Program Files (x86)\Microsoft Visual Studio\2022\BuildTools\VC\Tools\MSVC\14.44.35207\include\emmintrin.h
注意: 包含文件:               C:\Program Files (x86)\Microsoft Visual Studio\2022\BuildTools\VC\Tools\MSVC\14.44.35207\include\xmmintrin.h
注意: 包含文件:                C:\Program Files (x86)\Microsoft Visual Studio\2022\BuildTools\VC\Tools\MSVC\14.44.35207\include\mmintrin.h
注意: 包含文件:                C:\Program Files (x86)\Windows Kits\10\include\10.0.26100.0\ucrt\malloc.h
注意: 包含文件:         C:\Program Files (x86)\Microsoft Visual Studio\2022\BuildTools\VC\Tools\MSVC\14.44.35207\include\zmmintrin.h
注意: 包含文件:        C:\Program Files (x86)\Microsoft Visual Studio\2022\BuildTools\VC\Tools\MSVC\14.44.35207\include\ammintrin.h
注意: 包含文件:   C:\Program Files (x86)\Microsoft Visual Studio\2022\BuildTools\VC\Tools\MSVC\14.44.35207\include\__msvc_minmax.hpp
注意: 包含文件:   C:\Program Files (x86)\Microsoft Visual Studio\2022\BuildTools\VC\Tools\MSVC\14.44.35207\include\xmemory
注意: 包含文件:    C:\Program Files (x86)\Microsoft Visual Studio\2022\BuildTools\VC\Tools\MSVC\14.44.35207\include\limits
注意: 包含文件:     C:\Program Files (x86)\Microsoft Visual Studio\2022\BuildTools\VC\Tools\MSVC\14.44.35207\include\cfloat
注意: 包含文件:      C:\Program Files (x86)\Windows Kits\10\include\10.0.26100.0\ucrt\float.h
注意: 包含文件:     C:\Program Files (x86)\Microsoft Visual Studio\2022\BuildTools\VC\Tools\MSVC\14.44.35207\include\intrin0.h
注意: 包含文件:    C:\Program Files (x86)\Microsoft Visual Studio\2022\BuildTools\VC\Tools\MSVC\14.44.35207\include\new
注意: 包含文件:     C:\Program Files (x86)\Microsoft Visual Studio\2022\BuildTools\VC\Tools\MSVC\14.44.35207\include\exception
注意: 包含文件:      C:\Program Files (x86)\Microsoft Visual Studio\2022\BuildTools\VC\Tools\MSVC\14.44.35207\include\vcruntime_exception.h
注意: 包含文件:       C:\Program Files (x86)\Microsoft Visual Studio\2022\BuildTools\VC\Tools\MSVC\14.44.35207\include\eh.h
注意: 包含文件:        C:\Program Files (x86)\Windows Kits\10\include\10.0.26100.0\ucrt\corecrt_terminate.h
注意: 包含文件:    C:\Program Files (x86)\Microsoft Visual Studio\2022\BuildTools\VC\Tools\MSVC\14.44.35207\include\xatomic.h
注意: 包含文件:  C:\Users\user\output\deepseek-v4部署\fastllm-master\include\utils\utils.h
注意: 包含文件:   C:\Program Files (x86)\Microsoft Visual Studio\2022\BuildTools\VC\Tools\MSVC\14.44.35207\include\cmath
注意: 包含文件:   C:\Program Files (x86)\Microsoft Visual Studio\2022\BuildTools\VC\Tools\MSVC\14.44.35207\include\map
注意: 包含文件:    C:\Program Files (x86)\Microsoft Visual Studio\2022\BuildTools\VC\Tools\MSVC\14.44.35207\include\tuple
注意: 包含文件:    C:\Program Files (x86)\Microsoft Visual Studio\2022\BuildTools\VC\Tools\MSVC\14.44.35207\include\xtree
注意: 包含文件:     C:\Program Files (x86)\Microsoft Visual Studio\2022\BuildTools\VC\Tools\MSVC\14.44.35207\include\xnode_handle.h
注意: 包含文件:    C:\Program Files (x86)\Microsoft Visual Studio\2022\BuildTools\VC\Tools\MSVC\14.44.35207\include\xpolymorphic_allocator.h
注意: 包含文件:   C:\Program Files (x86)\Microsoft Visual Studio\2022\BuildTools\VC\Tools\MSVC\14.44.35207\include\chrono
注意: 包含文件:    C:\Program Files (x86)\Microsoft Visual Studio\2022\BuildTools\VC\Tools\MSVC\14.44.35207\include\__msvc_chrono.hpp
注意: 包含文件:     C:\Program Files (x86)\Microsoft Visual Studio\2022\BuildTools\VC\Tools\MSVC\14.44.35207\include\ctime
注意: 包含文件:      C:\Program Files (x86)\Windows Kits\10\include\10.0.26100.0\ucrt\time.h
注意: 包含文件:     C:\Program Files (x86)\Microsoft Visual Studio\2022\BuildTools\VC\Tools\MSVC\14.44.35207\include\ratio
注意: 包含文件:     C:\Program Files (x86)\Microsoft Visual Studio\2022\BuildTools\VC\Tools\MSVC\14.44.35207\include\xtimec.h
注意: 包含文件:    C:\Program Files (x86)\Microsoft Visual Studio\2022\BuildTools\VC\Tools\MSVC\14.44.35207\include\system_error
注意: 包含文件:     C:\Program Files (x86)\Microsoft Visual Studio\2022\BuildTools\VC\Tools\MSVC\14.44.35207\include\__msvc_system_error_abi.hpp
注意: 包含文件:     C:\Program Files (x86)\Microsoft Visual Studio\2022\BuildTools\VC\Tools\MSVC\14.44.35207\include\cerrno
注意: 包含文件:     C:\Program Files (x86)\Microsoft Visual Studio\2022\BuildTools\VC\Tools\MSVC\14.44.35207\include\stdexcept
注意: 包含文件:      C:\Program Files (x86)\Microsoft Visual Studio\2022\BuildTools\VC\Tools\MSVC\14.44.35207\include\xstring
注意: 包含文件:       C:\Program Files (x86)\Microsoft Visual Studio\2022\BuildTools\VC\Tools\MSVC\14.44.35207\include\__msvc_sanitizer_annotate_container.hpp
注意: 包含文件:       C:\Program Files (x86)\Microsoft Visual Studio\2022\BuildTools\VC\Tools\MSVC\14.44.35207\include\__msvc_string_view.hpp
注意: 包含文件:        C:\Program Files (x86)\Microsoft Visual Studio\2022\BuildTools\VC\Tools\MSVC\14.44.35207\include\iosfwd
注意: 包含文件:     C:\Program Files (x86)\Microsoft Visual Studio\2022\BuildTools\VC\Tools\MSVC\14.44.35207\include\xcall_once.h
注意: 包含文件:     C:\Program Files (x86)\Microsoft Visual Studio\2022\BuildTools\VC\Tools\MSVC\14.44.35207\include\xerrc.h
注意: 包含文件:     C:\Program Files (x86)\Microsoft Visual Studio\2022\BuildTools\VC\Tools\MSVC\14.44.35207\include\atomic
注意: 包含文件:      C:\Program Files (x86)\Microsoft Visual Studio\2022\BuildTools\VC\Tools\MSVC\14.44.35207\include\xthreads.h
注意: 包含文件:       C:\Program Files (x86)\Microsoft Visual Studio\2022\BuildTools\VC\Tools\MSVC\14.44.35207\include\__msvc_threads_core.hpp
注意: 包含文件:    C:\Program Files (x86)\Microsoft Visual Studio\2022\BuildTools\VC\Tools\MSVC\14.44.35207\include\xfilesystem_abi.h
注意: 包含文件:   C:\Program Files (x86)\Microsoft Visual Studio\2022\BuildTools\VC\Tools\MSVC\14.44.35207\include\string
注意: 包含文件:    C:\Program Files (x86)\Microsoft Visual Studio\2022\BuildTools\VC\Tools\MSVC\14.44.35207\include\cctype
注意: 包含文件:     C:\Program Files (x86)\Windows Kits\10\include\10.0.26100.0\ucrt\ctype.h
注意: 包含文件:   C:\Program Files (x86)\Windows Kits\10\include\10.0.26100.0\ucrt\fcntl.h
注意: 包含文件:   C:\Program Files (x86)\Microsoft Visual Studio\2022\BuildTools\VC\Tools\MSVC\14.44.35207\include\thread
注意: 包含文件:    C:\Program Files (x86)\Microsoft Visual Studio\2022\BuildTools\VC\Tools\MSVC\14.44.35207\include\memory
注意: 包含文件:     C:\Program Files (x86)\Microsoft Visual Studio\2022\BuildTools\VC\Tools\MSVC\14.44.35207\include\typeinfo
注意: 包含文件:      C:\Program Files (x86)\Microsoft Visual Studio\2022\BuildTools\VC\Tools\MSVC\14.44.35207\include\vcruntime_typeinfo.h
注意: 包含文件:    C:\Program Files (x86)\Windows Kits\10\include\10.0.26100.0\ucrt\process.h
注意: 包含文件:     C:\Program Files (x86)\Windows Kits\10\include\10.0.26100.0\ucrt\corecrt_startup.h
注意: 包含文件:      C:\Program Files (x86)\Windows Kits\10\include\10.0.26100.0\ucrt\math.h
注意: 包含文件:      C:\Program Files (x86)\Microsoft Visual Studio\2022\BuildTools\VC\Tools\MSVC\14.44.35207\include\vcruntime_startup.h
注意: 包含文件:   C:\Program Files (x86)\Microsoft Visual Studio\2022\BuildTools\VC\Tools\MSVC\14.44.35207\include\vector
注意: 包含文件:    C:\Program Files (x86)\Microsoft Visual Studio\2022\BuildTools\VC\Tools\MSVC\14.44.35207\include\__msvc_bit_utils.hpp
注意: 包含文件:   C:\Program Files (x86)\Microsoft Visual Studio\2022\BuildTools\VC\Tools\MSVC\14.44.35207\include\deque
注意: 包含文件:   C:\Program Files (x86)\Microsoft Visual Studio\2022\BuildTools\VC\Tools\MSVC\14.44.35207\include\array
注意: 包含文件:   C:\Program Files (x86)\Microsoft Visual Studio\2022\BuildTools\VC\Tools\MSVC\14.44.35207\include\filesystem
注意: 包含文件:    C:\Program Files (x86)\Microsoft Visual Studio\2022\BuildTools\VC\Tools\MSVC\14.44.35207\include\iomanip
注意: 包含文件:     C:\Program Files (x86)\Microsoft Visual Studio\2022\BuildTools\VC\Tools\MSVC\14.44.35207\include\istream
注意: 包含文件:      C:\Program Files (x86)\Microsoft Visual Studio\2022\BuildTools\VC\Tools\MSVC\14.44.35207\include\__msvc_ostream.hpp
注意: 包含文件:       C:\Program Files (x86)\Microsoft Visual Studio\2022\BuildTools\VC\Tools\MSVC\14.44.35207\include\ios
注意: 包含文件:        C:\Program Files (x86)\Microsoft Visual Studio\2022\BuildTools\VC\Tools\MSVC\14.44.35207\include\xlocnum
注意: 包含文件:         C:\Program Files (x86)\Microsoft Visual Studio\2022\BuildTools\VC\Tools\MSVC\14.44.35207\include\iterator
注意: 包含文件:         C:\Program Files (x86)\Microsoft Visual Studio\2022\BuildTools\VC\Tools\MSVC\14.44.35207\include\streambuf
注意: 包含文件:          C:\Program Files (x86)\Microsoft Visual Studio\2022\BuildTools\VC\Tools\MSVC\14.44.35207\include\xiosbase
注意: 包含文件:           C:\Program Files (x86)\Windows Kits\10\include\10.0.26100.0\ucrt\share.h
注意: 包含文件:           C:\Program Files (x86)\Microsoft Visual Studio\2022\BuildTools\VC\Tools\MSVC\14.44.35207\include\xlocale
注意: 包含文件:            C:\Program Files (x86)\Microsoft Visual Studio\2022\BuildTools\VC\Tools\MSVC\14.44.35207\include\xfacet
注意: 包含文件:            C:\Program Files (x86)\Microsoft Visual Studio\2022\BuildTools\VC\Tools\MSVC\14.44.35207\include\xlocinfo
注意: 包含文件:             C:\Program Files (x86)\Microsoft Visual Studio\2022\BuildTools\VC\Tools\MSVC\14.44.35207\include\__msvc_xlocinfo_types.hpp
注意: 包含文件:             C:\Program Files (x86)\Microsoft Visual Studio\2022\BuildTools\VC\Tools\MSVC\14.44.35207\include\clocale
注意: 包含文件:              C:\Program Files (x86)\Windows Kits\10\include\10.0.26100.0\ucrt\locale.h
注意: 包含文件:     C:\Program Files (x86)\Microsoft Visual Studio\2022\BuildTools\VC\Tools\MSVC\14.44.35207\include\xlocmon
注意: 包含文件:     C:\Program Files (x86)\Microsoft Visual Studio\2022\BuildTools\VC\Tools\MSVC\14.44.35207\include\xloctime
注意: 包含文件:    C:\Program Files (x86)\Microsoft Visual Studio\2022\BuildTools\VC\Tools\MSVC\14.44.35207\include\locale
注意: 包含文件:     C:\Program Files (x86)\Microsoft Visual Studio\2022\BuildTools\VC\Tools\MSVC\14.44.35207\include\xlocbuf
注意: 包含文件:     C:\Program Files (x86)\Microsoft Visual Studio\2022\BuildTools\VC\Tools\MSVC\14.44.35207\include\xlocmes
C:\Users\user\output\deepseek-v4部署\fastllm-master\include\utils\utils.h(30): warning C4067: 预处理器指令后有意外标记 - 应输入换行符
注意: 包含文件:   C:\Program Files (x86)\Windows Kits\10\\include\10.0.26100.0\\um\Windows.h
注意: 包含文件:    C:\Program Files (x86)\Windows Kits\10\\include\10.0.26100.0\\shared\winapifamily.h
注意: 包含文件:     C:\Program Files (x86)\Windows Kits\10\\include\10.0.26100.0\\shared\winpackagefamily.h
注意: 包含文件:    C:\Program Files (x86)\Windows Kits\10\\include\10.0.26100.0\\shared\sdkddkver.h
注意: 包含文件:    C:\Program Files (x86)\Microsoft Visual Studio\2022\BuildTools\VC\Tools\MSVC\14.44.35207\include\excpt.h
注意: 包含文件:    C:\Program Files (x86)\Microsoft Visual Studio\2022\BuildTools\VC\Tools\MSVC\14.44.35207\include\stdarg.h
注意: 包含文件:    C:\Program Files (x86)\Windows Kits\10\\include\10.0.26100.0\\shared\windef.h
注意: 包含文件:     C:\Program Files (x86)\Windows Kits\10\\include\10.0.26100.0\\shared\minwindef.h
注意: 包含文件:      C:\Program Files (x86)\Windows Kits\10\\include\10.0.26100.0\\shared\specstrings.h
注意: 包含文件:       C:\Program Files (x86)\Windows Kits\10\\include\10.0.26100.0\\shared\specstrings_strict.h
注意: 包含文件:        C:\Program Files (x86)\Windows Kits\10\\include\10.0.26100.0\\shared\specstrings_undef.h
注意: 包含文件:       C:\Program Files (x86)\Windows Kits\10\\include\10.0.26100.0\\shared\driverspecs.h
注意: 包含文件:        C:\Program Files (x86)\Windows Kits\10\include\10.0.26100.0\shared\sdv_driverspecs.h
注意: 包含文件:      C:\Program Files (x86)\Windows Kits\10\\include\10.0.26100.0\\um\winnt.h
注意: 包含文件:       C:\Program Files (x86)\Windows Kits\10\\include\10.0.26100.0\\shared\kernelspecs.h
注意: 包含文件:       C:\Program Files (x86)\Windows Kits\10\\include\10.0.26100.0\\shared\basetsd.h
注意: 包含文件:       C:\Program Files (x86)\Windows Kits\10\\include\10.0.26100.0\\shared\guiddef.h
注意: 包含文件:       C:\Program Files (x86)\Windows Kits\10\include\10.0.26100.0\shared\pshpack4.h
注意: 包含文件:       C:\Program Files (x86)\Windows Kits\10\include\10.0.26100.0\shared\poppack.h
注意: 包含文件:       C:\Program Files (x86)\Windows Kits\10\\include\10.0.26100.0\\shared\pshpack4.h
注意: 包含文件:       C:\Program Files (x86)\Windows Kits\10\\include\10.0.26100.0\\shared\poppack.h
注意: 包含文件:       C:\Program Files (x86)\Windows Kits\10\include\10.0.26100.0\shared\pshpack4.h
注意: 包含文件:       C:\Program Files (x86)\Windows Kits\10\include\10.0.26100.0\shared\pshpack2.h
注意: 包含文件:       C:\Program Files (x86)\Windows Kits\10\include\10.0.26100.0\shared\poppack.h
注意: 包含文件:       C:\Program Files (x86)\Windows Kits\10\include\10.0.26100.0\shared\pshpack2.h
注意: 包含文件:       C:\Program Files (x86)\Windows Kits\10\\include\10.0.26100.0\\shared\pshpack2.h
注意: 包含文件:       C:\Program Files (x86)\Windows Kits\10\\include\10.0.26100.0\\shared\poppack.h
注意: 包含文件:       C:\Program Files (x86)\Windows Kits\10\include\10.0.26100.0\shared\poppack.h
注意: 包含文件:       C:\Program Files (x86)\Windows Kits\10\include\10.0.26100.0\shared\pshpack8.h
注意: 包含文件:       C:\Program Files (x86)\Windows Kits\10\include\10.0.26100.0\shared\poppack.h
注意: 包含文件:       C:\Program Files (x86)\Windows Kits\10\include\10.0.26100.0\shared\pshpack1.h
注意: 包含文件:       C:\Program Files (x86)\Windows Kits\10\include\10.0.26100.0\shared\poppack.h
注意: 包含文件:       C:\Program Files (x86)\Windows Kits\10\include\10.0.26100.0\shared\pshpack1.h
注意: 包含文件:       C:\Program Files (x86)\Windows Kits\10\include\10.0.26100.0\shared\poppack.h
注意: 包含文件:       C:\Program Files (x86)\Windows Kits\10\include\10.0.26100.0\shared\poppack.h
注意: 包含文件:       C:\Program Files (x86)\Windows Kits\10\\include\10.0.26100.0\\shared\apiset.h
注意: 包含文件:       C:\Program Files (x86)\Windows Kits\10\\include\10.0.26100.0\\shared\ktmtypes.h
注意: 包含文件:    C:\Program Files (x86)\Windows Kits\10\\include\10.0.26100.0\\um\winbase.h
注意: 包含文件:     C:\Program Files (x86)\Windows Kits\10\\include\10.0.26100.0\\shared\apisetcconv.h
注意: 包含文件:     C:\Program Files (x86)\Windows Kits\10\\include\10.0.26100.0\\um\minwinbase.h
注意: 包含文件:     C:\Program Files (x86)\Windows Kits\10\\include\10.0.26100.0\\um\apiquery2.h
注意: 包含文件:     C:\Program Files (x86)\Windows Kits\10\\include\10.0.26100.0\\um\processenv.h
注意: 包含文件:     C:\Program Files (x86)\Windows Kits\10\\include\10.0.26100.0\\um\fileapifromapp.h
注意: 包含文件:      C:\Program Files (x86)\Windows Kits\10\\include\10.0.26100.0\\um\fileapi.h
注意: 包含文件:     C:\Program Files (x86)\Windows Kits\10\\include\10.0.26100.0\\um\debugapi.h
注意: 包含文件:     C:\Program Files (x86)\Windows Kits\10\\include\10.0.26100.0\\um\utilapiset.h
注意: 包含文件:     C:\Program Files (x86)\Windows Kits\10\\include\10.0.26100.0\\um\handleapi.h
注意: 包含文件:     C:\Program Files (x86)\Windows Kits\10\\include\10.0.26100.0\\um\errhandlingapi.h
注意: 包含文件:     C:\Program Files (x86)\Windows Kits\10\\include\10.0.26100.0\\um\fibersapi.h
注意: 包含文件:     C:\Program Files (x86)\Windows Kits\10\\include\10.0.26100.0\\um\namedpipeapi.h
注意: 包含文件:     C:\Program Files (x86)\Windows Kits\10\\include\10.0.26100.0\\um\profileapi.h
注意: 包含文件:     C:\Program Files (x86)\Windows Kits\10\\include\10.0.26100.0\\um\heapapi.h
注意: 包含文件:     C:\Program Files (x86)\Windows Kits\10\\include\10.0.26100.0\\um\ioapiset.h
注意: 包含文件:     C:\Program Files (x86)\Windows Kits\10\\include\10.0.26100.0\\um\synchapi.h
注意: 包含文件:     C:\Program Files (x86)\Windows Kits\10\\include\10.0.26100.0\\um\interlockedapi.h
注意: 包含文件:     C:\Program Files (x86)\Windows Kits\10\\include\10.0.26100.0\\um\processthreadsapi.h
注意: 包含文件:     C:\Program Files (x86)\Windows Kits\10\\include\10.0.26100.0\\um\sysinfoapi.h
注意: 包含文件:     C:\Program Files (x86)\Windows Kits\10\\include\10.0.26100.0\\um\memoryapi.h
注意: 包含文件:     C:\Program Files (x86)\Windows Kits\10\\include\10.0.26100.0\\um\enclaveapi.h
注意: 包含文件:     C:\Program Files (x86)\Windows Kits\10\\include\10.0.26100.0\\um\threadpoollegacyapiset.h
注意: 包含文件:     C:\Program Files (x86)\Windows Kits\10\\include\10.0.26100.0\\um\threadpoolapiset.h
注意: 包含文件:     C:\Program Files (x86)\Windows Kits\10\\include\10.0.26100.0\\um\jobapi.h
注意: 包含文件:     C:\Program Files (x86)\Windows Kits\10\\include\10.0.26100.0\\um\jobapi2.h
注意: 包含文件:     C:\Program Files (x86)\Windows Kits\10\\include\10.0.26100.0\\um\wow64apiset.h
注意: 包含文件:     C:\Program Files (x86)\Windows Kits\10\\include\10.0.26100.0\\um\libloaderapi.h
注意: 包含文件:     C:\Program Files (x86)\Windows Kits\10\\include\10.0.26100.0\\um\securitybaseapi.h
注意: 包含文件:     C:\Program Files (x86)\Windows Kits\10\\include\10.0.26100.0\\um\namespaceapi.h
注意: 包含文件:     C:\Program Files (x86)\Windows Kits\10\\include\10.0.26100.0\\um\systemtopologyapi.h
注意: 包含文件:     C:\Program Files (x86)\Windows Kits\10\\include\10.0.26100.0\\um\processtopologyapi.h
注意: 包含文件:     C:\Program Files (x86)\Windows Kits\10\\include\10.0.26100.0\\um\securityappcontainer.h
注意: 包含文件:     C:\Program Files (x86)\Windows Kits\10\\include\10.0.26100.0\\um\realtimeapiset.h
注意: 包含文件:     C:\Program Files (x86)\Windows Kits\10\\include\10.0.26100.0\\shared\winerror.h
注意: 包含文件:     C:\Program Files (x86)\Windows Kits\10\\include\10.0.26100.0\\um\timezoneapi.h
注意: 包含文件:    C:\Program Files (x86)\Windows Kits\10\\include\10.0.26100.0\\um\wingdi.h
注意: 包含文件:     C:\Program Files (x86)\Windows Kits\10\\include\10.0.26100.0\\shared\pshpack1.h
注意: 包含文件:     C:\Program Files (x86)\Windows Kits\10\\include\10.0.26100.0\\shared\poppack.h
注意: 包含文件:     C:\Program Files (x86)\Windows Kits\10\\include\10.0.26100.0\\shared\pshpack2.h
注意: 包含文件:     C:\Program Files (x86)\Windows Kits\10\\include\10.0.26100.0\\shared\poppack.h
注意: 包含文件:     C:\Program Files (x86)\Windows Kits\10\\include\10.0.26100.0\\shared\pshpack2.h
注意: 包含文件:     C:\Program Files (x86)\Windows Kits\10\\include\10.0.26100.0\\shared\poppack.h
注意: 包含文件:     C:\Program Files (x86)\Windows Kits\10\\include\10.0.26100.0\\shared\pshpack4.h
注意: 包含文件:     C:\Program Files (x86)\Windows Kits\10\\include\10.0.26100.0\\shared\poppack.h
注意: 包含文件:     C:\Program Files (x86)\Windows Kits\10\\include\10.0.26100.0\\shared\pshpack4.h
注意: 包含文件:     C:\Program Files (x86)\Windows Kits\10\\include\10.0.26100.0\\shared\poppack.h
注意: 包含文件:    C:\Program Files (x86)\Windows Kits\10\\include\10.0.26100.0\\um\winuser.h
注意: 包含文件:     C:\Program Files (x86)\Windows Kits\10\\include\10.0.26100.0\\shared\pshpack2.h
注意: 包含文件:     C:\Program Files (x86)\Windows Kits\10\\include\10.0.26100.0\\shared\poppack.h
注意: 包含文件:     C:\Program Files (x86)\Windows Kits\10\\include\10.0.26100.0\\shared\tvout.h
注意: 包含文件:    C:\Program Files (x86)\Windows Kits\10\\include\10.0.26100.0\\um\winnls.h
注意: 包含文件:     C:\Program Files (x86)\Windows Kits\10\\include\10.0.26100.0\\um\datetimeapi.h
注意: 包含文件:     C:\Program Files (x86)\Windows Kits\10\\include\10.0.26100.0\\um\stringapiset.h
注意: 包含文件:      C:\Program Files (x86)\Windows Kits\10\\include\10.0.26100.0\\um\winnls.h
注意: 包含文件:    C:\Program Files (x86)\Windows Kits\10\\include\10.0.26100.0\\um\wincon.h
注意: 包含文件:     C:\Program Files (x86)\Windows Kits\10\\include\10.0.26100.0\\um\wincontypes.h
注意: 包含文件:     C:\Program Files (x86)\Windows Kits\10\\include\10.0.26100.0\\um\consoleapi.h
注意: 包含文件:     C:\Program Files (x86)\Windows Kits\10\\include\10.0.26100.0\\um\consoleapi2.h
注意: 包含文件:     C:\Program Files (x86)\Windows Kits\10\\include\10.0.26100.0\\um\consoleapi3.h
注意: 包含文件:    C:\Program Files (x86)\Windows Kits\10\\include\10.0.26100.0\\um\winver.h
注意: 包含文件:     C:\Program Files (x86)\Windows Kits\10\\include\10.0.26100.0\\um\verrsrc.h
注意: 包含文件:    C:\Program Files (x86)\Windows Kits\10\\include\10.0.26100.0\\um\winreg.h
注意: 包含文件:     C:\Program Files (x86)\Windows Kits\10\\include\10.0.26100.0\\um\reason.h
注意: 包含文件:    C:\Program Files (x86)\Windows Kits\10\\include\10.0.26100.0\\um\winnetwk.h
注意: 包含文件:     C:\Program Files (x86)\Windows Kits\10\\include\10.0.26100.0\\shared\wnnc.h
注意: 包含文件:    C:\Program Files (x86)\Windows Kits\10\\include\10.0.26100.0\\shared\cderr.h
注意: 包含文件:    C:\Program Files (x86)\Windows Kits\10\\include\10.0.26100.0\\um\dde.h
注意: 包含文件:    C:\Program Files (x86)\Windows Kits\10\\include\10.0.26100.0\\um\ddeml.h
注意: 包含文件:    C:\Program Files (x86)\Windows Kits\10\\include\10.0.26100.0\\um\dlgs.h
注意: 包含文件:    C:\Program Files (x86)\Windows Kits\10\\include\10.0.26100.0\\um\lzexpand.h
注意: 包含文件:    C:\Program Files (x86)\Windows Kits\10\\include\10.0.26100.0\\um\mmsystem.h
注意: 包含文件:     C:\Program Files (x86)\Windows Kits\10\\include\10.0.26100.0\\um\mmsyscom.h
注意: 包含文件:      C:\Program Files (x86)\Windows Kits\10\\include\10.0.26100.0\\shared\pshpack1.h
注意: 包含文件:      C:\Program Files (x86)\Windows Kits\10\\include\10.0.26100.0\\shared\poppack.h
注意: 包含文件:     C:\Program Files (x86)\Windows Kits\10\\include\10.0.26100.0\\shared\pshpack1.h
注意: 包含文件:     C:\Program Files (x86)\Windows Kits\10\\include\10.0.26100.0\\um\mciapi.h
注意: 包含文件:      C:\Program Files (x86)\Windows Kits\10\\include\10.0.26100.0\\um\mmsyscom.h
注意: 包含文件:     C:\Program Files (x86)\Windows Kits\10\\include\10.0.26100.0\\um\mmiscapi.h
注意: 包含文件:      C:\Program Files (x86)\Windows Kits\10\\include\10.0.26100.0\\um\mmsyscom.h
注意: 包含文件:     C:\Program Files (x86)\Windows Kits\10\\include\10.0.26100.0\\um\mmiscapi2.h
注意: 包含文件:      C:\Program Files (x86)\Windows Kits\10\\include\10.0.26100.0\\um\mmsyscom.h
注意: 包含文件:     C:\Program Files (x86)\Windows Kits\10\\include\10.0.26100.0\\um\playsoundapi.h
注意: 包含文件:      C:\Program Files (x86)\Windows Kits\10\\include\10.0.26100.0\\um\mmsyscom.h
注意: 包含文件:     C:\Program Files (x86)\Windows Kits\10\\include\10.0.26100.0\\um\mmeapi.h
注意: 包含文件:      C:\Program Files (x86)\Windows Kits\10\\include\10.0.26100.0\\um\mmsyscom.h
注意: 包含文件:     C:\Program Files (x86)\Windows Kits\10\\include\10.0.26100.0\\um\timeapi.h
注意: 包含文件:      C:\Program Files (x86)\Windows Kits\10\\include\10.0.26100.0\\um\mmsyscom.h
注意: 包含文件:     C:\Program Files (x86)\Windows Kits\10\\include\10.0.26100.0\\um\joystickapi.h
注意: 包含文件:      C:\Program Files (x86)\Windows Kits\10\\include\10.0.26100.0\\um\mmsyscom.h
注意: 包含文件:     C:\Program Files (x86)\Windows Kits\10\\include\10.0.26100.0\\shared\poppack.h
注意: 包含文件:    C:\Program Files (x86)\Windows Kits\10\\include\10.0.26100.0\\um\nb30.h
注意: 包含文件:    C:\Program Files (x86)\Windows Kits\10\\include\10.0.26100.0\\shared\rpc.h
注意: 包含文件:     C:\Program Files (x86)\Windows Kits\10\\include\10.0.26100.0\\shared\pshpack8.h
注意: 包含文件:     C:\Program Files (x86)\Windows Kits\10\\include\10.0.26100.0\\shared\rpcdce.h
注意: 包含文件:      C:\Program Files (x86)\Windows Kits\10\\include\10.0.26100.0\\shared\rpcdcep.h
注意: 包含文件:     C:\Program Files (x86)\Windows Kits\10\\include\10.0.26100.0\\um\rpcnsi.h
注意: 包含文件:     C:\Program Files (x86)\Windows Kits\10\\include\10.0.26100.0\\shared\rpcnterr.h
注意: 包含文件:     C:\Program Files (x86)\Windows Kits\10\\include\10.0.26100.0\\shared\rpcasync.h
注意: 包含文件:      C:\Program Files (x86)\Windows Kits\10\\include\10.0.26100.0\\shared\pshpack8.h
注意: 包含文件:      C:\Program Files (x86)\Windows Kits\10\\include\10.0.26100.0\\shared\poppack.h
注意: 包含文件:     C:\Program Files (x86)\Windows Kits\10\\include\10.0.26100.0\\shared\poppack.h
注意: 包含文件:    C:\Program Files (x86)\Windows Kits\10\\include\10.0.26100.0\\um\shellapi.h
注意: 包含文件:    C:\Program Files (x86)\Windows Kits\10\\include\10.0.26100.0\\um\winperf.h
注意: 包含文件:     C:\Program Files (x86)\Windows Kits\10\\include\10.0.26100.0\\shared\pshpack8.h
注意: 包含文件:     C:\Program Files (x86)\Windows Kits\10\\include\10.0.26100.0\\shared\poppack.h
注意: 包含文件:    C:\Program Files (x86)\Windows Kits\10\\include\10.0.26100.0\\um\winsock.h
注意: 包含文件:     C:\Program Files (x86)\Windows Kits\10\\include\10.0.26100.0\\shared\inaddr.h
注意: 包含文件:    C:\Program Files (x86)\Windows Kits\10\\include\10.0.26100.0\\um\wincrypt.h
注意: 包含文件:     C:\Program Files (x86)\Windows Kits\10\\include\10.0.26100.0\\shared\bcrypt.h
注意: 包含文件:     C:\Program Files (x86)\Windows Kits\10\\include\10.0.26100.0\\um\ncrypt.h
注意: 包含文件:     C:\Program Files (x86)\Windows Kits\10\\include\10.0.26100.0\\um\dpapi.h
注意: 包含文件:    C:\Program Files (x86)\Windows Kits\10\\include\10.0.26100.0\\um\winefs.h
注意: 包含文件:    C:\Program Files (x86)\Windows Kits\10\\include\10.0.26100.0\\um\winscard.h
注意: 包含文件:     C:\Program Files (x86)\Windows Kits\10\\include\10.0.26100.0\\shared\wtypes.h
注意: 包含文件:      C:\Program Files (x86)\Windows Kits\10\include\10.0.26100.0\shared\rpcndr.h
注意: 包含文件:       C:\Program Files (x86)\Windows Kits\10\\include\10.0.26100.0\\shared\pshpack8.h
注意: 包含文件:       C:\Program Files (x86)\Windows Kits\10\\include\10.0.26100.0\\um\rpcnsip.h
注意: 包含文件:       C:\Program Files (x86)\Windows Kits\10\\include\10.0.26100.0\\shared\rpcsal.h
注意: 包含文件:       C:\Program Files (x86)\Windows Kits\10\\include\10.0.26100.0\\shared\poppack.h
注意: 包含文件:      C:\Program Files (x86)\Windows Kits\10\include\10.0.26100.0\shared\wtypesbase.h
注意: 包含文件:       C:\Program Files (x86)\Windows Kits\10\include\10.0.26100.0\shared\guiddef.h
注意: 包含文件:     C:\Program Files (x86)\Windows Kits\10\\include\10.0.26100.0\\um\winioctl.h
注意: 包含文件:      C:\Program Files (x86)\Windows Kits\10\\include\10.0.26100.0\\shared\pshpack1.h
注意: 包含文件:      C:\Program Files (x86)\Windows Kits\10\\include\10.0.26100.0\\shared\poppack.h
注意: 包含文件:      C:\Program Files (x86)\Windows Kits\10\\include\10.0.26100.0\\shared\pshpack1.h
注意: 包含文件:      C:\Program Files (x86)\Windows Kits\10\\include\10.0.26100.0\\shared\poppack.h
注意: 包含文件:      C:\Program Files (x86)\Windows Kits\10\\include\10.0.26100.0\\shared\pshpack1.h
注意: 包含文件:      C:\Program Files (x86)\Windows Kits\10\\include\10.0.26100.0\\shared\poppack.h
注意: 包含文件:      C:\Program Files (x86)\Windows Kits\10\\include\10.0.26100.0\\shared\pshpack1.h
注意: 包含文件:      C:\Program Files (x86)\Windows Kits\10\\include\10.0.26100.0\\shared\poppack.h
注意: 包含文件:      C:\Program Files (x86)\Windows Kits\10\\include\10.0.26100.0\\shared\pshpack1.h
注意: 包含文件:      C:\Program Files (x86)\Windows Kits\10\\include\10.0.26100.0\\shared\poppack.h
注意: 包含文件:      C:\Program Files (x86)\Windows Kits\10\\include\10.0.26100.0\\shared\pshpack1.h
注意: 包含文件:      C:\Program Files (x86)\Windows Kits\10\\include\10.0.26100.0\\shared\poppack.h
注意: 包含文件:      C:\Program Files (x86)\Windows Kits\10\\include\10.0.26100.0\\shared\pshpack1.h
注意: 包含文件:      C:\Program Files (x86)\Windows Kits\10\\include\10.0.26100.0\\shared\poppack.h
注意: 包含文件:     C:\Program Files (x86)\Windows Kits\10\\include\10.0.26100.0\\shared\winsmcrd.h
注意: 包含文件:    C:\Program Files (x86)\Windows Kits\10\\include\10.0.26100.0\\um\winspool.h
注意: 包含文件:     C:\Program Files (x86)\Windows Kits\10\\include\10.0.26100.0\\um\prsht.h
注意: 包含文件:      C:\Program Files (x86)\Windows Kits\10\\include\10.0.26100.0\\shared\pshpack8.h
注意: 包含文件:      C:\Program Files (x86)\Windows Kits\10\\include\10.0.26100.0\\shared\poppack.h
注意: 包含文件:    C:\Program Files (x86)\Windows Kits\10\\include\10.0.26100.0\\um\ole2.h
注意: 包含文件:     C:\Program Files (x86)\Windows Kits\10\\include\10.0.26100.0\\shared\pshpack8.h
注意: 包含文件:     C:\Program Files (x86)\Windows Kits\10\\include\10.0.26100.0\\um\objbase.h
注意: 包含文件:      C:\Program Files (x86)\Windows Kits\10\\include\10.0.26100.0\\shared\pshpack8.h
注意: 包含文件:      C:\Program Files (x86)\Windows Kits\10\\include\10.0.26100.0\\um\combaseapi.h
注意: 包含文件:       C:\Program Files (x86)\Windows Kits\10\\include\10.0.26100.0\\shared\pshpack8.h
注意: 包含文件:       C:\Program Files (x86)\Windows Kits\10\\include\10.0.26100.0\\um\unknwnbase.h
注意: 包含文件:       C:\Program Files (x86)\Windows Kits\10\\include\10.0.26100.0\\um\objidlbase.h
注意: 包含文件:       C:\Program Files (x86)\Windows Kits\10\\include\10.0.26100.0\\shared\guiddef.h
注意: 包含文件:       C:\Program Files (x86)\Windows Kits\10\\include\10.0.26100.0\\um\cguid.h
注意: 包含文件:       C:\Program Files (x86)\Windows Kits\10\\include\10.0.26100.0\\shared\poppack.h
注意: 包含文件:      C:\Program Files (x86)\Windows Kits\10\\include\10.0.26100.0\\um\coml2api.h
注意: 包含文件:       C:\Program Files (x86)\Windows Kits\10\\include\10.0.26100.0\\um\objidl.h
注意: 包含文件:        C:\Program Files (x86)\Windows Kits\10\include\10.0.26100.0\um\unknwn.h
注意: 包含文件:       C:\Program Files (x86)\Windows Kits\10\\include\10.0.26100.0\\um\propidlbase.h
注意: 包含文件:        C:\Program Files (x86)\Windows Kits\10\include\10.0.26100.0\um\oaidl.h
注意: 包含文件:      C:\Program Files (x86)\Windows Kits\10\\include\10.0.26100.0\\um\urlmon.h
注意: 包含文件:       C:\Program Files (x86)\Windows Kits\10\include\10.0.26100.0\um\oleidl.h
注意: 包含文件:       C:\Program Files (x86)\Windows Kits\10\include\10.0.26100.0\um\servprov.h
注意: 包含文件:       C:\Program Files (x86)\Windows Kits\10\include\10.0.26100.0\um\msxml.h
注意: 包含文件:      C:\Program Files (x86)\Windows Kits\10\\include\10.0.26100.0\\um\propidl.h
注意: 包含文件:      C:\Program Files (x86)\Windows Kits\10\\include\10.0.26100.0\\shared\poppack.h
注意: 包含文件:     C:\Program Files (x86)\Windows Kits\10\\include\10.0.26100.0\\um\oleauto.h
注意: 包含文件:      C:\Program Files (x86)\Windows Kits\10\\include\10.0.26100.0\\shared\pshpack8.h
注意: 包含文件:      C:\Program Files (x86)\Windows Kits\10\\include\10.0.26100.0\\shared\poppack.h
注意: 包含文件:     C:\Program Files (x86)\Windows Kits\10\\include\10.0.26100.0\\shared\poppack.h
注意: 包含文件:    C:\Program Files (x86)\Windows Kits\10\\include\10.0.26100.0\\um\commdlg.h
注意: 包含文件:     C:\Program Files (x86)\Windows Kits\10\\include\10.0.26100.0\\um\prsht.h
注意: 包含文件:    C:\Program Files (x86)\Windows Kits\10\\include\10.0.26100.0\\shared\stralign.h
注意: 包含文件:    C:\Program Files (x86)\Windows Kits\10\\include\10.0.26100.0\\um\winsvc.h
注意: 包含文件:    C:\Program Files (x86)\Windows Kits\10\\include\10.0.26100.0\\um\mcx.h
注意: 包含文件:    C:\Program Files (x86)\Windows Kits\10\\include\10.0.26100.0\\um\imm.h
注意: 包含文件:     C:\Program Files (x86)\Windows Kits\10\\include\10.0.26100.0\\um\ime_cmodes.h
注意: 包含文件:   C:\Program Files (x86)\Windows Kits\10\include\10.0.26100.0\ucrt\io.h
注意: 包含文件:    C:\Program Files (x86)\Windows Kits\10\include\10.0.26100.0\ucrt\corecrt_io.h
C:\Users\user\output\deepseek-v4部署\fastllm-master\include\utils\utils.h(109): warning C4996: '_wfopen': This function or variable may be unsafe. Consider using _wfopen_s instead. To disable deprecation, use _CRT_SECURE_NO_WARNINGS. See online help for details.
C:\Users\user\output\deepseek-v4部署\fastllm-master\include\utils\utils.h(118): warning C4996: '_wopen': This function or variable may be unsafe. Consider using _wsopen_s instead. To disable deprecation, use _CRT_SECURE_NO_WARNINGS. See online help for details.
C:\Users\user\output\deepseek-v4部署\fastllm-master\include\utils\utils.h(150): warning C4244: “return”: 从“double”转换到“float”，可能丢失数据
C:\Users\user\output\deepseek-v4部署\fastllm-master\include\utils\utils.h(355): warning C4267: “初始化”: 从“size_t”转换到“int”，可能丢失数据
C:\Users\user\output\deepseek-v4部署\fastllm-master\include\utils\utils.h(417): warning C4244: “+=”: 从“double”转换到“float”，可能丢失数据
注意: 包含文件:  C:\Users\user\output\deepseek-v4部署\fastllm-master\include\fastllm.h
注意: 包含文件:   C:\Program Files (x86)\Microsoft Visual Studio\2022\BuildTools\VC\Tools\MSVC\14.44.35207\include\set
注意: 包含文件:   C:\Program Files (x86)\Microsoft Visual Studio\2022\BuildTools\VC\Tools\MSVC\14.44.35207\include\queue
注意: 包含文件:   C:\Program Files (x86)\Microsoft Visual Studio\2022\BuildTools\VC\Tools\MSVC\14.44.35207\include\unordered_map
注意: 包含文件:    C:\Program Files (x86)\Microsoft Visual Studio\2022\BuildTools\VC\Tools\MSVC\14.44.35207\include\xhash
注意: 包含文件:     C:\Program Files (x86)\Microsoft Visual Studio\2022\BuildTools\VC\Tools\MSVC\14.44.35207\include\list
注意: 包含文件:     C:\Program Files (x86)\Microsoft Visual Studio\2022\BuildTools\VC\Tools\MSVC\14.44.35207\include\xbit_ops.h
注意: 包含文件:   C:\Program Files (x86)\Microsoft Visual Studio\2022\BuildTools\VC\Tools\MSVC\14.44.35207\include\unordered_set
注意: 包含文件:   C:\Program Files (x86)\Microsoft Visual Studio\2022\BuildTools\VC\Tools\MSVC\14.44.35207\include\iostream
注意: 包含文件:    C:\Program Files (x86)\Microsoft Visual Studio\2022\BuildTools\VC\Tools\MSVC\14.44.35207\include\ostream
注意: 包含文件:   C:\Program Files (x86)\Microsoft Visual Studio\2022\BuildTools\VC\Tools\MSVC\14.44.35207\include\functional
注意: 包含文件:   C:\Program Files (x86)\Microsoft Visual Studio\2022\BuildTools\VC\Tools\MSVC\14.44.35207\include\mutex
注意: 包含文件:   C:\Program Files (x86)\Microsoft Visual Studio\2022\BuildTools\VC\Tools\MSVC\14.44.35207\include\codecvt
注意: 包含文件:   C:\Users\user\output\deepseek-v4部署\fastllm-master\include\devices/cpu/alivethreadpool.h
C:\Users\user\output\deepseek-v4部署\fastllm-master\include\devices/cpu/alivethreadpool.h(136): warning C4267: “初始化”: 从“size_t”转换到“int”，可能丢失数据
C:\Users\user\output\deepseek-v4部署\fastllm-master\include\devices/cpu/alivethreadpool.h(176): warning C4267: “初始化”: 从“size_t”转换到“int”，可能丢失数据
C:\Users\user\output\deepseek-v4部署\fastllm-master\include\devices/cpu/alivethreadpool.h(236): warning C4267: “初始化”: 从“size_t”转换到“int”，可能丢失数据
C:\Users\user\output\deepseek-v4部署\fastllm-master\include\devices/cpu/alivethreadpool.h(237): warning C4267: “初始化”: 从“size_t”转换到“int”，可能丢失数据
C:\Users\user\output\deepseek-v4部署\fastllm-master\include\devices/cpu/alivethreadpool.h(238): warning C4267: “初始化”: 从“size_t”转换到“int”，可能丢失数据
C:\Users\user\output\deepseek-v4部署\fastllm-master\include\devices/cpu/alivethreadpool.h(281): warning C4267: “初始化”: 从“size_t”转换到“int”，可能丢失数据
C:\Users\user\output\deepseek-v4部署\fastllm-master\include\devices/cpu/alivethreadpool.h(327): warning C4267: “初始化”: 从“size_t”转换到“int”，可能丢失数据
C:\Users\user\output\deepseek-v4部署\fastllm-master\include\devices/cpu/alivethreadpool.h(330): warning C4267: “初始化”: 从“size_t”转换到“int”，可能丢失数据
C:\Users\user\output\deepseek-v4部署\fastllm-master\include\devices/cpu/alivethreadpool.h(370): warning C4267: “初始化”: 从“size_t”转换到“int”，可能丢失数据
C:\Users\user\output\deepseek-v4部署\fastllm-master\include\devices/cpu/alivethreadpool.h(372): warning C4267: “初始化”: 从“size_t”转换到“int”，可能丢失数据
注意: 包含文件:   C:\Users\user\output\deepseek-v4部署\fastllm-master\third_party\json11\json11.hpp
C:\Users\user\output\deepseek-v4部署\fastllm-master\include\fastllm.h(222): warning C4244: “初始化”: 从“int”转换到“float”，可能丢失数据
C:\Users\user\output\deepseek-v4部署\fastllm-master\include\fastllm.h(222): warning C4244: “初始化”: 从“int”转换到“const float”，可能丢失数据
C:\Users\user\output\deepseek-v4部署\fastllm-master\include\fastllm.h(227): warning C4244: “=”: 从“float”转换到“uint8_t”，可能丢失数据
C:\Users\user\output\deepseek-v4部署\fastllm-master\include\fastllm.h(229): warning C4244: “=”: 从“const float”转换到“uint8_t”，可能丢失数据
C:\Users\user\output\deepseek-v4部署\fastllm-master\include\fastllm.h(687): warning C4996: 'std::codecvt_utf8<wchar_t,1114111,(std::codecvt_mode)0>': warning STL4017: std::wbuffer_convert, std::wstring_convert, and the <codecvt> header (containing std::codecvt_mode, std::codecvt_utf8, std::codecvt_utf16, and std::codecvt_utf8_utf16) are deprecated in C++17. (The std::codecvt class template is NOT deprecated.) The C++ Standard doesn't provide equivalent non-deprecated functionality; consider using MultiByteToWideChar() and WideCharToMultiByte() from <Windows.h> instead. You can define _SILENCE_CXX17_CODECVT_HEADER_DEPRECATION_WARNING or _SILENCE_ALL_CXX17_DEPRECATION_WARNINGS to suppress this warning.
C:\Program Files (x86)\Microsoft Visual Studio\2022\BuildTools\VC\Tools\MSVC\14.44.35207\include\codecvt(34): note: 参见“std::codecvt_utf8”的声明
C:\Users\user\output\deepseek-v4部署\fastllm-master\include\fastllm.h(687): warning C4996: 'std::wstring_convert<std::codecvt_utf8<wchar_t,1114111,(std::codecvt_mode)0>,wchar_t,std::allocator<wchar_t>,std::allocator<char>>': warning STL4017: std::wbuffer_convert, std::wstring_convert, and the <codecvt> header (containing std::codecvt_mode, std::codecvt_utf8, std::codecvt_utf16, and std::codecvt_utf8_utf16) are deprecated in C++17. (The std::codecvt class template is NOT deprecated.) The C++ Standard doesn't provide equivalent non-deprecated functionality; consider using MultiByteToWideChar() and WideCharToMultiByte() from <Windows.h> instead. You can define _SILENCE_CXX17_CODECVT_HEADER_DEPRECATION_WARNING or _SILENCE_ALL_CXX17_DEPRECATION_WARNINGS to suppress this warning.
C:\Program Files (x86)\Microsoft Visual Studio\2022\BuildTools\VC\Tools\MSVC\14.44.35207\include\xlocbuf(303): note: 参见“std::wstring_convert”的声明
C:\Users\user\output\deepseek-v4部署\fastllm-master\src\devices\cpu\avx2.cpp(138): warning C4244: “初始化”: 从“float”转换到“int”，可能丢失数据
C:\Users\user\output\deepseek-v4部署\fastllm-master\src\devices\cpu\avx2.cpp(374): warning C4244: “初始化”: 从“double”转换到“float”，可能丢失数据
C:\Users\user\output\deepseek-v4部署\fastllm-master\src\devices\cpu\avx2.cpp(380): warning C4309: “参数”: 截断常量值
C:\Users\user\output\deepseek-v4部署\fastllm-master\src\devices\cpu\avx2.cpp(511): warning C4244: “初始化”: 从“double”转换到“float”，可能丢失数据
C:\Users\user\output\deepseek-v4部署\fastllm-master\src\devices\cpu\avx2.cpp(517): warning C4309: “参数”: 截断常量值
[5/33] Building CXX object CMakeFiles\fastllm_tools.dir\src\blocks\attentionpagedblock.cpp.obj
注意: 包含文件:  C:\Users\user\output\deepseek-v4部署\fastllm-master\include\blocks\baseblock.h
注意: 包含文件:   C:\Users\user\output\deepseek-v4部署\fastllm-master\include\fastllm.h
注意: 包含文件:    C:\Program Files (x86)\Microsoft Visual Studio\2022\BuildTools\VC\Tools\MSVC\14.44.35207\include\vector
注意: 包含文件:     C:\Program Files (x86)\Microsoft Visual Studio\2022\BuildTools\VC\Tools\MSVC\14.44.35207\include\yvals_core.h
注意: 包含文件:      C:\Program Files (x86)\Microsoft Visual Studio\2022\BuildTools\VC\Tools\MSVC\14.44.35207\include\vcruntime.h
注意: 包含文件:       C:\Program Files (x86)\Microsoft Visual Studio\2022\BuildTools\VC\Tools\MSVC\14.44.35207\include\sal.h
注意: 包含文件:        C:\Program Files (x86)\Microsoft Visual Studio\2022\BuildTools\VC\Tools\MSVC\14.44.35207\include\concurrencysal.h
注意: 包含文件:       C:\Program Files (x86)\Microsoft Visual Studio\2022\BuildTools\VC\Tools\MSVC\14.44.35207\include\vadefs.h
注意: 包含文件:      C:\Program Files (x86)\Microsoft Visual Studio\2022\BuildTools\VC\Tools\MSVC\14.44.35207\include\xkeycheck.h
注意: 包含文件:     C:\Program Files (x86)\Microsoft Visual Studio\2022\BuildTools\VC\Tools\MSVC\14.44.35207\include\__msvc_bit_utils.hpp
注意: 包含文件:      C:\Program Files (x86)\Microsoft Visual Studio\2022\BuildTools\VC\Tools\MSVC\14.44.35207\include\climits
注意: 包含文件:       C:\Program Files (x86)\Microsoft Visual Studio\2022\BuildTools\VC\Tools\MSVC\14.44.35207\include\limits.h
注意: 包含文件:      C:\Program Files (x86)\Microsoft Visual Studio\2022\BuildTools\VC\Tools\MSVC\14.44.35207\include\xtr1common
注意: 包含文件:      C:\Program Files (x86)\Microsoft Visual Studio\2022\BuildTools\VC\Tools\MSVC\14.44.35207\include\intrin0.h
注意: 包含文件:       C:\Program Files (x86)\Microsoft Visual Studio\2022\BuildTools\VC\Tools\MSVC\14.44.35207\include\intrin0.inl.h
注意: 包含文件:     C:\Program Files (x86)\Microsoft Visual Studio\2022\BuildTools\VC\Tools\MSVC\14.44.35207\include\__msvc_sanitizer_annotate_container.hpp
注意: 包含文件:     C:\Program Files (x86)\Microsoft Visual Studio\2022\BuildTools\VC\Tools\MSVC\14.44.35207\include\xmemory
注意: 包含文件:      C:\Program Files (x86)\Microsoft Visual Studio\2022\BuildTools\VC\Tools\MSVC\14.44.35207\include\cstdint
注意: 包含文件:       C:\Program Files (x86)\Microsoft Visual Studio\2022\BuildTools\VC\Tools\MSVC\14.44.35207\include\stdint.h
注意: 包含文件:      C:\Program Files (x86)\Microsoft Visual Studio\2022\BuildTools\VC\Tools\MSVC\14.44.35207\include\cstdlib
注意: 包含文件:       C:\Program Files (x86)\Windows Kits\10\include\10.0.26100.0\ucrt\math.h
注意: 包含文件:        C:\Program Files (x86)\Windows Kits\10\include\10.0.26100.0\ucrt\corecrt_math.h
注意: 包含文件:         C:\Program Files (x86)\Windows Kits\10\include\10.0.26100.0\ucrt\corecrt.h
注意: 包含文件:        C:\Program Files (x86)\Windows Kits\10\include\10.0.26100.0\ucrt\corecrt_math_defines.h
注意: 包含文件:       C:\Program Files (x86)\Windows Kits\10\include\10.0.26100.0\ucrt\stdlib.h
注意: 包含文件:        C:\Program Files (x86)\Windows Kits\10\include\10.0.26100.0\ucrt\corecrt_malloc.h
注意: 包含文件:        C:\Program Files (x86)\Windows Kits\10\include\10.0.26100.0\ucrt\corecrt_search.h
注意: 包含文件:         C:\Program Files (x86)\Windows Kits\10\include\10.0.26100.0\ucrt\stddef.h
注意: 包含文件:        C:\Program Files (x86)\Windows Kits\10\include\10.0.26100.0\ucrt\corecrt_wstdlib.h
注意: 包含文件:      C:\Program Files (x86)\Microsoft Visual Studio\2022\BuildTools\VC\Tools\MSVC\14.44.35207\include\limits
注意: 包含文件:       C:\Program Files (x86)\Microsoft Visual Studio\2022\BuildTools\VC\Tools\MSVC\14.44.35207\include\cfloat
注意: 包含文件:        C:\Program Files (x86)\Windows Kits\10\include\10.0.26100.0\ucrt\float.h
注意: 包含文件:       C:\Program Files (x86)\Microsoft Visual Studio\2022\BuildTools\VC\Tools\MSVC\14.44.35207\include\cwchar
注意: 包含文件:        C:\Program Files (x86)\Microsoft Visual Studio\2022\BuildTools\VC\Tools\MSVC\14.44.35207\include\cstdio
注意: 包含文件:         C:\Program Files (x86)\Windows Kits\10\include\10.0.26100.0\ucrt\stdio.h
注意: 包含文件:          C:\Program Files (x86)\Windows Kits\10\include\10.0.26100.0\ucrt\corecrt_wstdio.h
注意: 包含文件:           C:\Program Files (x86)\Windows Kits\10\include\10.0.26100.0\ucrt\corecrt_stdio_config.h
注意: 包含文件:        C:\Program Files (x86)\Windows Kits\10\include\10.0.26100.0\ucrt\wchar.h
注意: 包含文件:         C:\Program Files (x86)\Windows Kits\10\include\10.0.26100.0\ucrt\corecrt_memcpy_s.h
注意: 包含文件:          C:\Program Files (x86)\Windows Kits\10\include\10.0.26100.0\ucrt\errno.h
注意: 包含文件:          C:\Program Files (x86)\Microsoft Visual Studio\2022\BuildTools\VC\Tools\MSVC\14.44.35207\include\vcruntime_string.h
注意: 包含文件:         C:\Program Files (x86)\Windows Kits\10\include\10.0.26100.0\ucrt\corecrt_wconio.h
注意: 包含文件:         C:\Program Files (x86)\Windows Kits\10\include\10.0.26100.0\ucrt\corecrt_wctype.h
注意: 包含文件:         C:\Program Files (x86)\Windows Kits\10\include\10.0.26100.0\ucrt\corecrt_wdirect.h
注意: 包含文件:         C:\Program Files (x86)\Windows Kits\10\include\10.0.26100.0\ucrt\corecrt_wio.h
注意: 包含文件:          C:\Program Files (x86)\Windows Kits\10\include\10.0.26100.0\ucrt\corecrt_share.h
注意: 包含文件:         C:\Program Files (x86)\Windows Kits\10\include\10.0.26100.0\ucrt\corecrt_wprocess.h
注意: 包含文件:         C:\Program Files (x86)\Windows Kits\10\include\10.0.26100.0\ucrt\corecrt_wstring.h
注意: 包含文件:         C:\Program Files (x86)\Windows Kits\10\include\10.0.26100.0\ucrt\corecrt_wtime.h
注意: 包含文件:         C:\Program Files (x86)\Windows Kits\10\include\10.0.26100.0\ucrt\sys/stat.h
注意: 包含文件:          C:\Program Files (x86)\Windows Kits\10\include\10.0.26100.0\ucrt\sys/types.h
注意: 包含文件:         C:\Program Files (x86)\Microsoft Visual Studio\2022\BuildTools\VC\Tools\MSVC\14.44.35207\include\intrin.h
注意: 包含文件:          C:\Program Files (x86)\Microsoft Visual Studio\2022\BuildTools\VC\Tools\MSVC\14.44.35207\include\setjmp.h
注意: 包含文件:          C:\Program Files (x86)\Microsoft Visual Studio\2022\BuildTools\VC\Tools\MSVC\14.44.35207\include\immintrin.h
注意: 包含文件:           C:\Program Files (x86)\Microsoft Visual Studio\2022\BuildTools\VC\Tools\MSVC\14.44.35207\include\wmmintrin.h
注意: 包含文件:            C:\Program Files (x86)\Microsoft Visual Studio\2022\BuildTools\VC\Tools\MSVC\14.44.35207\include\nmmintrin.h
注意: 包含文件:             C:\Program Files (x86)\Microsoft Visual Studio\2022\BuildTools\VC\Tools\MSVC\14.44.35207\include\smmintrin.h
注意: 包含文件:              C:\Program Files (x86)\Microsoft Visual Studio\2022\BuildTools\VC\Tools\MSVC\14.44.35207\include\tmmintrin.h
注意: 包含文件:               C:\Program Files (x86)\Microsoft Visual Studio\2022\BuildTools\VC\Tools\MSVC\14.44.35207\include\pmmintrin.h
注意: 包含文件:                C:\Program Files (x86)\Microsoft Visual Studio\2022\BuildTools\VC\Tools\MSVC\14.44.35207\include\emmintrin.h
注意: 包含文件:                 C:\Program Files (x86)\Microsoft Visual Studio\2022\BuildTools\VC\Tools\MSVC\14.44.35207\include\xmmintrin.h
注意: 包含文件:                  C:\Program Files (x86)\Microsoft Visual Studio\2022\BuildTools\VC\Tools\MSVC\14.44.35207\include\mmintrin.h
注意: 包含文件:                  C:\Program Files (x86)\Windows Kits\10\include\10.0.26100.0\ucrt\malloc.h
注意: 包含文件:           C:\Program Files (x86)\Microsoft Visual Studio\2022\BuildTools\VC\Tools\MSVC\14.44.35207\include\zmmintrin.h
注意: 包含文件:          C:\Program Files (x86)\Microsoft Visual Studio\2022\BuildTools\VC\Tools\MSVC\14.44.35207\include\ammintrin.h
注意: 包含文件:      C:\Program Files (x86)\Microsoft Visual Studio\2022\BuildTools\VC\Tools\MSVC\14.44.35207\include\new
注意: 包含文件:       C:\Program Files (x86)\Microsoft Visual Studio\2022\BuildTools\VC\Tools\MSVC\14.44.35207\include\exception
注意: 包含文件:        C:\Program Files (x86)\Microsoft Visual Studio\2022\BuildTools\VC\Tools\MSVC\14.44.35207\include\yvals.h
注意: 包含文件:         C:\Program Files (x86)\Windows Kits\10\include\10.0.26100.0\ucrt\crtdbg.h
注意: 包含文件:          C:\Program Files (x86)\Microsoft Visual Studio\2022\BuildTools\VC\Tools\MSVC\14.44.35207\include\vcruntime_new_debug.h
注意: 包含文件:           C:\Program Files (x86)\Microsoft Visual Studio\2022\BuildTools\VC\Tools\MSVC\14.44.35207\include\vcruntime_new.h
注意: 包含文件:         C:\Program Files (x86)\Microsoft Visual Studio\2022\BuildTools\VC\Tools\MSVC\14.44.35207\include\crtdefs.h
注意: 包含文件:         C:\Program Files (x86)\Microsoft Visual Studio\2022\BuildTools\VC\Tools\MSVC\14.44.35207\include\use_ansi.h
注意: 包含文件:        C:\Program Files (x86)\Microsoft Visual Studio\2022\BuildTools\VC\Tools\MSVC\14.44.35207\include\type_traits
注意: 包含文件:         C:\Program Files (x86)\Microsoft Visual Studio\2022\BuildTools\VC\Tools\MSVC\14.44.35207\include\cstddef
注意: 包含文件:         C:\Program Files (x86)\Microsoft Visual Studio\2022\BuildTools\VC\Tools\MSVC\14.44.35207\include\cstring
注意: 包含文件:          C:\Program Files (x86)\Windows Kits\10\include\10.0.26100.0\ucrt\string.h
注意: 包含文件:           C:\Program Files (x86)\Windows Kits\10\include\10.0.26100.0\ucrt\corecrt_memory.h
注意: 包含文件:        C:\Program Files (x86)\Microsoft Visual Studio\2022\BuildTools\VC\Tools\MSVC\14.44.35207\include\vcruntime_exception.h
注意: 包含文件:         C:\Program Files (x86)\Microsoft Visual Studio\2022\BuildTools\VC\Tools\MSVC\14.44.35207\include\eh.h
注意: 包含文件:          C:\Program Files (x86)\Windows Kits\10\include\10.0.26100.0\ucrt\corecrt_terminate.h
注意: 包含文件:      C:\Program Files (x86)\Microsoft Visual Studio\2022\BuildTools\VC\Tools\MSVC\14.44.35207\include\xatomic.h
注意: 包含文件:      C:\Program Files (x86)\Microsoft Visual Studio\2022\BuildTools\VC\Tools\MSVC\14.44.35207\include\xutility
注意: 包含文件:       C:\Program Files (x86)\Microsoft Visual Studio\2022\BuildTools\VC\Tools\MSVC\14.44.35207\include\__msvc_iter_core.hpp
注意: 包含文件:        C:\Program Files (x86)\Microsoft Visual Studio\2022\BuildTools\VC\Tools\MSVC\14.44.35207\include\utility
注意: 包含文件:         C:\Program Files (x86)\Microsoft Visual Studio\2022\BuildTools\VC\Tools\MSVC\14.44.35207\include\initializer_list
注意: 包含文件:     C:\Program Files (x86)\Microsoft Visual Studio\2022\BuildTools\VC\Tools\MSVC\14.44.35207\include\xpolymorphic_allocator.h
注意: 包含文件:      C:\Program Files (x86)\Microsoft Visual Studio\2022\BuildTools\VC\Tools\MSVC\14.44.35207\include\tuple
注意: 包含文件:    C:\Program Files (x86)\Microsoft Visual Studio\2022\BuildTools\VC\Tools\MSVC\14.44.35207\include\string
注意: 包含文件:     C:\Program Files (x86)\Microsoft Visual Studio\2022\BuildTools\VC\Tools\MSVC\14.44.35207\include\xstring
注意: 包含文件:      C:\Program Files (x86)\Microsoft Visual Studio\2022\BuildTools\VC\Tools\MSVC\14.44.35207\include\__msvc_string_view.hpp
注意: 包含文件:       C:\Program Files (x86)\Microsoft Visual Studio\2022\BuildTools\VC\Tools\MSVC\14.44.35207\include\iosfwd
注意: 包含文件:     C:\Program Files (x86)\Microsoft Visual Studio\2022\BuildTools\VC\Tools\MSVC\14.44.35207\include\cctype
注意: 包含文件:      C:\Program Files (x86)\Windows Kits\10\include\10.0.26100.0\ucrt\ctype.h
注意: 包含文件:    C:\Program Files (x86)\Microsoft Visual Studio\2022\BuildTools\VC\Tools\MSVC\14.44.35207\include\map
注意: 包含文件:     C:\Program Files (x86)\Microsoft Visual Studio\2022\BuildTools\VC\Tools\MSVC\14.44.35207\include\xtree
注意: 包含文件:      C:\Program Files (x86)\Microsoft Visual Studio\2022\BuildTools\VC\Tools\MSVC\14.44.35207\include\xnode_handle.h
注意: 包含文件:    C:\Program Files (x86)\Microsoft Visual Studio\2022\BuildTools\VC\Tools\MSVC\14.44.35207\include\set
注意: 包含文件:    C:\Program Files (x86)\Microsoft Visual Studio\2022\BuildTools\VC\Tools\MSVC\14.44.35207\include\queue
注意: 包含文件:     C:\Program Files (x86)\Microsoft Visual Studio\2022\BuildTools\VC\Tools\MSVC\14.44.35207\include\__msvc_heap_algorithms.hpp
注意: 包含文件:     C:\Program Files (x86)\Microsoft Visual Studio\2022\BuildTools\VC\Tools\MSVC\14.44.35207\include\deque
注意: 包含文件:    C:\Program Files (x86)\Microsoft Visual Studio\2022\BuildTools\VC\Tools\MSVC\14.44.35207\include\unordered_map
注意: 包含文件:     C:\Program Files (x86)\Microsoft Visual Studio\2022\BuildTools\VC\Tools\MSVC\14.44.35207\include\xhash
注意: 包含文件:      C:\Program Files (x86)\Microsoft Visual Studio\2022\BuildTools\VC\Tools\MSVC\14.44.35207\include\cmath
注意: 包含文件:      C:\Program Files (x86)\Microsoft Visual Studio\2022\BuildTools\VC\Tools\MSVC\14.44.35207\include\list
注意: 包含文件:      C:\Program Files (x86)\Microsoft Visual Studio\2022\BuildTools\VC\Tools\MSVC\14.44.35207\include\xbit_ops.h
注意: 包含文件:    C:\Program Files (x86)\Microsoft Visual Studio\2022\BuildTools\VC\Tools\MSVC\14.44.35207\include\unordered_set
注意: 包含文件:    C:\Program Files (x86)\Microsoft Visual Studio\2022\BuildTools\VC\Tools\MSVC\14.44.35207\include\algorithm
注意: 包含文件:     C:\Program Files (x86)\Microsoft Visual Studio\2022\BuildTools\VC\Tools\MSVC\14.44.35207\include\__msvc_minmax.hpp
注意: 包含文件:    C:\Program Files (x86)\Microsoft Visual Studio\2022\BuildTools\VC\Tools\MSVC\14.44.35207\include\iostream
注意: 包含文件:     C:\Program Files (x86)\Microsoft Visual Studio\2022\BuildTools\VC\Tools\MSVC\14.44.35207\include\istream
注意: 包含文件:      C:\Program Files (x86)\Microsoft Visual Studio\2022\BuildTools\VC\Tools\MSVC\14.44.35207\include\__msvc_ostream.hpp
注意: 包含文件:       C:\Program Files (x86)\Microsoft Visual Studio\2022\BuildTools\VC\Tools\MSVC\14.44.35207\include\ios
注意: 包含文件:        C:\Program Files (x86)\Microsoft Visual Studio\2022\BuildTools\VC\Tools\MSVC\14.44.35207\include\xlocnum
注意: 包含文件:         C:\Program Files (x86)\Microsoft Visual Studio\2022\BuildTools\VC\Tools\MSVC\14.44.35207\include\iterator
注意: 包含文件:         C:\Program Files (x86)\Microsoft Visual Studio\2022\BuildTools\VC\Tools\MSVC\14.44.35207\include\streambuf
注意: 包含文件:          C:\Program Files (x86)\Microsoft Visual Studio\2022\BuildTools\VC\Tools\MSVC\14.44.35207\include\xiosbase
注意: 包含文件:           C:\Program Files (x86)\Windows Kits\10\include\10.0.26100.0\ucrt\share.h
注意: 包含文件:           C:\Program Files (x86)\Microsoft Visual Studio\2022\BuildTools\VC\Tools\MSVC\14.44.35207\include\system_error
注意: 包含文件:            C:\Program Files (x86)\Microsoft Visual Studio\2022\BuildTools\VC\Tools\MSVC\14.44.35207\include\__msvc_system_error_abi.hpp
注意: 包含文件:            C:\Program Files (x86)\Microsoft Visual Studio\2022\BuildTools\VC\Tools\MSVC\14.44.35207\include\cerrno
注意: 包含文件:            C:\Program Files (x86)\Microsoft Visual Studio\2022\BuildTools\VC\Tools\MSVC\14.44.35207\include\stdexcept
注意: 包含文件:            C:\Program Files (x86)\Microsoft Visual Studio\2022\BuildTools\VC\Tools\MSVC\14.44.35207\include\xcall_once.h
注意: 包含文件:            C:\Program Files (x86)\Microsoft Visual Studio\2022\BuildTools\VC\Tools\MSVC\14.44.35207\include\xerrc.h
注意: 包含文件:            C:\Program Files (x86)\Microsoft Visual Studio\2022\BuildTools\VC\Tools\MSVC\14.44.35207\include\atomic
注意: 包含文件:             C:\Program Files (x86)\Microsoft Visual Studio\2022\BuildTools\VC\Tools\MSVC\14.44.35207\include\xthreads.h
注意: 包含文件:              C:\Program Files (x86)\Microsoft Visual Studio\2022\BuildTools\VC\Tools\MSVC\14.44.35207\include\__msvc_threads_core.hpp
注意: 包含文件:              C:\Program Files (x86)\Microsoft Visual Studio\2022\BuildTools\VC\Tools\MSVC\14.44.35207\include\xtimec.h
注意: 包含文件:               C:\Program Files (x86)\Microsoft Visual Studio\2022\BuildTools\VC\Tools\MSVC\14.44.35207\include\ctime
注意: 包含文件:                C:\Program Files (x86)\Windows Kits\10\include\10.0.26100.0\ucrt\time.h
注意: 包含文件:           C:\Program Files (x86)\Microsoft Visual Studio\2022\BuildTools\VC\Tools\MSVC\14.44.35207\include\xlocale
注意: 包含文件:            C:\Program Files (x86)\Microsoft Visual Studio\2022\BuildTools\VC\Tools\MSVC\14.44.35207\include\memory
注意: 包含文件:             C:\Program Files (x86)\Microsoft Visual Studio\2022\BuildTools\VC\Tools\MSVC\14.44.35207\include\typeinfo
注意: 包含文件:              C:\Program Files (x86)\Microsoft Visual Studio\2022\BuildTools\VC\Tools\MSVC\14.44.35207\include\vcruntime_typeinfo.h
注意: 包含文件:            C:\Program Files (x86)\Microsoft Visual Studio\2022\BuildTools\VC\Tools\MSVC\14.44.35207\include\xfacet
注意: 包含文件:            C:\Program Files (x86)\Microsoft Visual Studio\2022\BuildTools\VC\Tools\MSVC\14.44.35207\include\xlocinfo
注意: 包含文件:             C:\Program Files (x86)\Microsoft Visual Studio\2022\BuildTools\VC\Tools\MSVC\14.44.35207\include\__msvc_xlocinfo_types.hpp
注意: 包含文件:             C:\Program Files (x86)\Microsoft Visual Studio\2022\BuildTools\VC\Tools\MSVC\14.44.35207\include\clocale
注意: 包含文件:              C:\Program Files (x86)\Windows Kits\10\include\10.0.26100.0\ucrt\locale.h
注意: 包含文件:     C:\Program Files (x86)\Microsoft Visual Studio\2022\BuildTools\VC\Tools\MSVC\14.44.35207\include\ostream
注意: 包含文件:    C:\Program Files (x86)\Microsoft Visual Studio\2022\BuildTools\VC\Tools\MSVC\14.44.35207\include\functional
注意: 包含文件:    C:\Program Files (x86)\Microsoft Visual Studio\2022\BuildTools\VC\Tools\MSVC\14.44.35207\include\mutex
注意: 包含文件:     C:\Program Files (x86)\Microsoft Visual Studio\2022\BuildTools\VC\Tools\MSVC\14.44.35207\include\__msvc_chrono.hpp
注意: 包含文件:      C:\Program Files (x86)\Microsoft Visual Studio\2022\BuildTools\VC\Tools\MSVC\14.44.35207\include\ratio
注意: 包含文件:     C:\Program Files (x86)\Microsoft Visual Studio\2022\BuildTools\VC\Tools\MSVC\14.44.35207\include\thread
注意: 包含文件:      C:\Program Files (x86)\Windows Kits\10\include\10.0.26100.0\ucrt\process.h
注意: 包含文件:       C:\Program Files (x86)\Windows Kits\10\include\10.0.26100.0\ucrt\corecrt_startup.h
注意: 包含文件:        C:\Program Files (x86)\Windows Kits\10\include\10.0.26100.0\ucrt\math.h
注意: 包含文件:        C:\Program Files (x86)\Microsoft Visual Studio\2022\BuildTools\VC\Tools\MSVC\14.44.35207\include\vcruntime_startup.h
注意: 包含文件:    C:\Program Files (x86)\Microsoft Visual Studio\2022\BuildTools\VC\Tools\MSVC\14.44.35207\include\locale
注意: 包含文件:     C:\Program Files (x86)\Microsoft Visual Studio\2022\BuildTools\VC\Tools\MSVC\14.44.35207\include\xlocbuf
注意: 包含文件:     C:\Program Files (x86)\Microsoft Visual Studio\2022\BuildTools\VC\Tools\MSVC\14.44.35207\include\xlocmes
注意: 包含文件:     C:\Program Files (x86)\Microsoft Visual Studio\2022\BuildTools\VC\Tools\MSVC\14.44.35207\include\xlocmon
注意: 包含文件:     C:\Program Files (x86)\Microsoft Visual Studio\2022\BuildTools\VC\Tools\MSVC\14.44.35207\include\xloctime
注意: 包含文件:    C:\Program Files (x86)\Microsoft Visual Studio\2022\BuildTools\VC\Tools\MSVC\14.44.35207\include\codecvt
注意: 包含文件:    C:\Users\user\output\deepseek-v4部署\fastllm-master\include\devices/cpu/alivethreadpool.h
注意: 包含文件:     C:\Program Files (x86)\Microsoft Visual Studio\2022\BuildTools\VC\Tools\MSVC\14.44.35207\include\chrono
注意: 包含文件:      C:\Program Files (x86)\Microsoft Visual Studio\2022\BuildTools\VC\Tools\MSVC\14.44.35207\include\xfilesystem_abi.h
注意: 包含文件:     C:\Program Files (x86)\Windows Kits\10\\include\10.0.26100.0\\um\Windows.h
注意: 包含文件:      C:\Program Files (x86)\Windows Kits\10\\include\10.0.26100.0\\shared\winapifamily.h
注意: 包含文件:       C:\Program Files (x86)\Windows Kits\10\\include\10.0.26100.0\\shared\winpackagefamily.h
注意: 包含文件:      C:\Program Files (x86)\Windows Kits\10\\include\10.0.26100.0\\shared\sdkddkver.h
注意: 包含文件:      C:\Program Files (x86)\Microsoft Visual Studio\2022\BuildTools\VC\Tools\MSVC\14.44.35207\include\excpt.h
注意: 包含文件:      C:\Program Files (x86)\Microsoft Visual Studio\2022\BuildTools\VC\Tools\MSVC\14.44.35207\include\stdarg.h
注意: 包含文件:      C:\Program Files (x86)\Windows Kits\10\\include\10.0.26100.0\\shared\windef.h
注意: 包含文件:       C:\Program Files (x86)\Windows Kits\10\\include\10.0.26100.0\\shared\minwindef.h
注意: 包含文件:        C:\Program Files (x86)\Windows Kits\10\\include\10.0.26100.0\\shared\specstrings.h
注意: 包含文件:         C:\Program Files (x86)\Windows Kits\10\\include\10.0.26100.0\\shared\specstrings_strict.h
注意: 包含文件:          C:\Program Files (x86)\Windows Kits\10\\include\10.0.26100.0\\shared\specstrings_undef.h
注意: 包含文件:         C:\Program Files (x86)\Windows Kits\10\\include\10.0.26100.0\\shared\driverspecs.h
注意: 包含文件:          C:\Program Files (x86)\Windows Kits\10\include\10.0.26100.0\shared\sdv_driverspecs.h
注意: 包含文件:        C:\Program Files (x86)\Windows Kits\10\\include\10.0.26100.0\\um\winnt.h
注意: 包含文件:         C:\Program Files (x86)\Windows Kits\10\\include\10.0.26100.0\\shared\kernelspecs.h
注意: 包含文件:         C:\Program Files (x86)\Windows Kits\10\\include\10.0.26100.0\\shared\basetsd.h
注意: 包含文件:         C:\Program Files (x86)\Windows Kits\10\\include\10.0.26100.0\\shared\guiddef.h
注意: 包含文件:         C:\Program Files (x86)\Windows Kits\10\include\10.0.26100.0\shared\pshpack4.h
注意: 包含文件:         C:\Program Files (x86)\Windows Kits\10\include\10.0.26100.0\shared\poppack.h
注意: 包含文件:         C:\Program Files (x86)\Windows Kits\10\\include\10.0.26100.0\\shared\pshpack4.h
注意: 包含文件:         C:\Program Files (x86)\Windows Kits\10\\include\10.0.26100.0\\shared\poppack.h
注意: 包含文件:         C:\Program Files (x86)\Windows Kits\10\include\10.0.26100.0\shared\pshpack4.h
注意: 包含文件:         C:\Program Files (x86)\Windows Kits\10\include\10.0.26100.0\shared\pshpack2.h
注意: 包含文件:         C:\Program Files (x86)\Windows Kits\10\include\10.0.26100.0\shared\poppack.h
注意: 包含文件:         C:\Program Files (x86)\Windows Kits\10\include\10.0.26100.0\shared\pshpack2.h
注意: 包含文件:         C:\Program Files (x86)\Windows Kits\10\\include\10.0.26100.0\\shared\pshpack2.h
注意: 包含文件:         C:\Program Files (x86)\Windows Kits\10\\include\10.0.26100.0\\shared\poppack.h
注意: 包含文件:         C:\Program Files (x86)\Windows Kits\10\include\10.0.26100.0\shared\poppack.h
注意: 包含文件:         C:\Program Files (x86)\Windows Kits\10\include\10.0.26100.0\shared\pshpack8.h
注意: 包含文件:         C:\Program Files (x86)\Windows Kits\10\include\10.0.26100.0\shared\poppack.h
注意: 包含文件:         C:\Program Files (x86)\Windows Kits\10\include\10.0.26100.0\shared\pshpack1.h
注意: 包含文件:         C:\Program Files (x86)\Windows Kits\10\include\10.0.26100.0\shared\poppack.h
注意: 包含文件:         C:\Program Files (x86)\Windows Kits\10\include\10.0.26100.0\shared\pshpack1.h
注意: 包含文件:         C:\Program Files (x86)\Windows Kits\10\include\10.0.26100.0\shared\poppack.h
注意: 包含文件:         C:\Program Files (x86)\Windows Kits\10\include\10.0.26100.0\shared\poppack.h
注意: 包含文件:         C:\Program Files (x86)\Windows Kits\10\\include\10.0.26100.0\\shared\apiset.h
注意: 包含文件:         C:\Program Files (x86)\Windows Kits\10\\include\10.0.26100.0\\shared\ktmtypes.h
注意: 包含文件:      C:\Program Files (x86)\Windows Kits\10\\include\10.0.26100.0\\um\winbase.h
注意: 包含文件:       C:\Program Files (x86)\Windows Kits\10\\include\10.0.26100.0\\shared\apisetcconv.h
注意: 包含文件:       C:\Program Files (x86)\Windows Kits\10\\include\10.0.26100.0\\um\minwinbase.h
注意: 包含文件:       C:\Program Files (x86)\Windows Kits\10\\include\10.0.26100.0\\um\apiquery2.h
注意: 包含文件:       C:\Program Files (x86)\Windows Kits\10\\include\10.0.26100.0\\um\processenv.h
注意: 包含文件:       C:\Program Files (x86)\Windows Kits\10\\include\10.0.26100.0\\um\fileapifromapp.h
注意: 包含文件:        C:\Program Files (x86)\Windows Kits\10\\include\10.0.26100.0\\um\fileapi.h
注意: 包含文件:       C:\Program Files (x86)\Windows Kits\10\\include\10.0.26100.0\\um\debugapi.h
注意: 包含文件:       C:\Program Files (x86)\Windows Kits\10\\include\10.0.26100.0\\um\utilapiset.h
注意: 包含文件:       C:\Program Files (x86)\Windows Kits\10\\include\10.0.26100.0\\um\handleapi.h
注意: 包含文件:       C:\Program Files (x86)\Windows Kits\10\\include\10.0.26100.0\\um\errhandlingapi.h
注意: 包含文件:       C:\Program Files (x86)\Windows Kits\10\\include\10.0.26100.0\\um\fibersapi.h
注意: 包含文件:       C:\Program Files (x86)\Windows Kits\10\\include\10.0.26100.0\\um\namedpipeapi.h
注意: 包含文件:       C:\Program Files (x86)\Windows Kits\10\\include\10.0.26100.0\\um\profileapi.h
注意: 包含文件:       C:\Program Files (x86)\Windows Kits\10\\include\10.0.26100.0\\um\heapapi.h
注意: 包含文件:       C:\Program Files (x86)\Windows Kits\10\\include\10.0.26100.0\\um\ioapiset.h
注意: 包含文件:       C:\Program Files (x86)\Windows Kits\10\\include\10.0.26100.0\\um\synchapi.h
注意: 包含文件:       C:\Program Files (x86)\Windows Kits\10\\include\10.0.26100.0\\um\interlockedapi.h
注意: 包含文件:       C:\Program Files (x86)\Windows Kits\10\\include\10.0.26100.0\\um\processthreadsapi.h
注意: 包含文件:       C:\Program Files (x86)\Windows Kits\10\\include\10.0.26100.0\\um\sysinfoapi.h
注意: 包含文件:       C:\Program Files (x86)\Windows Kits\10\\include\10.0.26100.0\\um\memoryapi.h
注意: 包含文件:       C:\Program Files (x86)\Windows Kits\10\\include\10.0.26100.0\\um\enclaveapi.h
注意: 包含文件:       C:\Program Files (x86)\Windows Kits\10\\include\10.0.26100.0\\um\threadpoollegacyapiset.h
注意: 包含文件:       C:\Program Files (x86)\Windows Kits\10\\include\10.0.26100.0\\um\threadpoolapiset.h
注意: 包含文件:       C:\Program Files (x86)\Windows Kits\10\\include\10.0.26100.0\\um\jobapi.h
注意: 包含文件:       C:\Program Files (x86)\Windows Kits\10\\include\10.0.26100.0\\um\jobapi2.h
注意: 包含文件:       C:\Program Files (x86)\Windows Kits\10\\include\10.0.26100.0\\um\wow64apiset.h
注意: 包含文件:       C:\Program Files (x86)\Windows Kits\10\\include\10.0.26100.0\\um\libloaderapi.h
注意: 包含文件:       C:\Program Files (x86)\Windows Kits\10\\include\10.0.26100.0\\um\securitybaseapi.h
注意: 包含文件:       C:\Program Files (x86)\Windows Kits\10\\include\10.0.26100.0\\um\namespaceapi.h
注意: 包含文件:       C:\Program Files (x86)\Windows Kits\10\\include\10.0.26100.0\\um\systemtopologyapi.h
注意: 包含文件:       C:\Program Files (x86)\Windows Kits\10\\include\10.0.26100.0\\um\processtopologyapi.h
注意: 包含文件:       C:\Program Files (x86)\Windows Kits\10\\include\10.0.26100.0\\um\securityappcontainer.h
注意: 包含文件:       C:\Program Files (x86)\Windows Kits\10\\include\10.0.26100.0\\um\realtimeapiset.h
注意: 包含文件:       C:\Program Files (x86)\Windows Kits\10\\include\10.0.26100.0\\shared\winerror.h
注意: 包含文件:       C:\Program Files (x86)\Windows Kits\10\\include\10.0.26100.0\\um\timezoneapi.h
注意: 包含文件:      C:\Program Files (x86)\Windows Kits\10\\include\10.0.26100.0\\um\wingdi.h
注意: 包含文件:       C:\Program Files (x86)\Windows Kits\10\\include\10.0.26100.0\\shared\pshpack1.h
注意: 包含文件:       C:\Program Files (x86)\Windows Kits\10\\include\10.0.26100.0\\shared\poppack.h
注意: 包含文件:       C:\Program Files (x86)\Windows Kits\10\\include\10.0.26100.0\\shared\pshpack2.h
注意: 包含文件:       C:\Program Files (x86)\Windows Kits\10\\include\10.0.26100.0\\shared\poppack.h
注意: 包含文件:       C:\Program Files (x86)\Windows Kits\10\\include\10.0.26100.0\\shared\pshpack2.h
注意: 包含文件:       C:\Program Files (x86)\Windows Kits\10\\include\10.0.26100.0\\shared\poppack.h
注意: 包含文件:       C:\Program Files (x86)\Windows Kits\10\\include\10.0.26100.0\\shared\pshpack4.h
注意: 包含文件:       C:\Program Files (x86)\Windows Kits\10\\include\10.0.26100.0\\shared\poppack.h
注意: 包含文件:       C:\Program Files (x86)\Windows Kits\10\\include\10.0.26100.0\\shared\pshpack4.h
注意: 包含文件:       C:\Program Files (x86)\Windows Kits\10\\include\10.0.26100.0\\shared\poppack.h
注意: 包含文件:      C:\Program Files (x86)\Windows Kits\10\\include\10.0.26100.0\\um\winuser.h
注意: 包含文件:       C:\Program Files (x86)\Windows Kits\10\\include\10.0.26100.0\\shared\pshpack2.h
注意: 包含文件:       C:\Program Files (x86)\Windows Kits\10\\include\10.0.26100.0\\shared\poppack.h
注意: 包含文件:       C:\Program Files (x86)\Windows Kits\10\\include\10.0.26100.0\\shared\tvout.h
注意: 包含文件:      C:\Program Files (x86)\Windows Kits\10\\include\10.0.26100.0\\um\winnls.h
注意: 包含文件:       C:\Program Files (x86)\Windows Kits\10\\include\10.0.26100.0\\um\datetimeapi.h
注意: 包含文件:       C:\Program Files (x86)\Windows Kits\10\\include\10.0.26100.0\\um\stringapiset.h
注意: 包含文件:        C:\Program Files (x86)\Windows Kits\10\\include\10.0.26100.0\\um\winnls.h
注意: 包含文件:      C:\Program Files (x86)\Windows Kits\10\\include\10.0.26100.0\\um\wincon.h
注意: 包含文件:       C:\Program Files (x86)\Windows Kits\10\\include\10.0.26100.0\\um\wincontypes.h
注意: 包含文件:       C:\Program Files (x86)\Windows Kits\10\\include\10.0.26100.0\\um\consoleapi.h
注意: 包含文件:       C:\Program Files (x86)\Windows Kits\10\\include\10.0.26100.0\\um\consoleapi2.h
注意: 包含文件:       C:\Program Files (x86)\Windows Kits\10\\include\10.0.26100.0\\um\consoleapi3.h
注意: 包含文件:      C:\Program Files (x86)\Windows Kits\10\\include\10.0.26100.0\\um\winver.h
注意: 包含文件:       C:\Program Files (x86)\Windows Kits\10\\include\10.0.26100.0\\um\verrsrc.h
注意: 包含文件:      C:\Program Files (x86)\Windows Kits\10\\include\10.0.26100.0\\um\winreg.h
注意: 包含文件:       C:\Program Files (x86)\Windows Kits\10\\include\10.0.26100.0\\um\reason.h
注意: 包含文件:      C:\Program Files (x86)\Windows Kits\10\\include\10.0.26100.0\\um\winnetwk.h
注意: 包含文件:       C:\Program Files (x86)\Windows Kits\10\\include\10.0.26100.0\\shared\wnnc.h
注意: 包含文件:      C:\Program Files (x86)\Windows Kits\10\\include\10.0.26100.0\\shared\cderr.h
注意: 包含文件:      C:\Program Files (x86)\Windows Kits\10\\include\10.0.26100.0\\um\dde.h
注意: 包含文件:      C:\Program Files (x86)\Windows Kits\10\\include\10.0.26100.0\\um\ddeml.h
注意: 包含文件:      C:\Program Files (x86)\Windows Kits\10\\include\10.0.26100.0\\um\dlgs.h
注意: 包含文件:      C:\Program Files (x86)\Windows Kits\10\\include\10.0.26100.0\\um\lzexpand.h
注意: 包含文件:      C:\Program Files (x86)\Windows Kits\10\\include\10.0.26100.0\\um\mmsystem.h
注意: 包含文件:       C:\Program Files (x86)\Windows Kits\10\\include\10.0.26100.0\\um\mmsyscom.h
注意: 包含文件:        C:\Program Files (x86)\Windows Kits\10\\include\10.0.26100.0\\shared\pshpack1.h
注意: 包含文件:        C:\Program Files (x86)\Windows Kits\10\\include\10.0.26100.0\\shared\poppack.h
注意: 包含文件:       C:\Program Files (x86)\Windows Kits\10\\include\10.0.26100.0\\shared\pshpack1.h
注意: 包含文件:       C:\Program Files (x86)\Windows Kits\10\\include\10.0.26100.0\\um\mciapi.h
注意: 包含文件:        C:\Program Files (x86)\Windows Kits\10\\include\10.0.26100.0\\um\mmsyscom.h
注意: 包含文件:       C:\Program Files (x86)\Windows Kits\10\\include\10.0.26100.0\\um\mmiscapi.h
注意: 包含文件:        C:\Program Files (x86)\Windows Kits\10\\include\10.0.26100.0\\um\mmsyscom.h
注意: 包含文件:       C:\Program Files (x86)\Windows Kits\10\\include\10.0.26100.0\\um\mmiscapi2.h
注意: 包含文件:        C:\Program Files (x86)\Windows Kits\10\\include\10.0.26100.0\\um\mmsyscom.h
注意: 包含文件:       C:\Program Files (x86)\Windows Kits\10\\include\10.0.26100.0\\um\playsoundapi.h
注意: 包含文件:        C:\Program Files (x86)\Windows Kits\10\\include\10.0.26100.0\\um\mmsyscom.h
注意: 包含文件:       C:\Program Files (x86)\Windows Kits\10\\include\10.0.26100.0\\um\mmeapi.h
注意: 包含文件:        C:\Program Files (x86)\Windows Kits\10\\include\10.0.26100.0\\um\mmsyscom.h
注意: 包含文件:       C:\Program Files (x86)\Windows Kits\10\\include\10.0.26100.0\\um\timeapi.h
注意: 包含文件:        C:\Program Files (x86)\Windows Kits\10\\include\10.0.26100.0\\um\mmsyscom.h
注意: 包含文件:       C:\Program Files (x86)\Windows Kits\10\\include\10.0.26100.0\\um\joystickapi.h
注意: 包含文件:        C:\Program Files (x86)\Windows Kits\10\\include\10.0.26100.0\\um\mmsyscom.h
注意: 包含文件:       C:\Program Files (x86)\Windows Kits\10\\include\10.0.26100.0\\shared\poppack.h
注意: 包含文件:      C:\Program Files (x86)\Windows Kits\10\\include\10.0.26100.0\\um\nb30.h
注意: 包含文件:      C:\Program Files (x86)\Windows Kits\10\\include\10.0.26100.0\\shared\rpc.h
注意: 包含文件:       C:\Program Files (x86)\Windows Kits\10\\include\10.0.26100.0\\shared\pshpack8.h
注意: 包含文件:       C:\Program Files (x86)\Windows Kits\10\\include\10.0.26100.0\\shared\rpcdce.h
注意: 包含文件:        C:\Program Files (x86)\Windows Kits\10\\include\10.0.26100.0\\shared\rpcdcep.h
注意: 包含文件:       C:\Program Files (x86)\Windows Kits\10\\include\10.0.26100.0\\um\rpcnsi.h
注意: 包含文件:       C:\Program Files (x86)\Windows Kits\10\\include\10.0.26100.0\\shared\rpcnterr.h
注意: 包含文件:       C:\Program Files (x86)\Windows Kits\10\\include\10.0.26100.0\\shared\rpcasync.h
注意: 包含文件:        C:\Program Files (x86)\Windows Kits\10\\include\10.0.26100.0\\shared\pshpack8.h
注意: 包含文件:        C:\Program Files (x86)\Windows Kits\10\\include\10.0.26100.0\\shared\poppack.h
注意: 包含文件:       C:\Program Files (x86)\Windows Kits\10\\include\10.0.26100.0\\shared\poppack.h
注意: 包含文件:      C:\Program Files (x86)\Windows Kits\10\\include\10.0.26100.0\\um\shellapi.h
注意: 包含文件:      C:\Program Files (x86)\Windows Kits\10\\include\10.0.26100.0\\um\winperf.h
注意: 包含文件:       C:\Program Files (x86)\Windows Kits\10\\include\10.0.26100.0\\shared\pshpack8.h
注意: 包含文件:       C:\Program Files (x86)\Windows Kits\10\\include\10.0.26100.0\\shared\poppack.h
注意: 包含文件:      C:\Program Files (x86)\Windows Kits\10\\include\10.0.26100.0\\um\winsock.h
注意: 包含文件:       C:\Program Files (x86)\Windows Kits\10\\include\10.0.26100.0\\shared\inaddr.h
注意: 包含文件:      C:\Program Files (x86)\Windows Kits\10\\include\10.0.26100.0\\um\wincrypt.h
注意: 包含文件:       C:\Program Files (x86)\Windows Kits\10\\include\10.0.26100.0\\shared\bcrypt.h
注意: 包含文件:       C:\Program Files (x86)\Windows Kits\10\\include\10.0.26100.0\\um\ncrypt.h
注意: 包含文件:       C:\Program Files (x86)\Windows Kits\10\\include\10.0.26100.0\\um\dpapi.h
注意: 包含文件:      C:\Program Files (x86)\Windows Kits\10\\include\10.0.26100.0\\um\winefs.h
注意: 包含文件:      C:\Program Files (x86)\Windows Kits\10\\include\10.0.26100.0\\um\winscard.h
注意: 包含文件:       C:\Program Files (x86)\Windows Kits\10\\include\10.0.26100.0\\shared\wtypes.h
注意: 包含文件:        C:\Program Files (x86)\Windows Kits\10\include\10.0.26100.0\shared\rpcndr.h
注意: 包含文件:         C:\Program Files (x86)\Windows Kits\10\\include\10.0.26100.0\\shared\pshpack8.h
注意: 包含文件:         C:\Program Files (x86)\Windows Kits\10\\include\10.0.26100.0\\um\rpcnsip.h
注意: 包含文件:         C:\Program Files (x86)\Windows Kits\10\\include\10.0.26100.0\\shared\rpcsal.h
注意: 包含文件:         C:\Program Files (x86)\Windows Kits\10\\include\10.0.26100.0\\shared\poppack.h
注意: 包含文件:        C:\Program Files (x86)\Windows Kits\10\include\10.0.26100.0\shared\wtypesbase.h
注意: 包含文件:         C:\Program Files (x86)\Windows Kits\10\include\10.0.26100.0\shared\guiddef.h
注意: 包含文件:       C:\Program Files (x86)\Windows Kits\10\\include\10.0.26100.0\\um\winioctl.h
注意: 包含文件:        C:\Program Files (x86)\Windows Kits\10\\include\10.0.26100.0\\shared\pshpack1.h
注意: 包含文件:        C:\Program Files (x86)\Windows Kits\10\\include\10.0.26100.0\\shared\poppack.h
注意: 包含文件:        C:\Program Files (x86)\Windows Kits\10\\include\10.0.26100.0\\shared\pshpack1.h
注意: 包含文件:        C:\Program Files (x86)\Windows Kits\10\\include\10.0.26100.0\\shared\poppack.h
注意: 包含文件:        C:\Program Files (x86)\Windows Kits\10\\include\10.0.26100.0\\shared\pshpack1.h
注意: 包含文件:        C:\Program Files (x86)\Windows Kits\10\\include\10.0.26100.0\\shared\poppack.h
注意: 包含文件:        C:\Program Files (x86)\Windows Kits\10\\include\10.0.26100.0\\shared\pshpack1.h
注意: 包含文件:        C:\Program Files (x86)\Windows Kits\10\\include\10.0.26100.0\\shared\poppack.h
注意: 包含文件:        C:\Program Files (x86)\Windows Kits\10\\include\10.0.26100.0\\shared\pshpack1.h
注意: 包含文件:        C:\Program Files (x86)\Windows Kits\10\\include\10.0.26100.0\\shared\poppack.h
注意: 包含文件:        C:\Program Files (x86)\Windows Kits\10\\include\10.0.26100.0\\shared\pshpack1.h
注意: 包含文件:        C:\Program Files (x86)\Windows Kits\10\\include\10.0.26100.0\\shared\poppack.h
注意: 包含文件:        C:\Program Files (x86)\Windows Kits\10\\include\10.0.26100.0\\shared\pshpack1.h
注意: 包含文件:        C:\Program Files (x86)\Windows Kits\10\\include\10.0.26100.0\\shared\poppack.h
注意: 包含文件:       C:\Program Files (x86)\Windows Kits\10\\include\10.0.26100.0\\shared\winsmcrd.h
注意: 包含文件:      C:\Program Files (x86)\Windows Kits\10\\include\10.0.26100.0\\um\winspool.h
注意: 包含文件:       C:\Program Files (x86)\Windows Kits\10\\include\10.0.26100.0\\um\prsht.h
注意: 包含文件:        C:\Program Files (x86)\Windows Kits\10\\include\10.0.26100.0\\shared\pshpack8.h
注意: 包含文件:        C:\Program Files (x86)\Windows Kits\10\\include\10.0.26100.0\\shared\poppack.h
注意: 包含文件:      C:\Program Files (x86)\Windows Kits\10\\include\10.0.26100.0\\um\ole2.h
注意: 包含文件:       C:\Program Files (x86)\Windows Kits\10\\include\10.0.26100.0\\shared\pshpack8.h
注意: 包含文件:       C:\Program Files (x86)\Windows Kits\10\\include\10.0.26100.0\\um\objbase.h
注意: 包含文件:        C:\Program Files (x86)\Windows Kits\10\\include\10.0.26100.0\\shared\pshpack8.h
注意: 包含文件:        C:\Program Files (x86)\Windows Kits\10\\include\10.0.26100.0\\um\combaseapi.h
注意: 包含文件:         C:\Program Files (x86)\Windows Kits\10\\include\10.0.26100.0\\shared\pshpack8.h
注意: 包含文件:         C:\Program Files (x86)\Windows Kits\10\\include\10.0.26100.0\\um\unknwnbase.h
注意: 包含文件:         C:\Program Files (x86)\Windows Kits\10\\include\10.0.26100.0\\um\objidlbase.h
注意: 包含文件:         C:\Program Files (x86)\Windows Kits\10\\include\10.0.26100.0\\shared\guiddef.h
注意: 包含文件:         C:\Program Files (x86)\Windows Kits\10\\include\10.0.26100.0\\um\cguid.h
注意: 包含文件:         C:\Program Files (x86)\Windows Kits\10\\include\10.0.26100.0\\shared\poppack.h
注意: 包含文件:        C:\Program Files (x86)\Windows Kits\10\\include\10.0.26100.0\\um\coml2api.h
注意: 包含文件:         C:\Program Files (x86)\Windows Kits\10\\include\10.0.26100.0\\um\objidl.h
注意: 包含文件:          C:\Program Files (x86)\Windows Kits\10\include\10.0.26100.0\um\unknwn.h
注意: 包含文件:         C:\Program Files (x86)\Windows Kits\10\\include\10.0.26100.0\\um\propidlbase.h
注意: 包含文件:          C:\Program Files (x86)\Windows Kits\10\include\10.0.26100.0\um\oaidl.h
注意: 包含文件:        C:\Program Files (x86)\Windows Kits\10\\include\10.0.26100.0\\um\urlmon.h
注意: 包含文件:         C:\Program Files (x86)\Windows Kits\10\include\10.0.26100.0\um\oleidl.h
注意: 包含文件:         C:\Program Files (x86)\Windows Kits\10\include\10.0.26100.0\um\servprov.h
注意: 包含文件:         C:\Program Files (x86)\Windows Kits\10\include\10.0.26100.0\um\msxml.h
注意: 包含文件:        C:\Program Files (x86)\Windows Kits\10\\include\10.0.26100.0\\um\propidl.h
注意: 包含文件:        C:\Program Files (x86)\Windows Kits\10\\include\10.0.26100.0\\shared\poppack.h
注意: 包含文件:       C:\Program Files (x86)\Windows Kits\10\\include\10.0.26100.0\\um\oleauto.h
注意: 包含文件:        C:\Program Files (x86)\Windows Kits\10\\include\10.0.26100.0\\shared\pshpack8.h
注意: 包含文件:        C:\Program Files (x86)\Windows Kits\10\\include\10.0.26100.0\\shared\poppack.h
注意: 包含文件:       C:\Program Files (x86)\Windows Kits\10\\include\10.0.26100.0\\shared\poppack.h
注意: 包含文件:      C:\Program Files (x86)\Windows Kits\10\\include\10.0.26100.0\\um\commdlg.h
注意: 包含文件:       C:\Program Files (x86)\Windows Kits\10\\include\10.0.26100.0\\um\prsht.h
注意: 包含文件:      C:\Program Files (x86)\Windows Kits\10\\include\10.0.26100.0\\shared\stralign.h
注意: 包含文件:      C:\Program Files (x86)\Windows Kits\10\\include\10.0.26100.0\\um\winsvc.h
注意: 包含文件:      C:\Program Files (x86)\Windows Kits\10\\include\10.0.26100.0\\um\mcx.h
注意: 包含文件:      C:\Program Files (x86)\Windows Kits\10\\include\10.0.26100.0\\um\imm.h
注意: 包含文件:       C:\Program Files (x86)\Windows Kits\10\\include\10.0.26100.0\\um\ime_cmodes.h
C:\Users\user\output\deepseek-v4部署\fastllm-master\include\devices/cpu/alivethreadpool.h(136): warning C4267: “初始化”: 从“size_t”转换到“int”，可能丢失数据
C:\Users\user\output\deepseek-v4部署\fastllm-master\include\devices/cpu/alivethreadpool.h(176): warning C4267: “初始化”: 从“size_t”转换到“int”，可能丢失数据
C:\Users\user\output\deepseek-v4部署\fastllm-master\include\devices/cpu/alivethreadpool.h(236): warning C4267: “初始化”: 从“size_t”转换到“int”，可能丢失数据
C:\Users\user\output\deepseek-v4部署\fastllm-master\include\devices/cpu/alivethreadpool.h(237): warning C4267: “初始化”: 从“size_t”转换到“int”，可能丢失数据
C:\Users\user\output\deepseek-v4部署\fastllm-master\include\devices/cpu/alivethreadpool.h(238): warning C4267: “初始化”: 从“size_t”转换到“int”，可能丢失数据
C:\Users\user\output\deepseek-v4部署\fastllm-master\include\devices/cpu/alivethreadpool.h(281): warning C4267: “初始化”: 从“size_t”转换到“int”，可能丢失数据
C:\Users\user\output\deepseek-v4部署\fastllm-master\include\devices/cpu/alivethreadpool.h(327): warning C4267: “初始化”: 从“size_t”转换到“int”，可能丢失数据
C:\Users\user\output\deepseek-v4部署\fastllm-master\include\devices/cpu/alivethreadpool.h(330): warning C4267: “初始化”: 从“size_t”转换到“int”，可能丢失数据
C:\Users\user\output\deepseek-v4部署\fastllm-master\include\devices/cpu/alivethreadpool.h(370): warning C4267: “初始化”: 从“size_t”转换到“int”，可能丢失数据
C:\Users\user\output\deepseek-v4部署\fastllm-master\include\devices/cpu/alivethreadpool.h(372): warning C4267: “初始化”: 从“size_t”转换到“int”，可能丢失数据
注意: 包含文件:    C:\Users\user\output\deepseek-v4部署\fastllm-master\third_party\json11\json11.hpp
C:\Users\user\output\deepseek-v4部署\fastllm-master\include\fastllm.h(222): warning C4244: “初始化”: 从“int”转换到“float”，可能丢失数据
C:\Users\user\output\deepseek-v4部署\fastllm-master\include\fastllm.h(222): warning C4244: “初始化”: 从“int”转换到“const float”，可能丢失数据
C:\Users\user\output\deepseek-v4部署\fastllm-master\include\fastllm.h(227): warning C4244: “=”: 从“float”转换到“uint8_t”，可能丢失数据
C:\Users\user\output\deepseek-v4部署\fastllm-master\include\fastllm.h(229): warning C4244: “=”: 从“const float”转换到“uint8_t”，可能丢失数据
C:\Users\user\output\deepseek-v4部署\fastllm-master\include\fastllm.h(687): warning C4996: 'std::codecvt_utf8<wchar_t,1114111,(std::codecvt_mode)0>': warning STL4017: std::wbuffer_convert, std::wstring_convert, and the <codecvt> header (containing std::codecvt_mode, std::codecvt_utf8, std::codecvt_utf16, and std::codecvt_utf8_utf16) are deprecated in C++17. (The std::codecvt class template is NOT deprecated.) The C++ Standard doesn't provide equivalent non-deprecated functionality; consider using MultiByteToWideChar() and WideCharToMultiByte() from <Windows.h> instead. You can define _SILENCE_CXX17_CODECVT_HEADER_DEPRECATION_WARNING or _SILENCE_ALL_CXX17_DEPRECATION_WARNINGS to suppress this warning.
C:\Program Files (x86)\Microsoft Visual Studio\2022\BuildTools\VC\Tools\MSVC\14.44.35207\include\codecvt(34): note: 参见“std::codecvt_utf8”的声明
C:\Users\user\output\deepseek-v4部署\fastllm-master\include\fastllm.h(687): warning C4996: 'std::wstring_convert<std::codecvt_utf8<wchar_t,1114111,(std::codecvt_mode)0>,wchar_t,std::allocator<wchar_t>,std::allocator<char>>': warning STL4017: std::wbuffer_convert, std::wstring_convert, and the <codecvt> header (containing std::codecvt_mode, std::codecvt_utf8, std::codecvt_utf16, and std::codecvt_utf8_utf16) are deprecated in C++17. (The std::codecvt class template is NOT deprecated.) The C++ Standard doesn't provide equivalent non-deprecated functionality; consider using MultiByteToWideChar() and WideCharToMultiByte() from <Windows.h> instead. You can define _SILENCE_CXX17_CODECVT_HEADER_DEPRECATION_WARNING or _SILENCE_ALL_CXX17_DEPRECATION_WARNINGS to suppress this warning.
C:\Program Files (x86)\Microsoft Visual Studio\2022\BuildTools\VC\Tools\MSVC\14.44.35207\include\xlocbuf(303): note: 参见“std::wstring_convert”的声明
注意: 包含文件:  C:\Users\user\output\deepseek-v4部署\fastllm-master\include\models\basellm.h
注意: 包含文件:   C:\Users\user\output\deepseek-v4部署\fastllm-master\include\template.h
注意: 包含文件:    C:\Users\user\output\deepseek-v4部署\fastllm-master\include\utils/utils.h
注意: 包含文件:     C:\Program Files (x86)\Windows Kits\10\include\10.0.26100.0\ucrt\fcntl.h
注意: 包含文件:     C:\Program Files (x86)\Microsoft Visual Studio\2022\BuildTools\VC\Tools\MSVC\14.44.35207\include\array
注意: 包含文件:     C:\Program Files (x86)\Microsoft Visual Studio\2022\BuildTools\VC\Tools\MSVC\14.44.35207\include\filesystem
注意: 包含文件:      C:\Program Files (x86)\Microsoft Visual Studio\2022\BuildTools\VC\Tools\MSVC\14.44.35207\include\iomanip
C:\Users\user\output\deepseek-v4部署\fastllm-master\include\utils/utils.h(30): warning C4067: 预处理器指令后有意外标记 - 应输入换行符
注意: 包含文件:     C:\Program Files (x86)\Windows Kits\10\include\10.0.26100.0\ucrt\io.h
注意: 包含文件:      C:\Program Files (x86)\Windows Kits\10\include\10.0.26100.0\ucrt\corecrt_io.h
C:\Users\user\output\deepseek-v4部署\fastllm-master\include\utils/utils.h(109): warning C4996: '_wfopen': This function or variable may be unsafe. Consider using _wfopen_s instead. To disable deprecation, use _CRT_SECURE_NO_WARNINGS. See online help for details.
C:\Users\user\output\deepseek-v4部署\fastllm-master\include\utils/utils.h(118): warning C4996: '_wopen': This function or variable may be unsafe. Consider using _wsopen_s instead. To disable deprecation, use _CRT_SECURE_NO_WARNINGS. See online help for details.
C:\Users\user\output\deepseek-v4部署\fastllm-master\include\utils/utils.h(150): warning C4244: “return”: 从“double”转换到“float”，可能丢失数据
C:\Users\user\output\deepseek-v4部署\fastllm-master\include\utils/utils.h(355): warning C4267: “初始化”: 从“size_t”转换到“int”，可能丢失数据
C:\Users\user\output\deepseek-v4部署\fastllm-master\include\utils/utils.h(417): warning C4244: “+=”: 从“double”转换到“float”，可能丢失数据
注意: 包含文件:   C:\Program Files (x86)\Microsoft Visual Studio\2022\BuildTools\VC\Tools\MSVC\14.44.35207\include\condition_variable
C:\Users\user\output\deepseek-v4部署\fastllm-master\include\models\basellm.h(344): warning C4305: “初始化”: 从“double”到“float”截断
C:\Users\user\output\deepseek-v4部署\fastllm-master\include\models\basellm.h(348): warning C4244: “初始化”: 从“double”转换到“const float”，可能丢失数据
C:\Users\user\output\deepseek-v4部署\fastllm-master\src\blocks\attentionpagedblock.cpp(94): warning C4244: “初始化”: 从“double”转换到“float”，可能丢失数据
C:\Users\user\output\deepseek-v4部署\fastllm-master\src\blocks\attentionpagedblock.cpp(233): warning C4244: “参数”: 从“double”转换到“float”，可能丢失数据
C:\Users\user\output\deepseek-v4部署\fastllm-master\src\blocks\attentionpagedblock.cpp(300): warning C4244: “参数”: 从“double”转换到“float”，可能丢失数据
[6/33] Building CXX object CMakeFiles\fastllm_tools.dir\src\devices\cpu\linear.cpp.obj
注意: 包含文件:  C:\Users\user\output\deepseek-v4部署\fastllm-master\include\devices/cpu/computeutils.h
注意: 包含文件:   C:\Program Files (x86)\Microsoft Visual Studio\2022\BuildTools\VC\Tools\MSVC\14.44.35207\include\cstdint
注意: 包含文件:    C:\Program Files (x86)\Microsoft Visual Studio\2022\BuildTools\VC\Tools\MSVC\14.44.35207\include\yvals_core.h
注意: 包含文件:     C:\Program Files (x86)\Microsoft Visual Studio\2022\BuildTools\VC\Tools\MSVC\14.44.35207\include\vcruntime.h
注意: 包含文件:      C:\Program Files (x86)\Microsoft Visual Studio\2022\BuildTools\VC\Tools\MSVC\14.44.35207\include\sal.h
注意: 包含文件:       C:\Program Files (x86)\Microsoft Visual Studio\2022\BuildTools\VC\Tools\MSVC\14.44.35207\include\concurrencysal.h
注意: 包含文件:      C:\Program Files (x86)\Microsoft Visual Studio\2022\BuildTools\VC\Tools\MSVC\14.44.35207\include\vadefs.h
注意: 包含文件:     C:\Program Files (x86)\Microsoft Visual Studio\2022\BuildTools\VC\Tools\MSVC\14.44.35207\include\xkeycheck.h
注意: 包含文件:    C:\Program Files (x86)\Microsoft Visual Studio\2022\BuildTools\VC\Tools\MSVC\14.44.35207\include\stdint.h
注意: 包含文件:   C:\Program Files (x86)\Microsoft Visual Studio\2022\BuildTools\VC\Tools\MSVC\14.44.35207\include\atomic
注意: 包含文件:    C:\Program Files (x86)\Microsoft Visual Studio\2022\BuildTools\VC\Tools\MSVC\14.44.35207\include\yvals.h
注意: 包含文件:     C:\Program Files (x86)\Windows Kits\10\include\10.0.26100.0\ucrt\crtdbg.h
注意: 包含文件:      C:\Program Files (x86)\Windows Kits\10\include\10.0.26100.0\ucrt\corecrt.h
注意: 包含文件:      C:\Program Files (x86)\Microsoft Visual Studio\2022\BuildTools\VC\Tools\MSVC\14.44.35207\include\vcruntime_new_debug.h
注意: 包含文件:       C:\Program Files (x86)\Microsoft Visual Studio\2022\BuildTools\VC\Tools\MSVC\14.44.35207\include\vcruntime_new.h
注意: 包含文件:     C:\Program Files (x86)\Microsoft Visual Studio\2022\BuildTools\VC\Tools\MSVC\14.44.35207\include\crtdefs.h
注意: 包含文件:     C:\Program Files (x86)\Microsoft Visual Studio\2022\BuildTools\VC\Tools\MSVC\14.44.35207\include\use_ansi.h
注意: 包含文件:    C:\Program Files (x86)\Microsoft Visual Studio\2022\BuildTools\VC\Tools\MSVC\14.44.35207\include\cstddef
注意: 包含文件:     C:\Program Files (x86)\Windows Kits\10\include\10.0.26100.0\ucrt\stddef.h
注意: 包含文件:     C:\Program Files (x86)\Microsoft Visual Studio\2022\BuildTools\VC\Tools\MSVC\14.44.35207\include\xtr1common
注意: 包含文件:    C:\Program Files (x86)\Microsoft Visual Studio\2022\BuildTools\VC\Tools\MSVC\14.44.35207\include\cstring
注意: 包含文件:     C:\Program Files (x86)\Windows Kits\10\include\10.0.26100.0\ucrt\string.h
注意: 包含文件:      C:\Program Files (x86)\Windows Kits\10\include\10.0.26100.0\ucrt\corecrt_memory.h
注意: 包含文件:       C:\Program Files (x86)\Windows Kits\10\include\10.0.26100.0\ucrt\corecrt_memcpy_s.h
注意: 包含文件:        C:\Program Files (x86)\Windows Kits\10\include\10.0.26100.0\ucrt\errno.h
注意: 包含文件:        C:\Program Files (x86)\Microsoft Visual Studio\2022\BuildTools\VC\Tools\MSVC\14.44.35207\include\vcruntime_string.h
注意: 包含文件:      C:\Program Files (x86)\Windows Kits\10\include\10.0.26100.0\ucrt\corecrt_wstring.h
注意: 包含文件:    C:\Program Files (x86)\Microsoft Visual Studio\2022\BuildTools\VC\Tools\MSVC\14.44.35207\include\xatomic.h
注意: 包含文件:     C:\Program Files (x86)\Microsoft Visual Studio\2022\BuildTools\VC\Tools\MSVC\14.44.35207\include\type_traits
注意: 包含文件:     C:\Program Files (x86)\Microsoft Visual Studio\2022\BuildTools\VC\Tools\MSVC\14.44.35207\include\intrin0.h
注意: 包含文件:      C:\Program Files (x86)\Microsoft Visual Studio\2022\BuildTools\VC\Tools\MSVC\14.44.35207\include\intrin0.inl.h
注意: 包含文件:    C:\Program Files (x86)\Microsoft Visual Studio\2022\BuildTools\VC\Tools\MSVC\14.44.35207\include\xthreads.h
注意: 包含文件:     C:\Program Files (x86)\Microsoft Visual Studio\2022\BuildTools\VC\Tools\MSVC\14.44.35207\include\__msvc_threads_core.hpp
注意: 包含文件:     C:\Program Files (x86)\Microsoft Visual Studio\2022\BuildTools\VC\Tools\MSVC\14.44.35207\include\climits
注意: 包含文件:      C:\Program Files (x86)\Microsoft Visual Studio\2022\BuildTools\VC\Tools\MSVC\14.44.35207\include\limits.h
注意: 包含文件:     C:\Program Files (x86)\Microsoft Visual Studio\2022\BuildTools\VC\Tools\MSVC\14.44.35207\include\xtimec.h
注意: 包含文件:      C:\Program Files (x86)\Microsoft Visual Studio\2022\BuildTools\VC\Tools\MSVC\14.44.35207\include\ctime
注意: 包含文件:       C:\Program Files (x86)\Windows Kits\10\include\10.0.26100.0\ucrt\time.h
注意: 包含文件:        C:\Program Files (x86)\Windows Kits\10\include\10.0.26100.0\ucrt\corecrt_wtime.h
注意: 包含文件:   C:\Users\user\output\deepseek-v4部署\fastllm-master\include\fastllm.h
注意: 包含文件:    C:\Program Files (x86)\Microsoft Visual Studio\2022\BuildTools\VC\Tools\MSVC\14.44.35207\include\vector
注意: 包含文件:     C:\Program Files (x86)\Microsoft Visual Studio\2022\BuildTools\VC\Tools\MSVC\14.44.35207\include\__msvc_bit_utils.hpp
注意: 包含文件:     C:\Program Files (x86)\Microsoft Visual Studio\2022\BuildTools\VC\Tools\MSVC\14.44.35207\include\__msvc_sanitizer_annotate_container.hpp
注意: 包含文件:     C:\Program Files (x86)\Microsoft Visual Studio\2022\BuildTools\VC\Tools\MSVC\14.44.35207\include\xmemory
注意: 包含文件:      C:\Program Files (x86)\Microsoft Visual Studio\2022\BuildTools\VC\Tools\MSVC\14.44.35207\include\cstdlib
注意: 包含文件:       C:\Program Files (x86)\Windows Kits\10\include\10.0.26100.0\ucrt\math.h
注意: 包含文件:        C:\Program Files (x86)\Windows Kits\10\include\10.0.26100.0\ucrt\corecrt_math.h
注意: 包含文件:        C:\Program Files (x86)\Windows Kits\10\include\10.0.26100.0\ucrt\corecrt_math_defines.h
注意: 包含文件:       C:\Program Files (x86)\Windows Kits\10\include\10.0.26100.0\ucrt\stdlib.h
注意: 包含文件:        C:\Program Files (x86)\Windows Kits\10\include\10.0.26100.0\ucrt\corecrt_malloc.h
注意: 包含文件:        C:\Program Files (x86)\Windows Kits\10\include\10.0.26100.0\ucrt\corecrt_search.h
注意: 包含文件:        C:\Program Files (x86)\Windows Kits\10\include\10.0.26100.0\ucrt\corecrt_wstdlib.h
注意: 包含文件:      C:\Program Files (x86)\Microsoft Visual Studio\2022\BuildTools\VC\Tools\MSVC\14.44.35207\include\limits
注意: 包含文件:       C:\Program Files (x86)\Microsoft Visual Studio\2022\BuildTools\VC\Tools\MSVC\14.44.35207\include\cfloat
注意: 包含文件:        C:\Program Files (x86)\Windows Kits\10\include\10.0.26100.0\ucrt\float.h
注意: 包含文件:       C:\Program Files (x86)\Microsoft Visual Studio\2022\BuildTools\VC\Tools\MSVC\14.44.35207\include\cwchar
注意: 包含文件:        C:\Program Files (x86)\Microsoft Visual Studio\2022\BuildTools\VC\Tools\MSVC\14.44.35207\include\cstdio
注意: 包含文件:         C:\Program Files (x86)\Windows Kits\10\include\10.0.26100.0\ucrt\stdio.h
注意: 包含文件:          C:\Program Files (x86)\Windows Kits\10\include\10.0.26100.0\ucrt\corecrt_wstdio.h
注意: 包含文件:           C:\Program Files (x86)\Windows Kits\10\include\10.0.26100.0\ucrt\corecrt_stdio_config.h
注意: 包含文件:        C:\Program Files (x86)\Windows Kits\10\include\10.0.26100.0\ucrt\wchar.h
注意: 包含文件:         C:\Program Files (x86)\Windows Kits\10\include\10.0.26100.0\ucrt\corecrt_wconio.h
注意: 包含文件:         C:\Program Files (x86)\Windows Kits\10\include\10.0.26100.0\ucrt\corecrt_wctype.h
注意: 包含文件:         C:\Program Files (x86)\Windows Kits\10\include\10.0.26100.0\ucrt\corecrt_wdirect.h
注意: 包含文件:         C:\Program Files (x86)\Windows Kits\10\include\10.0.26100.0\ucrt\corecrt_wio.h
注意: 包含文件:          C:\Program Files (x86)\Windows Kits\10\include\10.0.26100.0\ucrt\corecrt_share.h
注意: 包含文件:         C:\Program Files (x86)\Windows Kits\10\include\10.0.26100.0\ucrt\corecrt_wprocess.h
注意: 包含文件:         C:\Program Files (x86)\Windows Kits\10\include\10.0.26100.0\ucrt\sys/stat.h
注意: 包含文件:          C:\Program Files (x86)\Windows Kits\10\include\10.0.26100.0\ucrt\sys/types.h
注意: 包含文件:         C:\Program Files (x86)\Microsoft Visual Studio\2022\BuildTools\VC\Tools\MSVC\14.44.35207\include\intrin.h
注意: 包含文件:          C:\Program Files (x86)\Microsoft Visual Studio\2022\BuildTools\VC\Tools\MSVC\14.44.35207\include\setjmp.h
注意: 包含文件:          C:\Program Files (x86)\Microsoft Visual Studio\2022\BuildTools\VC\Tools\MSVC\14.44.35207\include\immintrin.h
注意: 包含文件:           C:\Program Files (x86)\Microsoft Visual Studio\2022\BuildTools\VC\Tools\MSVC\14.44.35207\include\wmmintrin.h
注意: 包含文件:            C:\Program Files (x86)\Microsoft Visual Studio\2022\BuildTools\VC\Tools\MSVC\14.44.35207\include\nmmintrin.h
注意: 包含文件:             C:\Program Files (x86)\Microsoft Visual Studio\2022\BuildTools\VC\Tools\MSVC\14.44.35207\include\smmintrin.h
注意: 包含文件:              C:\Program Files (x86)\Microsoft Visual Studio\2022\BuildTools\VC\Tools\MSVC\14.44.35207\include\tmmintrin.h
注意: 包含文件:               C:\Program Files (x86)\Microsoft Visual Studio\2022\BuildTools\VC\Tools\MSVC\14.44.35207\include\pmmintrin.h
注意: 包含文件:                C:\Program Files (x86)\Microsoft Visual Studio\2022\BuildTools\VC\Tools\MSVC\14.44.35207\include\emmintrin.h
注意: 包含文件:                 C:\Program Files (x86)\Microsoft Visual Studio\2022\BuildTools\VC\Tools\MSVC\14.44.35207\include\xmmintrin.h
注意: 包含文件:                  C:\Program Files (x86)\Microsoft Visual Studio\2022\BuildTools\VC\Tools\MSVC\14.44.35207\include\mmintrin.h
注意: 包含文件:                  C:\Program Files (x86)\Windows Kits\10\include\10.0.26100.0\ucrt\malloc.h
注意: 包含文件:           C:\Program Files (x86)\Microsoft Visual Studio\2022\BuildTools\VC\Tools\MSVC\14.44.35207\include\zmmintrin.h
注意: 包含文件:          C:\Program Files (x86)\Microsoft Visual Studio\2022\BuildTools\VC\Tools\MSVC\14.44.35207\include\ammintrin.h
注意: 包含文件:      C:\Program Files (x86)\Microsoft Visual Studio\2022\BuildTools\VC\Tools\MSVC\14.44.35207\include\new
注意: 包含文件:       C:\Program Files (x86)\Microsoft Visual Studio\2022\BuildTools\VC\Tools\MSVC\14.44.35207\include\exception
注意: 包含文件:        C:\Program Files (x86)\Microsoft Visual Studio\2022\BuildTools\VC\Tools\MSVC\14.44.35207\include\vcruntime_exception.h
注意: 包含文件:         C:\Program Files (x86)\Microsoft Visual Studio\2022\BuildTools\VC\Tools\MSVC\14.44.35207\include\eh.h
注意: 包含文件:          C:\Program Files (x86)\Windows Kits\10\include\10.0.26100.0\ucrt\corecrt_terminate.h
注意: 包含文件:      C:\Program Files (x86)\Microsoft Visual Studio\2022\BuildTools\VC\Tools\MSVC\14.44.35207\include\xutility
注意: 包含文件:       C:\Program Files (x86)\Microsoft Visual Studio\2022\BuildTools\VC\Tools\MSVC\14.44.35207\include\__msvc_iter_core.hpp
注意: 包含文件:        C:\Program Files (x86)\Microsoft Visual Studio\2022\BuildTools\VC\Tools\MSVC\14.44.35207\include\utility
注意: 包含文件:         C:\Program Files (x86)\Microsoft Visual Studio\2022\BuildTools\VC\Tools\MSVC\14.44.35207\include\initializer_list
注意: 包含文件:     C:\Program Files (x86)\Microsoft Visual Studio\2022\BuildTools\VC\Tools\MSVC\14.44.35207\include\xpolymorphic_allocator.h
注意: 包含文件:      C:\Program Files (x86)\Microsoft Visual Studio\2022\BuildTools\VC\Tools\MSVC\14.44.35207\include\tuple
注意: 包含文件:    C:\Program Files (x86)\Microsoft Visual Studio\2022\BuildTools\VC\Tools\MSVC\14.44.35207\include\string
注意: 包含文件:     C:\Program Files (x86)\Microsoft Visual Studio\2022\BuildTools\VC\Tools\MSVC\14.44.35207\include\xstring
注意: 包含文件:      C:\Program Files (x86)\Microsoft Visual Studio\2022\BuildTools\VC\Tools\MSVC\14.44.35207\include\__msvc_string_view.hpp
注意: 包含文件:       C:\Program Files (x86)\Microsoft Visual Studio\2022\BuildTools\VC\Tools\MSVC\14.44.35207\include\iosfwd
注意: 包含文件:     C:\Program Files (x86)\Microsoft Visual Studio\2022\BuildTools\VC\Tools\MSVC\14.44.35207\include\cctype
注意: 包含文件:      C:\Program Files (x86)\Windows Kits\10\include\10.0.26100.0\ucrt\ctype.h
注意: 包含文件:    C:\Program Files (x86)\Microsoft Visual Studio\2022\BuildTools\VC\Tools\MSVC\14.44.35207\include\map
注意: 包含文件:     C:\Program Files (x86)\Microsoft Visual Studio\2022\BuildTools\VC\Tools\MSVC\14.44.35207\include\xtree
注意: 包含文件:      C:\Program Files (x86)\Microsoft Visual Studio\2022\BuildTools\VC\Tools\MSVC\14.44.35207\include\xnode_handle.h
注意: 包含文件:    C:\Program Files (x86)\Microsoft Visual Studio\2022\BuildTools\VC\Tools\MSVC\14.44.35207\include\set
注意: 包含文件:    C:\Program Files (x86)\Microsoft Visual Studio\2022\BuildTools\VC\Tools\MSVC\14.44.35207\include\queue
注意: 包含文件:     C:\Program Files (x86)\Microsoft Visual Studio\2022\BuildTools\VC\Tools\MSVC\14.44.35207\include\__msvc_heap_algorithms.hpp
注意: 包含文件:     C:\Program Files (x86)\Microsoft Visual Studio\2022\BuildTools\VC\Tools\MSVC\14.44.35207\include\deque
注意: 包含文件:    C:\Program Files (x86)\Microsoft Visual Studio\2022\BuildTools\VC\Tools\MSVC\14.44.35207\include\unordered_map
注意: 包含文件:     C:\Program Files (x86)\Microsoft Visual Studio\2022\BuildTools\VC\Tools\MSVC\14.44.35207\include\xhash
注意: 包含文件:      C:\Program Files (x86)\Microsoft Visual Studio\2022\BuildTools\VC\Tools\MSVC\14.44.35207\include\cmath
注意: 包含文件:      C:\Program Files (x86)\Microsoft Visual Studio\2022\BuildTools\VC\Tools\MSVC\14.44.35207\include\list
注意: 包含文件:      C:\Program Files (x86)\Microsoft Visual Studio\2022\BuildTools\VC\Tools\MSVC\14.44.35207\include\xbit_ops.h
注意: 包含文件:    C:\Program Files (x86)\Microsoft Visual Studio\2022\BuildTools\VC\Tools\MSVC\14.44.35207\include\unordered_set
注意: 包含文件:    C:\Program Files (x86)\Microsoft Visual Studio\2022\BuildTools\VC\Tools\MSVC\14.44.35207\include\algorithm
注意: 包含文件:     C:\Program Files (x86)\Microsoft Visual Studio\2022\BuildTools\VC\Tools\MSVC\14.44.35207\include\__msvc_minmax.hpp
注意: 包含文件:    C:\Program Files (x86)\Microsoft Visual Studio\2022\BuildTools\VC\Tools\MSVC\14.44.35207\include\iostream
注意: 包含文件:     C:\Program Files (x86)\Microsoft Visual Studio\2022\BuildTools\VC\Tools\MSVC\14.44.35207\include\istream
注意: 包含文件:      C:\Program Files (x86)\Microsoft Visual Studio\2022\BuildTools\VC\Tools\MSVC\14.44.35207\include\__msvc_ostream.hpp
注意: 包含文件:       C:\Program Files (x86)\Microsoft Visual Studio\2022\BuildTools\VC\Tools\MSVC\14.44.35207\include\ios
注意: 包含文件:        C:\Program Files (x86)\Microsoft Visual Studio\2022\BuildTools\VC\Tools\MSVC\14.44.35207\include\xlocnum
注意: 包含文件:         C:\Program Files (x86)\Microsoft Visual Studio\2022\BuildTools\VC\Tools\MSVC\14.44.35207\include\iterator
注意: 包含文件:         C:\Program Files (x86)\Microsoft Visual Studio\2022\BuildTools\VC\Tools\MSVC\14.44.35207\include\streambuf
注意: 包含文件:          C:\Program Files (x86)\Microsoft Visual Studio\2022\BuildTools\VC\Tools\MSVC\14.44.35207\include\xiosbase
注意: 包含文件:           C:\Program Files (x86)\Windows Kits\10\include\10.0.26100.0\ucrt\share.h
注意: 包含文件:           C:\Program Files (x86)\Microsoft Visual Studio\2022\BuildTools\VC\Tools\MSVC\14.44.35207\include\system_error
注意: 包含文件:            C:\Program Files (x86)\Microsoft Visual Studio\2022\BuildTools\VC\Tools\MSVC\14.44.35207\include\__msvc_system_error_abi.hpp
注意: 包含文件:            C:\Program Files (x86)\Microsoft Visual Studio\2022\BuildTools\VC\Tools\MSVC\14.44.35207\include\cerrno
注意: 包含文件:            C:\Program Files (x86)\Microsoft Visual Studio\2022\BuildTools\VC\Tools\MSVC\14.44.35207\include\stdexcept
注意: 包含文件:            C:\Program Files (x86)\Microsoft Visual Studio\2022\BuildTools\VC\Tools\MSVC\14.44.35207\include\xcall_once.h
注意: 包含文件:            C:\Program Files (x86)\Microsoft Visual Studio\2022\BuildTools\VC\Tools\MSVC\14.44.35207\include\xerrc.h
注意: 包含文件:           C:\Program Files (x86)\Microsoft Visual Studio\2022\BuildTools\VC\Tools\MSVC\14.44.35207\include\xlocale
注意: 包含文件:            C:\Program Files (x86)\Microsoft Visual Studio\2022\BuildTools\VC\Tools\MSVC\14.44.35207\include\memory
注意: 包含文件:             C:\Program Files (x86)\Microsoft Visual Studio\2022\BuildTools\VC\Tools\MSVC\14.44.35207\include\typeinfo
注意: 包含文件:              C:\Program Files (x86)\Microsoft Visual Studio\2022\BuildTools\VC\Tools\MSVC\14.44.35207\include\vcruntime_typeinfo.h
注意: 包含文件:            C:\Program Files (x86)\Microsoft Visual Studio\2022\BuildTools\VC\Tools\MSVC\14.44.35207\include\xfacet
注意: 包含文件:            C:\Program Files (x86)\Microsoft Visual Studio\2022\BuildTools\VC\Tools\MSVC\14.44.35207\include\xlocinfo
注意: 包含文件:             C:\Program Files (x86)\Microsoft Visual Studio\2022\BuildTools\VC\Tools\MSVC\14.44.35207\include\__msvc_xlocinfo_types.hpp
注意: 包含文件:             C:\Program Files (x86)\Microsoft Visual Studio\2022\BuildTools\VC\Tools\MSVC\14.44.35207\include\clocale
注意: 包含文件:              C:\Program Files (x86)\Windows Kits\10\include\10.0.26100.0\ucrt\locale.h
注意: 包含文件:     C:\Program Files (x86)\Microsoft Visual Studio\2022\BuildTools\VC\Tools\MSVC\14.44.35207\include\ostream
注意: 包含文件:    C:\Program Files (x86)\Microsoft Visual Studio\2022\BuildTools\VC\Tools\MSVC\14.44.35207\include\functional
注意: 包含文件:    C:\Program Files (x86)\Microsoft Visual Studio\2022\BuildTools\VC\Tools\MSVC\14.44.35207\include\mutex
注意: 包含文件:     C:\Program Files (x86)\Microsoft Visual Studio\2022\BuildTools\VC\Tools\MSVC\14.44.35207\include\__msvc_chrono.hpp
注意: 包含文件:      C:\Program Files (x86)\Microsoft Visual Studio\2022\BuildTools\VC\Tools\MSVC\14.44.35207\include\ratio
注意: 包含文件:     C:\Program Files (x86)\Microsoft Visual Studio\2022\BuildTools\VC\Tools\MSVC\14.44.35207\include\thread
注意: 包含文件:      C:\Program Files (x86)\Windows Kits\10\include\10.0.26100.0\ucrt\process.h
注意: 包含文件:       C:\Program Files (x86)\Windows Kits\10\include\10.0.26100.0\ucrt\corecrt_startup.h
注意: 包含文件:        C:\Program Files (x86)\Windows Kits\10\include\10.0.26100.0\ucrt\math.h
注意: 包含文件:        C:\Program Files (x86)\Microsoft Visual Studio\2022\BuildTools\VC\Tools\MSVC\14.44.35207\include\vcruntime_startup.h
注意: 包含文件:    C:\Program Files (x86)\Microsoft Visual Studio\2022\BuildTools\VC\Tools\MSVC\14.44.35207\include\locale
注意: 包含文件:     C:\Program Files (x86)\Microsoft Visual Studio\2022\BuildTools\VC\Tools\MSVC\14.44.35207\include\xlocbuf
注意: 包含文件:     C:\Program Files (x86)\Microsoft Visual Studio\2022\BuildTools\VC\Tools\MSVC\14.44.35207\include\xlocmes
注意: 包含文件:     C:\Program Files (x86)\Microsoft Visual Studio\2022\BuildTools\VC\Tools\MSVC\14.44.35207\include\xlocmon
注意: 包含文件:     C:\Program Files (x86)\Microsoft Visual Studio\2022\BuildTools\VC\Tools\MSVC\14.44.35207\include\xloctime
注意: 包含文件:    C:\Program Files (x86)\Microsoft Visual Studio\2022\BuildTools\VC\Tools\MSVC\14.44.35207\include\codecvt
注意: 包含文件:    C:\Users\user\output\deepseek-v4部署\fastllm-master\include\devices/cpu/alivethreadpool.h
注意: 包含文件:     C:\Program Files (x86)\Microsoft Visual Studio\2022\BuildTools\VC\Tools\MSVC\14.44.35207\include\chrono
注意: 包含文件:      C:\Program Files (x86)\Microsoft Visual Studio\2022\BuildTools\VC\Tools\MSVC\14.44.35207\include\xfilesystem_abi.h
注意: 包含文件:     C:\Program Files (x86)\Windows Kits\10\\include\10.0.26100.0\\um\Windows.h
注意: 包含文件:      C:\Program Files (x86)\Windows Kits\10\\include\10.0.26100.0\\shared\winapifamily.h
注意: 包含文件:       C:\Program Files (x86)\Windows Kits\10\\include\10.0.26100.0\\shared\winpackagefamily.h
注意: 包含文件:      C:\Program Files (x86)\Windows Kits\10\\include\10.0.26100.0\\shared\sdkddkver.h
注意: 包含文件:      C:\Program Files (x86)\Microsoft Visual Studio\2022\BuildTools\VC\Tools\MSVC\14.44.35207\include\excpt.h
注意: 包含文件:      C:\Program Files (x86)\Microsoft Visual Studio\2022\BuildTools\VC\Tools\MSVC\14.44.35207\include\stdarg.h
注意: 包含文件:      C:\Program Files (x86)\Windows Kits\10\\include\10.0.26100.0\\shared\windef.h
注意: 包含文件:       C:\Program Files (x86)\Windows Kits\10\\include\10.0.26100.0\\shared\minwindef.h
注意: 包含文件:        C:\Program Files (x86)\Windows Kits\10\\include\10.0.26100.0\\shared\specstrings.h
注意: 包含文件:         C:\Program Files (x86)\Windows Kits\10\\include\10.0.26100.0\\shared\specstrings_strict.h
注意: 包含文件:          C:\Program Files (x86)\Windows Kits\10\\include\10.0.26100.0\\shared\specstrings_undef.h
注意: 包含文件:         C:\Program Files (x86)\Windows Kits\10\\include\10.0.26100.0\\shared\driverspecs.h
注意: 包含文件:          C:\Program Files (x86)\Windows Kits\10\include\10.0.26100.0\shared\sdv_driverspecs.h
注意: 包含文件:        C:\Program Files (x86)\Windows Kits\10\\include\10.0.26100.0\\um\winnt.h
注意: 包含文件:         C:\Program Files (x86)\Windows Kits\10\\include\10.0.26100.0\\shared\kernelspecs.h
注意: 包含文件:         C:\Program Files (x86)\Windows Kits\10\\include\10.0.26100.0\\shared\basetsd.h
注意: 包含文件:         C:\Program Files (x86)\Windows Kits\10\\include\10.0.26100.0\\shared\guiddef.h
注意: 包含文件:         C:\Program Files (x86)\Windows Kits\10\include\10.0.26100.0\shared\pshpack4.h
注意: 包含文件:         C:\Program Files (x86)\Windows Kits\10\include\10.0.26100.0\shared\poppack.h
注意: 包含文件:         C:\Program Files (x86)\Windows Kits\10\\include\10.0.26100.0\\shared\pshpack4.h
注意: 包含文件:         C:\Program Files (x86)\Windows Kits\10\\include\10.0.26100.0\\shared\poppack.h
注意: 包含文件:         C:\Program Files (x86)\Windows Kits\10\include\10.0.26100.0\shared\pshpack4.h
注意: 包含文件:         C:\Program Files (x86)\Windows Kits\10\include\10.0.26100.0\shared\pshpack2.h
注意: 包含文件:         C:\Program Files (x86)\Windows Kits\10\include\10.0.26100.0\shared\poppack.h
注意: 包含文件:         C:\Program Files (x86)\Windows Kits\10\include\10.0.26100.0\shared\pshpack2.h
注意: 包含文件:         C:\Program Files (x86)\Windows Kits\10\\include\10.0.26100.0\\shared\pshpack2.h
注意: 包含文件:         C:\Program Files (x86)\Windows Kits\10\\include\10.0.26100.0\\shared\poppack.h
注意: 包含文件:         C:\Program Files (x86)\Windows Kits\10\include\10.0.26100.0\shared\poppack.h
注意: 包含文件:         C:\Program Files (x86)\Windows Kits\10\include\10.0.26100.0\shared\pshpack8.h
注意: 包含文件:         C:\Program Files (x86)\Windows Kits\10\include\10.0.26100.0\shared\poppack.h
注意: 包含文件:         C:\Program Files (x86)\Windows Kits\10\include\10.0.26100.0\shared\pshpack1.h
注意: 包含文件:         C:\Program Files (x86)\Windows Kits\10\include\10.0.26100.0\shared\poppack.h
注意: 包含文件:         C:\Program Files (x86)\Windows Kits\10\include\10.0.26100.0\shared\pshpack1.h
注意: 包含文件:         C:\Program Files (x86)\Windows Kits\10\include\10.0.26100.0\shared\poppack.h
注意: 包含文件:         C:\Program Files (x86)\Windows Kits\10\include\10.0.26100.0\shared\poppack.h
注意: 包含文件:         C:\Program Files (x86)\Windows Kits\10\\include\10.0.26100.0\\shared\apiset.h
注意: 包含文件:         C:\Program Files (x86)\Windows Kits\10\\include\10.0.26100.0\\shared\ktmtypes.h
注意: 包含文件:      C:\Program Files (x86)\Windows Kits\10\\include\10.0.26100.0\\um\winbase.h
注意: 包含文件:       C:\Program Files (x86)\Windows Kits\10\\include\10.0.26100.0\\shared\apisetcconv.h
注意: 包含文件:       C:\Program Files (x86)\Windows Kits\10\\include\10.0.26100.0\\um\minwinbase.h
注意: 包含文件:       C:\Program Files (x86)\Windows Kits\10\\include\10.0.26100.0\\um\apiquery2.h
注意: 包含文件:       C:\Program Files (x86)\Windows Kits\10\\include\10.0.26100.0\\um\processenv.h
注意: 包含文件:       C:\Program Files (x86)\Windows Kits\10\\include\10.0.26100.0\\um\fileapifromapp.h
注意: 包含文件:        C:\Program Files (x86)\Windows Kits\10\\include\10.0.26100.0\\um\fileapi.h
注意: 包含文件:       C:\Program Files (x86)\Windows Kits\10\\include\10.0.26100.0\\um\debugapi.h
注意: 包含文件:       C:\Program Files (x86)\Windows Kits\10\\include\10.0.26100.0\\um\utilapiset.h
注意: 包含文件:       C:\Program Files (x86)\Windows Kits\10\\include\10.0.26100.0\\um\handleapi.h
注意: 包含文件:       C:\Program Files (x86)\Windows Kits\10\\include\10.0.26100.0\\um\errhandlingapi.h
注意: 包含文件:       C:\Program Files (x86)\Windows Kits\10\\include\10.0.26100.0\\um\fibersapi.h
注意: 包含文件:       C:\Program Files (x86)\Windows Kits\10\\include\10.0.26100.0\\um\namedpipeapi.h
注意: 包含文件:       C:\Program Files (x86)\Windows Kits\10\\include\10.0.26100.0\\um\profileapi.h
注意: 包含文件:       C:\Program Files (x86)\Windows Kits\10\\include\10.0.26100.0\\um\heapapi.h
注意: 包含文件:       C:\Program Files (x86)\Windows Kits\10\\include\10.0.26100.0\\um\ioapiset.h
注意: 包含文件:       C:\Program Files (x86)\Windows Kits\10\\include\10.0.26100.0\\um\synchapi.h
注意: 包含文件:       C:\Program Files (x86)\Windows Kits\10\\include\10.0.26100.0\\um\interlockedapi.h
注意: 包含文件:       C:\Program Files (x86)\Windows Kits\10\\include\10.0.26100.0\\um\processthreadsapi.h
注意: 包含文件:       C:\Program Files (x86)\Windows Kits\10\\include\10.0.26100.0\\um\sysinfoapi.h
注意: 包含文件:       C:\Program Files (x86)\Windows Kits\10\\include\10.0.26100.0\\um\memoryapi.h
注意: 包含文件:       C:\Program Files (x86)\Windows Kits\10\\include\10.0.26100.0\\um\enclaveapi.h
注意: 包含文件:       C:\Program Files (x86)\Windows Kits\10\\include\10.0.26100.0\\um\threadpoollegacyapiset.h
注意: 包含文件:       C:\Program Files (x86)\Windows Kits\10\\include\10.0.26100.0\\um\threadpoolapiset.h
注意: 包含文件:       C:\Program Files (x86)\Windows Kits\10\\include\10.0.26100.0\\um\jobapi.h
注意: 包含文件:       C:\Program Files (x86)\Windows Kits\10\\include\10.0.26100.0\\um\jobapi2.h
注意: 包含文件:       C:\Program Files (x86)\Windows Kits\10\\include\10.0.26100.0\\um\wow64apiset.h
注意: 包含文件:       C:\Program Files (x86)\Windows Kits\10\\include\10.0.26100.0\\um\libloaderapi.h
注意: 包含文件:       C:\Program Files (x86)\Windows Kits\10\\include\10.0.26100.0\\um\securitybaseapi.h
注意: 包含文件:       C:\Program Files (x86)\Windows Kits\10\\include\10.0.26100.0\\um\namespaceapi.h
注意: 包含文件:       C:\Program Files (x86)\Windows Kits\10\\include\10.0.26100.0\\um\systemtopologyapi.h
注意: 包含文件:       C:\Program Files (x86)\Windows Kits\10\\include\10.0.26100.0\\um\processtopologyapi.h
注意: 包含文件:       C:\Program Files (x86)\Windows Kits\10\\include\10.0.26100.0\\um\securityappcontainer.h
注意: 包含文件:       C:\Program Files (x86)\Windows Kits\10\\include\10.0.26100.0\\um\realtimeapiset.h
注意: 包含文件:       C:\Program Files (x86)\Windows Kits\10\\include\10.0.26100.0\\shared\winerror.h
注意: 包含文件:       C:\Program Files (x86)\Windows Kits\10\\include\10.0.26100.0\\um\timezoneapi.h
注意: 包含文件:      C:\Program Files (x86)\Windows Kits\10\\include\10.0.26100.0\\um\wingdi.h
注意: 包含文件:       C:\Program Files (x86)\Windows Kits\10\\include\10.0.26100.0\\shared\pshpack1.h
注意: 包含文件:       C:\Program Files (x86)\Windows Kits\10\\include\10.0.26100.0\\shared\poppack.h
注意: 包含文件:       C:\Program Files (x86)\Windows Kits\10\\include\10.0.26100.0\\shared\pshpack2.h
注意: 包含文件:       C:\Program Files (x86)\Windows Kits\10\\include\10.0.26100.0\\shared\poppack.h
注意: 包含文件:       C:\Program Files (x86)\Windows Kits\10\\include\10.0.26100.0\\shared\pshpack2.h
注意: 包含文件:       C:\Program Files (x86)\Windows Kits\10\\include\10.0.26100.0\\shared\poppack.h
注意: 包含文件:       C:\Program Files (x86)\Windows Kits\10\\include\10.0.26100.0\\shared\pshpack4.h
注意: 包含文件:       C:\Program Files (x86)\Windows Kits\10\\include\10.0.26100.0\\shared\poppack.h
注意: 包含文件:       C:\Program Files (x86)\Windows Kits\10\\include\10.0.26100.0\\shared\pshpack4.h
注意: 包含文件:       C:\Program Files (x86)\Windows Kits\10\\include\10.0.26100.0\\shared\poppack.h
注意: 包含文件:      C:\Program Files (x86)\Windows Kits\10\\include\10.0.26100.0\\um\winuser.h
注意: 包含文件:       C:\Program Files (x86)\Windows Kits\10\\include\10.0.26100.0\\shared\pshpack2.h
注意: 包含文件:       C:\Program Files (x86)\Windows Kits\10\\include\10.0.26100.0\\shared\poppack.h
注意: 包含文件:       C:\Program Files (x86)\Windows Kits\10\\include\10.0.26100.0\\shared\tvout.h
注意: 包含文件:      C:\Program Files (x86)\Windows Kits\10\\include\10.0.26100.0\\um\winnls.h
注意: 包含文件:       C:\Program Files (x86)\Windows Kits\10\\include\10.0.26100.0\\um\datetimeapi.h
注意: 包含文件:       C:\Program Files (x86)\Windows Kits\10\\include\10.0.26100.0\\um\stringapiset.h
注意: 包含文件:        C:\Program Files (x86)\Windows Kits\10\\include\10.0.26100.0\\um\winnls.h
注意: 包含文件:      C:\Program Files (x86)\Windows Kits\10\\include\10.0.26100.0\\um\wincon.h
注意: 包含文件:       C:\Program Files (x86)\Windows Kits\10\\include\10.0.26100.0\\um\wincontypes.h
注意: 包含文件:       C:\Program Files (x86)\Windows Kits\10\\include\10.0.26100.0\\um\consoleapi.h
注意: 包含文件:       C:\Program Files (x86)\Windows Kits\10\\include\10.0.26100.0\\um\consoleapi2.h
注意: 包含文件:       C:\Program Files (x86)\Windows Kits\10\\include\10.0.26100.0\\um\consoleapi3.h
注意: 包含文件:      C:\Program Files (x86)\Windows Kits\10\\include\10.0.26100.0\\um\winver.h
注意: 包含文件:       C:\Program Files (x86)\Windows Kits\10\\include\10.0.26100.0\\um\verrsrc.h
注意: 包含文件:      C:\Program Files (x86)\Windows Kits\10\\include\10.0.26100.0\\um\winreg.h
注意: 包含文件:       C:\Program Files (x86)\Windows Kits\10\\include\10.0.26100.0\\um\reason.h
注意: 包含文件:      C:\Program Files (x86)\Windows Kits\10\\include\10.0.26100.0\\um\winnetwk.h
注意: 包含文件:       C:\Program Files (x86)\Windows Kits\10\\include\10.0.26100.0\\shared\wnnc.h
注意: 包含文件:      C:\Program Files (x86)\Windows Kits\10\\include\10.0.26100.0\\shared\cderr.h
注意: 包含文件:      C:\Program Files (x86)\Windows Kits\10\\include\10.0.26100.0\\um\dde.h
注意: 包含文件:      C:\Program Files (x86)\Windows Kits\10\\include\10.0.26100.0\\um\ddeml.h
注意: 包含文件:      C:\Program Files (x86)\Windows Kits\10\\include\10.0.26100.0\\um\dlgs.h
注意: 包含文件:      C:\Program Files (x86)\Windows Kits\10\\include\10.0.26100.0\\um\lzexpand.h
注意: 包含文件:      C:\Program Files (x86)\Windows Kits\10\\include\10.0.26100.0\\um\mmsystem.h
注意: 包含文件:       C:\Program Files (x86)\Windows Kits\10\\include\10.0.26100.0\\um\mmsyscom.h
注意: 包含文件:        C:\Program Files (x86)\Windows Kits\10\\include\10.0.26100.0\\shared\pshpack1.h
注意: 包含文件:        C:\Program Files (x86)\Windows Kits\10\\include\10.0.26100.0\\shared\poppack.h
注意: 包含文件:       C:\Program Files (x86)\Windows Kits\10\\include\10.0.26100.0\\shared\pshpack1.h
注意: 包含文件:       C:\Program Files (x86)\Windows Kits\10\\include\10.0.26100.0\\um\mciapi.h
注意: 包含文件:        C:\Program Files (x86)\Windows Kits\10\\include\10.0.26100.0\\um\mmsyscom.h
注意: 包含文件:       C:\Program Files (x86)\Windows Kits\10\\include\10.0.26100.0\\um\mmiscapi.h
注意: 包含文件:        C:\Program Files (x86)\Windows Kits\10\\include\10.0.26100.0\\um\mmsyscom.h
注意: 包含文件:       C:\Program Files (x86)\Windows Kits\10\\include\10.0.26100.0\\um\mmiscapi2.h
注意: 包含文件:        C:\Program Files (x86)\Windows Kits\10\\include\10.0.26100.0\\um\mmsyscom.h
注意: 包含文件:       C:\Program Files (x86)\Windows Kits\10\\include\10.0.26100.0\\um\playsoundapi.h
注意: 包含文件:        C:\Program Files (x86)\Windows Kits\10\\include\10.0.26100.0\\um\mmsyscom.h
注意: 包含文件:       C:\Program Files (x86)\Windows Kits\10\\include\10.0.26100.0\\um\mmeapi.h
注意: 包含文件:        C:\Program Files (x86)\Windows Kits\10\\include\10.0.26100.0\\um\mmsyscom.h
注意: 包含文件:       C:\Program Files (x86)\Windows Kits\10\\include\10.0.26100.0\\um\timeapi.h
注意: 包含文件:        C:\Program Files (x86)\Windows Kits\10\\include\10.0.26100.0\\um\mmsyscom.h
注意: 包含文件:       C:\Program Files (x86)\Windows Kits\10\\include\10.0.26100.0\\um\joystickapi.h
注意: 包含文件:        C:\Program Files (x86)\Windows Kits\10\\include\10.0.26100.0\\um\mmsyscom.h
注意: 包含文件:       C:\Program Files (x86)\Windows Kits\10\\include\10.0.26100.0\\shared\poppack.h
注意: 包含文件:      C:\Program Files (x86)\Windows Kits\10\\include\10.0.26100.0\\um\nb30.h
注意: 包含文件:      C:\Program Files (x86)\Windows Kits\10\\include\10.0.26100.0\\shared\rpc.h
注意: 包含文件:       C:\Program Files (x86)\Windows Kits\10\\include\10.0.26100.0\\shared\pshpack8.h
注意: 包含文件:       C:\Program Files (x86)\Windows Kits\10\\include\10.0.26100.0\\shared\rpcdce.h
注意: 包含文件:        C:\Program Files (x86)\Windows Kits\10\\include\10.0.26100.0\\shared\rpcdcep.h
注意: 包含文件:       C:\Program Files (x86)\Windows Kits\10\\include\10.0.26100.0\\um\rpcnsi.h
注意: 包含文件:       C:\Program Files (x86)\Windows Kits\10\\include\10.0.26100.0\\shared\rpcnterr.h
注意: 包含文件:       C:\Program Files (x86)\Windows Kits\10\\include\10.0.26100.0\\shared\rpcasync.h
注意: 包含文件:        C:\Program Files (x86)\Windows Kits\10\\include\10.0.26100.0\\shared\pshpack8.h
注意: 包含文件:        C:\Program Files (x86)\Windows Kits\10\\include\10.0.26100.0\\shared\poppack.h
注意: 包含文件:       C:\Program Files (x86)\Windows Kits\10\\include\10.0.26100.0\\shared\poppack.h
注意: 包含文件:      C:\Program Files (x86)\Windows Kits\10\\include\10.0.26100.0\\um\shellapi.h
注意: 包含文件:      C:\Program Files (x86)\Windows Kits\10\\include\10.0.26100.0\\um\winperf.h
注意: 包含文件:       C:\Program Files (x86)\Windows Kits\10\\include\10.0.26100.0\\shared\pshpack8.h
注意: 包含文件:       C:\Program Files (x86)\Windows Kits\10\\include\10.0.26100.0\\shared\poppack.h
注意: 包含文件:      C:\Program Files (x86)\Windows Kits\10\\include\10.0.26100.0\\um\winsock.h
注意: 包含文件:       C:\Program Files (x86)\Windows Kits\10\\include\10.0.26100.0\\shared\inaddr.h
注意: 包含文件:      C:\Program Files (x86)\Windows Kits\10\\include\10.0.26100.0\\um\wincrypt.h
注意: 包含文件:       C:\Program Files (x86)\Windows Kits\10\\include\10.0.26100.0\\shared\bcrypt.h
注意: 包含文件:       C:\Program Files (x86)\Windows Kits\10\\include\10.0.26100.0\\um\ncrypt.h
注意: 包含文件:       C:\Program Files (x86)\Windows Kits\10\\include\10.0.26100.0\\um\dpapi.h
注意: 包含文件:      C:\Program Files (x86)\Windows Kits\10\\include\10.0.26100.0\\um\winefs.h
注意: 包含文件:      C:\Program Files (x86)\Windows Kits\10\\include\10.0.26100.0\\um\winscard.h
注意: 包含文件:       C:\Program Files (x86)\Windows Kits\10\\include\10.0.26100.0\\shared\wtypes.h
注意: 包含文件:        C:\Program Files (x86)\Windows Kits\10\include\10.0.26100.0\shared\rpcndr.h
注意: 包含文件:         C:\Program Files (x86)\Windows Kits\10\\include\10.0.26100.0\\shared\pshpack8.h
注意: 包含文件:         C:\Program Files (x86)\Windows Kits\10\\include\10.0.26100.0\\um\rpcnsip.h
注意: 包含文件:         C:\Program Files (x86)\Windows Kits\10\\include\10.0.26100.0\\shared\rpcsal.h
注意: 包含文件:         C:\Program Files (x86)\Windows Kits\10\\include\10.0.26100.0\\shared\poppack.h
注意: 包含文件:        C:\Program Files (x86)\Windows Kits\10\include\10.0.26100.0\shared\wtypesbase.h
注意: 包含文件:         C:\Program Files (x86)\Windows Kits\10\include\10.0.26100.0\shared\guiddef.h
注意: 包含文件:       C:\Program Files (x86)\Windows Kits\10\\include\10.0.26100.0\\um\winioctl.h
注意: 包含文件:        C:\Program Files (x86)\Windows Kits\10\\include\10.0.26100.0\\shared\pshpack1.h
注意: 包含文件:        C:\Program Files (x86)\Windows Kits\10\\include\10.0.26100.0\\shared\poppack.h
注意: 包含文件:        C:\Program Files (x86)\Windows Kits\10\\include\10.0.26100.0\\shared\pshpack1.h
注意: 包含文件:        C:\Program Files (x86)\Windows Kits\10\\include\10.0.26100.0\\shared\poppack.h
注意: 包含文件:        C:\Program Files (x86)\Windows Kits\10\\include\10.0.26100.0\\shared\pshpack1.h
注意: 包含文件:        C:\Program Files (x86)\Windows Kits\10\\include\10.0.26100.0\\shared\poppack.h
注意: 包含文件:        C:\Program Files (x86)\Windows Kits\10\\include\10.0.26100.0\\shared\pshpack1.h
注意: 包含文件:        C:\Program Files (x86)\Windows Kits\10\\include\10.0.26100.0\\shared\poppack.h
注意: 包含文件:        C:\Program Files (x86)\Windows Kits\10\\include\10.0.26100.0\\shared\pshpack1.h
注意: 包含文件:        C:\Program Files (x86)\Windows Kits\10\\include\10.0.26100.0\\shared\poppack.h
注意: 包含文件:        C:\Program Files (x86)\Windows Kits\10\\include\10.0.26100.0\\shared\pshpack1.h
注意: 包含文件:        C:\Program Files (x86)\Windows Kits\10\\include\10.0.26100.0\\shared\poppack.h
注意: 包含文件:        C:\Program Files (x86)\Windows Kits\10\\include\10.0.26100.0\\shared\pshpack1.h
注意: 包含文件:        C:\Program Files (x86)\Windows Kits\10\\include\10.0.26100.0\\shared\poppack.h
注意: 包含文件:       C:\Program Files (x86)\Windows Kits\10\\include\10.0.26100.0\\shared\winsmcrd.h
注意: 包含文件:      C:\Program Files (x86)\Windows Kits\10\\include\10.0.26100.0\\um\winspool.h
注意: 包含文件:       C:\Program Files (x86)\Windows Kits\10\\include\10.0.26100.0\\um\prsht.h
注意: 包含文件:        C:\Program Files (x86)\Windows Kits\10\\include\10.0.26100.0\\shared\pshpack8.h
注意: 包含文件:        C:\Program Files (x86)\Windows Kits\10\\include\10.0.26100.0\\shared\poppack.h
注意: 包含文件:      C:\Program Files (x86)\Windows Kits\10\\include\10.0.26100.0\\um\ole2.h
注意: 包含文件:       C:\Program Files (x86)\Windows Kits\10\\include\10.0.26100.0\\shared\pshpack8.h
注意: 包含文件:       C:\Program Files (x86)\Windows Kits\10\\include\10.0.26100.0\\um\objbase.h
注意: 包含文件:        C:\Program Files (x86)\Windows Kits\10\\include\10.0.26100.0\\shared\pshpack8.h
注意: 包含文件:        C:\Program Files (x86)\Windows Kits\10\\include\10.0.26100.0\\um\combaseapi.h
注意: 包含文件:         C:\Program Files (x86)\Windows Kits\10\\include\10.0.26100.0\\shared\pshpack8.h
注意: 包含文件:         C:\Program Files (x86)\Windows Kits\10\\include\10.0.26100.0\\um\unknwnbase.h
注意: 包含文件:         C:\Program Files (x86)\Windows Kits\10\\include\10.0.26100.0\\um\objidlbase.h
注意: 包含文件:         C:\Program Files (x86)\Windows Kits\10\\include\10.0.26100.0\\shared\guiddef.h
注意: 包含文件:         C:\Program Files (x86)\Windows Kits\10\\include\10.0.26100.0\\um\cguid.h
注意: 包含文件:         C:\Program Files (x86)\Windows Kits\10\\include\10.0.26100.0\\shared\poppack.h
注意: 包含文件:        C:\Program Files (x86)\Windows Kits\10\\include\10.0.26100.0\\um\coml2api.h
注意: 包含文件:         C:\Program Files (x86)\Windows Kits\10\\include\10.0.26100.0\\um\objidl.h
注意: 包含文件:          C:\Program Files (x86)\Windows Kits\10\include\10.0.26100.0\um\unknwn.h
注意: 包含文件:         C:\Program Files (x86)\Windows Kits\10\\include\10.0.26100.0\\um\propidlbase.h
注意: 包含文件:          C:\Program Files (x86)\Windows Kits\10\include\10.0.26100.0\um\oaidl.h
注意: 包含文件:        C:\Program Files (x86)\Windows Kits\10\\include\10.0.26100.0\\um\urlmon.h
注意: 包含文件:         C:\Program Files (x86)\Windows Kits\10\include\10.0.26100.0\um\oleidl.h
注意: 包含文件:         C:\Program Files (x86)\Windows Kits\10\include\10.0.26100.0\um\servprov.h
注意: 包含文件:         C:\Program Files (x86)\Windows Kits\10\include\10.0.26100.0\um\msxml.h
注意: 包含文件:        C:\Program Files (x86)\Windows Kits\10\\include\10.0.26100.0\\um\propidl.h
注意: 包含文件:        C:\Program Files (x86)\Windows Kits\10\\include\10.0.26100.0\\shared\poppack.h
注意: 包含文件:       C:\Program Files (x86)\Windows Kits\10\\include\10.0.26100.0\\um\oleauto.h
注意: 包含文件:        C:\Program Files (x86)\Windows Kits\10\\include\10.0.26100.0\\shared\pshpack8.h
注意: 包含文件:        C:\Program Files (x86)\Windows Kits\10\\include\10.0.26100.0\\shared\poppack.h
注意: 包含文件:       C:\Program Files (x86)\Windows Kits\10\\include\10.0.26100.0\\shared\poppack.h
注意: 包含文件:      C:\Program Files (x86)\Windows Kits\10\\include\10.0.26100.0\\um\commdlg.h
注意: 包含文件:       C:\Program Files (x86)\Windows Kits\10\\include\10.0.26100.0\\um\prsht.h
注意: 包含文件:      C:\Program Files (x86)\Windows Kits\10\\include\10.0.26100.0\\shared\stralign.h
注意: 包含文件:      C:\Program Files (x86)\Windows Kits\10\\include\10.0.26100.0\\um\winsvc.h
注意: 包含文件:      C:\Program Files (x86)\Windows Kits\10\\include\10.0.26100.0\\um\mcx.h
注意: 包含文件:      C:\Program Files (x86)\Windows Kits\10\\include\10.0.26100.0\\um\imm.h
注意: 包含文件:       C:\Program Files (x86)\Windows Kits\10\\include\10.0.26100.0\\um\ime_cmodes.h
C:\Users\user\output\deepseek-v4部署\fastllm-master\include\devices/cpu/alivethreadpool.h(136): warning C4267: “初始化”: 从“size_t”转换到“int”，可能丢失数据
C:\Users\user\output\deepseek-v4部署\fastllm-master\include\devices/cpu/alivethreadpool.h(176): warning C4267: “初始化”: 从“size_t”转换到“int”，可能丢失数据
C:\Users\user\output\deepseek-v4部署\fastllm-master\include\devices/cpu/alivethreadpool.h(236): warning C4267: “初始化”: 从“size_t”转换到“int”，可能丢失数据
C:\Users\user\output\deepseek-v4部署\fastllm-master\include\devices/cpu/alivethreadpool.h(237): warning C4267: “初始化”: 从“size_t”转换到“int”，可能丢失数据
C:\Users\user\output\deepseek-v4部署\fastllm-master\include\devices/cpu/alivethreadpool.h(238): warning C4267: “初始化”: 从“size_t”转换到“int”，可能丢失数据
C:\Users\user\output\deepseek-v4部署\fastllm-master\include\devices/cpu/alivethreadpool.h(281): warning C4267: “初始化”: 从“size_t”转换到“int”，可能丢失数据
C:\Users\user\output\deepseek-v4部署\fastllm-master\include\devices/cpu/alivethreadpool.h(327): warning C4267: “初始化”: 从“size_t”转换到“int”，可能丢失数据
C:\Users\user\output\deepseek-v4部署\fastllm-master\include\devices/cpu/alivethreadpool.h(330): warning C4267: “初始化”: 从“size_t”转换到“int”，可能丢失数据
C:\Users\user\output\deepseek-v4部署\fastllm-master\include\devices/cpu/alivethreadpool.h(370): warning C4267: “初始化”: 从“size_t”转换到“int”，可能丢失数据
C:\Users\user\output\deepseek-v4部署\fastllm-master\include\devices/cpu/alivethreadpool.h(372): warning C4267: “初始化”: 从“size_t”转换到“int”，可能丢失数据
注意: 包含文件:    C:\Users\user\output\deepseek-v4部署\fastllm-master\third_party\json11\json11.hpp
C:\Users\user\output\deepseek-v4部署\fastllm-master\include\fastllm.h(222): warning C4244: “初始化”: 从“int”转换到“float”，可能丢失数据
C:\Users\user\output\deepseek-v4部署\fastllm-master\include\fastllm.h(222): warning C4244: “初始化”: 从“int”转换到“const float”，可能丢失数据
C:\Users\user\output\deepseek-v4部署\fastllm-master\include\fastllm.h(227): warning C4244: “=”: 从“float”转换到“uint8_t”，可能丢失数据
C:\Users\user\output\deepseek-v4部署\fastllm-master\include\fastllm.h(229): warning C4244: “=”: 从“const float”转换到“uint8_t”，可能丢失数据
C:\Users\user\output\deepseek-v4部署\fastllm-master\include\fastllm.h(687): warning C4996: 'std::codecvt_utf8<wchar_t,1114111,(std::codecvt_mode)0>': warning STL4017: std::wbuffer_convert, std::wstring_convert, and the <codecvt> header (containing std::codecvt_mode, std::codecvt_utf8, std::codecvt_utf16, and std::codecvt_utf8_utf16) are deprecated in C++17. (The std::codecvt class template is NOT deprecated.) The C++ Standard doesn't provide equivalent non-deprecated functionality; consider using MultiByteToWideChar() and WideCharToMultiByte() from <Windows.h> instead. You can define _SILENCE_CXX17_CODECVT_HEADER_DEPRECATION_WARNING or _SILENCE_ALL_CXX17_DEPRECATION_WARNINGS to suppress this warning.
C:\Program Files (x86)\Microsoft Visual Studio\2022\BuildTools\VC\Tools\MSVC\14.44.35207\include\codecvt(34): note: 参见“std::codecvt_utf8”的声明
C:\Users\user\output\deepseek-v4部署\fastllm-master\include\fastllm.h(687): warning C4996: 'std::wstring_convert<std::codecvt_utf8<wchar_t,1114111,(std::codecvt_mode)0>,wchar_t,std::allocator<wchar_t>,std::allocator<char>>': warning STL4017: std::wbuffer_convert, std::wstring_convert, and the <codecvt> header (containing std::codecvt_mode, std::codecvt_utf8, std::codecvt_utf16, and std::codecvt_utf8_utf16) are deprecated in C++17. (The std::codecvt class template is NOT deprecated.) The C++ Standard doesn't provide equivalent non-deprecated functionality; consider using MultiByteToWideChar() and WideCharToMultiByte() from <Windows.h> instead. You can define _SILENCE_CXX17_CODECVT_HEADER_DEPRECATION_WARNING or _SILENCE_ALL_CXX17_DEPRECATION_WARNINGS to suppress this warning.
C:\Program Files (x86)\Microsoft Visual Studio\2022\BuildTools\VC\Tools\MSVC\14.44.35207\include\xlocbuf(303): note: 参见“std::wstring_convert”的声明
注意: 包含文件:  C:\Users\user\output\deepseek-v4部署\fastllm-master\include\devices/cpu/cpudevice.h
注意: 包含文件:   C:\Users\user\output\deepseek-v4部署\fastllm-master\include\device.h
注意: 包含文件:  C:\Users\user\output\deepseek-v4部署\fastllm-master\include\utils\utils.h
注意: 包含文件:   C:\Program Files (x86)\Windows Kits\10\include\10.0.26100.0\ucrt\fcntl.h
注意: 包含文件:   C:\Program Files (x86)\Microsoft Visual Studio\2022\BuildTools\VC\Tools\MSVC\14.44.35207\include\array
注意: 包含文件:   C:\Program Files (x86)\Microsoft Visual Studio\2022\BuildTools\VC\Tools\MSVC\14.44.35207\include\filesystem
注意: 包含文件:    C:\Program Files (x86)\Microsoft Visual Studio\2022\BuildTools\VC\Tools\MSVC\14.44.35207\include\iomanip
C:\Users\user\output\deepseek-v4部署\fastllm-master\include\utils\utils.h(30): warning C4067: 预处理器指令后有意外标记 - 应输入换行符
注意: 包含文件:   C:\Program Files (x86)\Windows Kits\10\include\10.0.26100.0\ucrt\io.h
注意: 包含文件:    C:\Program Files (x86)\Windows Kits\10\include\10.0.26100.0\ucrt\corecrt_io.h
C:\Users\user\output\deepseek-v4部署\fastllm-master\include\utils\utils.h(109): warning C4996: '_wfopen': This function or variable may be unsafe. Consider using _wfopen_s instead. To disable deprecation, use _CRT_SECURE_NO_WARNINGS. See online help for details.
C:\Users\user\output\deepseek-v4部署\fastllm-master\include\utils\utils.h(118): warning C4996: '_wopen': This function or variable may be unsafe. Consider using _wsopen_s instead. To disable deprecation, use _CRT_SECURE_NO_WARNINGS. See online help for details.
C:\Users\user\output\deepseek-v4部署\fastllm-master\include\utils\utils.h(150): warning C4244: “return”: 从“double”转换到“float”，可能丢失数据
C:\Users\user\output\deepseek-v4部署\fastllm-master\include\utils\utils.h(355): warning C4267: “初始化”: 从“size_t”转换到“int”，可能丢失数据
C:\Users\user\output\deepseek-v4部署\fastllm-master\include\utils\utils.h(417): warning C4244: “+=”: 从“double”转换到“float”，可能丢失数据
注意: 包含文件:  C:\Users\user\output\deepseek-v4部署\fastllm-master\third_party\gguf\gguf.h
注意: 包含文件:   C:\Program Files (x86)\Microsoft Visual Studio\2022\BuildTools\VC\Tools\MSVC\14.44.35207\include\regex
注意: 包含文件:   C:\Users\user\output\deepseek-v4部署\fastllm-master\include\models\basellm.h
注意: 包含文件:    C:\Users\user\output\deepseek-v4部署\fastllm-master\include\blocks\baseblock.h
注意: 包含文件:    C:\Users\user\output\deepseek-v4部署\fastllm-master\include\template.h
注意: 包含文件:    C:\Program Files (x86)\Microsoft Visual Studio\2022\BuildTools\VC\Tools\MSVC\14.44.35207\include\condition_variable
C:\Users\user\output\deepseek-v4部署\fastllm-master\include\models\basellm.h(344): warning C4305: “初始化”: 从“double”到“float”截断
C:\Users\user\output\deepseek-v4部署\fastllm-master\include\models\basellm.h(348): warning C4244: “初始化”: 从“double”转换到“const float”，可能丢失数据
注意: 包含文件:  C:\Program Files (x86)\Windows Kits\10\include\10.0.26100.0\ucrt\assert.h
C:\Users\user\output\deepseek-v4部署\fastllm-master\src\devices\cpu\linear.cpp(512): warning C4996: 'getenv': This function or variable may be unsafe. Consider using _dupenv_s instead. To disable deprecation, use _CRT_SECURE_NO_WARNINGS. See online help for details.
C:\Users\user\output\deepseek-v4部署\fastllm-master\src\devices\cpu\linear.cpp(743): warning C4244: “初始化”: 从“double”转换到“float”，可能丢失数据
C:\Users\user\output\deepseek-v4部署\fastllm-master\src\devices\cpu\linear.cpp(779): warning C4244: “+=”: 从“double”转换到“float”，可能丢失数据
C:\Users\user\output\deepseek-v4部署\fastllm-master\src\devices\cpu\linear.cpp(1083): warning C4244: “初始化”: 从“int32_t”转换到“float”，可能丢失数据
C:\Users\user\output\deepseek-v4部署\fastllm-master\src\devices\cpu\linear.cpp(1092): warning C4244: “=”: 从“double”转换到“float”，可能丢失数据
C:\Users\user\output\deepseek-v4部署\fastllm-master\src\devices\cpu\linear.cpp(1154): warning C4244: “=”: 从“int”转换到“_Ty”，可能丢失数据
        with
        [
            _Ty=float
        ]
C:\Users\user\output\deepseek-v4部署\fastllm-master\src\devices\cpu\linear.cpp(1155): warning C4244: “=”: 从“int”转换到“_Ty”，可能丢失数据
        with
        [
            _Ty=float
        ]
C:\Users\user\output\deepseek-v4部署\fastllm-master\src\devices\cpu\linear.cpp(1156): warning C4244: “=”: 从“int”转换到“_Ty”，可能丢失数据
        with
        [
            _Ty=float
        ]
C:\Users\user\output\deepseek-v4部署\fastllm-master\src\devices\cpu\linear.cpp(1157): warning C4244: “=”: 从“int”转换到“_Ty”，可能丢失数据
        with
        [
            _Ty=float
        ]
C:\Users\user\output\deepseek-v4部署\fastllm-master\src\devices\cpu\linear.cpp(1188): warning C4244: “=”: 从“int”转换到“_Ty”，可能丢失数据
        with
        [
            _Ty=float
        ]
C:\Users\user\output\deepseek-v4部署\fastllm-master\src\devices\cpu\linear.cpp(1189): warning C4244: “=”: 从“int”转换到“_Ty”，可能丢失数据
        with
        [
            _Ty=float
        ]
C:\Users\user\output\deepseek-v4部署\fastllm-master\src\devices\cpu\linear.cpp(1190): warning C4244: “=”: 从“int”转换到“_Ty”，可能丢失数据
        with
        [
            _Ty=float
        ]
C:\Users\user\output\deepseek-v4部署\fastllm-master\src\devices\cpu\linear.cpp(1218): warning C4244: “=”: 从“int”转换到“_Ty”，可能丢失数据
        with
        [
            _Ty=float
        ]
C:\Users\user\output\deepseek-v4部署\fastllm-master\src\devices\cpu\linear.cpp(1219): warning C4244: “=”: 从“int”转换到“_Ty”，可能丢失数据
        with
        [
            _Ty=float
        ]
C:\Users\user\output\deepseek-v4部署\fastllm-master\src\devices\cpu\linear.cpp(1242): warning C4244: “=”: 从“int”转换到“_Ty”，可能丢失数据
        with
        [
            _Ty=float
        ]
C:\Users\user\output\deepseek-v4部署\fastllm-master\src\devices\cpu\linear.cpp(1253): warning C4244: “=”: 从“double”转换到“float”，可能丢失数据
C:\Users\user\output\deepseek-v4部署\fastllm-master\src\devices\cpu\linear.cpp(1339): warning C4244: “=”: 从“double”转换到“float”，可能丢失数据
C:\Users\user\output\deepseek-v4部署\fastllm-master\src\devices\cpu\linear.cpp(1446): warning C4244: “=”: 从“double”转换到“float”，可能丢失数据
C:\Users\user\output\deepseek-v4部署\fastllm-master\src\devices\cpu\linear.cpp(2228): warning C4267: “初始化”: 从“size_t”转换到“int”，可能丢失数据
[7/33] Building CXX object CMakeFiles\fastllm_tools.dir\src\blocks\mergemoeblock.cpp.obj
注意: 包含文件:  C:\Users\user\output\deepseek-v4部署\fastllm-master\include\blocks\baseblock.h
注意: 包含文件:   C:\Users\user\output\deepseek-v4部署\fastllm-master\include\fastllm.h
注意: 包含文件:    C:\Program Files (x86)\Microsoft Visual Studio\2022\BuildTools\VC\Tools\MSVC\14.44.35207\include\vector
注意: 包含文件:     C:\Program Files (x86)\Microsoft Visual Studio\2022\BuildTools\VC\Tools\MSVC\14.44.35207\include\yvals_core.h
注意: 包含文件:      C:\Program Files (x86)\Microsoft Visual Studio\2022\BuildTools\VC\Tools\MSVC\14.44.35207\include\vcruntime.h
注意: 包含文件:       C:\Program Files (x86)\Microsoft Visual Studio\2022\BuildTools\VC\Tools\MSVC\14.44.35207\include\sal.h
注意: 包含文件:        C:\Program Files (x86)\Microsoft Visual Studio\2022\BuildTools\VC\Tools\MSVC\14.44.35207\include\concurrencysal.h
注意: 包含文件:       C:\Program Files (x86)\Microsoft Visual Studio\2022\BuildTools\VC\Tools\MSVC\14.44.35207\include\vadefs.h
注意: 包含文件:      C:\Program Files (x86)\Microsoft Visual Studio\2022\BuildTools\VC\Tools\MSVC\14.44.35207\include\xkeycheck.h
注意: 包含文件:     C:\Program Files (x86)\Microsoft Visual Studio\2022\BuildTools\VC\Tools\MSVC\14.44.35207\include\__msvc_bit_utils.hpp
注意: 包含文件:      C:\Program Files (x86)\Microsoft Visual Studio\2022\BuildTools\VC\Tools\MSVC\14.44.35207\include\climits
注意: 包含文件:       C:\Program Files (x86)\Microsoft Visual Studio\2022\BuildTools\VC\Tools\MSVC\14.44.35207\include\limits.h
注意: 包含文件:      C:\Program Files (x86)\Microsoft Visual Studio\2022\BuildTools\VC\Tools\MSVC\14.44.35207\include\xtr1common
注意: 包含文件:      C:\Program Files (x86)\Microsoft Visual Studio\2022\BuildTools\VC\Tools\MSVC\14.44.35207\include\intrin0.h
注意: 包含文件:       C:\Program Files (x86)\Microsoft Visual Studio\2022\BuildTools\VC\Tools\MSVC\14.44.35207\include\intrin0.inl.h
注意: 包含文件:     C:\Program Files (x86)\Microsoft Visual Studio\2022\BuildTools\VC\Tools\MSVC\14.44.35207\include\__msvc_sanitizer_annotate_container.hpp
注意: 包含文件:     C:\Program Files (x86)\Microsoft Visual Studio\2022\BuildTools\VC\Tools\MSVC\14.44.35207\include\xmemory
注意: 包含文件:      C:\Program Files (x86)\Microsoft Visual Studio\2022\BuildTools\VC\Tools\MSVC\14.44.35207\include\cstdint
注意: 包含文件:       C:\Program Files (x86)\Microsoft Visual Studio\2022\BuildTools\VC\Tools\MSVC\14.44.35207\include\stdint.h
注意: 包含文件:      C:\Program Files (x86)\Microsoft Visual Studio\2022\BuildTools\VC\Tools\MSVC\14.44.35207\include\cstdlib
注意: 包含文件:       C:\Program Files (x86)\Windows Kits\10\include\10.0.26100.0\ucrt\math.h
注意: 包含文件:        C:\Program Files (x86)\Windows Kits\10\include\10.0.26100.0\ucrt\corecrt_math.h
注意: 包含文件:         C:\Program Files (x86)\Windows Kits\10\include\10.0.26100.0\ucrt\corecrt.h
注意: 包含文件:        C:\Program Files (x86)\Windows Kits\10\include\10.0.26100.0\ucrt\corecrt_math_defines.h
注意: 包含文件:       C:\Program Files (x86)\Windows Kits\10\include\10.0.26100.0\ucrt\stdlib.h
注意: 包含文件:        C:\Program Files (x86)\Windows Kits\10\include\10.0.26100.0\ucrt\corecrt_malloc.h
注意: 包含文件:        C:\Program Files (x86)\Windows Kits\10\include\10.0.26100.0\ucrt\corecrt_search.h
注意: 包含文件:         C:\Program Files (x86)\Windows Kits\10\include\10.0.26100.0\ucrt\stddef.h
注意: 包含文件:        C:\Program Files (x86)\Windows Kits\10\include\10.0.26100.0\ucrt\corecrt_wstdlib.h
注意: 包含文件:      C:\Program Files (x86)\Microsoft Visual Studio\2022\BuildTools\VC\Tools\MSVC\14.44.35207\include\limits
注意: 包含文件:       C:\Program Files (x86)\Microsoft Visual Studio\2022\BuildTools\VC\Tools\MSVC\14.44.35207\include\cfloat
注意: 包含文件:        C:\Program Files (x86)\Windows Kits\10\include\10.0.26100.0\ucrt\float.h
注意: 包含文件:       C:\Program Files (x86)\Microsoft Visual Studio\2022\BuildTools\VC\Tools\MSVC\14.44.35207\include\cwchar
注意: 包含文件:        C:\Program Files (x86)\Microsoft Visual Studio\2022\BuildTools\VC\Tools\MSVC\14.44.35207\include\cstdio
注意: 包含文件:         C:\Program Files (x86)\Windows Kits\10\include\10.0.26100.0\ucrt\stdio.h
注意: 包含文件:          C:\Program Files (x86)\Windows Kits\10\include\10.0.26100.0\ucrt\corecrt_wstdio.h
注意: 包含文件:           C:\Program Files (x86)\Windows Kits\10\include\10.0.26100.0\ucrt\corecrt_stdio_config.h
注意: 包含文件:        C:\Program Files (x86)\Windows Kits\10\include\10.0.26100.0\ucrt\wchar.h
注意: 包含文件:         C:\Program Files (x86)\Windows Kits\10\include\10.0.26100.0\ucrt\corecrt_memcpy_s.h
注意: 包含文件:          C:\Program Files (x86)\Windows Kits\10\include\10.0.26100.0\ucrt\errno.h
注意: 包含文件:          C:\Program Files (x86)\Microsoft Visual Studio\2022\BuildTools\VC\Tools\MSVC\14.44.35207\include\vcruntime_string.h
注意: 包含文件:         C:\Program Files (x86)\Windows Kits\10\include\10.0.26100.0\ucrt\corecrt_wconio.h
注意: 包含文件:         C:\Program Files (x86)\Windows Kits\10\include\10.0.26100.0\ucrt\corecrt_wctype.h
注意: 包含文件:         C:\Program Files (x86)\Windows Kits\10\include\10.0.26100.0\ucrt\corecrt_wdirect.h
注意: 包含文件:         C:\Program Files (x86)\Windows Kits\10\include\10.0.26100.0\ucrt\corecrt_wio.h
注意: 包含文件:          C:\Program Files (x86)\Windows Kits\10\include\10.0.26100.0\ucrt\corecrt_share.h
注意: 包含文件:         C:\Program Files (x86)\Windows Kits\10\include\10.0.26100.0\ucrt\corecrt_wprocess.h
注意: 包含文件:         C:\Program Files (x86)\Windows Kits\10\include\10.0.26100.0\ucrt\corecrt_wstring.h
注意: 包含文件:         C:\Program Files (x86)\Windows Kits\10\include\10.0.26100.0\ucrt\corecrt_wtime.h
注意: 包含文件:         C:\Program Files (x86)\Windows Kits\10\include\10.0.26100.0\ucrt\sys/stat.h
注意: 包含文件:          C:\Program Files (x86)\Windows Kits\10\include\10.0.26100.0\ucrt\sys/types.h
注意: 包含文件:         C:\Program Files (x86)\Microsoft Visual Studio\2022\BuildTools\VC\Tools\MSVC\14.44.35207\include\intrin.h
注意: 包含文件:          C:\Program Files (x86)\Microsoft Visual Studio\2022\BuildTools\VC\Tools\MSVC\14.44.35207\include\setjmp.h
注意: 包含文件:          C:\Program Files (x86)\Microsoft Visual Studio\2022\BuildTools\VC\Tools\MSVC\14.44.35207\include\immintrin.h
注意: 包含文件:           C:\Program Files (x86)\Microsoft Visual Studio\2022\BuildTools\VC\Tools\MSVC\14.44.35207\include\wmmintrin.h
注意: 包含文件:            C:\Program Files (x86)\Microsoft Visual Studio\2022\BuildTools\VC\Tools\MSVC\14.44.35207\include\nmmintrin.h
注意: 包含文件:             C:\Program Files (x86)\Microsoft Visual Studio\2022\BuildTools\VC\Tools\MSVC\14.44.35207\include\smmintrin.h
注意: 包含文件:              C:\Program Files (x86)\Microsoft Visual Studio\2022\BuildTools\VC\Tools\MSVC\14.44.35207\include\tmmintrin.h
注意: 包含文件:               C:\Program Files (x86)\Microsoft Visual Studio\2022\BuildTools\VC\Tools\MSVC\14.44.35207\include\pmmintrin.h
注意: 包含文件:                C:\Program Files (x86)\Microsoft Visual Studio\2022\BuildTools\VC\Tools\MSVC\14.44.35207\include\emmintrin.h
注意: 包含文件:                 C:\Program Files (x86)\Microsoft Visual Studio\2022\BuildTools\VC\Tools\MSVC\14.44.35207\include\xmmintrin.h
注意: 包含文件:                  C:\Program Files (x86)\Microsoft Visual Studio\2022\BuildTools\VC\Tools\MSVC\14.44.35207\include\mmintrin.h
注意: 包含文件:                  C:\Program Files (x86)\Windows Kits\10\include\10.0.26100.0\ucrt\malloc.h
注意: 包含文件:           C:\Program Files (x86)\Microsoft Visual Studio\2022\BuildTools\VC\Tools\MSVC\14.44.35207\include\zmmintrin.h
注意: 包含文件:          C:\Program Files (x86)\Microsoft Visual Studio\2022\BuildTools\VC\Tools\MSVC\14.44.35207\include\ammintrin.h
注意: 包含文件:      C:\Program Files (x86)\Microsoft Visual Studio\2022\BuildTools\VC\Tools\MSVC\14.44.35207\include\new
注意: 包含文件:       C:\Program Files (x86)\Microsoft Visual Studio\2022\BuildTools\VC\Tools\MSVC\14.44.35207\include\exception
注意: 包含文件:        C:\Program Files (x86)\Microsoft Visual Studio\2022\BuildTools\VC\Tools\MSVC\14.44.35207\include\yvals.h
注意: 包含文件:         C:\Program Files (x86)\Windows Kits\10\include\10.0.26100.0\ucrt\crtdbg.h
注意: 包含文件:          C:\Program Files (x86)\Microsoft Visual Studio\2022\BuildTools\VC\Tools\MSVC\14.44.35207\include\vcruntime_new_debug.h
注意: 包含文件:           C:\Program Files (x86)\Microsoft Visual Studio\2022\BuildTools\VC\Tools\MSVC\14.44.35207\include\vcruntime_new.h
注意: 包含文件:         C:\Program Files (x86)\Microsoft Visual Studio\2022\BuildTools\VC\Tools\MSVC\14.44.35207\include\crtdefs.h
注意: 包含文件:         C:\Program Files (x86)\Microsoft Visual Studio\2022\BuildTools\VC\Tools\MSVC\14.44.35207\include\use_ansi.h
注意: 包含文件:        C:\Program Files (x86)\Microsoft Visual Studio\2022\BuildTools\VC\Tools\MSVC\14.44.35207\include\type_traits
注意: 包含文件:         C:\Program Files (x86)\Microsoft Visual Studio\2022\BuildTools\VC\Tools\MSVC\14.44.35207\include\cstddef
注意: 包含文件:         C:\Program Files (x86)\Microsoft Visual Studio\2022\BuildTools\VC\Tools\MSVC\14.44.35207\include\cstring
注意: 包含文件:          C:\Program Files (x86)\Windows Kits\10\include\10.0.26100.0\ucrt\string.h
注意: 包含文件:           C:\Program Files (x86)\Windows Kits\10\include\10.0.26100.0\ucrt\corecrt_memory.h
注意: 包含文件:        C:\Program Files (x86)\Microsoft Visual Studio\2022\BuildTools\VC\Tools\MSVC\14.44.35207\include\vcruntime_exception.h
注意: 包含文件:         C:\Program Files (x86)\Microsoft Visual Studio\2022\BuildTools\VC\Tools\MSVC\14.44.35207\include\eh.h
注意: 包含文件:          C:\Program Files (x86)\Windows Kits\10\include\10.0.26100.0\ucrt\corecrt_terminate.h
注意: 包含文件:      C:\Program Files (x86)\Microsoft Visual Studio\2022\BuildTools\VC\Tools\MSVC\14.44.35207\include\xatomic.h
注意: 包含文件:      C:\Program Files (x86)\Microsoft Visual Studio\2022\BuildTools\VC\Tools\MSVC\14.44.35207\include\xutility
注意: 包含文件:       C:\Program Files (x86)\Microsoft Visual Studio\2022\BuildTools\VC\Tools\MSVC\14.44.35207\include\__msvc_iter_core.hpp
注意: 包含文件:        C:\Program Files (x86)\Microsoft Visual Studio\2022\BuildTools\VC\Tools\MSVC\14.44.35207\include\utility
注意: 包含文件:         C:\Program Files (x86)\Microsoft Visual Studio\2022\BuildTools\VC\Tools\MSVC\14.44.35207\include\initializer_list
注意: 包含文件:     C:\Program Files (x86)\Microsoft Visual Studio\2022\BuildTools\VC\Tools\MSVC\14.44.35207\include\xpolymorphic_allocator.h
注意: 包含文件:      C:\Program Files (x86)\Microsoft Visual Studio\2022\BuildTools\VC\Tools\MSVC\14.44.35207\include\tuple
注意: 包含文件:    C:\Program Files (x86)\Microsoft Visual Studio\2022\BuildTools\VC\Tools\MSVC\14.44.35207\include\string
注意: 包含文件:     C:\Program Files (x86)\Microsoft Visual Studio\2022\BuildTools\VC\Tools\MSVC\14.44.35207\include\xstring
注意: 包含文件:      C:\Program Files (x86)\Microsoft Visual Studio\2022\BuildTools\VC\Tools\MSVC\14.44.35207\include\__msvc_string_view.hpp
注意: 包含文件:       C:\Program Files (x86)\Microsoft Visual Studio\2022\BuildTools\VC\Tools\MSVC\14.44.35207\include\iosfwd
注意: 包含文件:     C:\Program Files (x86)\Microsoft Visual Studio\2022\BuildTools\VC\Tools\MSVC\14.44.35207\include\cctype
注意: 包含文件:      C:\Program Files (x86)\Windows Kits\10\include\10.0.26100.0\ucrt\ctype.h
注意: 包含文件:    C:\Program Files (x86)\Microsoft Visual Studio\2022\BuildTools\VC\Tools\MSVC\14.44.35207\include\map
注意: 包含文件:     C:\Program Files (x86)\Microsoft Visual Studio\2022\BuildTools\VC\Tools\MSVC\14.44.35207\include\xtree
注意: 包含文件:      C:\Program Files (x86)\Microsoft Visual Studio\2022\BuildTools\VC\Tools\MSVC\14.44.35207\include\xnode_handle.h
注意: 包含文件:    C:\Program Files (x86)\Microsoft Visual Studio\2022\BuildTools\VC\Tools\MSVC\14.44.35207\include\set
注意: 包含文件:    C:\Program Files (x86)\Microsoft Visual Studio\2022\BuildTools\VC\Tools\MSVC\14.44.35207\include\queue
注意: 包含文件:     C:\Program Files (x86)\Microsoft Visual Studio\2022\BuildTools\VC\Tools\MSVC\14.44.35207\include\__msvc_heap_algorithms.hpp
注意: 包含文件:     C:\Program Files (x86)\Microsoft Visual Studio\2022\BuildTools\VC\Tools\MSVC\14.44.35207\include\deque
注意: 包含文件:    C:\Program Files (x86)\Microsoft Visual Studio\2022\BuildTools\VC\Tools\MSVC\14.44.35207\include\unordered_map
注意: 包含文件:     C:\Program Files (x86)\Microsoft Visual Studio\2022\BuildTools\VC\Tools\MSVC\14.44.35207\include\xhash
注意: 包含文件:      C:\Program Files (x86)\Microsoft Visual Studio\2022\BuildTools\VC\Tools\MSVC\14.44.35207\include\cmath
注意: 包含文件:      C:\Program Files (x86)\Microsoft Visual Studio\2022\BuildTools\VC\Tools\MSVC\14.44.35207\include\list
注意: 包含文件:      C:\Program Files (x86)\Microsoft Visual Studio\2022\BuildTools\VC\Tools\MSVC\14.44.35207\include\xbit_ops.h
注意: 包含文件:    C:\Program Files (x86)\Microsoft Visual Studio\2022\BuildTools\VC\Tools\MSVC\14.44.35207\include\unordered_set
注意: 包含文件:    C:\Program Files (x86)\Microsoft Visual Studio\2022\BuildTools\VC\Tools\MSVC\14.44.35207\include\algorithm
注意: 包含文件:     C:\Program Files (x86)\Microsoft Visual Studio\2022\BuildTools\VC\Tools\MSVC\14.44.35207\include\__msvc_minmax.hpp
注意: 包含文件:    C:\Program Files (x86)\Microsoft Visual Studio\2022\BuildTools\VC\Tools\MSVC\14.44.35207\include\iostream
注意: 包含文件:     C:\Program Files (x86)\Microsoft Visual Studio\2022\BuildTools\VC\Tools\MSVC\14.44.35207\include\istream
注意: 包含文件:      C:\Program Files (x86)\Microsoft Visual Studio\2022\BuildTools\VC\Tools\MSVC\14.44.35207\include\__msvc_ostream.hpp
注意: 包含文件:       C:\Program Files (x86)\Microsoft Visual Studio\2022\BuildTools\VC\Tools\MSVC\14.44.35207\include\ios
注意: 包含文件:        C:\Program Files (x86)\Microsoft Visual Studio\2022\BuildTools\VC\Tools\MSVC\14.44.35207\include\xlocnum
注意: 包含文件:         C:\Program Files (x86)\Microsoft Visual Studio\2022\BuildTools\VC\Tools\MSVC\14.44.35207\include\iterator
注意: 包含文件:         C:\Program Files (x86)\Microsoft Visual Studio\2022\BuildTools\VC\Tools\MSVC\14.44.35207\include\streambuf
注意: 包含文件:          C:\Program Files (x86)\Microsoft Visual Studio\2022\BuildTools\VC\Tools\MSVC\14.44.35207\include\xiosbase
注意: 包含文件:           C:\Program Files (x86)\Windows Kits\10\include\10.0.26100.0\ucrt\share.h
注意: 包含文件:           C:\Program Files (x86)\Microsoft Visual Studio\2022\BuildTools\VC\Tools\MSVC\14.44.35207\include\system_error
注意: 包含文件:            C:\Program Files (x86)\Microsoft Visual Studio\2022\BuildTools\VC\Tools\MSVC\14.44.35207\include\__msvc_system_error_abi.hpp
注意: 包含文件:            C:\Program Files (x86)\Microsoft Visual Studio\2022\BuildTools\VC\Tools\MSVC\14.44.35207\include\cerrno
注意: 包含文件:            C:\Program Files (x86)\Microsoft Visual Studio\2022\BuildTools\VC\Tools\MSVC\14.44.35207\include\stdexcept
注意: 包含文件:            C:\Program Files (x86)\Microsoft Visual Studio\2022\BuildTools\VC\Tools\MSVC\14.44.35207\include\xcall_once.h
注意: 包含文件:            C:\Program Files (x86)\Microsoft Visual Studio\2022\BuildTools\VC\Tools\MSVC\14.44.35207\include\xerrc.h
注意: 包含文件:            C:\Program Files (x86)\Microsoft Visual Studio\2022\BuildTools\VC\Tools\MSVC\14.44.35207\include\atomic
注意: 包含文件:             C:\Program Files (x86)\Microsoft Visual Studio\2022\BuildTools\VC\Tools\MSVC\14.44.35207\include\xthreads.h
注意: 包含文件:              C:\Program Files (x86)\Microsoft Visual Studio\2022\BuildTools\VC\Tools\MSVC\14.44.35207\include\__msvc_threads_core.hpp
注意: 包含文件:              C:\Program Files (x86)\Microsoft Visual Studio\2022\BuildTools\VC\Tools\MSVC\14.44.35207\include\xtimec.h
注意: 包含文件:               C:\Program Files (x86)\Microsoft Visual Studio\2022\BuildTools\VC\Tools\MSVC\14.44.35207\include\ctime
注意: 包含文件:                C:\Program Files (x86)\Windows Kits\10\include\10.0.26100.0\ucrt\time.h
注意: 包含文件:           C:\Program Files (x86)\Microsoft Visual Studio\2022\BuildTools\VC\Tools\MSVC\14.44.35207\include\xlocale
注意: 包含文件:            C:\Program Files (x86)\Microsoft Visual Studio\2022\BuildTools\VC\Tools\MSVC\14.44.35207\include\memory
注意: 包含文件:             C:\Program Files (x86)\Microsoft Visual Studio\2022\BuildTools\VC\Tools\MSVC\14.44.35207\include\typeinfo
注意: 包含文件:              C:\Program Files (x86)\Microsoft Visual Studio\2022\BuildTools\VC\Tools\MSVC\14.44.35207\include\vcruntime_typeinfo.h
注意: 包含文件:            C:\Program Files (x86)\Microsoft Visual Studio\2022\BuildTools\VC\Tools\MSVC\14.44.35207\include\xfacet
注意: 包含文件:            C:\Program Files (x86)\Microsoft Visual Studio\2022\BuildTools\VC\Tools\MSVC\14.44.35207\include\xlocinfo
注意: 包含文件:             C:\Program Files (x86)\Microsoft Visual Studio\2022\BuildTools\VC\Tools\MSVC\14.44.35207\include\__msvc_xlocinfo_types.hpp
注意: 包含文件:             C:\Program Files (x86)\Microsoft Visual Studio\2022\BuildTools\VC\Tools\MSVC\14.44.35207\include\clocale
注意: 包含文件:              C:\Program Files (x86)\Windows Kits\10\include\10.0.26100.0\ucrt\locale.h
注意: 包含文件:     C:\Program Files (x86)\Microsoft Visual Studio\2022\BuildTools\VC\Tools\MSVC\14.44.35207\include\ostream
注意: 包含文件:    C:\Program Files (x86)\Microsoft Visual Studio\2022\BuildTools\VC\Tools\MSVC\14.44.35207\include\functional
注意: 包含文件:    C:\Program Files (x86)\Microsoft Visual Studio\2022\BuildTools\VC\Tools\MSVC\14.44.35207\include\mutex
注意: 包含文件:     C:\Program Files (x86)\Microsoft Visual Studio\2022\BuildTools\VC\Tools\MSVC\14.44.35207\include\__msvc_chrono.hpp
注意: 包含文件:      C:\Program Files (x86)\Microsoft Visual Studio\2022\BuildTools\VC\Tools\MSVC\14.44.35207\include\ratio
注意: 包含文件:     C:\Program Files (x86)\Microsoft Visual Studio\2022\BuildTools\VC\Tools\MSVC\14.44.35207\include\thread
注意: 包含文件:      C:\Program Files (x86)\Windows Kits\10\include\10.0.26100.0\ucrt\process.h
注意: 包含文件:       C:\Program Files (x86)\Windows Kits\10\include\10.0.26100.0\ucrt\corecrt_startup.h
注意: 包含文件:        C:\Program Files (x86)\Windows Kits\10\include\10.0.26100.0\ucrt\math.h
注意: 包含文件:        C:\Program Files (x86)\Microsoft Visual Studio\2022\BuildTools\VC\Tools\MSVC\14.44.35207\include\vcruntime_startup.h
注意: 包含文件:    C:\Program Files (x86)\Microsoft Visual Studio\2022\BuildTools\VC\Tools\MSVC\14.44.35207\include\locale
注意: 包含文件:     C:\Program Files (x86)\Microsoft Visual Studio\2022\BuildTools\VC\Tools\MSVC\14.44.35207\include\xlocbuf
注意: 包含文件:     C:\Program Files (x86)\Microsoft Visual Studio\2022\BuildTools\VC\Tools\MSVC\14.44.35207\include\xlocmes
注意: 包含文件:     C:\Program Files (x86)\Microsoft Visual Studio\2022\BuildTools\VC\Tools\MSVC\14.44.35207\include\xlocmon
注意: 包含文件:     C:\Program Files (x86)\Microsoft Visual Studio\2022\BuildTools\VC\Tools\MSVC\14.44.35207\include\xloctime
注意: 包含文件:    C:\Program Files (x86)\Microsoft Visual Studio\2022\BuildTools\VC\Tools\MSVC\14.44.35207\include\codecvt
注意: 包含文件:    C:\Users\user\output\deepseek-v4部署\fastllm-master\include\devices/cpu/alivethreadpool.h
注意: 包含文件:     C:\Program Files (x86)\Microsoft Visual Studio\2022\BuildTools\VC\Tools\MSVC\14.44.35207\include\chrono
注意: 包含文件:      C:\Program Files (x86)\Microsoft Visual Studio\2022\BuildTools\VC\Tools\MSVC\14.44.35207\include\xfilesystem_abi.h
注意: 包含文件:     C:\Program Files (x86)\Windows Kits\10\\include\10.0.26100.0\\um\Windows.h
注意: 包含文件:      C:\Program Files (x86)\Windows Kits\10\\include\10.0.26100.0\\shared\winapifamily.h
注意: 包含文件:       C:\Program Files (x86)\Windows Kits\10\\include\10.0.26100.0\\shared\winpackagefamily.h
注意: 包含文件:      C:\Program Files (x86)\Windows Kits\10\\include\10.0.26100.0\\shared\sdkddkver.h
注意: 包含文件:      C:\Program Files (x86)\Microsoft Visual Studio\2022\BuildTools\VC\Tools\MSVC\14.44.35207\include\excpt.h
注意: 包含文件:      C:\Program Files (x86)\Microsoft Visual Studio\2022\BuildTools\VC\Tools\MSVC\14.44.35207\include\stdarg.h
注意: 包含文件:      C:\Program Files (x86)\Windows Kits\10\\include\10.0.26100.0\\shared\windef.h
注意: 包含文件:       C:\Program Files (x86)\Windows Kits\10\\include\10.0.26100.0\\shared\minwindef.h
注意: 包含文件:        C:\Program Files (x86)\Windows Kits\10\\include\10.0.26100.0\\shared\specstrings.h
注意: 包含文件:         C:\Program Files (x86)\Windows Kits\10\\include\10.0.26100.0\\shared\specstrings_strict.h
注意: 包含文件:          C:\Program Files (x86)\Windows Kits\10\\include\10.0.26100.0\\shared\specstrings_undef.h
注意: 包含文件:         C:\Program Files (x86)\Windows Kits\10\\include\10.0.26100.0\\shared\driverspecs.h
注意: 包含文件:          C:\Program Files (x86)\Windows Kits\10\include\10.0.26100.0\shared\sdv_driverspecs.h
注意: 包含文件:        C:\Program Files (x86)\Windows Kits\10\\include\10.0.26100.0\\um\winnt.h
注意: 包含文件:         C:\Program Files (x86)\Windows Kits\10\\include\10.0.26100.0\\shared\kernelspecs.h
注意: 包含文件:         C:\Program Files (x86)\Windows Kits\10\\include\10.0.26100.0\\shared\basetsd.h
注意: 包含文件:         C:\Program Files (x86)\Windows Kits\10\\include\10.0.26100.0\\shared\guiddef.h
注意: 包含文件:         C:\Program Files (x86)\Windows Kits\10\include\10.0.26100.0\shared\pshpack4.h
注意: 包含文件:         C:\Program Files (x86)\Windows Kits\10\include\10.0.26100.0\shared\poppack.h
注意: 包含文件:         C:\Program Files (x86)\Windows Kits\10\\include\10.0.26100.0\\shared\pshpack4.h
注意: 包含文件:         C:\Program Files (x86)\Windows Kits\10\\include\10.0.26100.0\\shared\poppack.h
注意: 包含文件:         C:\Program Files (x86)\Windows Kits\10\include\10.0.26100.0\shared\pshpack4.h
注意: 包含文件:         C:\Program Files (x86)\Windows Kits\10\include\10.0.26100.0\shared\pshpack2.h
注意: 包含文件:         C:\Program Files (x86)\Windows Kits\10\include\10.0.26100.0\shared\poppack.h
注意: 包含文件:         C:\Program Files (x86)\Windows Kits\10\include\10.0.26100.0\shared\pshpack2.h
注意: 包含文件:         C:\Program Files (x86)\Windows Kits\10\\include\10.0.26100.0\\shared\pshpack2.h
注意: 包含文件:         C:\Program Files (x86)\Windows Kits\10\\include\10.0.26100.0\\shared\poppack.h
注意: 包含文件:         C:\Program Files (x86)\Windows Kits\10\include\10.0.26100.0\shared\poppack.h
注意: 包含文件:         C:\Program Files (x86)\Windows Kits\10\include\10.0.26100.0\shared\pshpack8.h
注意: 包含文件:         C:\Program Files (x86)\Windows Kits\10\include\10.0.26100.0\shared\poppack.h
注意: 包含文件:         C:\Program Files (x86)\Windows Kits\10\include\10.0.26100.0\shared\pshpack1.h
注意: 包含文件:         C:\Program Files (x86)\Windows Kits\10\include\10.0.26100.0\shared\poppack.h
注意: 包含文件:         C:\Program Files (x86)\Windows Kits\10\include\10.0.26100.0\shared\pshpack1.h
注意: 包含文件:         C:\Program Files (x86)\Windows Kits\10\include\10.0.26100.0\shared\poppack.h
注意: 包含文件:         C:\Program Files (x86)\Windows Kits\10\include\10.0.26100.0\shared\poppack.h
注意: 包含文件:         C:\Program Files (x86)\Windows Kits\10\\include\10.0.26100.0\\shared\apiset.h
注意: 包含文件:         C:\Program Files (x86)\Windows Kits\10\\include\10.0.26100.0\\shared\ktmtypes.h
注意: 包含文件:      C:\Program Files (x86)\Windows Kits\10\\include\10.0.26100.0\\um\winbase.h
注意: 包含文件:       C:\Program Files (x86)\Windows Kits\10\\include\10.0.26100.0\\shared\apisetcconv.h
注意: 包含文件:       C:\Program Files (x86)\Windows Kits\10\\include\10.0.26100.0\\um\minwinbase.h
注意: 包含文件:       C:\Program Files (x86)\Windows Kits\10\\include\10.0.26100.0\\um\apiquery2.h
注意: 包含文件:       C:\Program Files (x86)\Windows Kits\10\\include\10.0.26100.0\\um\processenv.h
注意: 包含文件:       C:\Program Files (x86)\Windows Kits\10\\include\10.0.26100.0\\um\fileapifromapp.h
注意: 包含文件:        C:\Program Files (x86)\Windows Kits\10\\include\10.0.26100.0\\um\fileapi.h
注意: 包含文件:       C:\Program Files (x86)\Windows Kits\10\\include\10.0.26100.0\\um\debugapi.h
注意: 包含文件:       C:\Program Files (x86)\Windows Kits\10\\include\10.0.26100.0\\um\utilapiset.h
注意: 包含文件:       C:\Program Files (x86)\Windows Kits\10\\include\10.0.26100.0\\um\handleapi.h
注意: 包含文件:       C:\Program Files (x86)\Windows Kits\10\\include\10.0.26100.0\\um\errhandlingapi.h
注意: 包含文件:       C:\Program Files (x86)\Windows Kits\10\\include\10.0.26100.0\\um\fibersapi.h
注意: 包含文件:       C:\Program Files (x86)\Windows Kits\10\\include\10.0.26100.0\\um\namedpipeapi.h
注意: 包含文件:       C:\Program Files (x86)\Windows Kits\10\\include\10.0.26100.0\\um\profileapi.h
注意: 包含文件:       C:\Program Files (x86)\Windows Kits\10\\include\10.0.26100.0\\um\heapapi.h
注意: 包含文件:       C:\Program Files (x86)\Windows Kits\10\\include\10.0.26100.0\\um\ioapiset.h
注意: 包含文件:       C:\Program Files (x86)\Windows Kits\10\\include\10.0.26100.0\\um\synchapi.h
注意: 包含文件:       C:\Program Files (x86)\Windows Kits\10\\include\10.0.26100.0\\um\interlockedapi.h
注意: 包含文件:       C:\Program Files (x86)\Windows Kits\10\\include\10.0.26100.0\\um\processthreadsapi.h
注意: 包含文件:       C:\Program Files (x86)\Windows Kits\10\\include\10.0.26100.0\\um\sysinfoapi.h
注意: 包含文件:       C:\Program Files (x86)\Windows Kits\10\\include\10.0.26100.0\\um\memoryapi.h
注意: 包含文件:       C:\Program Files (x86)\Windows Kits\10\\include\10.0.26100.0\\um\enclaveapi.h
注意: 包含文件:       C:\Program Files (x86)\Windows Kits\10\\include\10.0.26100.0\\um\threadpoollegacyapiset.h
注意: 包含文件:       C:\Program Files (x86)\Windows Kits\10\\include\10.0.26100.0\\um\threadpoolapiset.h
注意: 包含文件:       C:\Program Files (x86)\Windows Kits\10\\include\10.0.26100.0\\um\jobapi.h
注意: 包含文件:       C:\Program Files (x86)\Windows Kits\10\\include\10.0.26100.0\\um\jobapi2.h
注意: 包含文件:       C:\Program Files (x86)\Windows Kits\10\\include\10.0.26100.0\\um\wow64apiset.h
注意: 包含文件:       C:\Program Files (x86)\Windows Kits\10\\include\10.0.26100.0\\um\libloaderapi.h
注意: 包含文件:       C:\Program Files (x86)\Windows Kits\10\\include\10.0.26100.0\\um\securitybaseapi.h
注意: 包含文件:       C:\Program Files (x86)\Windows Kits\10\\include\10.0.26100.0\\um\namespaceapi.h
注意: 包含文件:       C:\Program Files (x86)\Windows Kits\10\\include\10.0.26100.0\\um\systemtopologyapi.h
注意: 包含文件:       C:\Program Files (x86)\Windows Kits\10\\include\10.0.26100.0\\um\processtopologyapi.h
注意: 包含文件:       C:\Program Files (x86)\Windows Kits\10\\include\10.0.26100.0\\um\securityappcontainer.h
注意: 包含文件:       C:\Program Files (x86)\Windows Kits\10\\include\10.0.26100.0\\um\realtimeapiset.h
注意: 包含文件:       C:\Program Files (x86)\Windows Kits\10\\include\10.0.26100.0\\shared\winerror.h
注意: 包含文件:       C:\Program Files (x86)\Windows Kits\10\\include\10.0.26100.0\\um\timezoneapi.h
注意: 包含文件:      C:\Program Files (x86)\Windows Kits\10\\include\10.0.26100.0\\um\wingdi.h
注意: 包含文件:       C:\Program Files (x86)\Windows Kits\10\\include\10.0.26100.0\\shared\pshpack1.h
注意: 包含文件:       C:\Program Files (x86)\Windows Kits\10\\include\10.0.26100.0\\shared\poppack.h
注意: 包含文件:       C:\Program Files (x86)\Windows Kits\10\\include\10.0.26100.0\\shared\pshpack2.h
注意: 包含文件:       C:\Program Files (x86)\Windows Kits\10\\include\10.0.26100.0\\shared\poppack.h
注意: 包含文件:       C:\Program Files (x86)\Windows Kits\10\\include\10.0.26100.0\\shared\pshpack2.h
注意: 包含文件:       C:\Program Files (x86)\Windows Kits\10\\include\10.0.26100.0\\shared\poppack.h
注意: 包含文件:       C:\Program Files (x86)\Windows Kits\10\\include\10.0.26100.0\\shared\pshpack4.h
注意: 包含文件:       C:\Program Files (x86)\Windows Kits\10\\include\10.0.26100.0\\shared\poppack.h
注意: 包含文件:       C:\Program Files (x86)\Windows Kits\10\\include\10.0.26100.0\\shared\pshpack4.h
注意: 包含文件:       C:\Program Files (x86)\Windows Kits\10\\include\10.0.26100.0\\shared\poppack.h
注意: 包含文件:      C:\Program Files (x86)\Windows Kits\10\\include\10.0.26100.0\\um\winuser.h
注意: 包含文件:       C:\Program Files (x86)\Windows Kits\10\\include\10.0.26100.0\\shared\pshpack2.h
注意: 包含文件:       C:\Program Files (x86)\Windows Kits\10\\include\10.0.26100.0\\shared\poppack.h
注意: 包含文件:       C:\Program Files (x86)\Windows Kits\10\\include\10.0.26100.0\\shared\tvout.h
注意: 包含文件:      C:\Program Files (x86)\Windows Kits\10\\include\10.0.26100.0\\um\winnls.h
注意: 包含文件:       C:\Program Files (x86)\Windows Kits\10\\include\10.0.26100.0\\um\datetimeapi.h
注意: 包含文件:       C:\Program Files (x86)\Windows Kits\10\\include\10.0.26100.0\\um\stringapiset.h
注意: 包含文件:        C:\Program Files (x86)\Windows Kits\10\\include\10.0.26100.0\\um\winnls.h
注意: 包含文件:      C:\Program Files (x86)\Windows Kits\10\\include\10.0.26100.0\\um\wincon.h
注意: 包含文件:       C:\Program Files (x86)\Windows Kits\10\\include\10.0.26100.0\\um\wincontypes.h
注意: 包含文件:       C:\Program Files (x86)\Windows Kits\10\\include\10.0.26100.0\\um\consoleapi.h
注意: 包含文件:       C:\Program Files (x86)\Windows Kits\10\\include\10.0.26100.0\\um\consoleapi2.h
注意: 包含文件:       C:\Program Files (x86)\Windows Kits\10\\include\10.0.26100.0\\um\consoleapi3.h
注意: 包含文件:      C:\Program Files (x86)\Windows Kits\10\\include\10.0.26100.0\\um\winver.h
注意: 包含文件:       C:\Program Files (x86)\Windows Kits\10\\include\10.0.26100.0\\um\verrsrc.h
注意: 包含文件:      C:\Program Files (x86)\Windows Kits\10\\include\10.0.26100.0\\um\winreg.h
注意: 包含文件:       C:\Program Files (x86)\Windows Kits\10\\include\10.0.26100.0\\um\reason.h
注意: 包含文件:      C:\Program Files (x86)\Windows Kits\10\\include\10.0.26100.0\\um\winnetwk.h
注意: 包含文件:       C:\Program Files (x86)\Windows Kits\10\\include\10.0.26100.0\\shared\wnnc.h
注意: 包含文件:      C:\Program Files (x86)\Windows Kits\10\\include\10.0.26100.0\\shared\cderr.h
注意: 包含文件:      C:\Program Files (x86)\Windows Kits\10\\include\10.0.26100.0\\um\dde.h
注意: 包含文件:      C:\Program Files (x86)\Windows Kits\10\\include\10.0.26100.0\\um\ddeml.h
注意: 包含文件:      C:\Program Files (x86)\Windows Kits\10\\include\10.0.26100.0\\um\dlgs.h
注意: 包含文件:      C:\Program Files (x86)\Windows Kits\10\\include\10.0.26100.0\\um\lzexpand.h
注意: 包含文件:      C:\Program Files (x86)\Windows Kits\10\\include\10.0.26100.0\\um\mmsystem.h
注意: 包含文件:       C:\Program Files (x86)\Windows Kits\10\\include\10.0.26100.0\\um\mmsyscom.h
注意: 包含文件:        C:\Program Files (x86)\Windows Kits\10\\include\10.0.26100.0\\shared\pshpack1.h
注意: 包含文件:        C:\Program Files (x86)\Windows Kits\10\\include\10.0.26100.0\\shared\poppack.h
注意: 包含文件:       C:\Program Files (x86)\Windows Kits\10\\include\10.0.26100.0\\shared\pshpack1.h
注意: 包含文件:       C:\Program Files (x86)\Windows Kits\10\\include\10.0.26100.0\\um\mciapi.h
注意: 包含文件:        C:\Program Files (x86)\Windows Kits\10\\include\10.0.26100.0\\um\mmsyscom.h
注意: 包含文件:       C:\Program Files (x86)\Windows Kits\10\\include\10.0.26100.0\\um\mmiscapi.h
注意: 包含文件:        C:\Program Files (x86)\Windows Kits\10\\include\10.0.26100.0\\um\mmsyscom.h
注意: 包含文件:       C:\Program Files (x86)\Windows Kits\10\\include\10.0.26100.0\\um\mmiscapi2.h
注意: 包含文件:        C:\Program Files (x86)\Windows Kits\10\\include\10.0.26100.0\\um\mmsyscom.h
注意: 包含文件:       C:\Program Files (x86)\Windows Kits\10\\include\10.0.26100.0\\um\playsoundapi.h
注意: 包含文件:        C:\Program Files (x86)\Windows Kits\10\\include\10.0.26100.0\\um\mmsyscom.h
注意: 包含文件:       C:\Program Files (x86)\Windows Kits\10\\include\10.0.26100.0\\um\mmeapi.h
注意: 包含文件:        C:\Program Files (x86)\Windows Kits\10\\include\10.0.26100.0\\um\mmsyscom.h
注意: 包含文件:       C:\Program Files (x86)\Windows Kits\10\\include\10.0.26100.0\\um\timeapi.h
注意: 包含文件:        C:\Program Files (x86)\Windows Kits\10\\include\10.0.26100.0\\um\mmsyscom.h
注意: 包含文件:       C:\Program Files (x86)\Windows Kits\10\\include\10.0.26100.0\\um\joystickapi.h
注意: 包含文件:        C:\Program Files (x86)\Windows Kits\10\\include\10.0.26100.0\\um\mmsyscom.h
注意: 包含文件:       C:\Program Files (x86)\Windows Kits\10\\include\10.0.26100.0\\shared\poppack.h
注意: 包含文件:      C:\Program Files (x86)\Windows Kits\10\\include\10.0.26100.0\\um\nb30.h
注意: 包含文件:      C:\Program Files (x86)\Windows Kits\10\\include\10.0.26100.0\\shared\rpc.h
注意: 包含文件:       C:\Program Files (x86)\Windows Kits\10\\include\10.0.26100.0\\shared\pshpack8.h
注意: 包含文件:       C:\Program Files (x86)\Windows Kits\10\\include\10.0.26100.0\\shared\rpcdce.h
注意: 包含文件:        C:\Program Files (x86)\Windows Kits\10\\include\10.0.26100.0\\shared\rpcdcep.h
注意: 包含文件:       C:\Program Files (x86)\Windows Kits\10\\include\10.0.26100.0\\um\rpcnsi.h
注意: 包含文件:       C:\Program Files (x86)\Windows Kits\10\\include\10.0.26100.0\\shared\rpcnterr.h
注意: 包含文件:       C:\Program Files (x86)\Windows Kits\10\\include\10.0.26100.0\\shared\rpcasync.h
注意: 包含文件:        C:\Program Files (x86)\Windows Kits\10\\include\10.0.26100.0\\shared\pshpack8.h
注意: 包含文件:        C:\Program Files (x86)\Windows Kits\10\\include\10.0.26100.0\\shared\poppack.h
注意: 包含文件:       C:\Program Files (x86)\Windows Kits\10\\include\10.0.26100.0\\shared\poppack.h
注意: 包含文件:      C:\Program Files (x86)\Windows Kits\10\\include\10.0.26100.0\\um\shellapi.h
注意: 包含文件:      C:\Program Files (x86)\Windows Kits\10\\include\10.0.26100.0\\um\winperf.h
注意: 包含文件:       C:\Program Files (x86)\Windows Kits\10\\include\10.0.26100.0\\shared\pshpack8.h
注意: 包含文件:       C:\Program Files (x86)\Windows Kits\10\\include\10.0.26100.0\\shared\poppack.h
注意: 包含文件:      C:\Program Files (x86)\Windows Kits\10\\include\10.0.26100.0\\um\winsock.h
注意: 包含文件:       C:\Program Files (x86)\Windows Kits\10\\include\10.0.26100.0\\shared\inaddr.h
注意: 包含文件:      C:\Program Files (x86)\Windows Kits\10\\include\10.0.26100.0\\um\wincrypt.h
注意: 包含文件:       C:\Program Files (x86)\Windows Kits\10\\include\10.0.26100.0\\shared\bcrypt.h
注意: 包含文件:       C:\Program Files (x86)\Windows Kits\10\\include\10.0.26100.0\\um\ncrypt.h
注意: 包含文件:       C:\Program Files (x86)\Windows Kits\10\\include\10.0.26100.0\\um\dpapi.h
注意: 包含文件:      C:\Program Files (x86)\Windows Kits\10\\include\10.0.26100.0\\um\winefs.h
注意: 包含文件:      C:\Program Files (x86)\Windows Kits\10\\include\10.0.26100.0\\um\winscard.h
注意: 包含文件:       C:\Program Files (x86)\Windows Kits\10\\include\10.0.26100.0\\shared\wtypes.h
注意: 包含文件:        C:\Program Files (x86)\Windows Kits\10\include\10.0.26100.0\shared\rpcndr.h
注意: 包含文件:         C:\Program Files (x86)\Windows Kits\10\\include\10.0.26100.0\\shared\pshpack8.h
注意: 包含文件:         C:\Program Files (x86)\Windows Kits\10\\include\10.0.26100.0\\um\rpcnsip.h
注意: 包含文件:         C:\Program Files (x86)\Windows Kits\10\\include\10.0.26100.0\\shared\rpcsal.h
注意: 包含文件:         C:\Program Files (x86)\Windows Kits\10\\include\10.0.26100.0\\shared\poppack.h
注意: 包含文件:        C:\Program Files (x86)\Windows Kits\10\include\10.0.26100.0\shared\wtypesbase.h
注意: 包含文件:         C:\Program Files (x86)\Windows Kits\10\include\10.0.26100.0\shared\guiddef.h
注意: 包含文件:       C:\Program Files (x86)\Windows Kits\10\\include\10.0.26100.0\\um\winioctl.h
注意: 包含文件:        C:\Program Files (x86)\Windows Kits\10\\include\10.0.26100.0\\shared\pshpack1.h
注意: 包含文件:        C:\Program Files (x86)\Windows Kits\10\\include\10.0.26100.0\\shared\poppack.h
注意: 包含文件:        C:\Program Files (x86)\Windows Kits\10\\include\10.0.26100.0\\shared\pshpack1.h
注意: 包含文件:        C:\Program Files (x86)\Windows Kits\10\\include\10.0.26100.0\\shared\poppack.h
注意: 包含文件:        C:\Program Files (x86)\Windows Kits\10\\include\10.0.26100.0\\shared\pshpack1.h
注意: 包含文件:        C:\Program Files (x86)\Windows Kits\10\\include\10.0.26100.0\\shared\poppack.h
注意: 包含文件:        C:\Program Files (x86)\Windows Kits\10\\include\10.0.26100.0\\shared\pshpack1.h
注意: 包含文件:        C:\Program Files (x86)\Windows Kits\10\\include\10.0.26100.0\\shared\poppack.h
注意: 包含文件:        C:\Program Files (x86)\Windows Kits\10\\include\10.0.26100.0\\shared\pshpack1.h
注意: 包含文件:        C:\Program Files (x86)\Windows Kits\10\\include\10.0.26100.0\\shared\poppack.h
注意: 包含文件:        C:\Program Files (x86)\Windows Kits\10\\include\10.0.26100.0\\shared\pshpack1.h
注意: 包含文件:        C:\Program Files (x86)\Windows Kits\10\\include\10.0.26100.0\\shared\poppack.h
注意: 包含文件:        C:\Program Files (x86)\Windows Kits\10\\include\10.0.26100.0\\shared\pshpack1.h
注意: 包含文件:        C:\Program Files (x86)\Windows Kits\10\\include\10.0.26100.0\\shared\poppack.h
注意: 包含文件:       C:\Program Files (x86)\Windows Kits\10\\include\10.0.26100.0\\shared\winsmcrd.h
注意: 包含文件:      C:\Program Files (x86)\Windows Kits\10\\include\10.0.26100.0\\um\winspool.h
注意: 包含文件:       C:\Program Files (x86)\Windows Kits\10\\include\10.0.26100.0\\um\prsht.h
注意: 包含文件:        C:\Program Files (x86)\Windows Kits\10\\include\10.0.26100.0\\shared\pshpack8.h
注意: 包含文件:        C:\Program Files (x86)\Windows Kits\10\\include\10.0.26100.0\\shared\poppack.h
注意: 包含文件:      C:\Program Files (x86)\Windows Kits\10\\include\10.0.26100.0\\um\ole2.h
注意: 包含文件:       C:\Program Files (x86)\Windows Kits\10\\include\10.0.26100.0\\shared\pshpack8.h
注意: 包含文件:       C:\Program Files (x86)\Windows Kits\10\\include\10.0.26100.0\\um\objbase.h
注意: 包含文件:        C:\Program Files (x86)\Windows Kits\10\\include\10.0.26100.0\\shared\pshpack8.h
注意: 包含文件:        C:\Program Files (x86)\Windows Kits\10\\include\10.0.26100.0\\um\combaseapi.h
注意: 包含文件:         C:\Program Files (x86)\Windows Kits\10\\include\10.0.26100.0\\shared\pshpack8.h
注意: 包含文件:         C:\Program Files (x86)\Windows Kits\10\\include\10.0.26100.0\\um\unknwnbase.h
注意: 包含文件:         C:\Program Files (x86)\Windows Kits\10\\include\10.0.26100.0\\um\objidlbase.h
注意: 包含文件:         C:\Program Files (x86)\Windows Kits\10\\include\10.0.26100.0\\shared\guiddef.h
注意: 包含文件:         C:\Program Files (x86)\Windows Kits\10\\include\10.0.26100.0\\um\cguid.h
注意: 包含文件:         C:\Program Files (x86)\Windows Kits\10\\include\10.0.26100.0\\shared\poppack.h
注意: 包含文件:        C:\Program Files (x86)\Windows Kits\10\\include\10.0.26100.0\\um\coml2api.h
注意: 包含文件:         C:\Program Files (x86)\Windows Kits\10\\include\10.0.26100.0\\um\objidl.h
注意: 包含文件:          C:\Program Files (x86)\Windows Kits\10\include\10.0.26100.0\um\unknwn.h
注意: 包含文件:         C:\Program Files (x86)\Windows Kits\10\\include\10.0.26100.0\\um\propidlbase.h
注意: 包含文件:          C:\Program Files (x86)\Windows Kits\10\include\10.0.26100.0\um\oaidl.h
注意: 包含文件:        C:\Program Files (x86)\Windows Kits\10\\include\10.0.26100.0\\um\urlmon.h
注意: 包含文件:         C:\Program Files (x86)\Windows Kits\10\include\10.0.26100.0\um\oleidl.h
注意: 包含文件:         C:\Program Files (x86)\Windows Kits\10\include\10.0.26100.0\um\servprov.h
注意: 包含文件:         C:\Program Files (x86)\Windows Kits\10\include\10.0.26100.0\um\msxml.h
注意: 包含文件:        C:\Program Files (x86)\Windows Kits\10\\include\10.0.26100.0\\um\propidl.h
注意: 包含文件:        C:\Program Files (x86)\Windows Kits\10\\include\10.0.26100.0\\shared\poppack.h
注意: 包含文件:       C:\Program Files (x86)\Windows Kits\10\\include\10.0.26100.0\\um\oleauto.h
注意: 包含文件:        C:\Program Files (x86)\Windows Kits\10\\include\10.0.26100.0\\shared\pshpack8.h
注意: 包含文件:        C:\Program Files (x86)\Windows Kits\10\\include\10.0.26100.0\\shared\poppack.h
注意: 包含文件:       C:\Program Files (x86)\Windows Kits\10\\include\10.0.26100.0\\shared\poppack.h
注意: 包含文件:      C:\Program Files (x86)\Windows Kits\10\\include\10.0.26100.0\\um\commdlg.h
注意: 包含文件:       C:\Program Files (x86)\Windows Kits\10\\include\10.0.26100.0\\um\prsht.h
注意: 包含文件:      C:\Program Files (x86)\Windows Kits\10\\include\10.0.26100.0\\shared\stralign.h
注意: 包含文件:      C:\Program Files (x86)\Windows Kits\10\\include\10.0.26100.0\\um\winsvc.h
注意: 包含文件:      C:\Program Files (x86)\Windows Kits\10\\include\10.0.26100.0\\um\mcx.h
注意: 包含文件:      C:\Program Files (x86)\Windows Kits\10\\include\10.0.26100.0\\um\imm.h
注意: 包含文件:       C:\Program Files (x86)\Windows Kits\10\\include\10.0.26100.0\\um\ime_cmodes.h
C:\Users\user\output\deepseek-v4部署\fastllm-master\include\devices/cpu/alivethreadpool.h(136): warning C4267: “初始化”: 从“size_t”转换到“int”，可能丢失数据
C:\Users\user\output\deepseek-v4部署\fastllm-master\include\devices/cpu/alivethreadpool.h(176): warning C4267: “初始化”: 从“size_t”转换到“int”，可能丢失数据
C:\Users\user\output\deepseek-v4部署\fastllm-master\include\devices/cpu/alivethreadpool.h(236): warning C4267: “初始化”: 从“size_t”转换到“int”，可能丢失数据
C:\Users\user\output\deepseek-v4部署\fastllm-master\include\devices/cpu/alivethreadpool.h(237): warning C4267: “初始化”: 从“size_t”转换到“int”，可能丢失数据
C:\Users\user\output\deepseek-v4部署\fastllm-master\include\devices/cpu/alivethreadpool.h(238): warning C4267: “初始化”: 从“size_t”转换到“int”，可能丢失数据
C:\Users\user\output\deepseek-v4部署\fastllm-master\include\devices/cpu/alivethreadpool.h(281): warning C4267: “初始化”: 从“size_t”转换到“int”，可能丢失数据
C:\Users\user\output\deepseek-v4部署\fastllm-master\include\devices/cpu/alivethreadpool.h(327): warning C4267: “初始化”: 从“size_t”转换到“int”，可能丢失数据
C:\Users\user\output\deepseek-v4部署\fastllm-master\include\devices/cpu/alivethreadpool.h(330): warning C4267: “初始化”: 从“size_t”转换到“int”，可能丢失数据
C:\Users\user\output\deepseek-v4部署\fastllm-master\include\devices/cpu/alivethreadpool.h(370): warning C4267: “初始化”: 从“size_t”转换到“int”，可能丢失数据
C:\Users\user\output\deepseek-v4部署\fastllm-master\include\devices/cpu/alivethreadpool.h(372): warning C4267: “初始化”: 从“size_t”转换到“int”，可能丢失数据
注意: 包含文件:    C:\Users\user\output\deepseek-v4部署\fastllm-master\third_party\json11\json11.hpp
C:\Users\user\output\deepseek-v4部署\fastllm-master\include\fastllm.h(222): warning C4244: “初始化”: 从“int”转换到“float”，可能丢失数据
C:\Users\user\output\deepseek-v4部署\fastllm-master\include\fastllm.h(222): warning C4244: “初始化”: 从“int”转换到“const float”，可能丢失数据
C:\Users\user\output\deepseek-v4部署\fastllm-master\include\fastllm.h(227): warning C4244: “=”: 从“float”转换到“uint8_t”，可能丢失数据
C:\Users\user\output\deepseek-v4部署\fastllm-master\include\fastllm.h(229): warning C4244: “=”: 从“const float”转换到“uint8_t”，可能丢失数据
C:\Users\user\output\deepseek-v4部署\fastllm-master\include\fastllm.h(687): warning C4996: 'std::codecvt_utf8<wchar_t,1114111,(std::codecvt_mode)0>': warning STL4017: std::wbuffer_convert, std::wstring_convert, and the <codecvt> header (containing std::codecvt_mode, std::codecvt_utf8, std::codecvt_utf16, and std::codecvt_utf8_utf16) are deprecated in C++17. (The std::codecvt class template is NOT deprecated.) The C++ Standard doesn't provide equivalent non-deprecated functionality; consider using MultiByteToWideChar() and WideCharToMultiByte() from <Windows.h> instead. You can define _SILENCE_CXX17_CODECVT_HEADER_DEPRECATION_WARNING or _SILENCE_ALL_CXX17_DEPRECATION_WARNINGS to suppress this warning.
C:\Program Files (x86)\Microsoft Visual Studio\2022\BuildTools\VC\Tools\MSVC\14.44.35207\include\codecvt(34): note: 参见“std::codecvt_utf8”的声明
C:\Users\user\output\deepseek-v4部署\fastllm-master\include\fastllm.h(687): warning C4996: 'std::wstring_convert<std::codecvt_utf8<wchar_t,1114111,(std::codecvt_mode)0>,wchar_t,std::allocator<wchar_t>,std::allocator<char>>': warning STL4017: std::wbuffer_convert, std::wstring_convert, and the <codecvt> header (containing std::codecvt_mode, std::codecvt_utf8, std::codecvt_utf16, and std::codecvt_utf8_utf16) are deprecated in C++17. (The std::codecvt class template is NOT deprecated.) The C++ Standard doesn't provide equivalent non-deprecated functionality; consider using MultiByteToWideChar() and WideCharToMultiByte() from <Windows.h> instead. You can define _SILENCE_CXX17_CODECVT_HEADER_DEPRECATION_WARNING or _SILENCE_ALL_CXX17_DEPRECATION_WARNINGS to suppress this warning.
C:\Program Files (x86)\Microsoft Visual Studio\2022\BuildTools\VC\Tools\MSVC\14.44.35207\include\xlocbuf(303): note: 参见“std::wstring_convert”的声明
[8/33] Building CXX object CMakeFiles\fastllm_tools.dir\src\blocks\mlpblock.cpp.obj
注意: 包含文件:  C:\Users\user\output\deepseek-v4部署\fastllm-master\include\blocks\baseblock.h
注意: 包含文件:   C:\Users\user\output\deepseek-v4部署\fastllm-master\include\fastllm.h
注意: 包含文件:    C:\Program Files (x86)\Microsoft Visual Studio\2022\BuildTools\VC\Tools\MSVC\14.44.35207\include\vector
注意: 包含文件:     C:\Program Files (x86)\Microsoft Visual Studio\2022\BuildTools\VC\Tools\MSVC\14.44.35207\include\yvals_core.h
注意: 包含文件:      C:\Program Files (x86)\Microsoft Visual Studio\2022\BuildTools\VC\Tools\MSVC\14.44.35207\include\vcruntime.h
注意: 包含文件:       C:\Program Files (x86)\Microsoft Visual Studio\2022\BuildTools\VC\Tools\MSVC\14.44.35207\include\sal.h
注意: 包含文件:        C:\Program Files (x86)\Microsoft Visual Studio\2022\BuildTools\VC\Tools\MSVC\14.44.35207\include\concurrencysal.h
注意: 包含文件:       C:\Program Files (x86)\Microsoft Visual Studio\2022\BuildTools\VC\Tools\MSVC\14.44.35207\include\vadefs.h
注意: 包含文件:      C:\Program Files (x86)\Microsoft Visual Studio\2022\BuildTools\VC\Tools\MSVC\14.44.35207\include\xkeycheck.h
注意: 包含文件:     C:\Program Files (x86)\Microsoft Visual Studio\2022\BuildTools\VC\Tools\MSVC\14.44.35207\include\__msvc_bit_utils.hpp
注意: 包含文件:      C:\Program Files (x86)\Microsoft Visual Studio\2022\BuildTools\VC\Tools\MSVC\14.44.35207\include\climits
注意: 包含文件:       C:\Program Files (x86)\Microsoft Visual Studio\2022\BuildTools\VC\Tools\MSVC\14.44.35207\include\limits.h
注意: 包含文件:      C:\Program Files (x86)\Microsoft Visual Studio\2022\BuildTools\VC\Tools\MSVC\14.44.35207\include\xtr1common
注意: 包含文件:      C:\Program Files (x86)\Microsoft Visual Studio\2022\BuildTools\VC\Tools\MSVC\14.44.35207\include\intrin0.h
注意: 包含文件:       C:\Program Files (x86)\Microsoft Visual Studio\2022\BuildTools\VC\Tools\MSVC\14.44.35207\include\intrin0.inl.h
注意: 包含文件:     C:\Program Files (x86)\Microsoft Visual Studio\2022\BuildTools\VC\Tools\MSVC\14.44.35207\include\__msvc_sanitizer_annotate_container.hpp
注意: 包含文件:     C:\Program Files (x86)\Microsoft Visual Studio\2022\BuildTools\VC\Tools\MSVC\14.44.35207\include\xmemory
注意: 包含文件:      C:\Program Files (x86)\Microsoft Visual Studio\2022\BuildTools\VC\Tools\MSVC\14.44.35207\include\cstdint
注意: 包含文件:       C:\Program Files (x86)\Microsoft Visual Studio\2022\BuildTools\VC\Tools\MSVC\14.44.35207\include\stdint.h
注意: 包含文件:      C:\Program Files (x86)\Microsoft Visual Studio\2022\BuildTools\VC\Tools\MSVC\14.44.35207\include\cstdlib
注意: 包含文件:       C:\Program Files (x86)\Windows Kits\10\include\10.0.26100.0\ucrt\math.h
注意: 包含文件:        C:\Program Files (x86)\Windows Kits\10\include\10.0.26100.0\ucrt\corecrt_math.h
注意: 包含文件:         C:\Program Files (x86)\Windows Kits\10\include\10.0.26100.0\ucrt\corecrt.h
注意: 包含文件:        C:\Program Files (x86)\Windows Kits\10\include\10.0.26100.0\ucrt\corecrt_math_defines.h
注意: 包含文件:       C:\Program Files (x86)\Windows Kits\10\include\10.0.26100.0\ucrt\stdlib.h
注意: 包含文件:        C:\Program Files (x86)\Windows Kits\10\include\10.0.26100.0\ucrt\corecrt_malloc.h
注意: 包含文件:        C:\Program Files (x86)\Windows Kits\10\include\10.0.26100.0\ucrt\corecrt_search.h
注意: 包含文件:         C:\Program Files (x86)\Windows Kits\10\include\10.0.26100.0\ucrt\stddef.h
注意: 包含文件:        C:\Program Files (x86)\Windows Kits\10\include\10.0.26100.0\ucrt\corecrt_wstdlib.h
注意: 包含文件:      C:\Program Files (x86)\Microsoft Visual Studio\2022\BuildTools\VC\Tools\MSVC\14.44.35207\include\limits
注意: 包含文件:       C:\Program Files (x86)\Microsoft Visual Studio\2022\BuildTools\VC\Tools\MSVC\14.44.35207\include\cfloat
注意: 包含文件:        C:\Program Files (x86)\Windows Kits\10\include\10.0.26100.0\ucrt\float.h
注意: 包含文件:       C:\Program Files (x86)\Microsoft Visual Studio\2022\BuildTools\VC\Tools\MSVC\14.44.35207\include\cwchar
注意: 包含文件:        C:\Program Files (x86)\Microsoft Visual Studio\2022\BuildTools\VC\Tools\MSVC\14.44.35207\include\cstdio
注意: 包含文件:         C:\Program Files (x86)\Windows Kits\10\include\10.0.26100.0\ucrt\stdio.h
注意: 包含文件:          C:\Program Files (x86)\Windows Kits\10\include\10.0.26100.0\ucrt\corecrt_wstdio.h
注意: 包含文件:           C:\Program Files (x86)\Windows Kits\10\include\10.0.26100.0\ucrt\corecrt_stdio_config.h
注意: 包含文件:        C:\Program Files (x86)\Windows Kits\10\include\10.0.26100.0\ucrt\wchar.h
注意: 包含文件:         C:\Program Files (x86)\Windows Kits\10\include\10.0.26100.0\ucrt\corecrt_memcpy_s.h
注意: 包含文件:          C:\Program Files (x86)\Windows Kits\10\include\10.0.26100.0\ucrt\errno.h
注意: 包含文件:          C:\Program Files (x86)\Microsoft Visual Studio\2022\BuildTools\VC\Tools\MSVC\14.44.35207\include\vcruntime_string.h
注意: 包含文件:         C:\Program Files (x86)\Windows Kits\10\include\10.0.26100.0\ucrt\corecrt_wconio.h
注意: 包含文件:         C:\Program Files (x86)\Windows Kits\10\include\10.0.26100.0\ucrt\corecrt_wctype.h
注意: 包含文件:         C:\Program Files (x86)\Windows Kits\10\include\10.0.26100.0\ucrt\corecrt_wdirect.h
注意: 包含文件:         C:\Program Files (x86)\Windows Kits\10\include\10.0.26100.0\ucrt\corecrt_wio.h
注意: 包含文件:          C:\Program Files (x86)\Windows Kits\10\include\10.0.26100.0\ucrt\corecrt_share.h
注意: 包含文件:         C:\Program Files (x86)\Windows Kits\10\include\10.0.26100.0\ucrt\corecrt_wprocess.h
注意: 包含文件:         C:\Program Files (x86)\Windows Kits\10\include\10.0.26100.0\ucrt\corecrt_wstring.h
注意: 包含文件:         C:\Program Files (x86)\Windows Kits\10\include\10.0.26100.0\ucrt\corecrt_wtime.h
注意: 包含文件:         C:\Program Files (x86)\Windows Kits\10\include\10.0.26100.0\ucrt\sys/stat.h
注意: 包含文件:          C:\Program Files (x86)\Windows Kits\10\include\10.0.26100.0\ucrt\sys/types.h
注意: 包含文件:         C:\Program Files (x86)\Microsoft Visual Studio\2022\BuildTools\VC\Tools\MSVC\14.44.35207\include\intrin.h
注意: 包含文件:          C:\Program Files (x86)\Microsoft Visual Studio\2022\BuildTools\VC\Tools\MSVC\14.44.35207\include\setjmp.h
注意: 包含文件:          C:\Program Files (x86)\Microsoft Visual Studio\2022\BuildTools\VC\Tools\MSVC\14.44.35207\include\immintrin.h
注意: 包含文件:           C:\Program Files (x86)\Microsoft Visual Studio\2022\BuildTools\VC\Tools\MSVC\14.44.35207\include\wmmintrin.h
注意: 包含文件:            C:\Program Files (x86)\Microsoft Visual Studio\2022\BuildTools\VC\Tools\MSVC\14.44.35207\include\nmmintrin.h
注意: 包含文件:             C:\Program Files (x86)\Microsoft Visual Studio\2022\BuildTools\VC\Tools\MSVC\14.44.35207\include\smmintrin.h
注意: 包含文件:              C:\Program Files (x86)\Microsoft Visual Studio\2022\BuildTools\VC\Tools\MSVC\14.44.35207\include\tmmintrin.h
注意: 包含文件:               C:\Program Files (x86)\Microsoft Visual Studio\2022\BuildTools\VC\Tools\MSVC\14.44.35207\include\pmmintrin.h
注意: 包含文件:                C:\Program Files (x86)\Microsoft Visual Studio\2022\BuildTools\VC\Tools\MSVC\14.44.35207\include\emmintrin.h
注意: 包含文件:                 C:\Program Files (x86)\Microsoft Visual Studio\2022\BuildTools\VC\Tools\MSVC\14.44.35207\include\xmmintrin.h
注意: 包含文件:                  C:\Program Files (x86)\Microsoft Visual Studio\2022\BuildTools\VC\Tools\MSVC\14.44.35207\include\mmintrin.h
注意: 包含文件:                  C:\Program Files (x86)\Windows Kits\10\include\10.0.26100.0\ucrt\malloc.h
注意: 包含文件:           C:\Program Files (x86)\Microsoft Visual Studio\2022\BuildTools\VC\Tools\MSVC\14.44.35207\include\zmmintrin.h
注意: 包含文件:          C:\Program Files (x86)\Microsoft Visual Studio\2022\BuildTools\VC\Tools\MSVC\14.44.35207\include\ammintrin.h
注意: 包含文件:      C:\Program Files (x86)\Microsoft Visual Studio\2022\BuildTools\VC\Tools\MSVC\14.44.35207\include\new
注意: 包含文件:       C:\Program Files (x86)\Microsoft Visual Studio\2022\BuildTools\VC\Tools\MSVC\14.44.35207\include\exception
注意: 包含文件:        C:\Program Files (x86)\Microsoft Visual Studio\2022\BuildTools\VC\Tools\MSVC\14.44.35207\include\yvals.h
注意: 包含文件:         C:\Program Files (x86)\Windows Kits\10\include\10.0.26100.0\ucrt\crtdbg.h
注意: 包含文件:          C:\Program Files (x86)\Microsoft Visual Studio\2022\BuildTools\VC\Tools\MSVC\14.44.35207\include\vcruntime_new_debug.h
注意: 包含文件:           C:\Program Files (x86)\Microsoft Visual Studio\2022\BuildTools\VC\Tools\MSVC\14.44.35207\include\vcruntime_new.h
注意: 包含文件:         C:\Program Files (x86)\Microsoft Visual Studio\2022\BuildTools\VC\Tools\MSVC\14.44.35207\include\crtdefs.h
注意: 包含文件:         C:\Program Files (x86)\Microsoft Visual Studio\2022\BuildTools\VC\Tools\MSVC\14.44.35207\include\use_ansi.h
注意: 包含文件:        C:\Program Files (x86)\Microsoft Visual Studio\2022\BuildTools\VC\Tools\MSVC\14.44.35207\include\type_traits
注意: 包含文件:         C:\Program Files (x86)\Microsoft Visual Studio\2022\BuildTools\VC\Tools\MSVC\14.44.35207\include\cstddef
注意: 包含文件:         C:\Program Files (x86)\Microsoft Visual Studio\2022\BuildTools\VC\Tools\MSVC\14.44.35207\include\cstring
注意: 包含文件:          C:\Program Files (x86)\Windows Kits\10\include\10.0.26100.0\ucrt\string.h
注意: 包含文件:           C:\Program Files (x86)\Windows Kits\10\include\10.0.26100.0\ucrt\corecrt_memory.h
注意: 包含文件:        C:\Program Files (x86)\Microsoft Visual Studio\2022\BuildTools\VC\Tools\MSVC\14.44.35207\include\vcruntime_exception.h
注意: 包含文件:         C:\Program Files (x86)\Microsoft Visual Studio\2022\BuildTools\VC\Tools\MSVC\14.44.35207\include\eh.h
注意: 包含文件:          C:\Program Files (x86)\Windows Kits\10\include\10.0.26100.0\ucrt\corecrt_terminate.h
注意: 包含文件:      C:\Program Files (x86)\Microsoft Visual Studio\2022\BuildTools\VC\Tools\MSVC\14.44.35207\include\xatomic.h
注意: 包含文件:      C:\Program Files (x86)\Microsoft Visual Studio\2022\BuildTools\VC\Tools\MSVC\14.44.35207\include\xutility
注意: 包含文件:       C:\Program Files (x86)\Microsoft Visual Studio\2022\BuildTools\VC\Tools\MSVC\14.44.35207\include\__msvc_iter_core.hpp
注意: 包含文件:        C:\Program Files (x86)\Microsoft Visual Studio\2022\BuildTools\VC\Tools\MSVC\14.44.35207\include\utility
注意: 包含文件:         C:\Program Files (x86)\Microsoft Visual Studio\2022\BuildTools\VC\Tools\MSVC\14.44.35207\include\initializer_list
注意: 包含文件:     C:\Program Files (x86)\Microsoft Visual Studio\2022\BuildTools\VC\Tools\MSVC\14.44.35207\include\xpolymorphic_allocator.h
注意: 包含文件:      C:\Program Files (x86)\Microsoft Visual Studio\2022\BuildTools\VC\Tools\MSVC\14.44.35207\include\tuple
注意: 包含文件:    C:\Program Files (x86)\Microsoft Visual Studio\2022\BuildTools\VC\Tools\MSVC\14.44.35207\include\string
注意: 包含文件:     C:\Program Files (x86)\Microsoft Visual Studio\2022\BuildTools\VC\Tools\MSVC\14.44.35207\include\xstring
注意: 包含文件:      C:\Program Files (x86)\Microsoft Visual Studio\2022\BuildTools\VC\Tools\MSVC\14.44.35207\include\__msvc_string_view.hpp
注意: 包含文件:       C:\Program Files (x86)\Microsoft Visual Studio\2022\BuildTools\VC\Tools\MSVC\14.44.35207\include\iosfwd
注意: 包含文件:     C:\Program Files (x86)\Microsoft Visual Studio\2022\BuildTools\VC\Tools\MSVC\14.44.35207\include\cctype
注意: 包含文件:      C:\Program Files (x86)\Windows Kits\10\include\10.0.26100.0\ucrt\ctype.h
注意: 包含文件:    C:\Program Files (x86)\Microsoft Visual Studio\2022\BuildTools\VC\Tools\MSVC\14.44.35207\include\map
注意: 包含文件:     C:\Program Files (x86)\Microsoft Visual Studio\2022\BuildTools\VC\Tools\MSVC\14.44.35207\include\xtree
注意: 包含文件:      C:\Program Files (x86)\Microsoft Visual Studio\2022\BuildTools\VC\Tools\MSVC\14.44.35207\include\xnode_handle.h
注意: 包含文件:    C:\Program Files (x86)\Microsoft Visual Studio\2022\BuildTools\VC\Tools\MSVC\14.44.35207\include\set
注意: 包含文件:    C:\Program Files (x86)\Microsoft Visual Studio\2022\BuildTools\VC\Tools\MSVC\14.44.35207\include\queue
注意: 包含文件:     C:\Program Files (x86)\Microsoft Visual Studio\2022\BuildTools\VC\Tools\MSVC\14.44.35207\include\__msvc_heap_algorithms.hpp
注意: 包含文件:     C:\Program Files (x86)\Microsoft Visual Studio\2022\BuildTools\VC\Tools\MSVC\14.44.35207\include\deque
注意: 包含文件:    C:\Program Files (x86)\Microsoft Visual Studio\2022\BuildTools\VC\Tools\MSVC\14.44.35207\include\unordered_map
注意: 包含文件:     C:\Program Files (x86)\Microsoft Visual Studio\2022\BuildTools\VC\Tools\MSVC\14.44.35207\include\xhash
注意: 包含文件:      C:\Program Files (x86)\Microsoft Visual Studio\2022\BuildTools\VC\Tools\MSVC\14.44.35207\include\cmath
注意: 包含文件:      C:\Program Files (x86)\Microsoft Visual Studio\2022\BuildTools\VC\Tools\MSVC\14.44.35207\include\list
注意: 包含文件:      C:\Program Files (x86)\Microsoft Visual Studio\2022\BuildTools\VC\Tools\MSVC\14.44.35207\include\xbit_ops.h
注意: 包含文件:    C:\Program Files (x86)\Microsoft Visual Studio\2022\BuildTools\VC\Tools\MSVC\14.44.35207\include\unordered_set
注意: 包含文件:    C:\Program Files (x86)\Microsoft Visual Studio\2022\BuildTools\VC\Tools\MSVC\14.44.35207\include\algorithm
注意: 包含文件:     C:\Program Files (x86)\Microsoft Visual Studio\2022\BuildTools\VC\Tools\MSVC\14.44.35207\include\__msvc_minmax.hpp
注意: 包含文件:    C:\Program Files (x86)\Microsoft Visual Studio\2022\BuildTools\VC\Tools\MSVC\14.44.35207\include\iostream
注意: 包含文件:     C:\Program Files (x86)\Microsoft Visual Studio\2022\BuildTools\VC\Tools\MSVC\14.44.35207\include\istream
注意: 包含文件:      C:\Program Files (x86)\Microsoft Visual Studio\2022\BuildTools\VC\Tools\MSVC\14.44.35207\include\__msvc_ostream.hpp
注意: 包含文件:       C:\Program Files (x86)\Microsoft Visual Studio\2022\BuildTools\VC\Tools\MSVC\14.44.35207\include\ios
注意: 包含文件:        C:\Program Files (x86)\Microsoft Visual Studio\2022\BuildTools\VC\Tools\MSVC\14.44.35207\include\xlocnum
注意: 包含文件:         C:\Program Files (x86)\Microsoft Visual Studio\2022\BuildTools\VC\Tools\MSVC\14.44.35207\include\iterator
注意: 包含文件:         C:\Program Files (x86)\Microsoft Visual Studio\2022\BuildTools\VC\Tools\MSVC\14.44.35207\include\streambuf
注意: 包含文件:          C:\Program Files (x86)\Microsoft Visual Studio\2022\BuildTools\VC\Tools\MSVC\14.44.35207\include\xiosbase
注意: 包含文件:           C:\Program Files (x86)\Windows Kits\10\include\10.0.26100.0\ucrt\share.h
注意: 包含文件:           C:\Program Files (x86)\Microsoft Visual Studio\2022\BuildTools\VC\Tools\MSVC\14.44.35207\include\system_error
注意: 包含文件:            C:\Program Files (x86)\Microsoft Visual Studio\2022\BuildTools\VC\Tools\MSVC\14.44.35207\include\__msvc_system_error_abi.hpp
注意: 包含文件:            C:\Program Files (x86)\Microsoft Visual Studio\2022\BuildTools\VC\Tools\MSVC\14.44.35207\include\cerrno
注意: 包含文件:            C:\Program Files (x86)\Microsoft Visual Studio\2022\BuildTools\VC\Tools\MSVC\14.44.35207\include\stdexcept
注意: 包含文件:            C:\Program Files (x86)\Microsoft Visual Studio\2022\BuildTools\VC\Tools\MSVC\14.44.35207\include\xcall_once.h
注意: 包含文件:            C:\Program Files (x86)\Microsoft Visual Studio\2022\BuildTools\VC\Tools\MSVC\14.44.35207\include\xerrc.h
注意: 包含文件:            C:\Program Files (x86)\Microsoft Visual Studio\2022\BuildTools\VC\Tools\MSVC\14.44.35207\include\atomic
注意: 包含文件:             C:\Program Files (x86)\Microsoft Visual Studio\2022\BuildTools\VC\Tools\MSVC\14.44.35207\include\xthreads.h
注意: 包含文件:              C:\Program Files (x86)\Microsoft Visual Studio\2022\BuildTools\VC\Tools\MSVC\14.44.35207\include\__msvc_threads_core.hpp
注意: 包含文件:              C:\Program Files (x86)\Microsoft Visual Studio\2022\BuildTools\VC\Tools\MSVC\14.44.35207\include\xtimec.h
注意: 包含文件:               C:\Program Files (x86)\Microsoft Visual Studio\2022\BuildTools\VC\Tools\MSVC\14.44.35207\include\ctime
注意: 包含文件:                C:\Program Files (x86)\Windows Kits\10\include\10.0.26100.0\ucrt\time.h
注意: 包含文件:           C:\Program Files (x86)\Microsoft Visual Studio\2022\BuildTools\VC\Tools\MSVC\14.44.35207\include\xlocale
注意: 包含文件:            C:\Program Files (x86)\Microsoft Visual Studio\2022\BuildTools\VC\Tools\MSVC\14.44.35207\include\memory
注意: 包含文件:             C:\Program Files (x86)\Microsoft Visual Studio\2022\BuildTools\VC\Tools\MSVC\14.44.35207\include\typeinfo
注意: 包含文件:              C:\Program Files (x86)\Microsoft Visual Studio\2022\BuildTools\VC\Tools\MSVC\14.44.35207\include\vcruntime_typeinfo.h
注意: 包含文件:            C:\Program Files (x86)\Microsoft Visual Studio\2022\BuildTools\VC\Tools\MSVC\14.44.35207\include\xfacet
注意: 包含文件:            C:\Program Files (x86)\Microsoft Visual Studio\2022\BuildTools\VC\Tools\MSVC\14.44.35207\include\xlocinfo
注意: 包含文件:             C:\Program Files (x86)\Microsoft Visual Studio\2022\BuildTools\VC\Tools\MSVC\14.44.35207\include\__msvc_xlocinfo_types.hpp
注意: 包含文件:             C:\Program Files (x86)\Microsoft Visual Studio\2022\BuildTools\VC\Tools\MSVC\14.44.35207\include\clocale
注意: 包含文件:              C:\Program Files (x86)\Windows Kits\10\include\10.0.26100.0\ucrt\locale.h
注意: 包含文件:     C:\Program Files (x86)\Microsoft Visual Studio\2022\BuildTools\VC\Tools\MSVC\14.44.35207\include\ostream
注意: 包含文件:    C:\Program Files (x86)\Microsoft Visual Studio\2022\BuildTools\VC\Tools\MSVC\14.44.35207\include\functional
注意: 包含文件:    C:\Program Files (x86)\Microsoft Visual Studio\2022\BuildTools\VC\Tools\MSVC\14.44.35207\include\mutex
注意: 包含文件:     C:\Program Files (x86)\Microsoft Visual Studio\2022\BuildTools\VC\Tools\MSVC\14.44.35207\include\__msvc_chrono.hpp
注意: 包含文件:      C:\Program Files (x86)\Microsoft Visual Studio\2022\BuildTools\VC\Tools\MSVC\14.44.35207\include\ratio
注意: 包含文件:     C:\Program Files (x86)\Microsoft Visual Studio\2022\BuildTools\VC\Tools\MSVC\14.44.35207\include\thread
注意: 包含文件:      C:\Program Files (x86)\Windows Kits\10\include\10.0.26100.0\ucrt\process.h
注意: 包含文件:       C:\Program Files (x86)\Windows Kits\10\include\10.0.26100.0\ucrt\corecrt_startup.h
注意: 包含文件:        C:\Program Files (x86)\Windows Kits\10\include\10.0.26100.0\ucrt\math.h
注意: 包含文件:        C:\Program Files (x86)\Microsoft Visual Studio\2022\BuildTools\VC\Tools\MSVC\14.44.35207\include\vcruntime_startup.h
注意: 包含文件:    C:\Program Files (x86)\Microsoft Visual Studio\2022\BuildTools\VC\Tools\MSVC\14.44.35207\include\locale
注意: 包含文件:     C:\Program Files (x86)\Microsoft Visual Studio\2022\BuildTools\VC\Tools\MSVC\14.44.35207\include\xlocbuf
注意: 包含文件:     C:\Program Files (x86)\Microsoft Visual Studio\2022\BuildTools\VC\Tools\MSVC\14.44.35207\include\xlocmes
注意: 包含文件:     C:\Program Files (x86)\Microsoft Visual Studio\2022\BuildTools\VC\Tools\MSVC\14.44.35207\include\xlocmon
注意: 包含文件:     C:\Program Files (x86)\Microsoft Visual Studio\2022\BuildTools\VC\Tools\MSVC\14.44.35207\include\xloctime
注意: 包含文件:    C:\Program Files (x86)\Microsoft Visual Studio\2022\BuildTools\VC\Tools\MSVC\14.44.35207\include\codecvt
注意: 包含文件:    C:\Users\user\output\deepseek-v4部署\fastllm-master\include\devices/cpu/alivethreadpool.h
注意: 包含文件:     C:\Program Files (x86)\Microsoft Visual Studio\2022\BuildTools\VC\Tools\MSVC\14.44.35207\include\chrono
注意: 包含文件:      C:\Program Files (x86)\Microsoft Visual Studio\2022\BuildTools\VC\Tools\MSVC\14.44.35207\include\xfilesystem_abi.h
注意: 包含文件:     C:\Program Files (x86)\Windows Kits\10\\include\10.0.26100.0\\um\Windows.h
注意: 包含文件:      C:\Program Files (x86)\Windows Kits\10\\include\10.0.26100.0\\shared\winapifamily.h
注意: 包含文件:       C:\Program Files (x86)\Windows Kits\10\\include\10.0.26100.0\\shared\winpackagefamily.h
注意: 包含文件:      C:\Program Files (x86)\Windows Kits\10\\include\10.0.26100.0\\shared\sdkddkver.h
注意: 包含文件:      C:\Program Files (x86)\Microsoft Visual Studio\2022\BuildTools\VC\Tools\MSVC\14.44.35207\include\excpt.h
注意: 包含文件:      C:\Program Files (x86)\Microsoft Visual Studio\2022\BuildTools\VC\Tools\MSVC\14.44.35207\include\stdarg.h
注意: 包含文件:      C:\Program Files (x86)\Windows Kits\10\\include\10.0.26100.0\\shared\windef.h
注意: 包含文件:       C:\Program Files (x86)\Windows Kits\10\\include\10.0.26100.0\\shared\minwindef.h
注意: 包含文件:        C:\Program Files (x86)\Windows Kits\10\\include\10.0.26100.0\\shared\specstrings.h
注意: 包含文件:         C:\Program Files (x86)\Windows Kits\10\\include\10.0.26100.0\\shared\specstrings_strict.h
注意: 包含文件:          C:\Program Files (x86)\Windows Kits\10\\include\10.0.26100.0\\shared\specstrings_undef.h
注意: 包含文件:         C:\Program Files (x86)\Windows Kits\10\\include\10.0.26100.0\\shared\driverspecs.h
注意: 包含文件:          C:\Program Files (x86)\Windows Kits\10\include\10.0.26100.0\shared\sdv_driverspecs.h
注意: 包含文件:        C:\Program Files (x86)\Windows Kits\10\\include\10.0.26100.0\\um\winnt.h
注意: 包含文件:         C:\Program Files (x86)\Windows Kits\10\\include\10.0.26100.0\\shared\kernelspecs.h
注意: 包含文件:         C:\Program Files (x86)\Windows Kits\10\\include\10.0.26100.0\\shared\basetsd.h
注意: 包含文件:         C:\Program Files (x86)\Windows Kits\10\\include\10.0.26100.0\\shared\guiddef.h
注意: 包含文件:         C:\Program Files (x86)\Windows Kits\10\include\10.0.26100.0\shared\pshpack4.h
注意: 包含文件:         C:\Program Files (x86)\Windows Kits\10\include\10.0.26100.0\shared\poppack.h
注意: 包含文件:         C:\Program Files (x86)\Windows Kits\10\\include\10.0.26100.0\\shared\pshpack4.h
注意: 包含文件:         C:\Program Files (x86)\Windows Kits\10\\include\10.0.26100.0\\shared\poppack.h
注意: 包含文件:         C:\Program Files (x86)\Windows Kits\10\include\10.0.26100.0\shared\pshpack4.h
注意: 包含文件:         C:\Program Files (x86)\Windows Kits\10\include\10.0.26100.0\shared\pshpack2.h
注意: 包含文件:         C:\Program Files (x86)\Windows Kits\10\include\10.0.26100.0\shared\poppack.h
注意: 包含文件:         C:\Program Files (x86)\Windows Kits\10\include\10.0.26100.0\shared\pshpack2.h
注意: 包含文件:         C:\Program Files (x86)\Windows Kits\10\\include\10.0.26100.0\\shared\pshpack2.h
注意: 包含文件:         C:\Program Files (x86)\Windows Kits\10\\include\10.0.26100.0\\shared\poppack.h
注意: 包含文件:         C:\Program Files (x86)\Windows Kits\10\include\10.0.26100.0\shared\poppack.h
注意: 包含文件:         C:\Program Files (x86)\Windows Kits\10\include\10.0.26100.0\shared\pshpack8.h
注意: 包含文件:         C:\Program Files (x86)\Windows Kits\10\include\10.0.26100.0\shared\poppack.h
注意: 包含文件:         C:\Program Files (x86)\Windows Kits\10\include\10.0.26100.0\shared\pshpack1.h
注意: 包含文件:         C:\Program Files (x86)\Windows Kits\10\include\10.0.26100.0\shared\poppack.h
注意: 包含文件:         C:\Program Files (x86)\Windows Kits\10\include\10.0.26100.0\shared\pshpack1.h
注意: 包含文件:         C:\Program Files (x86)\Windows Kits\10\include\10.0.26100.0\shared\poppack.h
注意: 包含文件:         C:\Program Files (x86)\Windows Kits\10\include\10.0.26100.0\shared\poppack.h
注意: 包含文件:         C:\Program Files (x86)\Windows Kits\10\\include\10.0.26100.0\\shared\apiset.h
注意: 包含文件:         C:\Program Files (x86)\Windows Kits\10\\include\10.0.26100.0\\shared\ktmtypes.h
注意: 包含文件:      C:\Program Files (x86)\Windows Kits\10\\include\10.0.26100.0\\um\winbase.h
注意: 包含文件:       C:\Program Files (x86)\Windows Kits\10\\include\10.0.26100.0\\shared\apisetcconv.h
注意: 包含文件:       C:\Program Files (x86)\Windows Kits\10\\include\10.0.26100.0\\um\minwinbase.h
注意: 包含文件:       C:\Program Files (x86)\Windows Kits\10\\include\10.0.26100.0\\um\apiquery2.h
注意: 包含文件:       C:\Program Files (x86)\Windows Kits\10\\include\10.0.26100.0\\um\processenv.h
注意: 包含文件:       C:\Program Files (x86)\Windows Kits\10\\include\10.0.26100.0\\um\fileapifromapp.h
注意: 包含文件:        C:\Program Files (x86)\Windows Kits\10\\include\10.0.26100.0\\um\fileapi.h
注意: 包含文件:       C:\Program Files (x86)\Windows Kits\10\\include\10.0.26100.0\\um\debugapi.h
注意: 包含文件:       C:\Program Files (x86)\Windows Kits\10\\include\10.0.26100.0\\um\utilapiset.h
注意: 包含文件:       C:\Program Files (x86)\Windows Kits\10\\include\10.0.26100.0\\um\handleapi.h
注意: 包含文件:       C:\Program Files (x86)\Windows Kits\10\\include\10.0.26100.0\\um\errhandlingapi.h
注意: 包含文件:       C:\Program Files (x86)\Windows Kits\10\\include\10.0.26100.0\\um\fibersapi.h
注意: 包含文件:       C:\Program Files (x86)\Windows Kits\10\\include\10.0.26100.0\\um\namedpipeapi.h
注意: 包含文件:       C:\Program Files (x86)\Windows Kits\10\\include\10.0.26100.0\\um\profileapi.h
注意: 包含文件:       C:\Program Files (x86)\Windows Kits\10\\include\10.0.26100.0\\um\heapapi.h
注意: 包含文件:       C:\Program Files (x86)\Windows Kits\10\\include\10.0.26100.0\\um\ioapiset.h
注意: 包含文件:       C:\Program Files (x86)\Windows Kits\10\\include\10.0.26100.0\\um\synchapi.h
注意: 包含文件:       C:\Program Files (x86)\Windows Kits\10\\include\10.0.26100.0\\um\interlockedapi.h
注意: 包含文件:       C:\Program Files (x86)\Windows Kits\10\\include\10.0.26100.0\\um\processthreadsapi.h
注意: 包含文件:       C:\Program Files (x86)\Windows Kits\10\\include\10.0.26100.0\\um\sysinfoapi.h
注意: 包含文件:       C:\Program Files (x86)\Windows Kits\10\\include\10.0.26100.0\\um\memoryapi.h
注意: 包含文件:       C:\Program Files (x86)\Windows Kits\10\\include\10.0.26100.0\\um\enclaveapi.h
注意: 包含文件:       C:\Program Files (x86)\Windows Kits\10\\include\10.0.26100.0\\um\threadpoollegacyapiset.h
注意: 包含文件:       C:\Program Files (x86)\Windows Kits\10\\include\10.0.26100.0\\um\threadpoolapiset.h
注意: 包含文件:       C:\Program Files (x86)\Windows Kits\10\\include\10.0.26100.0\\um\jobapi.h
注意: 包含文件:       C:\Program Files (x86)\Windows Kits\10\\include\10.0.26100.0\\um\jobapi2.h
注意: 包含文件:       C:\Program Files (x86)\Windows Kits\10\\include\10.0.26100.0\\um\wow64apiset.h
注意: 包含文件:       C:\Program Files (x86)\Windows Kits\10\\include\10.0.26100.0\\um\libloaderapi.h
注意: 包含文件:       C:\Program Files (x86)\Windows Kits\10\\include\10.0.26100.0\\um\securitybaseapi.h
注意: 包含文件:       C:\Program Files (x86)\Windows Kits\10\\include\10.0.26100.0\\um\namespaceapi.h
注意: 包含文件:       C:\Program Files (x86)\Windows Kits\10\\include\10.0.26100.0\\um\systemtopologyapi.h
注意: 包含文件:       C:\Program Files (x86)\Windows Kits\10\\include\10.0.26100.0\\um\processtopologyapi.h
注意: 包含文件:       C:\Program Files (x86)\Windows Kits\10\\include\10.0.26100.0\\um\securityappcontainer.h
注意: 包含文件:       C:\Program Files (x86)\Windows Kits\10\\include\10.0.26100.0\\um\realtimeapiset.h
注意: 包含文件:       C:\Program Files (x86)\Windows Kits\10\\include\10.0.26100.0\\shared\winerror.h
注意: 包含文件:       C:\Program Files (x86)\Windows Kits\10\\include\10.0.26100.0\\um\timezoneapi.h
注意: 包含文件:      C:\Program Files (x86)\Windows Kits\10\\include\10.0.26100.0\\um\wingdi.h
注意: 包含文件:       C:\Program Files (x86)\Windows Kits\10\\include\10.0.26100.0\\shared\pshpack1.h
注意: 包含文件:       C:\Program Files (x86)\Windows Kits\10\\include\10.0.26100.0\\shared\poppack.h
注意: 包含文件:       C:\Program Files (x86)\Windows Kits\10\\include\10.0.26100.0\\shared\pshpack2.h
注意: 包含文件:       C:\Program Files (x86)\Windows Kits\10\\include\10.0.26100.0\\shared\poppack.h
注意: 包含文件:       C:\Program Files (x86)\Windows Kits\10\\include\10.0.26100.0\\shared\pshpack2.h
注意: 包含文件:       C:\Program Files (x86)\Windows Kits\10\\include\10.0.26100.0\\shared\poppack.h
注意: 包含文件:       C:\Program Files (x86)\Windows Kits\10\\include\10.0.26100.0\\shared\pshpack4.h
注意: 包含文件:       C:\Program Files (x86)\Windows Kits\10\\include\10.0.26100.0\\shared\poppack.h
注意: 包含文件:       C:\Program Files (x86)\Windows Kits\10\\include\10.0.26100.0\\shared\pshpack4.h
注意: 包含文件:       C:\Program Files (x86)\Windows Kits\10\\include\10.0.26100.0\\shared\poppack.h
注意: 包含文件:      C:\Program Files (x86)\Windows Kits\10\\include\10.0.26100.0\\um\winuser.h
注意: 包含文件:       C:\Program Files (x86)\Windows Kits\10\\include\10.0.26100.0\\shared\pshpack2.h
注意: 包含文件:       C:\Program Files (x86)\Windows Kits\10\\include\10.0.26100.0\\shared\poppack.h
注意: 包含文件:       C:\Program Files (x86)\Windows Kits\10\\include\10.0.26100.0\\shared\tvout.h
注意: 包含文件:      C:\Program Files (x86)\Windows Kits\10\\include\10.0.26100.0\\um\winnls.h
注意: 包含文件:       C:\Program Files (x86)\Windows Kits\10\\include\10.0.26100.0\\um\datetimeapi.h
注意: 包含文件:       C:\Program Files (x86)\Windows Kits\10\\include\10.0.26100.0\\um\stringapiset.h
注意: 包含文件:        C:\Program Files (x86)\Windows Kits\10\\include\10.0.26100.0\\um\winnls.h
注意: 包含文件:      C:\Program Files (x86)\Windows Kits\10\\include\10.0.26100.0\\um\wincon.h
注意: 包含文件:       C:\Program Files (x86)\Windows Kits\10\\include\10.0.26100.0\\um\wincontypes.h
注意: 包含文件:       C:\Program Files (x86)\Windows Kits\10\\include\10.0.26100.0\\um\consoleapi.h
注意: 包含文件:       C:\Program Files (x86)\Windows Kits\10\\include\10.0.26100.0\\um\consoleapi2.h
注意: 包含文件:       C:\Program Files (x86)\Windows Kits\10\\include\10.0.26100.0\\um\consoleapi3.h
注意: 包含文件:      C:\Program Files (x86)\Windows Kits\10\\include\10.0.26100.0\\um\winver.h
注意: 包含文件:       C:\Program Files (x86)\Windows Kits\10\\include\10.0.26100.0\\um\verrsrc.h
注意: 包含文件:      C:\Program Files (x86)\Windows Kits\10\\include\10.0.26100.0\\um\winreg.h
注意: 包含文件:       C:\Program Files (x86)\Windows Kits\10\\include\10.0.26100.0\\um\reason.h
注意: 包含文件:      C:\Program Files (x86)\Windows Kits\10\\include\10.0.26100.0\\um\winnetwk.h
注意: 包含文件:       C:\Program Files (x86)\Windows Kits\10\\include\10.0.26100.0\\shared\wnnc.h
注意: 包含文件:      C:\Program Files (x86)\Windows Kits\10\\include\10.0.26100.0\\shared\cderr.h
注意: 包含文件:      C:\Program Files (x86)\Windows Kits\10\\include\10.0.26100.0\\um\dde.h
注意: 包含文件:      C:\Program Files (x86)\Windows Kits\10\\include\10.0.26100.0\\um\ddeml.h
注意: 包含文件:      C:\Program Files (x86)\Windows Kits\10\\include\10.0.26100.0\\um\dlgs.h
注意: 包含文件:      C:\Program Files (x86)\Windows Kits\10\\include\10.0.26100.0\\um\lzexpand.h
注意: 包含文件:      C:\Program Files (x86)\Windows Kits\10\\include\10.0.26100.0\\um\mmsystem.h
注意: 包含文件:       C:\Program Files (x86)\Windows Kits\10\\include\10.0.26100.0\\um\mmsyscom.h
注意: 包含文件:        C:\Program Files (x86)\Windows Kits\10\\include\10.0.26100.0\\shared\pshpack1.h
注意: 包含文件:        C:\Program Files (x86)\Windows Kits\10\\include\10.0.26100.0\\shared\poppack.h
注意: 包含文件:       C:\Program Files (x86)\Windows Kits\10\\include\10.0.26100.0\\shared\pshpack1.h
注意: 包含文件:       C:\Program Files (x86)\Windows Kits\10\\include\10.0.26100.0\\um\mciapi.h
注意: 包含文件:        C:\Program Files (x86)\Windows Kits\10\\include\10.0.26100.0\\um\mmsyscom.h
注意: 包含文件:       C:\Program Files (x86)\Windows Kits\10\\include\10.0.26100.0\\um\mmiscapi.h
注意: 包含文件:        C:\Program Files (x86)\Windows Kits\10\\include\10.0.26100.0\\um\mmsyscom.h
注意: 包含文件:       C:\Program Files (x86)\Windows Kits\10\\include\10.0.26100.0\\um\mmiscapi2.h
注意: 包含文件:        C:\Program Files (x86)\Windows Kits\10\\include\10.0.26100.0\\um\mmsyscom.h
注意: 包含文件:       C:\Program Files (x86)\Windows Kits\10\\include\10.0.26100.0\\um\playsoundapi.h
注意: 包含文件:        C:\Program Files (x86)\Windows Kits\10\\include\10.0.26100.0\\um\mmsyscom.h
注意: 包含文件:       C:\Program Files (x86)\Windows Kits\10\\include\10.0.26100.0\\um\mmeapi.h
注意: 包含文件:        C:\Program Files (x86)\Windows Kits\10\\include\10.0.26100.0\\um\mmsyscom.h
注意: 包含文件:       C:\Program Files (x86)\Windows Kits\10\\include\10.0.26100.0\\um\timeapi.h
注意: 包含文件:        C:\Program Files (x86)\Windows Kits\10\\include\10.0.26100.0\\um\mmsyscom.h
注意: 包含文件:       C:\Program Files (x86)\Windows Kits\10\\include\10.0.26100.0\\um\joystickapi.h
注意: 包含文件:        C:\Program Files (x86)\Windows Kits\10\\include\10.0.26100.0\\um\mmsyscom.h
注意: 包含文件:       C:\Program Files (x86)\Windows Kits\10\\include\10.0.26100.0\\shared\poppack.h
注意: 包含文件:      C:\Program Files (x86)\Windows Kits\10\\include\10.0.26100.0\\um\nb30.h
注意: 包含文件:      C:\Program Files (x86)\Windows Kits\10\\include\10.0.26100.0\\shared\rpc.h
注意: 包含文件:       C:\Program Files (x86)\Windows Kits\10\\include\10.0.26100.0\\shared\pshpack8.h
注意: 包含文件:       C:\Program Files (x86)\Windows Kits\10\\include\10.0.26100.0\\shared\rpcdce.h
注意: 包含文件:        C:\Program Files (x86)\Windows Kits\10\\include\10.0.26100.0\\shared\rpcdcep.h
注意: 包含文件:       C:\Program Files (x86)\Windows Kits\10\\include\10.0.26100.0\\um\rpcnsi.h
注意: 包含文件:       C:\Program Files (x86)\Windows Kits\10\\include\10.0.26100.0\\shared\rpcnterr.h
注意: 包含文件:       C:\Program Files (x86)\Windows Kits\10\\include\10.0.26100.0\\shared\rpcasync.h
注意: 包含文件:        C:\Program Files (x86)\Windows Kits\10\\include\10.0.26100.0\\shared\pshpack8.h
注意: 包含文件:        C:\Program Files (x86)\Windows Kits\10\\include\10.0.26100.0\\shared\poppack.h
注意: 包含文件:       C:\Program Files (x86)\Windows Kits\10\\include\10.0.26100.0\\shared\poppack.h
注意: 包含文件:      C:\Program Files (x86)\Windows Kits\10\\include\10.0.26100.0\\um\shellapi.h
注意: 包含文件:      C:\Program Files (x86)\Windows Kits\10\\include\10.0.26100.0\\um\winperf.h
注意: 包含文件:       C:\Program Files (x86)\Windows Kits\10\\include\10.0.26100.0\\shared\pshpack8.h
注意: 包含文件:       C:\Program Files (x86)\Windows Kits\10\\include\10.0.26100.0\\shared\poppack.h
注意: 包含文件:      C:\Program Files (x86)\Windows Kits\10\\include\10.0.26100.0\\um\winsock.h
注意: 包含文件:       C:\Program Files (x86)\Windows Kits\10\\include\10.0.26100.0\\shared\inaddr.h
注意: 包含文件:      C:\Program Files (x86)\Windows Kits\10\\include\10.0.26100.0\\um\wincrypt.h
注意: 包含文件:       C:\Program Files (x86)\Windows Kits\10\\include\10.0.26100.0\\shared\bcrypt.h
注意: 包含文件:       C:\Program Files (x86)\Windows Kits\10\\include\10.0.26100.0\\um\ncrypt.h
注意: 包含文件:       C:\Program Files (x86)\Windows Kits\10\\include\10.0.26100.0\\um\dpapi.h
注意: 包含文件:      C:\Program Files (x86)\Windows Kits\10\\include\10.0.26100.0\\um\winefs.h
注意: 包含文件:      C:\Program Files (x86)\Windows Kits\10\\include\10.0.26100.0\\um\winscard.h
注意: 包含文件:       C:\Program Files (x86)\Windows Kits\10\\include\10.0.26100.0\\shared\wtypes.h
注意: 包含文件:        C:\Program Files (x86)\Windows Kits\10\include\10.0.26100.0\shared\rpcndr.h
注意: 包含文件:         C:\Program Files (x86)\Windows Kits\10\\include\10.0.26100.0\\shared\pshpack8.h
注意: 包含文件:         C:\Program Files (x86)\Windows Kits\10\\include\10.0.26100.0\\um\rpcnsip.h
注意: 包含文件:         C:\Program Files (x86)\Windows Kits\10\\include\10.0.26100.0\\shared\rpcsal.h
注意: 包含文件:         C:\Program Files (x86)\Windows Kits\10\\include\10.0.26100.0\\shared\poppack.h
注意: 包含文件:        C:\Program Files (x86)\Windows Kits\10\include\10.0.26100.0\shared\wtypesbase.h
注意: 包含文件:         C:\Program Files (x86)\Windows Kits\10\include\10.0.26100.0\shared\guiddef.h
注意: 包含文件:       C:\Program Files (x86)\Windows Kits\10\\include\10.0.26100.0\\um\winioctl.h
注意: 包含文件:        C:\Program Files (x86)\Windows Kits\10\\include\10.0.26100.0\\shared\pshpack1.h
注意: 包含文件:        C:\Program Files (x86)\Windows Kits\10\\include\10.0.26100.0\\shared\poppack.h
注意: 包含文件:        C:\Program Files (x86)\Windows Kits\10\\include\10.0.26100.0\\shared\pshpack1.h
注意: 包含文件:        C:\Program Files (x86)\Windows Kits\10\\include\10.0.26100.0\\shared\poppack.h
注意: 包含文件:        C:\Program Files (x86)\Windows Kits\10\\include\10.0.26100.0\\shared\pshpack1.h
注意: 包含文件:        C:\Program Files (x86)\Windows Kits\10\\include\10.0.26100.0\\shared\poppack.h
注意: 包含文件:        C:\Program Files (x86)\Windows Kits\10\\include\10.0.26100.0\\shared\pshpack1.h
注意: 包含文件:        C:\Program Files (x86)\Windows Kits\10\\include\10.0.26100.0\\shared\poppack.h
注意: 包含文件:        C:\Program Files (x86)\Windows Kits\10\\include\10.0.26100.0\\shared\pshpack1.h
注意: 包含文件:        C:\Program Files (x86)\Windows Kits\10\\include\10.0.26100.0\\shared\poppack.h
注意: 包含文件:        C:\Program Files (x86)\Windows Kits\10\\include\10.0.26100.0\\shared\pshpack1.h
注意: 包含文件:        C:\Program Files (x86)\Windows Kits\10\\include\10.0.26100.0\\shared\poppack.h
注意: 包含文件:        C:\Program Files (x86)\Windows Kits\10\\include\10.0.26100.0\\shared\pshpack1.h
注意: 包含文件:        C:\Program Files (x86)\Windows Kits\10\\include\10.0.26100.0\\shared\poppack.h
注意: 包含文件:       C:\Program Files (x86)\Windows Kits\10\\include\10.0.26100.0\\shared\winsmcrd.h
注意: 包含文件:      C:\Program Files (x86)\Windows Kits\10\\include\10.0.26100.0\\um\winspool.h
注意: 包含文件:       C:\Program Files (x86)\Windows Kits\10\\include\10.0.26100.0\\um\prsht.h
注意: 包含文件:        C:\Program Files (x86)\Windows Kits\10\\include\10.0.26100.0\\shared\pshpack8.h
注意: 包含文件:        C:\Program Files (x86)\Windows Kits\10\\include\10.0.26100.0\\shared\poppack.h
注意: 包含文件:      C:\Program Files (x86)\Windows Kits\10\\include\10.0.26100.0\\um\ole2.h
注意: 包含文件:       C:\Program Files (x86)\Windows Kits\10\\include\10.0.26100.0\\shared\pshpack8.h
注意: 包含文件:       C:\Program Files (x86)\Windows Kits\10\\include\10.0.26100.0\\um\objbase.h
注意: 包含文件:        C:\Program Files (x86)\Windows Kits\10\\include\10.0.26100.0\\shared\pshpack8.h
注意: 包含文件:        C:\Program Files (x86)\Windows Kits\10\\include\10.0.26100.0\\um\combaseapi.h
注意: 包含文件:         C:\Program Files (x86)\Windows Kits\10\\include\10.0.26100.0\\shared\pshpack8.h
注意: 包含文件:         C:\Program Files (x86)\Windows Kits\10\\include\10.0.26100.0\\um\unknwnbase.h
注意: 包含文件:         C:\Program Files (x86)\Windows Kits\10\\include\10.0.26100.0\\um\objidlbase.h
注意: 包含文件:         C:\Program Files (x86)\Windows Kits\10\\include\10.0.26100.0\\shared\guiddef.h
注意: 包含文件:         C:\Program Files (x86)\Windows Kits\10\\include\10.0.26100.0\\um\cguid.h
注意: 包含文件:         C:\Program Files (x86)\Windows Kits\10\\include\10.0.26100.0\\shared\poppack.h
注意: 包含文件:        C:\Program Files (x86)\Windows Kits\10\\include\10.0.26100.0\\um\coml2api.h
注意: 包含文件:         C:\Program Files (x86)\Windows Kits\10\\include\10.0.26100.0\\um\objidl.h
注意: 包含文件:          C:\Program Files (x86)\Windows Kits\10\include\10.0.26100.0\um\unknwn.h
注意: 包含文件:         C:\Program Files (x86)\Windows Kits\10\\include\10.0.26100.0\\um\propidlbase.h
注意: 包含文件:          C:\Program Files (x86)\Windows Kits\10\include\10.0.26100.0\um\oaidl.h
注意: 包含文件:        C:\Program Files (x86)\Windows Kits\10\\include\10.0.26100.0\\um\urlmon.h
注意: 包含文件:         C:\Program Files (x86)\Windows Kits\10\include\10.0.26100.0\um\oleidl.h
注意: 包含文件:         C:\Program Files (x86)\Windows Kits\10\include\10.0.26100.0\um\servprov.h
注意: 包含文件:         C:\Program Files (x86)\Windows Kits\10\include\10.0.26100.0\um\msxml.h
注意: 包含文件:        C:\Program Files (x86)\Windows Kits\10\\include\10.0.26100.0\\um\propidl.h
注意: 包含文件:        C:\Program Files (x86)\Windows Kits\10\\include\10.0.26100.0\\shared\poppack.h
注意: 包含文件:       C:\Program Files (x86)\Windows Kits\10\\include\10.0.26100.0\\um\oleauto.h
注意: 包含文件:        C:\Program Files (x86)\Windows Kits\10\\include\10.0.26100.0\\shared\pshpack8.h
注意: 包含文件:        C:\Program Files (x86)\Windows Kits\10\\include\10.0.26100.0\\shared\poppack.h
注意: 包含文件:       C:\Program Files (x86)\Windows Kits\10\\include\10.0.26100.0\\shared\poppack.h
注意: 包含文件:      C:\Program Files (x86)\Windows Kits\10\\include\10.0.26100.0\\um\commdlg.h
注意: 包含文件:       C:\Program Files (x86)\Windows Kits\10\\include\10.0.26100.0\\um\prsht.h
注意: 包含文件:      C:\Program Files (x86)\Windows Kits\10\\include\10.0.26100.0\\shared\stralign.h
注意: 包含文件:      C:\Program Files (x86)\Windows Kits\10\\include\10.0.26100.0\\um\winsvc.h
注意: 包含文件:      C:\Program Files (x86)\Windows Kits\10\\include\10.0.26100.0\\um\mcx.h
注意: 包含文件:      C:\Program Files (x86)\Windows Kits\10\\include\10.0.26100.0\\um\imm.h
注意: 包含文件:       C:\Program Files (x86)\Windows Kits\10\\include\10.0.26100.0\\um\ime_cmodes.h
C:\Users\user\output\deepseek-v4部署\fastllm-master\include\devices/cpu/alivethreadpool.h(136): warning C4267: “初始化”: 从“size_t”转换到“int”，可能丢失数据
C:\Users\user\output\deepseek-v4部署\fastllm-master\include\devices/cpu/alivethreadpool.h(176): warning C4267: “初始化”: 从“size_t”转换到“int”，可能丢失数据
C:\Users\user\output\deepseek-v4部署\fastllm-master\include\devices/cpu/alivethreadpool.h(236): warning C4267: “初始化”: 从“size_t”转换到“int”，可能丢失数据
C:\Users\user\output\deepseek-v4部署\fastllm-master\include\devices/cpu/alivethreadpool.h(237): warning C4267: “初始化”: 从“size_t”转换到“int”，可能丢失数据
C:\Users\user\output\deepseek-v4部署\fastllm-master\include\devices/cpu/alivethreadpool.h(238): warning C4267: “初始化”: 从“size_t”转换到“int”，可能丢失数据
C:\Users\user\output\deepseek-v4部署\fastllm-master\include\devices/cpu/alivethreadpool.h(281): warning C4267: “初始化”: 从“size_t”转换到“int”，可能丢失数据
C:\Users\user\output\deepseek-v4部署\fastllm-master\include\devices/cpu/alivethreadpool.h(327): warning C4267: “初始化”: 从“size_t”转换到“int”，可能丢失数据
C:\Users\user\output\deepseek-v4部署\fastllm-master\include\devices/cpu/alivethreadpool.h(330): warning C4267: “初始化”: 从“size_t”转换到“int”，可能丢失数据
C:\Users\user\output\deepseek-v4部署\fastllm-master\include\devices/cpu/alivethreadpool.h(370): warning C4267: “初始化”: 从“size_t”转换到“int”，可能丢失数据
C:\Users\user\output\deepseek-v4部署\fastllm-master\include\devices/cpu/alivethreadpool.h(372): warning C4267: “初始化”: 从“size_t”转换到“int”，可能丢失数据
注意: 包含文件:    C:\Users\user\output\deepseek-v4部署\fastllm-master\third_party\json11\json11.hpp
C:\Users\user\output\deepseek-v4部署\fastllm-master\include\fastllm.h(222): warning C4244: “初始化”: 从“int”转换到“float”，可能丢失数据
C:\Users\user\output\deepseek-v4部署\fastllm-master\include\fastllm.h(222): warning C4244: “初始化”: 从“int”转换到“const float”，可能丢失数据
C:\Users\user\output\deepseek-v4部署\fastllm-master\include\fastllm.h(227): warning C4244: “=”: 从“float”转换到“uint8_t”，可能丢失数据
C:\Users\user\output\deepseek-v4部署\fastllm-master\include\fastllm.h(229): warning C4244: “=”: 从“const float”转换到“uint8_t”，可能丢失数据
C:\Users\user\output\deepseek-v4部署\fastllm-master\include\fastllm.h(687): warning C4996: 'std::codecvt_utf8<wchar_t,1114111,(std::codecvt_mode)0>': warning STL4017: std::wbuffer_convert, std::wstring_convert, and the <codecvt> header (containing std::codecvt_mode, std::codecvt_utf8, std::codecvt_utf16, and std::codecvt_utf8_utf16) are deprecated in C++17. (The std::codecvt class template is NOT deprecated.) The C++ Standard doesn't provide equivalent non-deprecated functionality; consider using MultiByteToWideChar() and WideCharToMultiByte() from <Windows.h> instead. You can define _SILENCE_CXX17_CODECVT_HEADER_DEPRECATION_WARNING or _SILENCE_ALL_CXX17_DEPRECATION_WARNINGS to suppress this warning.
C:\Program Files (x86)\Microsoft Visual Studio\2022\BuildTools\VC\Tools\MSVC\14.44.35207\include\codecvt(34): note: 参见“std::codecvt_utf8”的声明
C:\Users\user\output\deepseek-v4部署\fastllm-master\include\fastllm.h(687): warning C4996: 'std::wstring_convert<std::codecvt_utf8<wchar_t,1114111,(std::codecvt_mode)0>,wchar_t,std::allocator<wchar_t>,std::allocator<char>>': warning STL4017: std::wbuffer_convert, std::wstring_convert, and the <codecvt> header (containing std::codecvt_mode, std::codecvt_utf8, std::codecvt_utf16, and std::codecvt_utf8_utf16) are deprecated in C++17. (The std::codecvt class template is NOT deprecated.) The C++ Standard doesn't provide equivalent non-deprecated functionality; consider using MultiByteToWideChar() and WideCharToMultiByte() from <Windows.h> instead. You can define _SILENCE_CXX17_CODECVT_HEADER_DEPRECATION_WARNING or _SILENCE_ALL_CXX17_DEPRECATION_WARNINGS to suppress this warning.
C:\Program Files (x86)\Microsoft Visual Studio\2022\BuildTools\VC\Tools\MSVC\14.44.35207\include\xlocbuf(303): note: 参见“std::wstring_convert”的声明
[9/33] Building CXX object CMakeFiles\fastllm_tools.dir\src\blocks\llmsamplingblock.cpp.obj
注意: 包含文件:  C:\Users\user\output\deepseek-v4部署\fastllm-master\include\blocks\baseblock.h
注意: 包含文件:   C:\Users\user\output\deepseek-v4部署\fastllm-master\include\fastllm.h
注意: 包含文件:    C:\Program Files (x86)\Microsoft Visual Studio\2022\BuildTools\VC\Tools\MSVC\14.44.35207\include\vector
注意: 包含文件:     C:\Program Files (x86)\Microsoft Visual Studio\2022\BuildTools\VC\Tools\MSVC\14.44.35207\include\yvals_core.h
注意: 包含文件:      C:\Program Files (x86)\Microsoft Visual Studio\2022\BuildTools\VC\Tools\MSVC\14.44.35207\include\vcruntime.h
注意: 包含文件:       C:\Program Files (x86)\Microsoft Visual Studio\2022\BuildTools\VC\Tools\MSVC\14.44.35207\include\sal.h
注意: 包含文件:        C:\Program Files (x86)\Microsoft Visual Studio\2022\BuildTools\VC\Tools\MSVC\14.44.35207\include\concurrencysal.h
注意: 包含文件:       C:\Program Files (x86)\Microsoft Visual Studio\2022\BuildTools\VC\Tools\MSVC\14.44.35207\include\vadefs.h
注意: 包含文件:      C:\Program Files (x86)\Microsoft Visual Studio\2022\BuildTools\VC\Tools\MSVC\14.44.35207\include\xkeycheck.h
注意: 包含文件:     C:\Program Files (x86)\Microsoft Visual Studio\2022\BuildTools\VC\Tools\MSVC\14.44.35207\include\__msvc_bit_utils.hpp
注意: 包含文件:      C:\Program Files (x86)\Microsoft Visual Studio\2022\BuildTools\VC\Tools\MSVC\14.44.35207\include\climits
注意: 包含文件:       C:\Program Files (x86)\Microsoft Visual Studio\2022\BuildTools\VC\Tools\MSVC\14.44.35207\include\limits.h
注意: 包含文件:      C:\Program Files (x86)\Microsoft Visual Studio\2022\BuildTools\VC\Tools\MSVC\14.44.35207\include\xtr1common
注意: 包含文件:      C:\Program Files (x86)\Microsoft Visual Studio\2022\BuildTools\VC\Tools\MSVC\14.44.35207\include\intrin0.h
注意: 包含文件:       C:\Program Files (x86)\Microsoft Visual Studio\2022\BuildTools\VC\Tools\MSVC\14.44.35207\include\intrin0.inl.h
注意: 包含文件:     C:\Program Files (x86)\Microsoft Visual Studio\2022\BuildTools\VC\Tools\MSVC\14.44.35207\include\__msvc_sanitizer_annotate_container.hpp
注意: 包含文件:     C:\Program Files (x86)\Microsoft Visual Studio\2022\BuildTools\VC\Tools\MSVC\14.44.35207\include\xmemory
注意: 包含文件:      C:\Program Files (x86)\Microsoft Visual Studio\2022\BuildTools\VC\Tools\MSVC\14.44.35207\include\cstdint
注意: 包含文件:       C:\Program Files (x86)\Microsoft Visual Studio\2022\BuildTools\VC\Tools\MSVC\14.44.35207\include\stdint.h
注意: 包含文件:      C:\Program Files (x86)\Microsoft Visual Studio\2022\BuildTools\VC\Tools\MSVC\14.44.35207\include\cstdlib
注意: 包含文件:       C:\Program Files (x86)\Windows Kits\10\include\10.0.26100.0\ucrt\math.h
注意: 包含文件:        C:\Program Files (x86)\Windows Kits\10\include\10.0.26100.0\ucrt\corecrt_math.h
注意: 包含文件:         C:\Program Files (x86)\Windows Kits\10\include\10.0.26100.0\ucrt\corecrt.h
注意: 包含文件:        C:\Program Files (x86)\Windows Kits\10\include\10.0.26100.0\ucrt\corecrt_math_defines.h
注意: 包含文件:       C:\Program Files (x86)\Windows Kits\10\include\10.0.26100.0\ucrt\stdlib.h
注意: 包含文件:        C:\Program Files (x86)\Windows Kits\10\include\10.0.26100.0\ucrt\corecrt_malloc.h
注意: 包含文件:        C:\Program Files (x86)\Windows Kits\10\include\10.0.26100.0\ucrt\corecrt_search.h
注意: 包含文件:         C:\Program Files (x86)\Windows Kits\10\include\10.0.26100.0\ucrt\stddef.h
注意: 包含文件:        C:\Program Files (x86)\Windows Kits\10\include\10.0.26100.0\ucrt\corecrt_wstdlib.h
注意: 包含文件:      C:\Program Files (x86)\Microsoft Visual Studio\2022\BuildTools\VC\Tools\MSVC\14.44.35207\include\limits
注意: 包含文件:       C:\Program Files (x86)\Microsoft Visual Studio\2022\BuildTools\VC\Tools\MSVC\14.44.35207\include\cfloat
注意: 包含文件:        C:\Program Files (x86)\Windows Kits\10\include\10.0.26100.0\ucrt\float.h
注意: 包含文件:       C:\Program Files (x86)\Microsoft Visual Studio\2022\BuildTools\VC\Tools\MSVC\14.44.35207\include\cwchar
注意: 包含文件:        C:\Program Files (x86)\Microsoft Visual Studio\2022\BuildTools\VC\Tools\MSVC\14.44.35207\include\cstdio
注意: 包含文件:         C:\Program Files (x86)\Windows Kits\10\include\10.0.26100.0\ucrt\stdio.h
注意: 包含文件:          C:\Program Files (x86)\Windows Kits\10\include\10.0.26100.0\ucrt\corecrt_wstdio.h
注意: 包含文件:           C:\Program Files (x86)\Windows Kits\10\include\10.0.26100.0\ucrt\corecrt_stdio_config.h
注意: 包含文件:        C:\Program Files (x86)\Windows Kits\10\include\10.0.26100.0\ucrt\wchar.h
注意: 包含文件:         C:\Program Files (x86)\Windows Kits\10\include\10.0.26100.0\ucrt\corecrt_memcpy_s.h
注意: 包含文件:          C:\Program Files (x86)\Windows Kits\10\include\10.0.26100.0\ucrt\errno.h
注意: 包含文件:          C:\Program Files (x86)\Microsoft Visual Studio\2022\BuildTools\VC\Tools\MSVC\14.44.35207\include\vcruntime_string.h
注意: 包含文件:         C:\Program Files (x86)\Windows Kits\10\include\10.0.26100.0\ucrt\corecrt_wconio.h
注意: 包含文件:         C:\Program Files (x86)\Windows Kits\10\include\10.0.26100.0\ucrt\corecrt_wctype.h
注意: 包含文件:         C:\Program Files (x86)\Windows Kits\10\include\10.0.26100.0\ucrt\corecrt_wdirect.h
注意: 包含文件:         C:\Program Files (x86)\Windows Kits\10\include\10.0.26100.0\ucrt\corecrt_wio.h
注意: 包含文件:          C:\Program Files (x86)\Windows Kits\10\include\10.0.26100.0\ucrt\corecrt_share.h
注意: 包含文件:         C:\Program Files (x86)\Windows Kits\10\include\10.0.26100.0\ucrt\corecrt_wprocess.h
注意: 包含文件:         C:\Program Files (x86)\Windows Kits\10\include\10.0.26100.0\ucrt\corecrt_wstring.h
注意: 包含文件:         C:\Program Files (x86)\Windows Kits\10\include\10.0.26100.0\ucrt\corecrt_wtime.h
注意: 包含文件:         C:\Program Files (x86)\Windows Kits\10\include\10.0.26100.0\ucrt\sys/stat.h
注意: 包含文件:          C:\Program Files (x86)\Windows Kits\10\include\10.0.26100.0\ucrt\sys/types.h
注意: 包含文件:         C:\Program Files (x86)\Microsoft Visual Studio\2022\BuildTools\VC\Tools\MSVC\14.44.35207\include\intrin.h
注意: 包含文件:          C:\Program Files (x86)\Microsoft Visual Studio\2022\BuildTools\VC\Tools\MSVC\14.44.35207\include\setjmp.h
注意: 包含文件:          C:\Program Files (x86)\Microsoft Visual Studio\2022\BuildTools\VC\Tools\MSVC\14.44.35207\include\immintrin.h
注意: 包含文件:           C:\Program Files (x86)\Microsoft Visual Studio\2022\BuildTools\VC\Tools\MSVC\14.44.35207\include\wmmintrin.h
注意: 包含文件:            C:\Program Files (x86)\Microsoft Visual Studio\2022\BuildTools\VC\Tools\MSVC\14.44.35207\include\nmmintrin.h
注意: 包含文件:             C:\Program Files (x86)\Microsoft Visual Studio\2022\BuildTools\VC\Tools\MSVC\14.44.35207\include\smmintrin.h
注意: 包含文件:              C:\Program Files (x86)\Microsoft Visual Studio\2022\BuildTools\VC\Tools\MSVC\14.44.35207\include\tmmintrin.h
注意: 包含文件:               C:\Program Files (x86)\Microsoft Visual Studio\2022\BuildTools\VC\Tools\MSVC\14.44.35207\include\pmmintrin.h
注意: 包含文件:                C:\Program Files (x86)\Microsoft Visual Studio\2022\BuildTools\VC\Tools\MSVC\14.44.35207\include\emmintrin.h
注意: 包含文件:                 C:\Program Files (x86)\Microsoft Visual Studio\2022\BuildTools\VC\Tools\MSVC\14.44.35207\include\xmmintrin.h
注意: 包含文件:                  C:\Program Files (x86)\Microsoft Visual Studio\2022\BuildTools\VC\Tools\MSVC\14.44.35207\include\mmintrin.h
注意: 包含文件:                  C:\Program Files (x86)\Windows Kits\10\include\10.0.26100.0\ucrt\malloc.h
注意: 包含文件:           C:\Program Files (x86)\Microsoft Visual Studio\2022\BuildTools\VC\Tools\MSVC\14.44.35207\include\zmmintrin.h
注意: 包含文件:          C:\Program Files (x86)\Microsoft Visual Studio\2022\BuildTools\VC\Tools\MSVC\14.44.35207\include\ammintrin.h
注意: 包含文件:      C:\Program Files (x86)\Microsoft Visual Studio\2022\BuildTools\VC\Tools\MSVC\14.44.35207\include\new
注意: 包含文件:       C:\Program Files (x86)\Microsoft Visual Studio\2022\BuildTools\VC\Tools\MSVC\14.44.35207\include\exception
注意: 包含文件:        C:\Program Files (x86)\Microsoft Visual Studio\2022\BuildTools\VC\Tools\MSVC\14.44.35207\include\yvals.h
注意: 包含文件:         C:\Program Files (x86)\Windows Kits\10\include\10.0.26100.0\ucrt\crtdbg.h
注意: 包含文件:          C:\Program Files (x86)\Microsoft Visual Studio\2022\BuildTools\VC\Tools\MSVC\14.44.35207\include\vcruntime_new_debug.h
注意: 包含文件:           C:\Program Files (x86)\Microsoft Visual Studio\2022\BuildTools\VC\Tools\MSVC\14.44.35207\include\vcruntime_new.h
注意: 包含文件:         C:\Program Files (x86)\Microsoft Visual Studio\2022\BuildTools\VC\Tools\MSVC\14.44.35207\include\crtdefs.h
注意: 包含文件:         C:\Program Files (x86)\Microsoft Visual Studio\2022\BuildTools\VC\Tools\MSVC\14.44.35207\include\use_ansi.h
注意: 包含文件:        C:\Program Files (x86)\Microsoft Visual Studio\2022\BuildTools\VC\Tools\MSVC\14.44.35207\include\type_traits
注意: 包含文件:         C:\Program Files (x86)\Microsoft Visual Studio\2022\BuildTools\VC\Tools\MSVC\14.44.35207\include\cstddef
注意: 包含文件:         C:\Program Files (x86)\Microsoft Visual Studio\2022\BuildTools\VC\Tools\MSVC\14.44.35207\include\cstring
注意: 包含文件:          C:\Program Files (x86)\Windows Kits\10\include\10.0.26100.0\ucrt\string.h
注意: 包含文件:           C:\Program Files (x86)\Windows Kits\10\include\10.0.26100.0\ucrt\corecrt_memory.h
注意: 包含文件:        C:\Program Files (x86)\Microsoft Visual Studio\2022\BuildTools\VC\Tools\MSVC\14.44.35207\include\vcruntime_exception.h
注意: 包含文件:         C:\Program Files (x86)\Microsoft Visual Studio\2022\BuildTools\VC\Tools\MSVC\14.44.35207\include\eh.h
注意: 包含文件:          C:\Program Files (x86)\Windows Kits\10\include\10.0.26100.0\ucrt\corecrt_terminate.h
注意: 包含文件:      C:\Program Files (x86)\Microsoft Visual Studio\2022\BuildTools\VC\Tools\MSVC\14.44.35207\include\xatomic.h
注意: 包含文件:      C:\Program Files (x86)\Microsoft Visual Studio\2022\BuildTools\VC\Tools\MSVC\14.44.35207\include\xutility
注意: 包含文件:       C:\Program Files (x86)\Microsoft Visual Studio\2022\BuildTools\VC\Tools\MSVC\14.44.35207\include\__msvc_iter_core.hpp
注意: 包含文件:        C:\Program Files (x86)\Microsoft Visual Studio\2022\BuildTools\VC\Tools\MSVC\14.44.35207\include\utility
注意: 包含文件:         C:\Program Files (x86)\Microsoft Visual Studio\2022\BuildTools\VC\Tools\MSVC\14.44.35207\include\initializer_list
注意: 包含文件:     C:\Program Files (x86)\Microsoft Visual Studio\2022\BuildTools\VC\Tools\MSVC\14.44.35207\include\xpolymorphic_allocator.h
注意: 包含文件:      C:\Program Files (x86)\Microsoft Visual Studio\2022\BuildTools\VC\Tools\MSVC\14.44.35207\include\tuple
注意: 包含文件:    C:\Program Files (x86)\Microsoft Visual Studio\2022\BuildTools\VC\Tools\MSVC\14.44.35207\include\string
注意: 包含文件:     C:\Program Files (x86)\Microsoft Visual Studio\2022\BuildTools\VC\Tools\MSVC\14.44.35207\include\xstring
注意: 包含文件:      C:\Program Files (x86)\Microsoft Visual Studio\2022\BuildTools\VC\Tools\MSVC\14.44.35207\include\__msvc_string_view.hpp
注意: 包含文件:       C:\Program Files (x86)\Microsoft Visual Studio\2022\BuildTools\VC\Tools\MSVC\14.44.35207\include\iosfwd
注意: 包含文件:     C:\Program Files (x86)\Microsoft Visual Studio\2022\BuildTools\VC\Tools\MSVC\14.44.35207\include\cctype
注意: 包含文件:      C:\Program Files (x86)\Windows Kits\10\include\10.0.26100.0\ucrt\ctype.h
注意: 包含文件:    C:\Program Files (x86)\Microsoft Visual Studio\2022\BuildTools\VC\Tools\MSVC\14.44.35207\include\map
注意: 包含文件:     C:\Program Files (x86)\Microsoft Visual Studio\2022\BuildTools\VC\Tools\MSVC\14.44.35207\include\xtree
注意: 包含文件:      C:\Program Files (x86)\Microsoft Visual Studio\2022\BuildTools\VC\Tools\MSVC\14.44.35207\include\xnode_handle.h
注意: 包含文件:    C:\Program Files (x86)\Microsoft Visual Studio\2022\BuildTools\VC\Tools\MSVC\14.44.35207\include\set
注意: 包含文件:    C:\Program Files (x86)\Microsoft Visual Studio\2022\BuildTools\VC\Tools\MSVC\14.44.35207\include\queue
注意: 包含文件:     C:\Program Files (x86)\Microsoft Visual Studio\2022\BuildTools\VC\Tools\MSVC\14.44.35207\include\__msvc_heap_algorithms.hpp
注意: 包含文件:     C:\Program Files (x86)\Microsoft Visual Studio\2022\BuildTools\VC\Tools\MSVC\14.44.35207\include\deque
注意: 包含文件:    C:\Program Files (x86)\Microsoft Visual Studio\2022\BuildTools\VC\Tools\MSVC\14.44.35207\include\unordered_map
注意: 包含文件:     C:\Program Files (x86)\Microsoft Visual Studio\2022\BuildTools\VC\Tools\MSVC\14.44.35207\include\xhash
注意: 包含文件:      C:\Program Files (x86)\Microsoft Visual Studio\2022\BuildTools\VC\Tools\MSVC\14.44.35207\include\cmath
注意: 包含文件:      C:\Program Files (x86)\Microsoft Visual Studio\2022\BuildTools\VC\Tools\MSVC\14.44.35207\include\list
注意: 包含文件:      C:\Program Files (x86)\Microsoft Visual Studio\2022\BuildTools\VC\Tools\MSVC\14.44.35207\include\xbit_ops.h
注意: 包含文件:    C:\Program Files (x86)\Microsoft Visual Studio\2022\BuildTools\VC\Tools\MSVC\14.44.35207\include\unordered_set
注意: 包含文件:    C:\Program Files (x86)\Microsoft Visual Studio\2022\BuildTools\VC\Tools\MSVC\14.44.35207\include\algorithm
注意: 包含文件:     C:\Program Files (x86)\Microsoft Visual Studio\2022\BuildTools\VC\Tools\MSVC\14.44.35207\include\__msvc_minmax.hpp
注意: 包含文件:    C:\Program Files (x86)\Microsoft Visual Studio\2022\BuildTools\VC\Tools\MSVC\14.44.35207\include\iostream
注意: 包含文件:     C:\Program Files (x86)\Microsoft Visual Studio\2022\BuildTools\VC\Tools\MSVC\14.44.35207\include\istream
注意: 包含文件:      C:\Program Files (x86)\Microsoft Visual Studio\2022\BuildTools\VC\Tools\MSVC\14.44.35207\include\__msvc_ostream.hpp
注意: 包含文件:       C:\Program Files (x86)\Microsoft Visual Studio\2022\BuildTools\VC\Tools\MSVC\14.44.35207\include\ios
注意: 包含文件:        C:\Program Files (x86)\Microsoft Visual Studio\2022\BuildTools\VC\Tools\MSVC\14.44.35207\include\xlocnum
注意: 包含文件:         C:\Program Files (x86)\Microsoft Visual Studio\2022\BuildTools\VC\Tools\MSVC\14.44.35207\include\iterator
注意: 包含文件:         C:\Program Files (x86)\Microsoft Visual Studio\2022\BuildTools\VC\Tools\MSVC\14.44.35207\include\streambuf
注意: 包含文件:          C:\Program Files (x86)\Microsoft Visual Studio\2022\BuildTools\VC\Tools\MSVC\14.44.35207\include\xiosbase
注意: 包含文件:           C:\Program Files (x86)\Windows Kits\10\include\10.0.26100.0\ucrt\share.h
注意: 包含文件:           C:\Program Files (x86)\Microsoft Visual Studio\2022\BuildTools\VC\Tools\MSVC\14.44.35207\include\system_error
注意: 包含文件:            C:\Program Files (x86)\Microsoft Visual Studio\2022\BuildTools\VC\Tools\MSVC\14.44.35207\include\__msvc_system_error_abi.hpp
注意: 包含文件:            C:\Program Files (x86)\Microsoft Visual Studio\2022\BuildTools\VC\Tools\MSVC\14.44.35207\include\cerrno
注意: 包含文件:            C:\Program Files (x86)\Microsoft Visual Studio\2022\BuildTools\VC\Tools\MSVC\14.44.35207\include\stdexcept
注意: 包含文件:            C:\Program Files (x86)\Microsoft Visual Studio\2022\BuildTools\VC\Tools\MSVC\14.44.35207\include\xcall_once.h
注意: 包含文件:            C:\Program Files (x86)\Microsoft Visual Studio\2022\BuildTools\VC\Tools\MSVC\14.44.35207\include\xerrc.h
注意: 包含文件:            C:\Program Files (x86)\Microsoft Visual Studio\2022\BuildTools\VC\Tools\MSVC\14.44.35207\include\atomic
注意: 包含文件:             C:\Program Files (x86)\Microsoft Visual Studio\2022\BuildTools\VC\Tools\MSVC\14.44.35207\include\xthreads.h
注意: 包含文件:              C:\Program Files (x86)\Microsoft Visual Studio\2022\BuildTools\VC\Tools\MSVC\14.44.35207\include\__msvc_threads_core.hpp
注意: 包含文件:              C:\Program Files (x86)\Microsoft Visual Studio\2022\BuildTools\VC\Tools\MSVC\14.44.35207\include\xtimec.h
注意: 包含文件:               C:\Program Files (x86)\Microsoft Visual Studio\2022\BuildTools\VC\Tools\MSVC\14.44.35207\include\ctime
注意: 包含文件:                C:\Program Files (x86)\Windows Kits\10\include\10.0.26100.0\ucrt\time.h
注意: 包含文件:           C:\Program Files (x86)\Microsoft Visual Studio\2022\BuildTools\VC\Tools\MSVC\14.44.35207\include\xlocale
注意: 包含文件:            C:\Program Files (x86)\Microsoft Visual Studio\2022\BuildTools\VC\Tools\MSVC\14.44.35207\include\memory
注意: 包含文件:             C:\Program Files (x86)\Microsoft Visual Studio\2022\BuildTools\VC\Tools\MSVC\14.44.35207\include\typeinfo
注意: 包含文件:              C:\Program Files (x86)\Microsoft Visual Studio\2022\BuildTools\VC\Tools\MSVC\14.44.35207\include\vcruntime_typeinfo.h
注意: 包含文件:            C:\Program Files (x86)\Microsoft Visual Studio\2022\BuildTools\VC\Tools\MSVC\14.44.35207\include\xfacet
注意: 包含文件:            C:\Program Files (x86)\Microsoft Visual Studio\2022\BuildTools\VC\Tools\MSVC\14.44.35207\include\xlocinfo
注意: 包含文件:             C:\Program Files (x86)\Microsoft Visual Studio\2022\BuildTools\VC\Tools\MSVC\14.44.35207\include\__msvc_xlocinfo_types.hpp
注意: 包含文件:             C:\Program Files (x86)\Microsoft Visual Studio\2022\BuildTools\VC\Tools\MSVC\14.44.35207\include\clocale
注意: 包含文件:              C:\Program Files (x86)\Windows Kits\10\include\10.0.26100.0\ucrt\locale.h
注意: 包含文件:     C:\Program Files (x86)\Microsoft Visual Studio\2022\BuildTools\VC\Tools\MSVC\14.44.35207\include\ostream
注意: 包含文件:    C:\Program Files (x86)\Microsoft Visual Studio\2022\BuildTools\VC\Tools\MSVC\14.44.35207\include\functional
注意: 包含文件:    C:\Program Files (x86)\Microsoft Visual Studio\2022\BuildTools\VC\Tools\MSVC\14.44.35207\include\mutex
注意: 包含文件:     C:\Program Files (x86)\Microsoft Visual Studio\2022\BuildTools\VC\Tools\MSVC\14.44.35207\include\__msvc_chrono.hpp
注意: 包含文件:      C:\Program Files (x86)\Microsoft Visual Studio\2022\BuildTools\VC\Tools\MSVC\14.44.35207\include\ratio
注意: 包含文件:     C:\Program Files (x86)\Microsoft Visual Studio\2022\BuildTools\VC\Tools\MSVC\14.44.35207\include\thread
注意: 包含文件:      C:\Program Files (x86)\Windows Kits\10\include\10.0.26100.0\ucrt\process.h
注意: 包含文件:       C:\Program Files (x86)\Windows Kits\10\include\10.0.26100.0\ucrt\corecrt_startup.h
注意: 包含文件:        C:\Program Files (x86)\Windows Kits\10\include\10.0.26100.0\ucrt\math.h
注意: 包含文件:        C:\Program Files (x86)\Microsoft Visual Studio\2022\BuildTools\VC\Tools\MSVC\14.44.35207\include\vcruntime_startup.h
注意: 包含文件:    C:\Program Files (x86)\Microsoft Visual Studio\2022\BuildTools\VC\Tools\MSVC\14.44.35207\include\locale
注意: 包含文件:     C:\Program Files (x86)\Microsoft Visual Studio\2022\BuildTools\VC\Tools\MSVC\14.44.35207\include\xlocbuf
注意: 包含文件:     C:\Program Files (x86)\Microsoft Visual Studio\2022\BuildTools\VC\Tools\MSVC\14.44.35207\include\xlocmes
注意: 包含文件:     C:\Program Files (x86)\Microsoft Visual Studio\2022\BuildTools\VC\Tools\MSVC\14.44.35207\include\xlocmon
注意: 包含文件:     C:\Program Files (x86)\Microsoft Visual Studio\2022\BuildTools\VC\Tools\MSVC\14.44.35207\include\xloctime
注意: 包含文件:    C:\Program Files (x86)\Microsoft Visual Studio\2022\BuildTools\VC\Tools\MSVC\14.44.35207\include\codecvt
注意: 包含文件:    C:\Users\user\output\deepseek-v4部署\fastllm-master\include\devices/cpu/alivethreadpool.h
注意: 包含文件:     C:\Program Files (x86)\Microsoft Visual Studio\2022\BuildTools\VC\Tools\MSVC\14.44.35207\include\chrono
注意: 包含文件:      C:\Program Files (x86)\Microsoft Visual Studio\2022\BuildTools\VC\Tools\MSVC\14.44.35207\include\xfilesystem_abi.h
注意: 包含文件:     C:\Program Files (x86)\Windows Kits\10\\include\10.0.26100.0\\um\Windows.h
注意: 包含文件:      C:\Program Files (x86)\Windows Kits\10\\include\10.0.26100.0\\shared\winapifamily.h
注意: 包含文件:       C:\Program Files (x86)\Windows Kits\10\\include\10.0.26100.0\\shared\winpackagefamily.h
注意: 包含文件:      C:\Program Files (x86)\Windows Kits\10\\include\10.0.26100.0\\shared\sdkddkver.h
注意: 包含文件:      C:\Program Files (x86)\Microsoft Visual Studio\2022\BuildTools\VC\Tools\MSVC\14.44.35207\include\excpt.h
注意: 包含文件:      C:\Program Files (x86)\Microsoft Visual Studio\2022\BuildTools\VC\Tools\MSVC\14.44.35207\include\stdarg.h
注意: 包含文件:      C:\Program Files (x86)\Windows Kits\10\\include\10.0.26100.0\\shared\windef.h
注意: 包含文件:       C:\Program Files (x86)\Windows Kits\10\\include\10.0.26100.0\\shared\minwindef.h
注意: 包含文件:        C:\Program Files (x86)\Windows Kits\10\\include\10.0.26100.0\\shared\specstrings.h
注意: 包含文件:         C:\Program Files (x86)\Windows Kits\10\\include\10.0.26100.0\\shared\specstrings_strict.h
注意: 包含文件:          C:\Program Files (x86)\Windows Kits\10\\include\10.0.26100.0\\shared\specstrings_undef.h
注意: 包含文件:         C:\Program Files (x86)\Windows Kits\10\\include\10.0.26100.0\\shared\driverspecs.h
注意: 包含文件:          C:\Program Files (x86)\Windows Kits\10\include\10.0.26100.0\shared\sdv_driverspecs.h
注意: 包含文件:        C:\Program Files (x86)\Windows Kits\10\\include\10.0.26100.0\\um\winnt.h
注意: 包含文件:         C:\Program Files (x86)\Windows Kits\10\\include\10.0.26100.0\\shared\kernelspecs.h
注意: 包含文件:         C:\Program Files (x86)\Windows Kits\10\\include\10.0.26100.0\\shared\basetsd.h
注意: 包含文件:         C:\Program Files (x86)\Windows Kits\10\\include\10.0.26100.0\\shared\guiddef.h
注意: 包含文件:         C:\Program Files (x86)\Windows Kits\10\include\10.0.26100.0\shared\pshpack4.h
注意: 包含文件:         C:\Program Files (x86)\Windows Kits\10\include\10.0.26100.0\shared\poppack.h
注意: 包含文件:         C:\Program Files (x86)\Windows Kits\10\\include\10.0.26100.0\\shared\pshpack4.h
注意: 包含文件:         C:\Program Files (x86)\Windows Kits\10\\include\10.0.26100.0\\shared\poppack.h
注意: 包含文件:         C:\Program Files (x86)\Windows Kits\10\include\10.0.26100.0\shared\pshpack4.h
注意: 包含文件:         C:\Program Files (x86)\Windows Kits\10\include\10.0.26100.0\shared\pshpack2.h
注意: 包含文件:         C:\Program Files (x86)\Windows Kits\10\include\10.0.26100.0\shared\poppack.h
注意: 包含文件:         C:\Program Files (x86)\Windows Kits\10\include\10.0.26100.0\shared\pshpack2.h
注意: 包含文件:         C:\Program Files (x86)\Windows Kits\10\\include\10.0.26100.0\\shared\pshpack2.h
注意: 包含文件:         C:\Program Files (x86)\Windows Kits\10\\include\10.0.26100.0\\shared\poppack.h
注意: 包含文件:         C:\Program Files (x86)\Windows Kits\10\include\10.0.26100.0\shared\poppack.h
注意: 包含文件:         C:\Program Files (x86)\Windows Kits\10\include\10.0.26100.0\shared\pshpack8.h
注意: 包含文件:         C:\Program Files (x86)\Windows Kits\10\include\10.0.26100.0\shared\poppack.h
注意: 包含文件:         C:\Program Files (x86)\Windows Kits\10\include\10.0.26100.0\shared\pshpack1.h
注意: 包含文件:         C:\Program Files (x86)\Windows Kits\10\include\10.0.26100.0\shared\poppack.h
注意: 包含文件:         C:\Program Files (x86)\Windows Kits\10\include\10.0.26100.0\shared\pshpack1.h
注意: 包含文件:         C:\Program Files (x86)\Windows Kits\10\include\10.0.26100.0\shared\poppack.h
注意: 包含文件:         C:\Program Files (x86)\Windows Kits\10\include\10.0.26100.0\shared\poppack.h
注意: 包含文件:         C:\Program Files (x86)\Windows Kits\10\\include\10.0.26100.0\\shared\apiset.h
注意: 包含文件:         C:\Program Files (x86)\Windows Kits\10\\include\10.0.26100.0\\shared\ktmtypes.h
注意: 包含文件:      C:\Program Files (x86)\Windows Kits\10\\include\10.0.26100.0\\um\winbase.h
注意: 包含文件:       C:\Program Files (x86)\Windows Kits\10\\include\10.0.26100.0\\shared\apisetcconv.h
注意: 包含文件:       C:\Program Files (x86)\Windows Kits\10\\include\10.0.26100.0\\um\minwinbase.h
注意: 包含文件:       C:\Program Files (x86)\Windows Kits\10\\include\10.0.26100.0\\um\apiquery2.h
注意: 包含文件:       C:\Program Files (x86)\Windows Kits\10\\include\10.0.26100.0\\um\processenv.h
注意: 包含文件:       C:\Program Files (x86)\Windows Kits\10\\include\10.0.26100.0\\um\fileapifromapp.h
注意: 包含文件:        C:\Program Files (x86)\Windows Kits\10\\include\10.0.26100.0\\um\fileapi.h
注意: 包含文件:       C:\Program Files (x86)\Windows Kits\10\\include\10.0.26100.0\\um\debugapi.h
注意: 包含文件:       C:\Program Files (x86)\Windows Kits\10\\include\10.0.26100.0\\um\utilapiset.h
注意: 包含文件:       C:\Program Files (x86)\Windows Kits\10\\include\10.0.26100.0\\um\handleapi.h
注意: 包含文件:       C:\Program Files (x86)\Windows Kits\10\\include\10.0.26100.0\\um\errhandlingapi.h
注意: 包含文件:       C:\Program Files (x86)\Windows Kits\10\\include\10.0.26100.0\\um\fibersapi.h
注意: 包含文件:       C:\Program Files (x86)\Windows Kits\10\\include\10.0.26100.0\\um\namedpipeapi.h
注意: 包含文件:       C:\Program Files (x86)\Windows Kits\10\\include\10.0.26100.0\\um\profileapi.h
注意: 包含文件:       C:\Program Files (x86)\Windows Kits\10\\include\10.0.26100.0\\um\heapapi.h
注意: 包含文件:       C:\Program Files (x86)\Windows Kits\10\\include\10.0.26100.0\\um\ioapiset.h
注意: 包含文件:       C:\Program Files (x86)\Windows Kits\10\\include\10.0.26100.0\\um\synchapi.h
注意: 包含文件:       C:\Program Files (x86)\Windows Kits\10\\include\10.0.26100.0\\um\interlockedapi.h
注意: 包含文件:       C:\Program Files (x86)\Windows Kits\10\\include\10.0.26100.0\\um\processthreadsapi.h
注意: 包含文件:       C:\Program Files (x86)\Windows Kits\10\\include\10.0.26100.0\\um\sysinfoapi.h
注意: 包含文件:       C:\Program Files (x86)\Windows Kits\10\\include\10.0.26100.0\\um\memoryapi.h
注意: 包含文件:       C:\Program Files (x86)\Windows Kits\10\\include\10.0.26100.0\\um\enclaveapi.h
注意: 包含文件:       C:\Program Files (x86)\Windows Kits\10\\include\10.0.26100.0\\um\threadpoollegacyapiset.h
注意: 包含文件:       C:\Program Files (x86)\Windows Kits\10\\include\10.0.26100.0\\um\threadpoolapiset.h
注意: 包含文件:       C:\Program Files (x86)\Windows Kits\10\\include\10.0.26100.0\\um\jobapi.h
注意: 包含文件:       C:\Program Files (x86)\Windows Kits\10\\include\10.0.26100.0\\um\jobapi2.h
注意: 包含文件:       C:\Program Files (x86)\Windows Kits\10\\include\10.0.26100.0\\um\wow64apiset.h
注意: 包含文件:       C:\Program Files (x86)\Windows Kits\10\\include\10.0.26100.0\\um\libloaderapi.h
注意: 包含文件:       C:\Program Files (x86)\Windows Kits\10\\include\10.0.26100.0\\um\securitybaseapi.h
注意: 包含文件:       C:\Program Files (x86)\Windows Kits\10\\include\10.0.26100.0\\um\namespaceapi.h
注意: 包含文件:       C:\Program Files (x86)\Windows Kits\10\\include\10.0.26100.0\\um\systemtopologyapi.h
注意: 包含文件:       C:\Program Files (x86)\Windows Kits\10\\include\10.0.26100.0\\um\processtopologyapi.h
注意: 包含文件:       C:\Program Files (x86)\Windows Kits\10\\include\10.0.26100.0\\um\securityappcontainer.h
注意: 包含文件:       C:\Program Files (x86)\Windows Kits\10\\include\10.0.26100.0\\um\realtimeapiset.h
注意: 包含文件:       C:\Program Files (x86)\Windows Kits\10\\include\10.0.26100.0\\shared\winerror.h
注意: 包含文件:       C:\Program Files (x86)\Windows Kits\10\\include\10.0.26100.0\\um\timezoneapi.h
注意: 包含文件:      C:\Program Files (x86)\Windows Kits\10\\include\10.0.26100.0\\um\wingdi.h
注意: 包含文件:       C:\Program Files (x86)\Windows Kits\10\\include\10.0.26100.0\\shared\pshpack1.h
注意: 包含文件:       C:\Program Files (x86)\Windows Kits\10\\include\10.0.26100.0\\shared\poppack.h
注意: 包含文件:       C:\Program Files (x86)\Windows Kits\10\\include\10.0.26100.0\\shared\pshpack2.h
注意: 包含文件:       C:\Program Files (x86)\Windows Kits\10\\include\10.0.26100.0\\shared\poppack.h
注意: 包含文件:       C:\Program Files (x86)\Windows Kits\10\\include\10.0.26100.0\\shared\pshpack2.h
注意: 包含文件:       C:\Program Files (x86)\Windows Kits\10\\include\10.0.26100.0\\shared\poppack.h
注意: 包含文件:       C:\Program Files (x86)\Windows Kits\10\\include\10.0.26100.0\\shared\pshpack4.h
注意: 包含文件:       C:\Program Files (x86)\Windows Kits\10\\include\10.0.26100.0\\shared\poppack.h
注意: 包含文件:       C:\Program Files (x86)\Windows Kits\10\\include\10.0.26100.0\\shared\pshpack4.h
注意: 包含文件:       C:\Program Files (x86)\Windows Kits\10\\include\10.0.26100.0\\shared\poppack.h
注意: 包含文件:      C:\Program Files (x86)\Windows Kits\10\\include\10.0.26100.0\\um\winuser.h
注意: 包含文件:       C:\Program Files (x86)\Windows Kits\10\\include\10.0.26100.0\\shared\pshpack2.h
注意: 包含文件:       C:\Program Files (x86)\Windows Kits\10\\include\10.0.26100.0\\shared\poppack.h
注意: 包含文件:       C:\Program Files (x86)\Windows Kits\10\\include\10.0.26100.0\\shared\tvout.h
注意: 包含文件:      C:\Program Files (x86)\Windows Kits\10\\include\10.0.26100.0\\um\winnls.h
注意: 包含文件:       C:\Program Files (x86)\Windows Kits\10\\include\10.0.26100.0\\um\datetimeapi.h
注意: 包含文件:       C:\Program Files (x86)\Windows Kits\10\\include\10.0.26100.0\\um\stringapiset.h
注意: 包含文件:        C:\Program Files (x86)\Windows Kits\10\\include\10.0.26100.0\\um\winnls.h
注意: 包含文件:      C:\Program Files (x86)\Windows Kits\10\\include\10.0.26100.0\\um\wincon.h
注意: 包含文件:       C:\Program Files (x86)\Windows Kits\10\\include\10.0.26100.0\\um\wincontypes.h
注意: 包含文件:       C:\Program Files (x86)\Windows Kits\10\\include\10.0.26100.0\\um\consoleapi.h
注意: 包含文件:       C:\Program Files (x86)\Windows Kits\10\\include\10.0.26100.0\\um\consoleapi2.h
注意: 包含文件:       C:\Program Files (x86)\Windows Kits\10\\include\10.0.26100.0\\um\consoleapi3.h
注意: 包含文件:      C:\Program Files (x86)\Windows Kits\10\\include\10.0.26100.0\\um\winver.h
注意: 包含文件:       C:\Program Files (x86)\Windows Kits\10\\include\10.0.26100.0\\um\verrsrc.h
注意: 包含文件:      C:\Program Files (x86)\Windows Kits\10\\include\10.0.26100.0\\um\winreg.h
注意: 包含文件:       C:\Program Files (x86)\Windows Kits\10\\include\10.0.26100.0\\um\reason.h
注意: 包含文件:      C:\Program Files (x86)\Windows Kits\10\\include\10.0.26100.0\\um\winnetwk.h
注意: 包含文件:       C:\Program Files (x86)\Windows Kits\10\\include\10.0.26100.0\\shared\wnnc.h
注意: 包含文件:      C:\Program Files (x86)\Windows Kits\10\\include\10.0.26100.0\\shared\cderr.h
注意: 包含文件:      C:\Program Files (x86)\Windows Kits\10\\include\10.0.26100.0\\um\dde.h
注意: 包含文件:      C:\Program Files (x86)\Windows Kits\10\\include\10.0.26100.0\\um\ddeml.h
注意: 包含文件:      C:\Program Files (x86)\Windows Kits\10\\include\10.0.26100.0\\um\dlgs.h
注意: 包含文件:      C:\Program Files (x86)\Windows Kits\10\\include\10.0.26100.0\\um\lzexpand.h
注意: 包含文件:      C:\Program Files (x86)\Windows Kits\10\\include\10.0.26100.0\\um\mmsystem.h
注意: 包含文件:       C:\Program Files (x86)\Windows Kits\10\\include\10.0.26100.0\\um\mmsyscom.h
注意: 包含文件:        C:\Program Files (x86)\Windows Kits\10\\include\10.0.26100.0\\shared\pshpack1.h
注意: 包含文件:        C:\Program Files (x86)\Windows Kits\10\\include\10.0.26100.0\\shared\poppack.h
注意: 包含文件:       C:\Program Files (x86)\Windows Kits\10\\include\10.0.26100.0\\shared\pshpack1.h
注意: 包含文件:       C:\Program Files (x86)\Windows Kits\10\\include\10.0.26100.0\\um\mciapi.h
注意: 包含文件:        C:\Program Files (x86)\Windows Kits\10\\include\10.0.26100.0\\um\mmsyscom.h
注意: 包含文件:       C:\Program Files (x86)\Windows Kits\10\\include\10.0.26100.0\\um\mmiscapi.h
注意: 包含文件:        C:\Program Files (x86)\Windows Kits\10\\include\10.0.26100.0\\um\mmsyscom.h
注意: 包含文件:       C:\Program Files (x86)\Windows Kits\10\\include\10.0.26100.0\\um\mmiscapi2.h
注意: 包含文件:        C:\Program Files (x86)\Windows Kits\10\\include\10.0.26100.0\\um\mmsyscom.h
注意: 包含文件:       C:\Program Files (x86)\Windows Kits\10\\include\10.0.26100.0\\um\playsoundapi.h
注意: 包含文件:        C:\Program Files (x86)\Windows Kits\10\\include\10.0.26100.0\\um\mmsyscom.h
注意: 包含文件:       C:\Program Files (x86)\Windows Kits\10\\include\10.0.26100.0\\um\mmeapi.h
注意: 包含文件:        C:\Program Files (x86)\Windows Kits\10\\include\10.0.26100.0\\um\mmsyscom.h
注意: 包含文件:       C:\Program Files (x86)\Windows Kits\10\\include\10.0.26100.0\\um\timeapi.h
注意: 包含文件:        C:\Program Files (x86)\Windows Kits\10\\include\10.0.26100.0\\um\mmsyscom.h
注意: 包含文件:       C:\Program Files (x86)\Windows Kits\10\\include\10.0.26100.0\\um\joystickapi.h
注意: 包含文件:        C:\Program Files (x86)\Windows Kits\10\\include\10.0.26100.0\\um\mmsyscom.h
注意: 包含文件:       C:\Program Files (x86)\Windows Kits\10\\include\10.0.26100.0\\shared\poppack.h
注意: 包含文件:      C:\Program Files (x86)\Windows Kits\10\\include\10.0.26100.0\\um\nb30.h
注意: 包含文件:      C:\Program Files (x86)\Windows Kits\10\\include\10.0.26100.0\\shared\rpc.h
注意: 包含文件:       C:\Program Files (x86)\Windows Kits\10\\include\10.0.26100.0\\shared\pshpack8.h
注意: 包含文件:       C:\Program Files (x86)\Windows Kits\10\\include\10.0.26100.0\\shared\rpcdce.h
注意: 包含文件:        C:\Program Files (x86)\Windows Kits\10\\include\10.0.26100.0\\shared\rpcdcep.h
注意: 包含文件:       C:\Program Files (x86)\Windows Kits\10\\include\10.0.26100.0\\um\rpcnsi.h
注意: 包含文件:       C:\Program Files (x86)\Windows Kits\10\\include\10.0.26100.0\\shared\rpcnterr.h
注意: 包含文件:       C:\Program Files (x86)\Windows Kits\10\\include\10.0.26100.0\\shared\rpcasync.h
注意: 包含文件:        C:\Program Files (x86)\Windows Kits\10\\include\10.0.26100.0\\shared\pshpack8.h
注意: 包含文件:        C:\Program Files (x86)\Windows Kits\10\\include\10.0.26100.0\\shared\poppack.h
注意: 包含文件:       C:\Program Files (x86)\Windows Kits\10\\include\10.0.26100.0\\shared\poppack.h
注意: 包含文件:      C:\Program Files (x86)\Windows Kits\10\\include\10.0.26100.0\\um\shellapi.h
注意: 包含文件:      C:\Program Files (x86)\Windows Kits\10\\include\10.0.26100.0\\um\winperf.h
注意: 包含文件:       C:\Program Files (x86)\Windows Kits\10\\include\10.0.26100.0\\shared\pshpack8.h
注意: 包含文件:       C:\Program Files (x86)\Windows Kits\10\\include\10.0.26100.0\\shared\poppack.h
注意: 包含文件:      C:\Program Files (x86)\Windows Kits\10\\include\10.0.26100.0\\um\winsock.h
注意: 包含文件:       C:\Program Files (x86)\Windows Kits\10\\include\10.0.26100.0\\shared\inaddr.h
注意: 包含文件:      C:\Program Files (x86)\Windows Kits\10\\include\10.0.26100.0\\um\wincrypt.h
注意: 包含文件:       C:\Program Files (x86)\Windows Kits\10\\include\10.0.26100.0\\shared\bcrypt.h
注意: 包含文件:       C:\Program Files (x86)\Windows Kits\10\\include\10.0.26100.0\\um\ncrypt.h
注意: 包含文件:       C:\Program Files (x86)\Windows Kits\10\\include\10.0.26100.0\\um\dpapi.h
注意: 包含文件:      C:\Program Files (x86)\Windows Kits\10\\include\10.0.26100.0\\um\winefs.h
注意: 包含文件:      C:\Program Files (x86)\Windows Kits\10\\include\10.0.26100.0\\um\winscard.h
注意: 包含文件:       C:\Program Files (x86)\Windows Kits\10\\include\10.0.26100.0\\shared\wtypes.h
注意: 包含文件:        C:\Program Files (x86)\Windows Kits\10\include\10.0.26100.0\shared\rpcndr.h
注意: 包含文件:         C:\Program Files (x86)\Windows Kits\10\\include\10.0.26100.0\\shared\pshpack8.h
注意: 包含文件:         C:\Program Files (x86)\Windows Kits\10\\include\10.0.26100.0\\um\rpcnsip.h
注意: 包含文件:         C:\Program Files (x86)\Windows Kits\10\\include\10.0.26100.0\\shared\rpcsal.h
注意: 包含文件:         C:\Program Files (x86)\Windows Kits\10\\include\10.0.26100.0\\shared\poppack.h
注意: 包含文件:        C:\Program Files (x86)\Windows Kits\10\include\10.0.26100.0\shared\wtypesbase.h
注意: 包含文件:         C:\Program Files (x86)\Windows Kits\10\include\10.0.26100.0\shared\guiddef.h
注意: 包含文件:       C:\Program Files (x86)\Windows Kits\10\\include\10.0.26100.0\\um\winioctl.h
注意: 包含文件:        C:\Program Files (x86)\Windows Kits\10\\include\10.0.26100.0\\shared\pshpack1.h
注意: 包含文件:        C:\Program Files (x86)\Windows Kits\10\\include\10.0.26100.0\\shared\poppack.h
注意: 包含文件:        C:\Program Files (x86)\Windows Kits\10\\include\10.0.26100.0\\shared\pshpack1.h
注意: 包含文件:        C:\Program Files (x86)\Windows Kits\10\\include\10.0.26100.0\\shared\poppack.h
注意: 包含文件:        C:\Program Files (x86)\Windows Kits\10\\include\10.0.26100.0\\shared\pshpack1.h
注意: 包含文件:        C:\Program Files (x86)\Windows Kits\10\\include\10.0.26100.0\\shared\poppack.h
注意: 包含文件:        C:\Program Files (x86)\Windows Kits\10\\include\10.0.26100.0\\shared\pshpack1.h
注意: 包含文件:        C:\Program Files (x86)\Windows Kits\10\\include\10.0.26100.0\\shared\poppack.h
注意: 包含文件:        C:\Program Files (x86)\Windows Kits\10\\include\10.0.26100.0\\shared\pshpack1.h
注意: 包含文件:        C:\Program Files (x86)\Windows Kits\10\\include\10.0.26100.0\\shared\poppack.h
注意: 包含文件:        C:\Program Files (x86)\Windows Kits\10\\include\10.0.26100.0\\shared\pshpack1.h
注意: 包含文件:        C:\Program Files (x86)\Windows Kits\10\\include\10.0.26100.0\\shared\poppack.h
注意: 包含文件:        C:\Program Files (x86)\Windows Kits\10\\include\10.0.26100.0\\shared\pshpack1.h
注意: 包含文件:        C:\Program Files (x86)\Windows Kits\10\\include\10.0.26100.0\\shared\poppack.h
注意: 包含文件:       C:\Program Files (x86)\Windows Kits\10\\include\10.0.26100.0\\shared\winsmcrd.h
注意: 包含文件:      C:\Program Files (x86)\Windows Kits\10\\include\10.0.26100.0\\um\winspool.h
注意: 包含文件:       C:\Program Files (x86)\Windows Kits\10\\include\10.0.26100.0\\um\prsht.h
注意: 包含文件:        C:\Program Files (x86)\Windows Kits\10\\include\10.0.26100.0\\shared\pshpack8.h
注意: 包含文件:        C:\Program Files (x86)\Windows Kits\10\\include\10.0.26100.0\\shared\poppack.h
注意: 包含文件:      C:\Program Files (x86)\Windows Kits\10\\include\10.0.26100.0\\um\ole2.h
注意: 包含文件:       C:\Program Files (x86)\Windows Kits\10\\include\10.0.26100.0\\shared\pshpack8.h
注意: 包含文件:       C:\Program Files (x86)\Windows Kits\10\\include\10.0.26100.0\\um\objbase.h
注意: 包含文件:        C:\Program Files (x86)\Windows Kits\10\\include\10.0.26100.0\\shared\pshpack8.h
注意: 包含文件:        C:\Program Files (x86)\Windows Kits\10\\include\10.0.26100.0\\um\combaseapi.h
注意: 包含文件:         C:\Program Files (x86)\Windows Kits\10\\include\10.0.26100.0\\shared\pshpack8.h
注意: 包含文件:         C:\Program Files (x86)\Windows Kits\10\\include\10.0.26100.0\\um\unknwnbase.h
注意: 包含文件:         C:\Program Files (x86)\Windows Kits\10\\include\10.0.26100.0\\um\objidlbase.h
注意: 包含文件:         C:\Program Files (x86)\Windows Kits\10\\include\10.0.26100.0\\shared\guiddef.h
注意: 包含文件:         C:\Program Files (x86)\Windows Kits\10\\include\10.0.26100.0\\um\cguid.h
注意: 包含文件:         C:\Program Files (x86)\Windows Kits\10\\include\10.0.26100.0\\shared\poppack.h
注意: 包含文件:        C:\Program Files (x86)\Windows Kits\10\\include\10.0.26100.0\\um\coml2api.h
注意: 包含文件:         C:\Program Files (x86)\Windows Kits\10\\include\10.0.26100.0\\um\objidl.h
注意: 包含文件:          C:\Program Files (x86)\Windows Kits\10\include\10.0.26100.0\um\unknwn.h
注意: 包含文件:         C:\Program Files (x86)\Windows Kits\10\\include\10.0.26100.0\\um\propidlbase.h
注意: 包含文件:          C:\Program Files (x86)\Windows Kits\10\include\10.0.26100.0\um\oaidl.h
注意: 包含文件:        C:\Program Files (x86)\Windows Kits\10\\include\10.0.26100.0\\um\urlmon.h
注意: 包含文件:         C:\Program Files (x86)\Windows Kits\10\include\10.0.26100.0\um\oleidl.h
注意: 包含文件:         C:\Program Files (x86)\Windows Kits\10\include\10.0.26100.0\um\servprov.h
注意: 包含文件:         C:\Program Files (x86)\Windows Kits\10\include\10.0.26100.0\um\msxml.h
注意: 包含文件:        C:\Program Files (x86)\Windows Kits\10\\include\10.0.26100.0\\um\propidl.h
注意: 包含文件:        C:\Program Files (x86)\Windows Kits\10\\include\10.0.26100.0\\shared\poppack.h
注意: 包含文件:       C:\Program Files (x86)\Windows Kits\10\\include\10.0.26100.0\\um\oleauto.h
注意: 包含文件:        C:\Program Files (x86)\Windows Kits\10\\include\10.0.26100.0\\shared\pshpack8.h
注意: 包含文件:        C:\Program Files (x86)\Windows Kits\10\\include\10.0.26100.0\\shared\poppack.h
注意: 包含文件:       C:\Program Files (x86)\Windows Kits\10\\include\10.0.26100.0\\shared\poppack.h
注意: 包含文件:      C:\Program Files (x86)\Windows Kits\10\\include\10.0.26100.0\\um\commdlg.h
注意: 包含文件:       C:\Program Files (x86)\Windows Kits\10\\include\10.0.26100.0\\um\prsht.h
注意: 包含文件:      C:\Program Files (x86)\Windows Kits\10\\include\10.0.26100.0\\shared\stralign.h
注意: 包含文件:      C:\Program Files (x86)\Windows Kits\10\\include\10.0.26100.0\\um\winsvc.h
注意: 包含文件:      C:\Program Files (x86)\Windows Kits\10\\include\10.0.26100.0\\um\mcx.h
注意: 包含文件:      C:\Program Files (x86)\Windows Kits\10\\include\10.0.26100.0\\um\imm.h
注意: 包含文件:       C:\Program Files (x86)\Windows Kits\10\\include\10.0.26100.0\\um\ime_cmodes.h
C:\Users\user\output\deepseek-v4部署\fastllm-master\include\devices/cpu/alivethreadpool.h(136): warning C4267: “初始化”: 从“size_t”转换到“int”，可能丢失数据
C:\Users\user\output\deepseek-v4部署\fastllm-master\include\devices/cpu/alivethreadpool.h(176): warning C4267: “初始化”: 从“size_t”转换到“int”，可能丢失数据
C:\Users\user\output\deepseek-v4部署\fastllm-master\include\devices/cpu/alivethreadpool.h(236): warning C4267: “初始化”: 从“size_t”转换到“int”，可能丢失数据
C:\Users\user\output\deepseek-v4部署\fastllm-master\include\devices/cpu/alivethreadpool.h(237): warning C4267: “初始化”: 从“size_t”转换到“int”，可能丢失数据
C:\Users\user\output\deepseek-v4部署\fastllm-master\include\devices/cpu/alivethreadpool.h(238): warning C4267: “初始化”: 从“size_t”转换到“int”，可能丢失数据
C:\Users\user\output\deepseek-v4部署\fastllm-master\include\devices/cpu/alivethreadpool.h(281): warning C4267: “初始化”: 从“size_t”转换到“int”，可能丢失数据
C:\Users\user\output\deepseek-v4部署\fastllm-master\include\devices/cpu/alivethreadpool.h(327): warning C4267: “初始化”: 从“size_t”转换到“int”，可能丢失数据
C:\Users\user\output\deepseek-v4部署\fastllm-master\include\devices/cpu/alivethreadpool.h(330): warning C4267: “初始化”: 从“size_t”转换到“int”，可能丢失数据
C:\Users\user\output\deepseek-v4部署\fastllm-master\include\devices/cpu/alivethreadpool.h(370): warning C4267: “初始化”: 从“size_t”转换到“int”，可能丢失数据
C:\Users\user\output\deepseek-v4部署\fastllm-master\include\devices/cpu/alivethreadpool.h(372): warning C4267: “初始化”: 从“size_t”转换到“int”，可能丢失数据
注意: 包含文件:    C:\Users\user\output\deepseek-v4部署\fastllm-master\third_party\json11\json11.hpp
C:\Users\user\output\deepseek-v4部署\fastllm-master\include\fastllm.h(222): warning C4244: “初始化”: 从“int”转换到“float”，可能丢失数据
C:\Users\user\output\deepseek-v4部署\fastllm-master\include\fastllm.h(222): warning C4244: “初始化”: 从“int”转换到“const float”，可能丢失数据
C:\Users\user\output\deepseek-v4部署\fastllm-master\include\fastllm.h(227): warning C4244: “=”: 从“float”转换到“uint8_t”，可能丢失数据
C:\Users\user\output\deepseek-v4部署\fastllm-master\include\fastllm.h(229): warning C4244: “=”: 从“const float”转换到“uint8_t”，可能丢失数据
C:\Users\user\output\deepseek-v4部署\fastllm-master\include\fastllm.h(687): warning C4996: 'std::codecvt_utf8<wchar_t,1114111,(std::codecvt_mode)0>': warning STL4017: std::wbuffer_convert, std::wstring_convert, and the <codecvt> header (containing std::codecvt_mode, std::codecvt_utf8, std::codecvt_utf16, and std::codecvt_utf8_utf16) are deprecated in C++17. (The std::codecvt class template is NOT deprecated.) The C++ Standard doesn't provide equivalent non-deprecated functionality; consider using MultiByteToWideChar() and WideCharToMultiByte() from <Windows.h> instead. You can define _SILENCE_CXX17_CODECVT_HEADER_DEPRECATION_WARNING or _SILENCE_ALL_CXX17_DEPRECATION_WARNINGS to suppress this warning.
C:\Program Files (x86)\Microsoft Visual Studio\2022\BuildTools\VC\Tools\MSVC\14.44.35207\include\codecvt(34): note: 参见“std::codecvt_utf8”的声明
C:\Users\user\output\deepseek-v4部署\fastllm-master\include\fastllm.h(687): warning C4996: 'std::wstring_convert<std::codecvt_utf8<wchar_t,1114111,(std::codecvt_mode)0>,wchar_t,std::allocator<wchar_t>,std::allocator<char>>': warning STL4017: std::wbuffer_convert, std::wstring_convert, and the <codecvt> header (containing std::codecvt_mode, std::codecvt_utf8, std::codecvt_utf16, and std::codecvt_utf8_utf16) are deprecated in C++17. (The std::codecvt class template is NOT deprecated.) The C++ Standard doesn't provide equivalent non-deprecated functionality; consider using MultiByteToWideChar() and WideCharToMultiByte() from <Windows.h> instead. You can define _SILENCE_CXX17_CODECVT_HEADER_DEPRECATION_WARNING or _SILENCE_ALL_CXX17_DEPRECATION_WARNINGS to suppress this warning.
C:\Program Files (x86)\Microsoft Visual Studio\2022\BuildTools\VC\Tools\MSVC\14.44.35207\include\xlocbuf(303): note: 参见“std::wstring_convert”的声明
注意: 包含文件:  C:\Users\user\output\deepseek-v4部署\fastllm-master\include\models/basellm.h
注意: 包含文件:   C:\Users\user\output\deepseek-v4部署\fastllm-master\include\template.h
注意: 包含文件:    C:\Users\user\output\deepseek-v4部署\fastllm-master\include\utils/utils.h
注意: 包含文件:     C:\Program Files (x86)\Windows Kits\10\include\10.0.26100.0\ucrt\fcntl.h
注意: 包含文件:     C:\Program Files (x86)\Microsoft Visual Studio\2022\BuildTools\VC\Tools\MSVC\14.44.35207\include\array
注意: 包含文件:     C:\Program Files (x86)\Microsoft Visual Studio\2022\BuildTools\VC\Tools\MSVC\14.44.35207\include\filesystem
注意: 包含文件:      C:\Program Files (x86)\Microsoft Visual Studio\2022\BuildTools\VC\Tools\MSVC\14.44.35207\include\iomanip
C:\Users\user\output\deepseek-v4部署\fastllm-master\include\utils/utils.h(30): warning C4067: 预处理器指令后有意外标记 - 应输入换行符
注意: 包含文件:     C:\Program Files (x86)\Windows Kits\10\include\10.0.26100.0\ucrt\io.h
注意: 包含文件:      C:\Program Files (x86)\Windows Kits\10\include\10.0.26100.0\ucrt\corecrt_io.h
C:\Users\user\output\deepseek-v4部署\fastllm-master\include\utils/utils.h(109): warning C4996: '_wfopen': This function or variable may be unsafe. Consider using _wfopen_s instead. To disable deprecation, use _CRT_SECURE_NO_WARNINGS. See online help for details.
C:\Users\user\output\deepseek-v4部署\fastllm-master\include\utils/utils.h(118): warning C4996: '_wopen': This function or variable may be unsafe. Consider using _wsopen_s instead. To disable deprecation, use _CRT_SECURE_NO_WARNINGS. See online help for details.
C:\Users\user\output\deepseek-v4部署\fastllm-master\include\utils/utils.h(150): warning C4244: “return”: 从“double”转换到“float”，可能丢失数据
C:\Users\user\output\deepseek-v4部署\fastllm-master\include\utils/utils.h(355): warning C4267: “初始化”: 从“size_t”转换到“int”，可能丢失数据
C:\Users\user\output\deepseek-v4部署\fastllm-master\include\utils/utils.h(417): warning C4244: “+=”: 从“double”转换到“float”，可能丢失数据
注意: 包含文件:   C:\Program Files (x86)\Microsoft Visual Studio\2022\BuildTools\VC\Tools\MSVC\14.44.35207\include\condition_variable
C:\Users\user\output\deepseek-v4部署\fastllm-master\include\models/basellm.h(344): warning C4305: “初始化”: 从“double”到“float”截断
C:\Users\user\output\deepseek-v4部署\fastllm-master\include\models/basellm.h(348): warning C4244: “初始化”: 从“double”转换到“const float”，可能丢失数据
注意: 包含文件:  C:\Program Files (x86)\Microsoft Visual Studio\2022\BuildTools\VC\Tools\MSVC\14.44.35207\include\fstream
注意: 包含文件:   C:\Program Files (x86)\Microsoft Visual Studio\2022\BuildTools\VC\Tools\MSVC\14.44.35207\include\__msvc_filebuf.hpp
注意: 包含文件:  C:\Users\user\output\deepseek-v4部署\fastllm-master\include\devices\cuda\fastllm-cuda.cuh
C:\Users\user\output\deepseek-v4部署\fastllm-master\src\blocks\llmsamplingblock.cpp(27): warning C4996: 'getenv': This function or variable may be unsafe. Consider using _dupenv_s instead. To disable deprecation, use _CRT_SECURE_NO_WARNINGS. See online help for details.
C:\Users\user\output\deepseek-v4部署\fastllm-master\src\blocks\llmsamplingblock.cpp(28): warning C4996: 'getenv': This function or variable may be unsafe. Consider using _dupenv_s instead. To disable deprecation, use _CRT_SECURE_NO_WARNINGS. See online help for details.
C:\Users\user\output\deepseek-v4部署\fastllm-master\src\blocks\llmsamplingblock.cpp(152): warning C4244: “=”: 从“int”转换到“_Ty”，可能丢失数据
        with
        [
            _Ty=float
        ]
[10/33] Building CXX object CMakeFiles\fastllm_tools.dir\src\models\graph\fastllmjson.cpp.obj
注意: 包含文件:  C:\Users\user\output\deepseek-v4部署\fastllm-master\include\models\graphllm.h
注意: 包含文件:   C:\Users\user\output\deepseek-v4部署\fastllm-master\include\models\basellm.h
注意: 包含文件:    C:\Users\user\output\deepseek-v4部署\fastllm-master\include\fastllm.h
注意: 包含文件:     C:\Program Files (x86)\Microsoft Visual Studio\2022\BuildTools\VC\Tools\MSVC\14.44.35207\include\vector
注意: 包含文件:      C:\Program Files (x86)\Microsoft Visual Studio\2022\BuildTools\VC\Tools\MSVC\14.44.35207\include\yvals_core.h
注意: 包含文件:       C:\Program Files (x86)\Microsoft Visual Studio\2022\BuildTools\VC\Tools\MSVC\14.44.35207\include\vcruntime.h
注意: 包含文件:        C:\Program Files (x86)\Microsoft Visual Studio\2022\BuildTools\VC\Tools\MSVC\14.44.35207\include\sal.h
注意: 包含文件:         C:\Program Files (x86)\Microsoft Visual Studio\2022\BuildTools\VC\Tools\MSVC\14.44.35207\include\concurrencysal.h
注意: 包含文件:        C:\Program Files (x86)\Microsoft Visual Studio\2022\BuildTools\VC\Tools\MSVC\14.44.35207\include\vadefs.h
注意: 包含文件:       C:\Program Files (x86)\Microsoft Visual Studio\2022\BuildTools\VC\Tools\MSVC\14.44.35207\include\xkeycheck.h
注意: 包含文件:      C:\Program Files (x86)\Microsoft Visual Studio\2022\BuildTools\VC\Tools\MSVC\14.44.35207\include\__msvc_bit_utils.hpp
注意: 包含文件:       C:\Program Files (x86)\Microsoft Visual Studio\2022\BuildTools\VC\Tools\MSVC\14.44.35207\include\climits
注意: 包含文件:        C:\Program Files (x86)\Microsoft Visual Studio\2022\BuildTools\VC\Tools\MSVC\14.44.35207\include\limits.h
注意: 包含文件:       C:\Program Files (x86)\Microsoft Visual Studio\2022\BuildTools\VC\Tools\MSVC\14.44.35207\include\xtr1common
注意: 包含文件:       C:\Program Files (x86)\Microsoft Visual Studio\2022\BuildTools\VC\Tools\MSVC\14.44.35207\include\intrin0.h
注意: 包含文件:        C:\Program Files (x86)\Microsoft Visual Studio\2022\BuildTools\VC\Tools\MSVC\14.44.35207\include\intrin0.inl.h
注意: 包含文件:      C:\Program Files (x86)\Microsoft Visual Studio\2022\BuildTools\VC\Tools\MSVC\14.44.35207\include\__msvc_sanitizer_annotate_container.hpp
注意: 包含文件:      C:\Program Files (x86)\Microsoft Visual Studio\2022\BuildTools\VC\Tools\MSVC\14.44.35207\include\xmemory
注意: 包含文件:       C:\Program Files (x86)\Microsoft Visual Studio\2022\BuildTools\VC\Tools\MSVC\14.44.35207\include\cstdint
注意: 包含文件:        C:\Program Files (x86)\Microsoft Visual Studio\2022\BuildTools\VC\Tools\MSVC\14.44.35207\include\stdint.h
注意: 包含文件:       C:\Program Files (x86)\Microsoft Visual Studio\2022\BuildTools\VC\Tools\MSVC\14.44.35207\include\cstdlib
注意: 包含文件:        C:\Program Files (x86)\Windows Kits\10\include\10.0.26100.0\ucrt\math.h
注意: 包含文件:         C:\Program Files (x86)\Windows Kits\10\include\10.0.26100.0\ucrt\corecrt_math.h
注意: 包含文件:          C:\Program Files (x86)\Windows Kits\10\include\10.0.26100.0\ucrt\corecrt.h
注意: 包含文件:         C:\Program Files (x86)\Windows Kits\10\include\10.0.26100.0\ucrt\corecrt_math_defines.h
注意: 包含文件:        C:\Program Files (x86)\Windows Kits\10\include\10.0.26100.0\ucrt\stdlib.h
注意: 包含文件:         C:\Program Files (x86)\Windows Kits\10\include\10.0.26100.0\ucrt\corecrt_malloc.h
注意: 包含文件:         C:\Program Files (x86)\Windows Kits\10\include\10.0.26100.0\ucrt\corecrt_search.h
注意: 包含文件:          C:\Program Files (x86)\Windows Kits\10\include\10.0.26100.0\ucrt\stddef.h
注意: 包含文件:         C:\Program Files (x86)\Windows Kits\10\include\10.0.26100.0\ucrt\corecrt_wstdlib.h
注意: 包含文件:       C:\Program Files (x86)\Microsoft Visual Studio\2022\BuildTools\VC\Tools\MSVC\14.44.35207\include\limits
注意: 包含文件:        C:\Program Files (x86)\Microsoft Visual Studio\2022\BuildTools\VC\Tools\MSVC\14.44.35207\include\cfloat
注意: 包含文件:         C:\Program Files (x86)\Windows Kits\10\include\10.0.26100.0\ucrt\float.h
注意: 包含文件:        C:\Program Files (x86)\Microsoft Visual Studio\2022\BuildTools\VC\Tools\MSVC\14.44.35207\include\cwchar
注意: 包含文件:         C:\Program Files (x86)\Microsoft Visual Studio\2022\BuildTools\VC\Tools\MSVC\14.44.35207\include\cstdio
注意: 包含文件:          C:\Program Files (x86)\Windows Kits\10\include\10.0.26100.0\ucrt\stdio.h
注意: 包含文件:           C:\Program Files (x86)\Windows Kits\10\include\10.0.26100.0\ucrt\corecrt_wstdio.h
注意: 包含文件:            C:\Program Files (x86)\Windows Kits\10\include\10.0.26100.0\ucrt\corecrt_stdio_config.h
注意: 包含文件:         C:\Program Files (x86)\Windows Kits\10\include\10.0.26100.0\ucrt\wchar.h
注意: 包含文件:          C:\Program Files (x86)\Windows Kits\10\include\10.0.26100.0\ucrt\corecrt_memcpy_s.h
注意: 包含文件:           C:\Program Files (x86)\Windows Kits\10\include\10.0.26100.0\ucrt\errno.h
注意: 包含文件:           C:\Program Files (x86)\Microsoft Visual Studio\2022\BuildTools\VC\Tools\MSVC\14.44.35207\include\vcruntime_string.h
注意: 包含文件:          C:\Program Files (x86)\Windows Kits\10\include\10.0.26100.0\ucrt\corecrt_wconio.h
注意: 包含文件:          C:\Program Files (x86)\Windows Kits\10\include\10.0.26100.0\ucrt\corecrt_wctype.h
注意: 包含文件:          C:\Program Files (x86)\Windows Kits\10\include\10.0.26100.0\ucrt\corecrt_wdirect.h
注意: 包含文件:          C:\Program Files (x86)\Windows Kits\10\include\10.0.26100.0\ucrt\corecrt_wio.h
注意: 包含文件:           C:\Program Files (x86)\Windows Kits\10\include\10.0.26100.0\ucrt\corecrt_share.h
注意: 包含文件:          C:\Program Files (x86)\Windows Kits\10\include\10.0.26100.0\ucrt\corecrt_wprocess.h
注意: 包含文件:          C:\Program Files (x86)\Windows Kits\10\include\10.0.26100.0\ucrt\corecrt_wstring.h
注意: 包含文件:          C:\Program Files (x86)\Windows Kits\10\include\10.0.26100.0\ucrt\corecrt_wtime.h
注意: 包含文件:          C:\Program Files (x86)\Windows Kits\10\include\10.0.26100.0\ucrt\sys/stat.h
注意: 包含文件:           C:\Program Files (x86)\Windows Kits\10\include\10.0.26100.0\ucrt\sys/types.h
注意: 包含文件:          C:\Program Files (x86)\Microsoft Visual Studio\2022\BuildTools\VC\Tools\MSVC\14.44.35207\include\intrin.h
注意: 包含文件:           C:\Program Files (x86)\Microsoft Visual Studio\2022\BuildTools\VC\Tools\MSVC\14.44.35207\include\setjmp.h
注意: 包含文件:           C:\Program Files (x86)\Microsoft Visual Studio\2022\BuildTools\VC\Tools\MSVC\14.44.35207\include\immintrin.h
注意: 包含文件:            C:\Program Files (x86)\Microsoft Visual Studio\2022\BuildTools\VC\Tools\MSVC\14.44.35207\include\wmmintrin.h
注意: 包含文件:             C:\Program Files (x86)\Microsoft Visual Studio\2022\BuildTools\VC\Tools\MSVC\14.44.35207\include\nmmintrin.h
注意: 包含文件:              C:\Program Files (x86)\Microsoft Visual Studio\2022\BuildTools\VC\Tools\MSVC\14.44.35207\include\smmintrin.h
注意: 包含文件:               C:\Program Files (x86)\Microsoft Visual Studio\2022\BuildTools\VC\Tools\MSVC\14.44.35207\include\tmmintrin.h
注意: 包含文件:                C:\Program Files (x86)\Microsoft Visual Studio\2022\BuildTools\VC\Tools\MSVC\14.44.35207\include\pmmintrin.h
注意: 包含文件:                 C:\Program Files (x86)\Microsoft Visual Studio\2022\BuildTools\VC\Tools\MSVC\14.44.35207\include\emmintrin.h
注意: 包含文件:                  C:\Program Files (x86)\Microsoft Visual Studio\2022\BuildTools\VC\Tools\MSVC\14.44.35207\include\xmmintrin.h
注意: 包含文件:                   C:\Program Files (x86)\Microsoft Visual Studio\2022\BuildTools\VC\Tools\MSVC\14.44.35207\include\mmintrin.h
注意: 包含文件:                   C:\Program Files (x86)\Windows Kits\10\include\10.0.26100.0\ucrt\malloc.h
注意: 包含文件:            C:\Program Files (x86)\Microsoft Visual Studio\2022\BuildTools\VC\Tools\MSVC\14.44.35207\include\zmmintrin.h
注意: 包含文件:           C:\Program Files (x86)\Microsoft Visual Studio\2022\BuildTools\VC\Tools\MSVC\14.44.35207\include\ammintrin.h
注意: 包含文件:       C:\Program Files (x86)\Microsoft Visual Studio\2022\BuildTools\VC\Tools\MSVC\14.44.35207\include\new
注意: 包含文件:        C:\Program Files (x86)\Microsoft Visual Studio\2022\BuildTools\VC\Tools\MSVC\14.44.35207\include\exception
注意: 包含文件:         C:\Program Files (x86)\Microsoft Visual Studio\2022\BuildTools\VC\Tools\MSVC\14.44.35207\include\yvals.h
注意: 包含文件:          C:\Program Files (x86)\Windows Kits\10\include\10.0.26100.0\ucrt\crtdbg.h
注意: 包含文件:           C:\Program Files (x86)\Microsoft Visual Studio\2022\BuildTools\VC\Tools\MSVC\14.44.35207\include\vcruntime_new_debug.h
注意: 包含文件:            C:\Program Files (x86)\Microsoft Visual Studio\2022\BuildTools\VC\Tools\MSVC\14.44.35207\include\vcruntime_new.h
注意: 包含文件:          C:\Program Files (x86)\Microsoft Visual Studio\2022\BuildTools\VC\Tools\MSVC\14.44.35207\include\crtdefs.h
注意: 包含文件:          C:\Program Files (x86)\Microsoft Visual Studio\2022\BuildTools\VC\Tools\MSVC\14.44.35207\include\use_ansi.h
注意: 包含文件:         C:\Program Files (x86)\Microsoft Visual Studio\2022\BuildTools\VC\Tools\MSVC\14.44.35207\include\type_traits
注意: 包含文件:          C:\Program Files (x86)\Microsoft Visual Studio\2022\BuildTools\VC\Tools\MSVC\14.44.35207\include\cstddef
注意: 包含文件:          C:\Program Files (x86)\Microsoft Visual Studio\2022\BuildTools\VC\Tools\MSVC\14.44.35207\include\cstring
注意: 包含文件:           C:\Program Files (x86)\Windows Kits\10\include\10.0.26100.0\ucrt\string.h
注意: 包含文件:            C:\Program Files (x86)\Windows Kits\10\include\10.0.26100.0\ucrt\corecrt_memory.h
注意: 包含文件:         C:\Program Files (x86)\Microsoft Visual Studio\2022\BuildTools\VC\Tools\MSVC\14.44.35207\include\vcruntime_exception.h
注意: 包含文件:          C:\Program Files (x86)\Microsoft Visual Studio\2022\BuildTools\VC\Tools\MSVC\14.44.35207\include\eh.h
注意: 包含文件:           C:\Program Files (x86)\Windows Kits\10\include\10.0.26100.0\ucrt\corecrt_terminate.h
注意: 包含文件:       C:\Program Files (x86)\Microsoft Visual Studio\2022\BuildTools\VC\Tools\MSVC\14.44.35207\include\xatomic.h
注意: 包含文件:       C:\Program Files (x86)\Microsoft Visual Studio\2022\BuildTools\VC\Tools\MSVC\14.44.35207\include\xutility
注意: 包含文件:        C:\Program Files (x86)\Microsoft Visual Studio\2022\BuildTools\VC\Tools\MSVC\14.44.35207\include\__msvc_iter_core.hpp
注意: 包含文件:         C:\Program Files (x86)\Microsoft Visual Studio\2022\BuildTools\VC\Tools\MSVC\14.44.35207\include\utility
注意: 包含文件:          C:\Program Files (x86)\Microsoft Visual Studio\2022\BuildTools\VC\Tools\MSVC\14.44.35207\include\initializer_list
注意: 包含文件:      C:\Program Files (x86)\Microsoft Visual Studio\2022\BuildTools\VC\Tools\MSVC\14.44.35207\include\xpolymorphic_allocator.h
注意: 包含文件:       C:\Program Files (x86)\Microsoft Visual Studio\2022\BuildTools\VC\Tools\MSVC\14.44.35207\include\tuple
注意: 包含文件:     C:\Program Files (x86)\Microsoft Visual Studio\2022\BuildTools\VC\Tools\MSVC\14.44.35207\include\string
注意: 包含文件:      C:\Program Files (x86)\Microsoft Visual Studio\2022\BuildTools\VC\Tools\MSVC\14.44.35207\include\xstring
注意: 包含文件:       C:\Program Files (x86)\Microsoft Visual Studio\2022\BuildTools\VC\Tools\MSVC\14.44.35207\include\__msvc_string_view.hpp
注意: 包含文件:        C:\Program Files (x86)\Microsoft Visual Studio\2022\BuildTools\VC\Tools\MSVC\14.44.35207\include\iosfwd
注意: 包含文件:      C:\Program Files (x86)\Microsoft Visual Studio\2022\BuildTools\VC\Tools\MSVC\14.44.35207\include\cctype
注意: 包含文件:       C:\Program Files (x86)\Windows Kits\10\include\10.0.26100.0\ucrt\ctype.h
注意: 包含文件:     C:\Program Files (x86)\Microsoft Visual Studio\2022\BuildTools\VC\Tools\MSVC\14.44.35207\include\map
注意: 包含文件:      C:\Program Files (x86)\Microsoft Visual Studio\2022\BuildTools\VC\Tools\MSVC\14.44.35207\include\xtree
注意: 包含文件:       C:\Program Files (x86)\Microsoft Visual Studio\2022\BuildTools\VC\Tools\MSVC\14.44.35207\include\xnode_handle.h
注意: 包含文件:     C:\Program Files (x86)\Microsoft Visual Studio\2022\BuildTools\VC\Tools\MSVC\14.44.35207\include\set
注意: 包含文件:     C:\Program Files (x86)\Microsoft Visual Studio\2022\BuildTools\VC\Tools\MSVC\14.44.35207\include\queue
注意: 包含文件:      C:\Program Files (x86)\Microsoft Visual Studio\2022\BuildTools\VC\Tools\MSVC\14.44.35207\include\__msvc_heap_algorithms.hpp
注意: 包含文件:      C:\Program Files (x86)\Microsoft Visual Studio\2022\BuildTools\VC\Tools\MSVC\14.44.35207\include\deque
注意: 包含文件:     C:\Program Files (x86)\Microsoft Visual Studio\2022\BuildTools\VC\Tools\MSVC\14.44.35207\include\unordered_map
注意: 包含文件:      C:\Program Files (x86)\Microsoft Visual Studio\2022\BuildTools\VC\Tools\MSVC\14.44.35207\include\xhash
注意: 包含文件:       C:\Program Files (x86)\Microsoft Visual Studio\2022\BuildTools\VC\Tools\MSVC\14.44.35207\include\cmath
注意: 包含文件:       C:\Program Files (x86)\Microsoft Visual Studio\2022\BuildTools\VC\Tools\MSVC\14.44.35207\include\list
注意: 包含文件:       C:\Program Files (x86)\Microsoft Visual Studio\2022\BuildTools\VC\Tools\MSVC\14.44.35207\include\xbit_ops.h
注意: 包含文件:     C:\Program Files (x86)\Microsoft Visual Studio\2022\BuildTools\VC\Tools\MSVC\14.44.35207\include\unordered_set
注意: 包含文件:     C:\Program Files (x86)\Microsoft Visual Studio\2022\BuildTools\VC\Tools\MSVC\14.44.35207\include\algorithm
注意: 包含文件:      C:\Program Files (x86)\Microsoft Visual Studio\2022\BuildTools\VC\Tools\MSVC\14.44.35207\include\__msvc_minmax.hpp
注意: 包含文件:     C:\Program Files (x86)\Microsoft Visual Studio\2022\BuildTools\VC\Tools\MSVC\14.44.35207\include\iostream
注意: 包含文件:      C:\Program Files (x86)\Microsoft Visual Studio\2022\BuildTools\VC\Tools\MSVC\14.44.35207\include\istream
注意: 包含文件:       C:\Program Files (x86)\Microsoft Visual Studio\2022\BuildTools\VC\Tools\MSVC\14.44.35207\include\__msvc_ostream.hpp
注意: 包含文件:        C:\Program Files (x86)\Microsoft Visual Studio\2022\BuildTools\VC\Tools\MSVC\14.44.35207\include\ios
注意: 包含文件:         C:\Program Files (x86)\Microsoft Visual Studio\2022\BuildTools\VC\Tools\MSVC\14.44.35207\include\xlocnum
注意: 包含文件:          C:\Program Files (x86)\Microsoft Visual Studio\2022\BuildTools\VC\Tools\MSVC\14.44.35207\include\iterator
注意: 包含文件:          C:\Program Files (x86)\Microsoft Visual Studio\2022\BuildTools\VC\Tools\MSVC\14.44.35207\include\streambuf
注意: 包含文件:           C:\Program Files (x86)\Microsoft Visual Studio\2022\BuildTools\VC\Tools\MSVC\14.44.35207\include\xiosbase
注意: 包含文件:            C:\Program Files (x86)\Windows Kits\10\include\10.0.26100.0\ucrt\share.h
注意: 包含文件:            C:\Program Files (x86)\Microsoft Visual Studio\2022\BuildTools\VC\Tools\MSVC\14.44.35207\include\system_error
注意: 包含文件:             C:\Program Files (x86)\Microsoft Visual Studio\2022\BuildTools\VC\Tools\MSVC\14.44.35207\include\__msvc_system_error_abi.hpp
注意: 包含文件:             C:\Program Files (x86)\Microsoft Visual Studio\2022\BuildTools\VC\Tools\MSVC\14.44.35207\include\cerrno
注意: 包含文件:             C:\Program Files (x86)\Microsoft Visual Studio\2022\BuildTools\VC\Tools\MSVC\14.44.35207\include\stdexcept
注意: 包含文件:             C:\Program Files (x86)\Microsoft Visual Studio\2022\BuildTools\VC\Tools\MSVC\14.44.35207\include\xcall_once.h
注意: 包含文件:             C:\Program Files (x86)\Microsoft Visual Studio\2022\BuildTools\VC\Tools\MSVC\14.44.35207\include\xerrc.h
注意: 包含文件:             C:\Program Files (x86)\Microsoft Visual Studio\2022\BuildTools\VC\Tools\MSVC\14.44.35207\include\atomic
注意: 包含文件:              C:\Program Files (x86)\Microsoft Visual Studio\2022\BuildTools\VC\Tools\MSVC\14.44.35207\include\xthreads.h
注意: 包含文件:               C:\Program Files (x86)\Microsoft Visual Studio\2022\BuildTools\VC\Tools\MSVC\14.44.35207\include\__msvc_threads_core.hpp
注意: 包含文件:               C:\Program Files (x86)\Microsoft Visual Studio\2022\BuildTools\VC\Tools\MSVC\14.44.35207\include\xtimec.h
注意: 包含文件:                C:\Program Files (x86)\Microsoft Visual Studio\2022\BuildTools\VC\Tools\MSVC\14.44.35207\include\ctime
注意: 包含文件:                 C:\Program Files (x86)\Windows Kits\10\include\10.0.26100.0\ucrt\time.h
注意: 包含文件:            C:\Program Files (x86)\Microsoft Visual Studio\2022\BuildTools\VC\Tools\MSVC\14.44.35207\include\xlocale
注意: 包含文件:             C:\Program Files (x86)\Microsoft Visual Studio\2022\BuildTools\VC\Tools\MSVC\14.44.35207\include\memory
注意: 包含文件:              C:\Program Files (x86)\Microsoft Visual Studio\2022\BuildTools\VC\Tools\MSVC\14.44.35207\include\typeinfo
注意: 包含文件:               C:\Program Files (x86)\Microsoft Visual Studio\2022\BuildTools\VC\Tools\MSVC\14.44.35207\include\vcruntime_typeinfo.h
注意: 包含文件:             C:\Program Files (x86)\Microsoft Visual Studio\2022\BuildTools\VC\Tools\MSVC\14.44.35207\include\xfacet
注意: 包含文件:             C:\Program Files (x86)\Microsoft Visual Studio\2022\BuildTools\VC\Tools\MSVC\14.44.35207\include\xlocinfo
注意: 包含文件:              C:\Program Files (x86)\Microsoft Visual Studio\2022\BuildTools\VC\Tools\MSVC\14.44.35207\include\__msvc_xlocinfo_types.hpp
注意: 包含文件:              C:\Program Files (x86)\Microsoft Visual Studio\2022\BuildTools\VC\Tools\MSVC\14.44.35207\include\clocale
注意: 包含文件:               C:\Program Files (x86)\Windows Kits\10\include\10.0.26100.0\ucrt\locale.h
注意: 包含文件:      C:\Program Files (x86)\Microsoft Visual Studio\2022\BuildTools\VC\Tools\MSVC\14.44.35207\include\ostream
注意: 包含文件:     C:\Program Files (x86)\Microsoft Visual Studio\2022\BuildTools\VC\Tools\MSVC\14.44.35207\include\functional
注意: 包含文件:     C:\Program Files (x86)\Microsoft Visual Studio\2022\BuildTools\VC\Tools\MSVC\14.44.35207\include\mutex
注意: 包含文件:      C:\Program Files (x86)\Microsoft Visual Studio\2022\BuildTools\VC\Tools\MSVC\14.44.35207\include\__msvc_chrono.hpp
注意: 包含文件:       C:\Program Files (x86)\Microsoft Visual Studio\2022\BuildTools\VC\Tools\MSVC\14.44.35207\include\ratio
注意: 包含文件:      C:\Program Files (x86)\Microsoft Visual Studio\2022\BuildTools\VC\Tools\MSVC\14.44.35207\include\thread
注意: 包含文件:       C:\Program Files (x86)\Windows Kits\10\include\10.0.26100.0\ucrt\process.h
注意: 包含文件:        C:\Program Files (x86)\Windows Kits\10\include\10.0.26100.0\ucrt\corecrt_startup.h
注意: 包含文件:         C:\Program Files (x86)\Windows Kits\10\include\10.0.26100.0\ucrt\math.h
注意: 包含文件:         C:\Program Files (x86)\Microsoft Visual Studio\2022\BuildTools\VC\Tools\MSVC\14.44.35207\include\vcruntime_startup.h
注意: 包含文件:     C:\Program Files (x86)\Microsoft Visual Studio\2022\BuildTools\VC\Tools\MSVC\14.44.35207\include\locale
注意: 包含文件:      C:\Program Files (x86)\Microsoft Visual Studio\2022\BuildTools\VC\Tools\MSVC\14.44.35207\include\xlocbuf
注意: 包含文件:      C:\Program Files (x86)\Microsoft Visual Studio\2022\BuildTools\VC\Tools\MSVC\14.44.35207\include\xlocmes
注意: 包含文件:      C:\Program Files (x86)\Microsoft Visual Studio\2022\BuildTools\VC\Tools\MSVC\14.44.35207\include\xlocmon
注意: 包含文件:      C:\Program Files (x86)\Microsoft Visual Studio\2022\BuildTools\VC\Tools\MSVC\14.44.35207\include\xloctime
注意: 包含文件:     C:\Program Files (x86)\Microsoft Visual Studio\2022\BuildTools\VC\Tools\MSVC\14.44.35207\include\codecvt
注意: 包含文件:     C:\Users\user\output\deepseek-v4部署\fastllm-master\include\devices/cpu/alivethreadpool.h
注意: 包含文件:      C:\Program Files (x86)\Microsoft Visual Studio\2022\BuildTools\VC\Tools\MSVC\14.44.35207\include\chrono
注意: 包含文件:       C:\Program Files (x86)\Microsoft Visual Studio\2022\BuildTools\VC\Tools\MSVC\14.44.35207\include\xfilesystem_abi.h
注意: 包含文件:      C:\Program Files (x86)\Windows Kits\10\\include\10.0.26100.0\\um\Windows.h
注意: 包含文件:       C:\Program Files (x86)\Windows Kits\10\\include\10.0.26100.0\\shared\winapifamily.h
注意: 包含文件:        C:\Program Files (x86)\Windows Kits\10\\include\10.0.26100.0\\shared\winpackagefamily.h
注意: 包含文件:       C:\Program Files (x86)\Windows Kits\10\\include\10.0.26100.0\\shared\sdkddkver.h
注意: 包含文件:       C:\Program Files (x86)\Microsoft Visual Studio\2022\BuildTools\VC\Tools\MSVC\14.44.35207\include\excpt.h
注意: 包含文件:       C:\Program Files (x86)\Microsoft Visual Studio\2022\BuildTools\VC\Tools\MSVC\14.44.35207\include\stdarg.h
注意: 包含文件:       C:\Program Files (x86)\Windows Kits\10\\include\10.0.26100.0\\shared\windef.h
注意: 包含文件:        C:\Program Files (x86)\Windows Kits\10\\include\10.0.26100.0\\shared\minwindef.h
注意: 包含文件:         C:\Program Files (x86)\Windows Kits\10\\include\10.0.26100.0\\shared\specstrings.h
注意: 包含文件:          C:\Program Files (x86)\Windows Kits\10\\include\10.0.26100.0\\shared\specstrings_strict.h
注意: 包含文件:           C:\Program Files (x86)\Windows Kits\10\\include\10.0.26100.0\\shared\specstrings_undef.h
注意: 包含文件:          C:\Program Files (x86)\Windows Kits\10\\include\10.0.26100.0\\shared\driverspecs.h
注意: 包含文件:           C:\Program Files (x86)\Windows Kits\10\include\10.0.26100.0\shared\sdv_driverspecs.h
注意: 包含文件:         C:\Program Files (x86)\Windows Kits\10\\include\10.0.26100.0\\um\winnt.h
注意: 包含文件:          C:\Program Files (x86)\Windows Kits\10\\include\10.0.26100.0\\shared\kernelspecs.h
注意: 包含文件:          C:\Program Files (x86)\Windows Kits\10\\include\10.0.26100.0\\shared\basetsd.h
注意: 包含文件:          C:\Program Files (x86)\Windows Kits\10\\include\10.0.26100.0\\shared\guiddef.h
注意: 包含文件:          C:\Program Files (x86)\Windows Kits\10\include\10.0.26100.0\shared\pshpack4.h
注意: 包含文件:          C:\Program Files (x86)\Windows Kits\10\include\10.0.26100.0\shared\poppack.h
注意: 包含文件:          C:\Program Files (x86)\Windows Kits\10\\include\10.0.26100.0\\shared\pshpack4.h
注意: 包含文件:          C:\Program Files (x86)\Windows Kits\10\\include\10.0.26100.0\\shared\poppack.h
注意: 包含文件:          C:\Program Files (x86)\Windows Kits\10\include\10.0.26100.0\shared\pshpack4.h
注意: 包含文件:          C:\Program Files (x86)\Windows Kits\10\include\10.0.26100.0\shared\pshpack2.h
注意: 包含文件:          C:\Program Files (x86)\Windows Kits\10\include\10.0.26100.0\shared\poppack.h
注意: 包含文件:          C:\Program Files (x86)\Windows Kits\10\include\10.0.26100.0\shared\pshpack2.h
注意: 包含文件:          C:\Program Files (x86)\Windows Kits\10\\include\10.0.26100.0\\shared\pshpack2.h
注意: 包含文件:          C:\Program Files (x86)\Windows Kits\10\\include\10.0.26100.0\\shared\poppack.h
注意: 包含文件:          C:\Program Files (x86)\Windows Kits\10\include\10.0.26100.0\shared\poppack.h
注意: 包含文件:          C:\Program Files (x86)\Windows Kits\10\include\10.0.26100.0\shared\pshpack8.h
注意: 包含文件:          C:\Program Files (x86)\Windows Kits\10\include\10.0.26100.0\shared\poppack.h
注意: 包含文件:          C:\Program Files (x86)\Windows Kits\10\include\10.0.26100.0\shared\pshpack1.h
注意: 包含文件:          C:\Program Files (x86)\Windows Kits\10\include\10.0.26100.0\shared\poppack.h
注意: 包含文件:          C:\Program Files (x86)\Windows Kits\10\include\10.0.26100.0\shared\pshpack1.h
注意: 包含文件:          C:\Program Files (x86)\Windows Kits\10\include\10.0.26100.0\shared\poppack.h
注意: 包含文件:          C:\Program Files (x86)\Windows Kits\10\include\10.0.26100.0\shared\poppack.h
注意: 包含文件:          C:\Program Files (x86)\Windows Kits\10\\include\10.0.26100.0\\shared\apiset.h
注意: 包含文件:          C:\Program Files (x86)\Windows Kits\10\\include\10.0.26100.0\\shared\ktmtypes.h
注意: 包含文件:       C:\Program Files (x86)\Windows Kits\10\\include\10.0.26100.0\\um\winbase.h
注意: 包含文件:        C:\Program Files (x86)\Windows Kits\10\\include\10.0.26100.0\\shared\apisetcconv.h
注意: 包含文件:        C:\Program Files (x86)\Windows Kits\10\\include\10.0.26100.0\\um\minwinbase.h
注意: 包含文件:        C:\Program Files (x86)\Windows Kits\10\\include\10.0.26100.0\\um\apiquery2.h
注意: 包含文件:        C:\Program Files (x86)\Windows Kits\10\\include\10.0.26100.0\\um\processenv.h
注意: 包含文件:        C:\Program Files (x86)\Windows Kits\10\\include\10.0.26100.0\\um\fileapifromapp.h
注意: 包含文件:         C:\Program Files (x86)\Windows Kits\10\\include\10.0.26100.0\\um\fileapi.h
注意: 包含文件:        C:\Program Files (x86)\Windows Kits\10\\include\10.0.26100.0\\um\debugapi.h
注意: 包含文件:        C:\Program Files (x86)\Windows Kits\10\\include\10.0.26100.0\\um\utilapiset.h
注意: 包含文件:        C:\Program Files (x86)\Windows Kits\10\\include\10.0.26100.0\\um\handleapi.h
注意: 包含文件:        C:\Program Files (x86)\Windows Kits\10\\include\10.0.26100.0\\um\errhandlingapi.h
注意: 包含文件:        C:\Program Files (x86)\Windows Kits\10\\include\10.0.26100.0\\um\fibersapi.h
注意: 包含文件:        C:\Program Files (x86)\Windows Kits\10\\include\10.0.26100.0\\um\namedpipeapi.h
注意: 包含文件:        C:\Program Files (x86)\Windows Kits\10\\include\10.0.26100.0\\um\profileapi.h
注意: 包含文件:        C:\Program Files (x86)\Windows Kits\10\\include\10.0.26100.0\\um\heapapi.h
注意: 包含文件:        C:\Program Files (x86)\Windows Kits\10\\include\10.0.26100.0\\um\ioapiset.h
注意: 包含文件:        C:\Program Files (x86)\Windows Kits\10\\include\10.0.26100.0\\um\synchapi.h
注意: 包含文件:        C:\Program Files (x86)\Windows Kits\10\\include\10.0.26100.0\\um\interlockedapi.h
注意: 包含文件:        C:\Program Files (x86)\Windows Kits\10\\include\10.0.26100.0\\um\processthreadsapi.h
注意: 包含文件:        C:\Program Files (x86)\Windows Kits\10\\include\10.0.26100.0\\um\sysinfoapi.h
注意: 包含文件:        C:\Program Files (x86)\Windows Kits\10\\include\10.0.26100.0\\um\memoryapi.h
注意: 包含文件:        C:\Program Files (x86)\Windows Kits\10\\include\10.0.26100.0\\um\enclaveapi.h
注意: 包含文件:        C:\Program Files (x86)\Windows Kits\10\\include\10.0.26100.0\\um\threadpoollegacyapiset.h
注意: 包含文件:        C:\Program Files (x86)\Windows Kits\10\\include\10.0.26100.0\\um\threadpoolapiset.h
注意: 包含文件:        C:\Program Files (x86)\Windows Kits\10\\include\10.0.26100.0\\um\jobapi.h
注意: 包含文件:        C:\Program Files (x86)\Windows Kits\10\\include\10.0.26100.0\\um\jobapi2.h
注意: 包含文件:        C:\Program Files (x86)\Windows Kits\10\\include\10.0.26100.0\\um\wow64apiset.h
注意: 包含文件:        C:\Program Files (x86)\Windows Kits\10\\include\10.0.26100.0\\um\libloaderapi.h
注意: 包含文件:        C:\Program Files (x86)\Windows Kits\10\\include\10.0.26100.0\\um\securitybaseapi.h
注意: 包含文件:        C:\Program Files (x86)\Windows Kits\10\\include\10.0.26100.0\\um\namespaceapi.h
注意: 包含文件:        C:\Program Files (x86)\Windows Kits\10\\include\10.0.26100.0\\um\systemtopologyapi.h
注意: 包含文件:        C:\Program Files (x86)\Windows Kits\10\\include\10.0.26100.0\\um\processtopologyapi.h
注意: 包含文件:        C:\Program Files (x86)\Windows Kits\10\\include\10.0.26100.0\\um\securityappcontainer.h
注意: 包含文件:        C:\Program Files (x86)\Windows Kits\10\\include\10.0.26100.0\\um\realtimeapiset.h
注意: 包含文件:        C:\Program Files (x86)\Windows Kits\10\\include\10.0.26100.0\\shared\winerror.h
注意: 包含文件:        C:\Program Files (x86)\Windows Kits\10\\include\10.0.26100.0\\um\timezoneapi.h
注意: 包含文件:       C:\Program Files (x86)\Windows Kits\10\\include\10.0.26100.0\\um\wingdi.h
注意: 包含文件:        C:\Program Files (x86)\Windows Kits\10\\include\10.0.26100.0\\shared\pshpack1.h
注意: 包含文件:        C:\Program Files (x86)\Windows Kits\10\\include\10.0.26100.0\\shared\poppack.h
注意: 包含文件:        C:\Program Files (x86)\Windows Kits\10\\include\10.0.26100.0\\shared\pshpack2.h
注意: 包含文件:        C:\Program Files (x86)\Windows Kits\10\\include\10.0.26100.0\\shared\poppack.h
注意: 包含文件:        C:\Program Files (x86)\Windows Kits\10\\include\10.0.26100.0\\shared\pshpack2.h
注意: 包含文件:        C:\Program Files (x86)\Windows Kits\10\\include\10.0.26100.0\\shared\poppack.h
注意: 包含文件:        C:\Program Files (x86)\Windows Kits\10\\include\10.0.26100.0\\shared\pshpack4.h
注意: 包含文件:        C:\Program Files (x86)\Windows Kits\10\\include\10.0.26100.0\\shared\poppack.h
注意: 包含文件:        C:\Program Files (x86)\Windows Kits\10\\include\10.0.26100.0\\shared\pshpack4.h
注意: 包含文件:        C:\Program Files (x86)\Windows Kits\10\\include\10.0.26100.0\\shared\poppack.h
注意: 包含文件:       C:\Program Files (x86)\Windows Kits\10\\include\10.0.26100.0\\um\winuser.h
注意: 包含文件:        C:\Program Files (x86)\Windows Kits\10\\include\10.0.26100.0\\shared\pshpack2.h
注意: 包含文件:        C:\Program Files (x86)\Windows Kits\10\\include\10.0.26100.0\\shared\poppack.h
注意: 包含文件:        C:\Program Files (x86)\Windows Kits\10\\include\10.0.26100.0\\shared\tvout.h
注意: 包含文件:       C:\Program Files (x86)\Windows Kits\10\\include\10.0.26100.0\\um\winnls.h
注意: 包含文件:        C:\Program Files (x86)\Windows Kits\10\\include\10.0.26100.0\\um\datetimeapi.h
注意: 包含文件:        C:\Program Files (x86)\Windows Kits\10\\include\10.0.26100.0\\um\stringapiset.h
注意: 包含文件:         C:\Program Files (x86)\Windows Kits\10\\include\10.0.26100.0\\um\winnls.h
注意: 包含文件:       C:\Program Files (x86)\Windows Kits\10\\include\10.0.26100.0\\um\wincon.h
注意: 包含文件:        C:\Program Files (x86)\Windows Kits\10\\include\10.0.26100.0\\um\wincontypes.h
注意: 包含文件:        C:\Program Files (x86)\Windows Kits\10\\include\10.0.26100.0\\um\consoleapi.h
注意: 包含文件:        C:\Program Files (x86)\Windows Kits\10\\include\10.0.26100.0\\um\consoleapi2.h
注意: 包含文件:        C:\Program Files (x86)\Windows Kits\10\\include\10.0.26100.0\\um\consoleapi3.h
注意: 包含文件:       C:\Program Files (x86)\Windows Kits\10\\include\10.0.26100.0\\um\winver.h
注意: 包含文件:        C:\Program Files (x86)\Windows Kits\10\\include\10.0.26100.0\\um\verrsrc.h
注意: 包含文件:       C:\Program Files (x86)\Windows Kits\10\\include\10.0.26100.0\\um\winreg.h
注意: 包含文件:        C:\Program Files (x86)\Windows Kits\10\\include\10.0.26100.0\\um\reason.h
注意: 包含文件:       C:\Program Files (x86)\Windows Kits\10\\include\10.0.26100.0\\um\winnetwk.h
注意: 包含文件:        C:\Program Files (x86)\Windows Kits\10\\include\10.0.26100.0\\shared\wnnc.h
注意: 包含文件:       C:\Program Files (x86)\Windows Kits\10\\include\10.0.26100.0\\shared\cderr.h
注意: 包含文件:       C:\Program Files (x86)\Windows Kits\10\\include\10.0.26100.0\\um\dde.h
注意: 包含文件:       C:\Program Files (x86)\Windows Kits\10\\include\10.0.26100.0\\um\ddeml.h
注意: 包含文件:       C:\Program Files (x86)\Windows Kits\10\\include\10.0.26100.0\\um\dlgs.h
注意: 包含文件:       C:\Program Files (x86)\Windows Kits\10\\include\10.0.26100.0\\um\lzexpand.h
注意: 包含文件:       C:\Program Files (x86)\Windows Kits\10\\include\10.0.26100.0\\um\mmsystem.h
注意: 包含文件:        C:\Program Files (x86)\Windows Kits\10\\include\10.0.26100.0\\um\mmsyscom.h
注意: 包含文件:         C:\Program Files (x86)\Windows Kits\10\\include\10.0.26100.0\\shared\pshpack1.h
注意: 包含文件:         C:\Program Files (x86)\Windows Kits\10\\include\10.0.26100.0\\shared\poppack.h
注意: 包含文件:        C:\Program Files (x86)\Windows Kits\10\\include\10.0.26100.0\\shared\pshpack1.h
注意: 包含文件:        C:\Program Files (x86)\Windows Kits\10\\include\10.0.26100.0\\um\mciapi.h
注意: 包含文件:         C:\Program Files (x86)\Windows Kits\10\\include\10.0.26100.0\\um\mmsyscom.h
注意: 包含文件:        C:\Program Files (x86)\Windows Kits\10\\include\10.0.26100.0\\um\mmiscapi.h
注意: 包含文件:         C:\Program Files (x86)\Windows Kits\10\\include\10.0.26100.0\\um\mmsyscom.h
注意: 包含文件:        C:\Program Files (x86)\Windows Kits\10\\include\10.0.26100.0\\um\mmiscapi2.h
注意: 包含文件:         C:\Program Files (x86)\Windows Kits\10\\include\10.0.26100.0\\um\mmsyscom.h
注意: 包含文件:        C:\Program Files (x86)\Windows Kits\10\\include\10.0.26100.0\\um\playsoundapi.h
注意: 包含文件:         C:\Program Files (x86)\Windows Kits\10\\include\10.0.26100.0\\um\mmsyscom.h
注意: 包含文件:        C:\Program Files (x86)\Windows Kits\10\\include\10.0.26100.0\\um\mmeapi.h
注意: 包含文件:         C:\Program Files (x86)\Windows Kits\10\\include\10.0.26100.0\\um\mmsyscom.h
注意: 包含文件:        C:\Program Files (x86)\Windows Kits\10\\include\10.0.26100.0\\um\timeapi.h
注意: 包含文件:         C:\Program Files (x86)\Windows Kits\10\\include\10.0.26100.0\\um\mmsyscom.h
注意: 包含文件:        C:\Program Files (x86)\Windows Kits\10\\include\10.0.26100.0\\um\joystickapi.h
注意: 包含文件:         C:\Program Files (x86)\Windows Kits\10\\include\10.0.26100.0\\um\mmsyscom.h
注意: 包含文件:        C:\Program Files (x86)\Windows Kits\10\\include\10.0.26100.0\\shared\poppack.h
注意: 包含文件:       C:\Program Files (x86)\Windows Kits\10\\include\10.0.26100.0\\um\nb30.h
注意: 包含文件:       C:\Program Files (x86)\Windows Kits\10\\include\10.0.26100.0\\shared\rpc.h
注意: 包含文件:        C:\Program Files (x86)\Windows Kits\10\\include\10.0.26100.0\\shared\pshpack8.h
注意: 包含文件:        C:\Program Files (x86)\Windows Kits\10\\include\10.0.26100.0\\shared\rpcdce.h
注意: 包含文件:         C:\Program Files (x86)\Windows Kits\10\\include\10.0.26100.0\\shared\rpcdcep.h
注意: 包含文件:        C:\Program Files (x86)\Windows Kits\10\\include\10.0.26100.0\\um\rpcnsi.h
注意: 包含文件:        C:\Program Files (x86)\Windows Kits\10\\include\10.0.26100.0\\shared\rpcnterr.h
注意: 包含文件:        C:\Program Files (x86)\Windows Kits\10\\include\10.0.26100.0\\shared\rpcasync.h
注意: 包含文件:         C:\Program Files (x86)\Windows Kits\10\\include\10.0.26100.0\\shared\pshpack8.h
注意: 包含文件:         C:\Program Files (x86)\Windows Kits\10\\include\10.0.26100.0\\shared\poppack.h
注意: 包含文件:        C:\Program Files (x86)\Windows Kits\10\\include\10.0.26100.0\\shared\poppack.h
注意: 包含文件:       C:\Program Files (x86)\Windows Kits\10\\include\10.0.26100.0\\um\shellapi.h
注意: 包含文件:       C:\Program Files (x86)\Windows Kits\10\\include\10.0.26100.0\\um\winperf.h
注意: 包含文件:        C:\Program Files (x86)\Windows Kits\10\\include\10.0.26100.0\\shared\pshpack8.h
注意: 包含文件:        C:\Program Files (x86)\Windows Kits\10\\include\10.0.26100.0\\shared\poppack.h
注意: 包含文件:       C:\Program Files (x86)\Windows Kits\10\\include\10.0.26100.0\\um\winsock.h
注意: 包含文件:        C:\Program Files (x86)\Windows Kits\10\\include\10.0.26100.0\\shared\inaddr.h
注意: 包含文件:       C:\Program Files (x86)\Windows Kits\10\\include\10.0.26100.0\\um\wincrypt.h
注意: 包含文件:        C:\Program Files (x86)\Windows Kits\10\\include\10.0.26100.0\\shared\bcrypt.h
注意: 包含文件:        C:\Program Files (x86)\Windows Kits\10\\include\10.0.26100.0\\um\ncrypt.h
注意: 包含文件:        C:\Program Files (x86)\Windows Kits\10\\include\10.0.26100.0\\um\dpapi.h
注意: 包含文件:       C:\Program Files (x86)\Windows Kits\10\\include\10.0.26100.0\\um\winefs.h
注意: 包含文件:       C:\Program Files (x86)\Windows Kits\10\\include\10.0.26100.0\\um\winscard.h
注意: 包含文件:        C:\Program Files (x86)\Windows Kits\10\\include\10.0.26100.0\\shared\wtypes.h
注意: 包含文件:         C:\Program Files (x86)\Windows Kits\10\include\10.0.26100.0\shared\rpcndr.h
注意: 包含文件:          C:\Program Files (x86)\Windows Kits\10\\include\10.0.26100.0\\shared\pshpack8.h
注意: 包含文件:          C:\Program Files (x86)\Windows Kits\10\\include\10.0.26100.0\\um\rpcnsip.h
注意: 包含文件:          C:\Program Files (x86)\Windows Kits\10\\include\10.0.26100.0\\shared\rpcsal.h
注意: 包含文件:          C:\Program Files (x86)\Windows Kits\10\\include\10.0.26100.0\\shared\poppack.h
注意: 包含文件:         C:\Program Files (x86)\Windows Kits\10\include\10.0.26100.0\shared\wtypesbase.h
注意: 包含文件:          C:\Program Files (x86)\Windows Kits\10\include\10.0.26100.0\shared\guiddef.h
注意: 包含文件:        C:\Program Files (x86)\Windows Kits\10\\include\10.0.26100.0\\um\winioctl.h
注意: 包含文件:         C:\Program Files (x86)\Windows Kits\10\\include\10.0.26100.0\\shared\pshpack1.h
注意: 包含文件:         C:\Program Files (x86)\Windows Kits\10\\include\10.0.26100.0\\shared\poppack.h
注意: 包含文件:         C:\Program Files (x86)\Windows Kits\10\\include\10.0.26100.0\\shared\pshpack1.h
注意: 包含文件:         C:\Program Files (x86)\Windows Kits\10\\include\10.0.26100.0\\shared\poppack.h
注意: 包含文件:         C:\Program Files (x86)\Windows Kits\10\\include\10.0.26100.0\\shared\pshpack1.h
注意: 包含文件:         C:\Program Files (x86)\Windows Kits\10\\include\10.0.26100.0\\shared\poppack.h
注意: 包含文件:         C:\Program Files (x86)\Windows Kits\10\\include\10.0.26100.0\\shared\pshpack1.h
注意: 包含文件:         C:\Program Files (x86)\Windows Kits\10\\include\10.0.26100.0\\shared\poppack.h
注意: 包含文件:         C:\Program Files (x86)\Windows Kits\10\\include\10.0.26100.0\\shared\pshpack1.h
注意: 包含文件:         C:\Program Files (x86)\Windows Kits\10\\include\10.0.26100.0\\shared\poppack.h
注意: 包含文件:         C:\Program Files (x86)\Windows Kits\10\\include\10.0.26100.0\\shared\pshpack1.h
注意: 包含文件:         C:\Program Files (x86)\Windows Kits\10\\include\10.0.26100.0\\shared\poppack.h
注意: 包含文件:         C:\Program Files (x86)\Windows Kits\10\\include\10.0.26100.0\\shared\pshpack1.h
注意: 包含文件:         C:\Program Files (x86)\Windows Kits\10\\include\10.0.26100.0\\shared\poppack.h
注意: 包含文件:        C:\Program Files (x86)\Windows Kits\10\\include\10.0.26100.0\\shared\winsmcrd.h
注意: 包含文件:       C:\Program Files (x86)\Windows Kits\10\\include\10.0.26100.0\\um\winspool.h
注意: 包含文件:        C:\Program Files (x86)\Windows Kits\10\\include\10.0.26100.0\\um\prsht.h
注意: 包含文件:         C:\Program Files (x86)\Windows Kits\10\\include\10.0.26100.0\\shared\pshpack8.h
注意: 包含文件:         C:\Program Files (x86)\Windows Kits\10\\include\10.0.26100.0\\shared\poppack.h
注意: 包含文件:       C:\Program Files (x86)\Windows Kits\10\\include\10.0.26100.0\\um\ole2.h
注意: 包含文件:        C:\Program Files (x86)\Windows Kits\10\\include\10.0.26100.0\\shared\pshpack8.h
注意: 包含文件:        C:\Program Files (x86)\Windows Kits\10\\include\10.0.26100.0\\um\objbase.h
注意: 包含文件:         C:\Program Files (x86)\Windows Kits\10\\include\10.0.26100.0\\shared\pshpack8.h
注意: 包含文件:         C:\Program Files (x86)\Windows Kits\10\\include\10.0.26100.0\\um\combaseapi.h
注意: 包含文件:          C:\Program Files (x86)\Windows Kits\10\\include\10.0.26100.0\\shared\pshpack8.h
注意: 包含文件:          C:\Program Files (x86)\Windows Kits\10\\include\10.0.26100.0\\um\unknwnbase.h
注意: 包含文件:          C:\Program Files (x86)\Windows Kits\10\\include\10.0.26100.0\\um\objidlbase.h
注意: 包含文件:          C:\Program Files (x86)\Windows Kits\10\\include\10.0.26100.0\\shared\guiddef.h
注意: 包含文件:          C:\Program Files (x86)\Windows Kits\10\\include\10.0.26100.0\\um\cguid.h
注意: 包含文件:          C:\Program Files (x86)\Windows Kits\10\\include\10.0.26100.0\\shared\poppack.h
注意: 包含文件:         C:\Program Files (x86)\Windows Kits\10\\include\10.0.26100.0\\um\coml2api.h
注意: 包含文件:          C:\Program Files (x86)\Windows Kits\10\\include\10.0.26100.0\\um\objidl.h
注意: 包含文件:           C:\Program Files (x86)\Windows Kits\10\include\10.0.26100.0\um\unknwn.h
注意: 包含文件:          C:\Program Files (x86)\Windows Kits\10\\include\10.0.26100.0\\um\propidlbase.h
注意: 包含文件:           C:\Program Files (x86)\Windows Kits\10\include\10.0.26100.0\um\oaidl.h
注意: 包含文件:         C:\Program Files (x86)\Windows Kits\10\\include\10.0.26100.0\\um\urlmon.h
注意: 包含文件:          C:\Program Files (x86)\Windows Kits\10\include\10.0.26100.0\um\oleidl.h
注意: 包含文件:          C:\Program Files (x86)\Windows Kits\10\include\10.0.26100.0\um\servprov.h
注意: 包含文件:          C:\Program Files (x86)\Windows Kits\10\include\10.0.26100.0\um\msxml.h
注意: 包含文件:         C:\Program Files (x86)\Windows Kits\10\\include\10.0.26100.0\\um\propidl.h
注意: 包含文件:         C:\Program Files (x86)\Windows Kits\10\\include\10.0.26100.0\\shared\poppack.h
注意: 包含文件:        C:\Program Files (x86)\Windows Kits\10\\include\10.0.26100.0\\um\oleauto.h
注意: 包含文件:         C:\Program Files (x86)\Windows Kits\10\\include\10.0.26100.0\\shared\pshpack8.h
注意: 包含文件:         C:\Program Files (x86)\Windows Kits\10\\include\10.0.26100.0\\shared\poppack.h
注意: 包含文件:        C:\Program Files (x86)\Windows Kits\10\\include\10.0.26100.0\\shared\poppack.h
注意: 包含文件:       C:\Program Files (x86)\Windows Kits\10\\include\10.0.26100.0\\um\commdlg.h
注意: 包含文件:        C:\Program Files (x86)\Windows Kits\10\\include\10.0.26100.0\\um\prsht.h
注意: 包含文件:       C:\Program Files (x86)\Windows Kits\10\\include\10.0.26100.0\\shared\stralign.h
注意: 包含文件:       C:\Program Files (x86)\Windows Kits\10\\include\10.0.26100.0\\um\winsvc.h
注意: 包含文件:       C:\Program Files (x86)\Windows Kits\10\\include\10.0.26100.0\\um\mcx.h
注意: 包含文件:       C:\Program Files (x86)\Windows Kits\10\\include\10.0.26100.0\\um\imm.h
注意: 包含文件:        C:\Program Files (x86)\Windows Kits\10\\include\10.0.26100.0\\um\ime_cmodes.h
C:\Users\user\output\deepseek-v4部署\fastllm-master\include\devices/cpu/alivethreadpool.h(136): warning C4267: “初始化”: 从“size_t”转换到“int”，可能丢失数据
C:\Users\user\output\deepseek-v4部署\fastllm-master\include\devices/cpu/alivethreadpool.h(176): warning C4267: “初始化”: 从“size_t”转换到“int”，可能丢失数据
C:\Users\user\output\deepseek-v4部署\fastllm-master\include\devices/cpu/alivethreadpool.h(236): warning C4267: “初始化”: 从“size_t”转换到“int”，可能丢失数据
C:\Users\user\output\deepseek-v4部署\fastllm-master\include\devices/cpu/alivethreadpool.h(237): warning C4267: “初始化”: 从“size_t”转换到“int”，可能丢失数据
C:\Users\user\output\deepseek-v4部署\fastllm-master\include\devices/cpu/alivethreadpool.h(238): warning C4267: “初始化”: 从“size_t”转换到“int”，可能丢失数据
C:\Users\user\output\deepseek-v4部署\fastllm-master\include\devices/cpu/alivethreadpool.h(281): warning C4267: “初始化”: 从“size_t”转换到“int”，可能丢失数据
C:\Users\user\output\deepseek-v4部署\fastllm-master\include\devices/cpu/alivethreadpool.h(327): warning C4267: “初始化”: 从“size_t”转换到“int”，可能丢失数据
C:\Users\user\output\deepseek-v4部署\fastllm-master\include\devices/cpu/alivethreadpool.h(330): warning C4267: “初始化”: 从“size_t”转换到“int”，可能丢失数据
C:\Users\user\output\deepseek-v4部署\fastllm-master\include\devices/cpu/alivethreadpool.h(370): warning C4267: “初始化”: 从“size_t”转换到“int”，可能丢失数据
C:\Users\user\output\deepseek-v4部署\fastllm-master\include\devices/cpu/alivethreadpool.h(372): warning C4267: “初始化”: 从“size_t”转换到“int”，可能丢失数据
注意: 包含文件:     C:\Users\user\output\deepseek-v4部署\fastllm-master\third_party\json11\json11.hpp
C:\Users\user\output\deepseek-v4部署\fastllm-master\include\fastllm.h(222): warning C4244: “初始化”: 从“int”转换到“float”，可能丢失数据
C:\Users\user\output\deepseek-v4部署\fastllm-master\include\fastllm.h(222): warning C4244: “初始化”: 从“int”转换到“const float”，可能丢失数据
C:\Users\user\output\deepseek-v4部署\fastllm-master\include\fastllm.h(227): warning C4244: “=”: 从“float”转换到“uint8_t”，可能丢失数据
C:\Users\user\output\deepseek-v4部署\fastllm-master\include\fastllm.h(229): warning C4244: “=”: 从“const float”转换到“uint8_t”，可能丢失数据
C:\Users\user\output\deepseek-v4部署\fastllm-master\include\fastllm.h(687): warning C4996: 'std::codecvt_utf8<wchar_t,1114111,(std::codecvt_mode)0>': warning STL4017: std::wbuffer_convert, std::wstring_convert, and the <codecvt> header (containing std::codecvt_mode, std::codecvt_utf8, std::codecvt_utf16, and std::codecvt_utf8_utf16) are deprecated in C++17. (The std::codecvt class template is NOT deprecated.) The C++ Standard doesn't provide equivalent non-deprecated functionality; consider using MultiByteToWideChar() and WideCharToMultiByte() from <Windows.h> instead. You can define _SILENCE_CXX17_CODECVT_HEADER_DEPRECATION_WARNING or _SILENCE_ALL_CXX17_DEPRECATION_WARNINGS to suppress this warning.
C:\Program Files (x86)\Microsoft Visual Studio\2022\BuildTools\VC\Tools\MSVC\14.44.35207\include\codecvt(34): note: 参见“std::codecvt_utf8”的声明
C:\Users\user\output\deepseek-v4部署\fastllm-master\include\fastllm.h(687): warning C4996: 'std::wstring_convert<std::codecvt_utf8<wchar_t,1114111,(std::codecvt_mode)0>,wchar_t,std::allocator<wchar_t>,std::allocator<char>>': warning STL4017: std::wbuffer_convert, std::wstring_convert, and the <codecvt> header (containing std::codecvt_mode, std::codecvt_utf8, std::codecvt_utf16, and std::codecvt_utf8_utf16) are deprecated in C++17. (The std::codecvt class template is NOT deprecated.) The C++ Standard doesn't provide equivalent non-deprecated functionality; consider using MultiByteToWideChar() and WideCharToMultiByte() from <Windows.h> instead. You can define _SILENCE_CXX17_CODECVT_HEADER_DEPRECATION_WARNING or _SILENCE_ALL_CXX17_DEPRECATION_WARNINGS to suppress this warning.
C:\Program Files (x86)\Microsoft Visual Studio\2022\BuildTools\VC\Tools\MSVC\14.44.35207\include\xlocbuf(303): note: 参见“std::wstring_convert”的声明
注意: 包含文件:    C:\Users\user\output\deepseek-v4部署\fastllm-master\include\blocks\baseblock.h
注意: 包含文件:    C:\Users\user\output\deepseek-v4部署\fastllm-master\include\template.h
注意: 包含文件:     C:\Users\user\output\deepseek-v4部署\fastllm-master\include\utils/utils.h
注意: 包含文件:      C:\Program Files (x86)\Windows Kits\10\include\10.0.26100.0\ucrt\fcntl.h
注意: 包含文件:      C:\Program Files (x86)\Microsoft Visual Studio\2022\BuildTools\VC\Tools\MSVC\14.44.35207\include\array
注意: 包含文件:      C:\Program Files (x86)\Microsoft Visual Studio\2022\BuildTools\VC\Tools\MSVC\14.44.35207\include\filesystem
注意: 包含文件:       C:\Program Files (x86)\Microsoft Visual Studio\2022\BuildTools\VC\Tools\MSVC\14.44.35207\include\iomanip
C:\Users\user\output\deepseek-v4部署\fastllm-master\include\utils/utils.h(30): warning C4067: 预处理器指令后有意外标记 - 应输入换行符
注意: 包含文件:      C:\Program Files (x86)\Windows Kits\10\include\10.0.26100.0\ucrt\io.h
注意: 包含文件:       C:\Program Files (x86)\Windows Kits\10\include\10.0.26100.0\ucrt\corecrt_io.h
C:\Users\user\output\deepseek-v4部署\fastllm-master\include\utils/utils.h(109): warning C4996: '_wfopen': This function or variable may be unsafe. Consider using _wfopen_s instead. To disable deprecation, use _CRT_SECURE_NO_WARNINGS. See online help for details.
C:\Users\user\output\deepseek-v4部署\fastllm-master\include\utils/utils.h(118): warning C4996: '_wopen': This function or variable may be unsafe. Consider using _wsopen_s instead. To disable deprecation, use _CRT_SECURE_NO_WARNINGS. See online help for details.
C:\Users\user\output\deepseek-v4部署\fastllm-master\include\utils/utils.h(150): warning C4244: “return”: 从“double”转换到“float”，可能丢失数据
C:\Users\user\output\deepseek-v4部署\fastllm-master\include\utils/utils.h(355): warning C4267: “初始化”: 从“size_t”转换到“int”，可能丢失数据
C:\Users\user\output\deepseek-v4部署\fastllm-master\include\utils/utils.h(417): warning C4244: “+=”: 从“double”转换到“float”，可能丢失数据
注意: 包含文件:    C:\Program Files (x86)\Microsoft Visual Studio\2022\BuildTools\VC\Tools\MSVC\14.44.35207\include\condition_variable
C:\Users\user\output\deepseek-v4部署\fastllm-master\include\models\basellm.h(344): warning C4305: “初始化”: 从“double”到“float”截断
C:\Users\user\output\deepseek-v4部署\fastllm-master\include\models\basellm.h(348): warning C4244: “初始化”: 从“double”转换到“const float”，可能丢失数据
注意: 包含文件:   C:\Users\user\output\deepseek-v4部署\fastllm-master\include\graph.h
注意: 包含文件:    C:\Users\user\output\deepseek-v4部署\fastllm-master\include\executor.h
注意: 包含文件:     C:\Users\user\output\deepseek-v4部署\fastllm-master\include\device.h
C:\Users\user\output\deepseek-v4部署\fastllm-master\include\models\graphllm.h(78): warning C4305: “初始化”: 从“double”到“float”截断
C:\Users\user\output\deepseek-v4部署\fastllm-master\src\models\graph\fastllmjson.cpp(22): warning C4244: “=”: 从“double”转换到“float”，可能丢失数据
C:\Users\user\output\deepseek-v4部署\fastllm-master\src\models\graph\fastllmjson.cpp(25): warning C4244: “=”: 从“double”转换到“float”，可能丢失数据
C:\Users\user\output\deepseek-v4部署\fastllm-master\src\models\graph\fastllmjson.cpp(99): warning C4244: “=”: 从“double”转换到“float”，可能丢失数据
C:\Users\user\output\deepseek-v4部署\fastllm-master\src\models\graph\fastllmjson.cpp(103): warning C4244: “=”: 从“double”转换到“float”，可能丢失数据
[11/33] Building CXX object CMakeFiles\fastllm_tools.dir\src\models\graph\gemma2.cpp.obj
注意: 包含文件:  C:\Users\user\output\deepseek-v4部署\fastllm-master\include\models\graphllm.h
注意: 包含文件:   C:\Users\user\output\deepseek-v4部署\fastllm-master\include\models\basellm.h
注意: 包含文件:    C:\Users\user\output\deepseek-v4部署\fastllm-master\include\fastllm.h
注意: 包含文件:     C:\Program Files (x86)\Microsoft Visual Studio\2022\BuildTools\VC\Tools\MSVC\14.44.35207\include\vector
注意: 包含文件:      C:\Program Files (x86)\Microsoft Visual Studio\2022\BuildTools\VC\Tools\MSVC\14.44.35207\include\yvals_core.h
注意: 包含文件:       C:\Program Files (x86)\Microsoft Visual Studio\2022\BuildTools\VC\Tools\MSVC\14.44.35207\include\vcruntime.h
注意: 包含文件:        C:\Program Files (x86)\Microsoft Visual Studio\2022\BuildTools\VC\Tools\MSVC\14.44.35207\include\sal.h
注意: 包含文件:         C:\Program Files (x86)\Microsoft Visual Studio\2022\BuildTools\VC\Tools\MSVC\14.44.35207\include\concurrencysal.h
注意: 包含文件:        C:\Program Files (x86)\Microsoft Visual Studio\2022\BuildTools\VC\Tools\MSVC\14.44.35207\include\vadefs.h
注意: 包含文件:       C:\Program Files (x86)\Microsoft Visual Studio\2022\BuildTools\VC\Tools\MSVC\14.44.35207\include\xkeycheck.h
注意: 包含文件:      C:\Program Files (x86)\Microsoft Visual Studio\2022\BuildTools\VC\Tools\MSVC\14.44.35207\include\__msvc_bit_utils.hpp
注意: 包含文件:       C:\Program Files (x86)\Microsoft Visual Studio\2022\BuildTools\VC\Tools\MSVC\14.44.35207\include\climits
注意: 包含文件:        C:\Program Files (x86)\Microsoft Visual Studio\2022\BuildTools\VC\Tools\MSVC\14.44.35207\include\limits.h
注意: 包含文件:       C:\Program Files (x86)\Microsoft Visual Studio\2022\BuildTools\VC\Tools\MSVC\14.44.35207\include\xtr1common
注意: 包含文件:       C:\Program Files (x86)\Microsoft Visual Studio\2022\BuildTools\VC\Tools\MSVC\14.44.35207\include\intrin0.h
注意: 包含文件:        C:\Program Files (x86)\Microsoft Visual Studio\2022\BuildTools\VC\Tools\MSVC\14.44.35207\include\intrin0.inl.h
注意: 包含文件:      C:\Program Files (x86)\Microsoft Visual Studio\2022\BuildTools\VC\Tools\MSVC\14.44.35207\include\__msvc_sanitizer_annotate_container.hpp
注意: 包含文件:      C:\Program Files (x86)\Microsoft Visual Studio\2022\BuildTools\VC\Tools\MSVC\14.44.35207\include\xmemory
注意: 包含文件:       C:\Program Files (x86)\Microsoft Visual Studio\2022\BuildTools\VC\Tools\MSVC\14.44.35207\include\cstdint
注意: 包含文件:        C:\Program Files (x86)\Microsoft Visual Studio\2022\BuildTools\VC\Tools\MSVC\14.44.35207\include\stdint.h
注意: 包含文件:       C:\Program Files (x86)\Microsoft Visual Studio\2022\BuildTools\VC\Tools\MSVC\14.44.35207\include\cstdlib
注意: 包含文件:        C:\Program Files (x86)\Windows Kits\10\include\10.0.26100.0\ucrt\math.h
注意: 包含文件:         C:\Program Files (x86)\Windows Kits\10\include\10.0.26100.0\ucrt\corecrt_math.h
注意: 包含文件:          C:\Program Files (x86)\Windows Kits\10\include\10.0.26100.0\ucrt\corecrt.h
注意: 包含文件:         C:\Program Files (x86)\Windows Kits\10\include\10.0.26100.0\ucrt\corecrt_math_defines.h
注意: 包含文件:        C:\Program Files (x86)\Windows Kits\10\include\10.0.26100.0\ucrt\stdlib.h
注意: 包含文件:         C:\Program Files (x86)\Windows Kits\10\include\10.0.26100.0\ucrt\corecrt_malloc.h
注意: 包含文件:         C:\Program Files (x86)\Windows Kits\10\include\10.0.26100.0\ucrt\corecrt_search.h
注意: 包含文件:          C:\Program Files (x86)\Windows Kits\10\include\10.0.26100.0\ucrt\stddef.h
注意: 包含文件:         C:\Program Files (x86)\Windows Kits\10\include\10.0.26100.0\ucrt\corecrt_wstdlib.h
注意: 包含文件:       C:\Program Files (x86)\Microsoft Visual Studio\2022\BuildTools\VC\Tools\MSVC\14.44.35207\include\limits
注意: 包含文件:        C:\Program Files (x86)\Microsoft Visual Studio\2022\BuildTools\VC\Tools\MSVC\14.44.35207\include\cfloat
注意: 包含文件:         C:\Program Files (x86)\Windows Kits\10\include\10.0.26100.0\ucrt\float.h
注意: 包含文件:        C:\Program Files (x86)\Microsoft Visual Studio\2022\BuildTools\VC\Tools\MSVC\14.44.35207\include\cwchar
注意: 包含文件:         C:\Program Files (x86)\Microsoft Visual Studio\2022\BuildTools\VC\Tools\MSVC\14.44.35207\include\cstdio
注意: 包含文件:          C:\Program Files (x86)\Windows Kits\10\include\10.0.26100.0\ucrt\stdio.h
注意: 包含文件:           C:\Program Files (x86)\Windows Kits\10\include\10.0.26100.0\ucrt\corecrt_wstdio.h
注意: 包含文件:            C:\Program Files (x86)\Windows Kits\10\include\10.0.26100.0\ucrt\corecrt_stdio_config.h
注意: 包含文件:         C:\Program Files (x86)\Windows Kits\10\include\10.0.26100.0\ucrt\wchar.h
注意: 包含文件:          C:\Program Files (x86)\Windows Kits\10\include\10.0.26100.0\ucrt\corecrt_memcpy_s.h
注意: 包含文件:           C:\Program Files (x86)\Windows Kits\10\include\10.0.26100.0\ucrt\errno.h
注意: 包含文件:           C:\Program Files (x86)\Microsoft Visual Studio\2022\BuildTools\VC\Tools\MSVC\14.44.35207\include\vcruntime_string.h
注意: 包含文件:          C:\Program Files (x86)\Windows Kits\10\include\10.0.26100.0\ucrt\corecrt_wconio.h
注意: 包含文件:          C:\Program Files (x86)\Windows Kits\10\include\10.0.26100.0\ucrt\corecrt_wctype.h
注意: 包含文件:          C:\Program Files (x86)\Windows Kits\10\include\10.0.26100.0\ucrt\corecrt_wdirect.h
注意: 包含文件:          C:\Program Files (x86)\Windows Kits\10\include\10.0.26100.0\ucrt\corecrt_wio.h
注意: 包含文件:           C:\Program Files (x86)\Windows Kits\10\include\10.0.26100.0\ucrt\corecrt_share.h
注意: 包含文件:          C:\Program Files (x86)\Windows Kits\10\include\10.0.26100.0\ucrt\corecrt_wprocess.h
注意: 包含文件:          C:\Program Files (x86)\Windows Kits\10\include\10.0.26100.0\ucrt\corecrt_wstring.h
注意: 包含文件:          C:\Program Files (x86)\Windows Kits\10\include\10.0.26100.0\ucrt\corecrt_wtime.h
注意: 包含文件:          C:\Program Files (x86)\Windows Kits\10\include\10.0.26100.0\ucrt\sys/stat.h
注意: 包含文件:           C:\Program Files (x86)\Windows Kits\10\include\10.0.26100.0\ucrt\sys/types.h
注意: 包含文件:          C:\Program Files (x86)\Microsoft Visual Studio\2022\BuildTools\VC\Tools\MSVC\14.44.35207\include\intrin.h
注意: 包含文件:           C:\Program Files (x86)\Microsoft Visual Studio\2022\BuildTools\VC\Tools\MSVC\14.44.35207\include\setjmp.h
注意: 包含文件:           C:\Program Files (x86)\Microsoft Visual Studio\2022\BuildTools\VC\Tools\MSVC\14.44.35207\include\immintrin.h
注意: 包含文件:            C:\Program Files (x86)\Microsoft Visual Studio\2022\BuildTools\VC\Tools\MSVC\14.44.35207\include\wmmintrin.h
注意: 包含文件:             C:\Program Files (x86)\Microsoft Visual Studio\2022\BuildTools\VC\Tools\MSVC\14.44.35207\include\nmmintrin.h
注意: 包含文件:              C:\Program Files (x86)\Microsoft Visual Studio\2022\BuildTools\VC\Tools\MSVC\14.44.35207\include\smmintrin.h
注意: 包含文件:               C:\Program Files (x86)\Microsoft Visual Studio\2022\BuildTools\VC\Tools\MSVC\14.44.35207\include\tmmintrin.h
注意: 包含文件:                C:\Program Files (x86)\Microsoft Visual Studio\2022\BuildTools\VC\Tools\MSVC\14.44.35207\include\pmmintrin.h
注意: 包含文件:                 C:\Program Files (x86)\Microsoft Visual Studio\2022\BuildTools\VC\Tools\MSVC\14.44.35207\include\emmintrin.h
注意: 包含文件:                  C:\Program Files (x86)\Microsoft Visual Studio\2022\BuildTools\VC\Tools\MSVC\14.44.35207\include\xmmintrin.h
注意: 包含文件:                   C:\Program Files (x86)\Microsoft Visual Studio\2022\BuildTools\VC\Tools\MSVC\14.44.35207\include\mmintrin.h
注意: 包含文件:                   C:\Program Files (x86)\Windows Kits\10\include\10.0.26100.0\ucrt\malloc.h
注意: 包含文件:            C:\Program Files (x86)\Microsoft Visual Studio\2022\BuildTools\VC\Tools\MSVC\14.44.35207\include\zmmintrin.h
注意: 包含文件:           C:\Program Files (x86)\Microsoft Visual Studio\2022\BuildTools\VC\Tools\MSVC\14.44.35207\include\ammintrin.h
注意: 包含文件:       C:\Program Files (x86)\Microsoft Visual Studio\2022\BuildTools\VC\Tools\MSVC\14.44.35207\include\new
注意: 包含文件:        C:\Program Files (x86)\Microsoft Visual Studio\2022\BuildTools\VC\Tools\MSVC\14.44.35207\include\exception
注意: 包含文件:         C:\Program Files (x86)\Microsoft Visual Studio\2022\BuildTools\VC\Tools\MSVC\14.44.35207\include\yvals.h
注意: 包含文件:          C:\Program Files (x86)\Windows Kits\10\include\10.0.26100.0\ucrt\crtdbg.h
注意: 包含文件:           C:\Program Files (x86)\Microsoft Visual Studio\2022\BuildTools\VC\Tools\MSVC\14.44.35207\include\vcruntime_new_debug.h
注意: 包含文件:            C:\Program Files (x86)\Microsoft Visual Studio\2022\BuildTools\VC\Tools\MSVC\14.44.35207\include\vcruntime_new.h
注意: 包含文件:          C:\Program Files (x86)\Microsoft Visual Studio\2022\BuildTools\VC\Tools\MSVC\14.44.35207\include\crtdefs.h
注意: 包含文件:          C:\Program Files (x86)\Microsoft Visual Studio\2022\BuildTools\VC\Tools\MSVC\14.44.35207\include\use_ansi.h
注意: 包含文件:         C:\Program Files (x86)\Microsoft Visual Studio\2022\BuildTools\VC\Tools\MSVC\14.44.35207\include\type_traits
注意: 包含文件:          C:\Program Files (x86)\Microsoft Visual Studio\2022\BuildTools\VC\Tools\MSVC\14.44.35207\include\cstddef
注意: 包含文件:          C:\Program Files (x86)\Microsoft Visual Studio\2022\BuildTools\VC\Tools\MSVC\14.44.35207\include\cstring
注意: 包含文件:           C:\Program Files (x86)\Windows Kits\10\include\10.0.26100.0\ucrt\string.h
注意: 包含文件:            C:\Program Files (x86)\Windows Kits\10\include\10.0.26100.0\ucrt\corecrt_memory.h
注意: 包含文件:         C:\Program Files (x86)\Microsoft Visual Studio\2022\BuildTools\VC\Tools\MSVC\14.44.35207\include\vcruntime_exception.h
注意: 包含文件:          C:\Program Files (x86)\Microsoft Visual Studio\2022\BuildTools\VC\Tools\MSVC\14.44.35207\include\eh.h
注意: 包含文件:           C:\Program Files (x86)\Windows Kits\10\include\10.0.26100.0\ucrt\corecrt_terminate.h
注意: 包含文件:       C:\Program Files (x86)\Microsoft Visual Studio\2022\BuildTools\VC\Tools\MSVC\14.44.35207\include\xatomic.h
注意: 包含文件:       C:\Program Files (x86)\Microsoft Visual Studio\2022\BuildTools\VC\Tools\MSVC\14.44.35207\include\xutility
注意: 包含文件:        C:\Program Files (x86)\Microsoft Visual Studio\2022\BuildTools\VC\Tools\MSVC\14.44.35207\include\__msvc_iter_core.hpp
注意: 包含文件:         C:\Program Files (x86)\Microsoft Visual Studio\2022\BuildTools\VC\Tools\MSVC\14.44.35207\include\utility
注意: 包含文件:          C:\Program Files (x86)\Microsoft Visual Studio\2022\BuildTools\VC\Tools\MSVC\14.44.35207\include\initializer_list
注意: 包含文件:      C:\Program Files (x86)\Microsoft Visual Studio\2022\BuildTools\VC\Tools\MSVC\14.44.35207\include\xpolymorphic_allocator.h
注意: 包含文件:       C:\Program Files (x86)\Microsoft Visual Studio\2022\BuildTools\VC\Tools\MSVC\14.44.35207\include\tuple
注意: 包含文件:     C:\Program Files (x86)\Microsoft Visual Studio\2022\BuildTools\VC\Tools\MSVC\14.44.35207\include\string
注意: 包含文件:      C:\Program Files (x86)\Microsoft Visual Studio\2022\BuildTools\VC\Tools\MSVC\14.44.35207\include\xstring
注意: 包含文件:       C:\Program Files (x86)\Microsoft Visual Studio\2022\BuildTools\VC\Tools\MSVC\14.44.35207\include\__msvc_string_view.hpp
注意: 包含文件:        C:\Program Files (x86)\Microsoft Visual Studio\2022\BuildTools\VC\Tools\MSVC\14.44.35207\include\iosfwd
注意: 包含文件:      C:\Program Files (x86)\Microsoft Visual Studio\2022\BuildTools\VC\Tools\MSVC\14.44.35207\include\cctype
注意: 包含文件:       C:\Program Files (x86)\Windows Kits\10\include\10.0.26100.0\ucrt\ctype.h
注意: 包含文件:     C:\Program Files (x86)\Microsoft Visual Studio\2022\BuildTools\VC\Tools\MSVC\14.44.35207\include\map
注意: 包含文件:      C:\Program Files (x86)\Microsoft Visual Studio\2022\BuildTools\VC\Tools\MSVC\14.44.35207\include\xtree
注意: 包含文件:       C:\Program Files (x86)\Microsoft Visual Studio\2022\BuildTools\VC\Tools\MSVC\14.44.35207\include\xnode_handle.h
注意: 包含文件:     C:\Program Files (x86)\Microsoft Visual Studio\2022\BuildTools\VC\Tools\MSVC\14.44.35207\include\set
注意: 包含文件:     C:\Program Files (x86)\Microsoft Visual Studio\2022\BuildTools\VC\Tools\MSVC\14.44.35207\include\queue
注意: 包含文件:      C:\Program Files (x86)\Microsoft Visual Studio\2022\BuildTools\VC\Tools\MSVC\14.44.35207\include\__msvc_heap_algorithms.hpp
注意: 包含文件:      C:\Program Files (x86)\Microsoft Visual Studio\2022\BuildTools\VC\Tools\MSVC\14.44.35207\include\deque
注意: 包含文件:     C:\Program Files (x86)\Microsoft Visual Studio\2022\BuildTools\VC\Tools\MSVC\14.44.35207\include\unordered_map
注意: 包含文件:      C:\Program Files (x86)\Microsoft Visual Studio\2022\BuildTools\VC\Tools\MSVC\14.44.35207\include\xhash
注意: 包含文件:       C:\Program Files (x86)\Microsoft Visual Studio\2022\BuildTools\VC\Tools\MSVC\14.44.35207\include\cmath
注意: 包含文件:       C:\Program Files (x86)\Microsoft Visual Studio\2022\BuildTools\VC\Tools\MSVC\14.44.35207\include\list
注意: 包含文件:       C:\Program Files (x86)\Microsoft Visual Studio\2022\BuildTools\VC\Tools\MSVC\14.44.35207\include\xbit_ops.h
注意: 包含文件:     C:\Program Files (x86)\Microsoft Visual Studio\2022\BuildTools\VC\Tools\MSVC\14.44.35207\include\unordered_set
注意: 包含文件:     C:\Program Files (x86)\Microsoft Visual Studio\2022\BuildTools\VC\Tools\MSVC\14.44.35207\include\algorithm
注意: 包含文件:      C:\Program Files (x86)\Microsoft Visual Studio\2022\BuildTools\VC\Tools\MSVC\14.44.35207\include\__msvc_minmax.hpp
注意: 包含文件:     C:\Program Files (x86)\Microsoft Visual Studio\2022\BuildTools\VC\Tools\MSVC\14.44.35207\include\iostream
注意: 包含文件:      C:\Program Files (x86)\Microsoft Visual Studio\2022\BuildTools\VC\Tools\MSVC\14.44.35207\include\istream
注意: 包含文件:       C:\Program Files (x86)\Microsoft Visual Studio\2022\BuildTools\VC\Tools\MSVC\14.44.35207\include\__msvc_ostream.hpp
注意: 包含文件:        C:\Program Files (x86)\Microsoft Visual Studio\2022\BuildTools\VC\Tools\MSVC\14.44.35207\include\ios
注意: 包含文件:         C:\Program Files (x86)\Microsoft Visual Studio\2022\BuildTools\VC\Tools\MSVC\14.44.35207\include\xlocnum
注意: 包含文件:          C:\Program Files (x86)\Microsoft Visual Studio\2022\BuildTools\VC\Tools\MSVC\14.44.35207\include\iterator
注意: 包含文件:          C:\Program Files (x86)\Microsoft Visual Studio\2022\BuildTools\VC\Tools\MSVC\14.44.35207\include\streambuf
注意: 包含文件:           C:\Program Files (x86)\Microsoft Visual Studio\2022\BuildTools\VC\Tools\MSVC\14.44.35207\include\xiosbase
注意: 包含文件:            C:\Program Files (x86)\Windows Kits\10\include\10.0.26100.0\ucrt\share.h
注意: 包含文件:            C:\Program Files (x86)\Microsoft Visual Studio\2022\BuildTools\VC\Tools\MSVC\14.44.35207\include\system_error
注意: 包含文件:             C:\Program Files (x86)\Microsoft Visual Studio\2022\BuildTools\VC\Tools\MSVC\14.44.35207\include\__msvc_system_error_abi.hpp
注意: 包含文件:             C:\Program Files (x86)\Microsoft Visual Studio\2022\BuildTools\VC\Tools\MSVC\14.44.35207\include\cerrno
注意: 包含文件:             C:\Program Files (x86)\Microsoft Visual Studio\2022\BuildTools\VC\Tools\MSVC\14.44.35207\include\stdexcept
注意: 包含文件:             C:\Program Files (x86)\Microsoft Visual Studio\2022\BuildTools\VC\Tools\MSVC\14.44.35207\include\xcall_once.h
注意: 包含文件:             C:\Program Files (x86)\Microsoft Visual Studio\2022\BuildTools\VC\Tools\MSVC\14.44.35207\include\xerrc.h
注意: 包含文件:             C:\Program Files (x86)\Microsoft Visual Studio\2022\BuildTools\VC\Tools\MSVC\14.44.35207\include\atomic
注意: 包含文件:              C:\Program Files (x86)\Microsoft Visual Studio\2022\BuildTools\VC\Tools\MSVC\14.44.35207\include\xthreads.h
注意: 包含文件:               C:\Program Files (x86)\Microsoft Visual Studio\2022\BuildTools\VC\Tools\MSVC\14.44.35207\include\__msvc_threads_core.hpp
注意: 包含文件:               C:\Program Files (x86)\Microsoft Visual Studio\2022\BuildTools\VC\Tools\MSVC\14.44.35207\include\xtimec.h
注意: 包含文件:                C:\Program Files (x86)\Microsoft Visual Studio\2022\BuildTools\VC\Tools\MSVC\14.44.35207\include\ctime
注意: 包含文件:                 C:\Program Files (x86)\Windows Kits\10\include\10.0.26100.0\ucrt\time.h
注意: 包含文件:            C:\Program Files (x86)\Microsoft Visual Studio\2022\BuildTools\VC\Tools\MSVC\14.44.35207\include\xlocale
注意: 包含文件:             C:\Program Files (x86)\Microsoft Visual Studio\2022\BuildTools\VC\Tools\MSVC\14.44.35207\include\memory
注意: 包含文件:              C:\Program Files (x86)\Microsoft Visual Studio\2022\BuildTools\VC\Tools\MSVC\14.44.35207\include\typeinfo
注意: 包含文件:               C:\Program Files (x86)\Microsoft Visual Studio\2022\BuildTools\VC\Tools\MSVC\14.44.35207\include\vcruntime_typeinfo.h
注意: 包含文件:             C:\Program Files (x86)\Microsoft Visual Studio\2022\BuildTools\VC\Tools\MSVC\14.44.35207\include\xfacet
注意: 包含文件:             C:\Program Files (x86)\Microsoft Visual Studio\2022\BuildTools\VC\Tools\MSVC\14.44.35207\include\xlocinfo
注意: 包含文件:              C:\Program Files (x86)\Microsoft Visual Studio\2022\BuildTools\VC\Tools\MSVC\14.44.35207\include\__msvc_xlocinfo_types.hpp
注意: 包含文件:              C:\Program Files (x86)\Microsoft Visual Studio\2022\BuildTools\VC\Tools\MSVC\14.44.35207\include\clocale
注意: 包含文件:               C:\Program Files (x86)\Windows Kits\10\include\10.0.26100.0\ucrt\locale.h
注意: 包含文件:      C:\Program Files (x86)\Microsoft Visual Studio\2022\BuildTools\VC\Tools\MSVC\14.44.35207\include\ostream
注意: 包含文件:     C:\Program Files (x86)\Microsoft Visual Studio\2022\BuildTools\VC\Tools\MSVC\14.44.35207\include\functional
注意: 包含文件:     C:\Program Files (x86)\Microsoft Visual Studio\2022\BuildTools\VC\Tools\MSVC\14.44.35207\include\mutex
注意: 包含文件:      C:\Program Files (x86)\Microsoft Visual Studio\2022\BuildTools\VC\Tools\MSVC\14.44.35207\include\__msvc_chrono.hpp
注意: 包含文件:       C:\Program Files (x86)\Microsoft Visual Studio\2022\BuildTools\VC\Tools\MSVC\14.44.35207\include\ratio
注意: 包含文件:      C:\Program Files (x86)\Microsoft Visual Studio\2022\BuildTools\VC\Tools\MSVC\14.44.35207\include\thread
注意: 包含文件:       C:\Program Files (x86)\Windows Kits\10\include\10.0.26100.0\ucrt\process.h
注意: 包含文件:        C:\Program Files (x86)\Windows Kits\10\include\10.0.26100.0\ucrt\corecrt_startup.h
注意: 包含文件:         C:\Program Files (x86)\Windows Kits\10\include\10.0.26100.0\ucrt\math.h
注意: 包含文件:         C:\Program Files (x86)\Microsoft Visual Studio\2022\BuildTools\VC\Tools\MSVC\14.44.35207\include\vcruntime_startup.h
注意: 包含文件:     C:\Program Files (x86)\Microsoft Visual Studio\2022\BuildTools\VC\Tools\MSVC\14.44.35207\include\locale
注意: 包含文件:      C:\Program Files (x86)\Microsoft Visual Studio\2022\BuildTools\VC\Tools\MSVC\14.44.35207\include\xlocbuf
注意: 包含文件:      C:\Program Files (x86)\Microsoft Visual Studio\2022\BuildTools\VC\Tools\MSVC\14.44.35207\include\xlocmes
注意: 包含文件:      C:\Program Files (x86)\Microsoft Visual Studio\2022\BuildTools\VC\Tools\MSVC\14.44.35207\include\xlocmon
注意: 包含文件:      C:\Program Files (x86)\Microsoft Visual Studio\2022\BuildTools\VC\Tools\MSVC\14.44.35207\include\xloctime
注意: 包含文件:     C:\Program Files (x86)\Microsoft Visual Studio\2022\BuildTools\VC\Tools\MSVC\14.44.35207\include\codecvt
注意: 包含文件:     C:\Users\user\output\deepseek-v4部署\fastllm-master\include\devices/cpu/alivethreadpool.h
注意: 包含文件:      C:\Program Files (x86)\Microsoft Visual Studio\2022\BuildTools\VC\Tools\MSVC\14.44.35207\include\chrono
注意: 包含文件:       C:\Program Files (x86)\Microsoft Visual Studio\2022\BuildTools\VC\Tools\MSVC\14.44.35207\include\xfilesystem_abi.h
注意: 包含文件:      C:\Program Files (x86)\Windows Kits\10\\include\10.0.26100.0\\um\Windows.h
注意: 包含文件:       C:\Program Files (x86)\Windows Kits\10\\include\10.0.26100.0\\shared\winapifamily.h
注意: 包含文件:        C:\Program Files (x86)\Windows Kits\10\\include\10.0.26100.0\\shared\winpackagefamily.h
注意: 包含文件:       C:\Program Files (x86)\Windows Kits\10\\include\10.0.26100.0\\shared\sdkddkver.h
注意: 包含文件:       C:\Program Files (x86)\Microsoft Visual Studio\2022\BuildTools\VC\Tools\MSVC\14.44.35207\include\excpt.h
注意: 包含文件:       C:\Program Files (x86)\Microsoft Visual Studio\2022\BuildTools\VC\Tools\MSVC\14.44.35207\include\stdarg.h
注意: 包含文件:       C:\Program Files (x86)\Windows Kits\10\\include\10.0.26100.0\\shared\windef.h
注意: 包含文件:        C:\Program Files (x86)\Windows Kits\10\\include\10.0.26100.0\\shared\minwindef.h
注意: 包含文件:         C:\Program Files (x86)\Windows Kits\10\\include\10.0.26100.0\\shared\specstrings.h
注意: 包含文件:          C:\Program Files (x86)\Windows Kits\10\\include\10.0.26100.0\\shared\specstrings_strict.h
注意: 包含文件:           C:\Program Files (x86)\Windows Kits\10\\include\10.0.26100.0\\shared\specstrings_undef.h
注意: 包含文件:          C:\Program Files (x86)\Windows Kits\10\\include\10.0.26100.0\\shared\driverspecs.h
注意: 包含文件:           C:\Program Files (x86)\Windows Kits\10\include\10.0.26100.0\shared\sdv_driverspecs.h
注意: 包含文件:         C:\Program Files (x86)\Windows Kits\10\\include\10.0.26100.0\\um\winnt.h
注意: 包含文件:          C:\Program Files (x86)\Windows Kits\10\\include\10.0.26100.0\\shared\kernelspecs.h
注意: 包含文件:          C:\Program Files (x86)\Windows Kits\10\\include\10.0.26100.0\\shared\basetsd.h
注意: 包含文件:          C:\Program Files (x86)\Windows Kits\10\\include\10.0.26100.0\\shared\guiddef.h
注意: 包含文件:          C:\Program Files (x86)\Windows Kits\10\include\10.0.26100.0\shared\pshpack4.h
注意: 包含文件:          C:\Program Files (x86)\Windows Kits\10\include\10.0.26100.0\shared\poppack.h
注意: 包含文件:          C:\Program Files (x86)\Windows Kits\10\\include\10.0.26100.0\\shared\pshpack4.h
注意: 包含文件:          C:\Program Files (x86)\Windows Kits\10\\include\10.0.26100.0\\shared\poppack.h
注意: 包含文件:          C:\Program Files (x86)\Windows Kits\10\include\10.0.26100.0\shared\pshpack4.h
注意: 包含文件:          C:\Program Files (x86)\Windows Kits\10\include\10.0.26100.0\shared\pshpack2.h
注意: 包含文件:          C:\Program Files (x86)\Windows Kits\10\include\10.0.26100.0\shared\poppack.h
注意: 包含文件:          C:\Program Files (x86)\Windows Kits\10\include\10.0.26100.0\shared\pshpack2.h
注意: 包含文件:          C:\Program Files (x86)\Windows Kits\10\\include\10.0.26100.0\\shared\pshpack2.h
注意: 包含文件:          C:\Program Files (x86)\Windows Kits\10\\include\10.0.26100.0\\shared\poppack.h
注意: 包含文件:          C:\Program Files (x86)\Windows Kits\10\include\10.0.26100.0\shared\poppack.h
注意: 包含文件:          C:\Program Files (x86)\Windows Kits\10\include\10.0.26100.0\shared\pshpack8.h
注意: 包含文件:          C:\Program Files (x86)\Windows Kits\10\include\10.0.26100.0\shared\poppack.h
注意: 包含文件:          C:\Program Files (x86)\Windows Kits\10\include\10.0.26100.0\shared\pshpack1.h
注意: 包含文件:          C:\Program Files (x86)\Windows Kits\10\include\10.0.26100.0\shared\poppack.h
注意: 包含文件:          C:\Program Files (x86)\Windows Kits\10\include\10.0.26100.0\shared\pshpack1.h
注意: 包含文件:          C:\Program Files (x86)\Windows Kits\10\include\10.0.26100.0\shared\poppack.h
注意: 包含文件:          C:\Program Files (x86)\Windows Kits\10\include\10.0.26100.0\shared\poppack.h
注意: 包含文件:          C:\Program Files (x86)\Windows Kits\10\\include\10.0.26100.0\\shared\apiset.h
注意: 包含文件:          C:\Program Files (x86)\Windows Kits\10\\include\10.0.26100.0\\shared\ktmtypes.h
注意: 包含文件:       C:\Program Files (x86)\Windows Kits\10\\include\10.0.26100.0\\um\winbase.h
注意: 包含文件:        C:\Program Files (x86)\Windows Kits\10\\include\10.0.26100.0\\shared\apisetcconv.h
注意: 包含文件:        C:\Program Files (x86)\Windows Kits\10\\include\10.0.26100.0\\um\minwinbase.h
注意: 包含文件:        C:\Program Files (x86)\Windows Kits\10\\include\10.0.26100.0\\um\apiquery2.h
注意: 包含文件:        C:\Program Files (x86)\Windows Kits\10\\include\10.0.26100.0\\um\processenv.h
注意: 包含文件:        C:\Program Files (x86)\Windows Kits\10\\include\10.0.26100.0\\um\fileapifromapp.h
注意: 包含文件:         C:\Program Files (x86)\Windows Kits\10\\include\10.0.26100.0\\um\fileapi.h
注意: 包含文件:        C:\Program Files (x86)\Windows Kits\10\\include\10.0.26100.0\\um\debugapi.h
注意: 包含文件:        C:\Program Files (x86)\Windows Kits\10\\include\10.0.26100.0\\um\utilapiset.h
注意: 包含文件:        C:\Program Files (x86)\Windows Kits\10\\include\10.0.26100.0\\um\handleapi.h
注意: 包含文件:        C:\Program Files (x86)\Windows Kits\10\\include\10.0.26100.0\\um\errhandlingapi.h
注意: 包含文件:        C:\Program Files (x86)\Windows Kits\10\\include\10.0.26100.0\\um\fibersapi.h
注意: 包含文件:        C:\Program Files (x86)\Windows Kits\10\\include\10.0.26100.0\\um\namedpipeapi.h
注意: 包含文件:        C:\Program Files (x86)\Windows Kits\10\\include\10.0.26100.0\\um\profileapi.h
注意: 包含文件:        C:\Program Files (x86)\Windows Kits\10\\include\10.0.26100.0\\um\heapapi.h
注意: 包含文件:        C:\Program Files (x86)\Windows Kits\10\\include\10.0.26100.0\\um\ioapiset.h
注意: 包含文件:        C:\Program Files (x86)\Windows Kits\10\\include\10.0.26100.0\\um\synchapi.h
注意: 包含文件:        C:\Program Files (x86)\Windows Kits\10\\include\10.0.26100.0\\um\interlockedapi.h
注意: 包含文件:        C:\Program Files (x86)\Windows Kits\10\\include\10.0.26100.0\\um\processthreadsapi.h
注意: 包含文件:        C:\Program Files (x86)\Windows Kits\10\\include\10.0.26100.0\\um\sysinfoapi.h
注意: 包含文件:        C:\Program Files (x86)\Windows Kits\10\\include\10.0.26100.0\\um\memoryapi.h
注意: 包含文件:        C:\Program Files (x86)\Windows Kits\10\\include\10.0.26100.0\\um\enclaveapi.h
注意: 包含文件:        C:\Program Files (x86)\Windows Kits\10\\include\10.0.26100.0\\um\threadpoollegacyapiset.h
注意: 包含文件:        C:\Program Files (x86)\Windows Kits\10\\include\10.0.26100.0\\um\threadpoolapiset.h
注意: 包含文件:        C:\Program Files (x86)\Windows Kits\10\\include\10.0.26100.0\\um\jobapi.h
注意: 包含文件:        C:\Program Files (x86)\Windows Kits\10\\include\10.0.26100.0\\um\jobapi2.h
注意: 包含文件:        C:\Program Files (x86)\Windows Kits\10\\include\10.0.26100.0\\um\wow64apiset.h
注意: 包含文件:        C:\Program Files (x86)\Windows Kits\10\\include\10.0.26100.0\\um\libloaderapi.h
注意: 包含文件:        C:\Program Files (x86)\Windows Kits\10\\include\10.0.26100.0\\um\securitybaseapi.h
注意: 包含文件:        C:\Program Files (x86)\Windows Kits\10\\include\10.0.26100.0\\um\namespaceapi.h
注意: 包含文件:        C:\Program Files (x86)\Windows Kits\10\\include\10.0.26100.0\\um\systemtopologyapi.h
注意: 包含文件:        C:\Program Files (x86)\Windows Kits\10\\include\10.0.26100.0\\um\processtopologyapi.h
注意: 包含文件:        C:\Program Files (x86)\Windows Kits\10\\include\10.0.26100.0\\um\securityappcontainer.h
注意: 包含文件:        C:\Program Files (x86)\Windows Kits\10\\include\10.0.26100.0\\um\realtimeapiset.h
注意: 包含文件:        C:\Program Files (x86)\Windows Kits\10\\include\10.0.26100.0\\shared\winerror.h
注意: 包含文件:        C:\Program Files (x86)\Windows Kits\10\\include\10.0.26100.0\\um\timezoneapi.h
注意: 包含文件:       C:\Program Files (x86)\Windows Kits\10\\include\10.0.26100.0\\um\wingdi.h
注意: 包含文件:        C:\Program Files (x86)\Windows Kits\10\\include\10.0.26100.0\\shared\pshpack1.h
注意: 包含文件:        C:\Program Files (x86)\Windows Kits\10\\include\10.0.26100.0\\shared\poppack.h
注意: 包含文件:        C:\Program Files (x86)\Windows Kits\10\\include\10.0.26100.0\\shared\pshpack2.h
注意: 包含文件:        C:\Program Files (x86)\Windows Kits\10\\include\10.0.26100.0\\shared\poppack.h
注意: 包含文件:        C:\Program Files (x86)\Windows Kits\10\\include\10.0.26100.0\\shared\pshpack2.h
注意: 包含文件:        C:\Program Files (x86)\Windows Kits\10\\include\10.0.26100.0\\shared\poppack.h
注意: 包含文件:        C:\Program Files (x86)\Windows Kits\10\\include\10.0.26100.0\\shared\pshpack4.h
注意: 包含文件:        C:\Program Files (x86)\Windows Kits\10\\include\10.0.26100.0\\shared\poppack.h
注意: 包含文件:        C:\Program Files (x86)\Windows Kits\10\\include\10.0.26100.0\\shared\pshpack4.h
注意: 包含文件:        C:\Program Files (x86)\Windows Kits\10\\include\10.0.26100.0\\shared\poppack.h
注意: 包含文件:       C:\Program Files (x86)\Windows Kits\10\\include\10.0.26100.0\\um\winuser.h
注意: 包含文件:        C:\Program Files (x86)\Windows Kits\10\\include\10.0.26100.0\\shared\pshpack2.h
注意: 包含文件:        C:\Program Files (x86)\Windows Kits\10\\include\10.0.26100.0\\shared\poppack.h
注意: 包含文件:        C:\Program Files (x86)\Windows Kits\10\\include\10.0.26100.0\\shared\tvout.h
注意: 包含文件:       C:\Program Files (x86)\Windows Kits\10\\include\10.0.26100.0\\um\winnls.h
注意: 包含文件:        C:\Program Files (x86)\Windows Kits\10\\include\10.0.26100.0\\um\datetimeapi.h
注意: 包含文件:        C:\Program Files (x86)\Windows Kits\10\\include\10.0.26100.0\\um\stringapiset.h
注意: 包含文件:         C:\Program Files (x86)\Windows Kits\10\\include\10.0.26100.0\\um\winnls.h
注意: 包含文件:       C:\Program Files (x86)\Windows Kits\10\\include\10.0.26100.0\\um\wincon.h
注意: 包含文件:        C:\Program Files (x86)\Windows Kits\10\\include\10.0.26100.0\\um\wincontypes.h
注意: 包含文件:        C:\Program Files (x86)\Windows Kits\10\\include\10.0.26100.0\\um\consoleapi.h
注意: 包含文件:        C:\Program Files (x86)\Windows Kits\10\\include\10.0.26100.0\\um\consoleapi2.h
注意: 包含文件:        C:\Program Files (x86)\Windows Kits\10\\include\10.0.26100.0\\um\consoleapi3.h
注意: 包含文件:       C:\Program Files (x86)\Windows Kits\10\\include\10.0.26100.0\\um\winver.h
注意: 包含文件:        C:\Program Files (x86)\Windows Kits\10\\include\10.0.26100.0\\um\verrsrc.h
注意: 包含文件:       C:\Program Files (x86)\Windows Kits\10\\include\10.0.26100.0\\um\winreg.h
注意: 包含文件:        C:\Program Files (x86)\Windows Kits\10\\include\10.0.26100.0\\um\reason.h
注意: 包含文件:       C:\Program Files (x86)\Windows Kits\10\\include\10.0.26100.0\\um\winnetwk.h
注意: 包含文件:        C:\Program Files (x86)\Windows Kits\10\\include\10.0.26100.0\\shared\wnnc.h
注意: 包含文件:       C:\Program Files (x86)\Windows Kits\10\\include\10.0.26100.0\\shared\cderr.h
注意: 包含文件:       C:\Program Files (x86)\Windows Kits\10\\include\10.0.26100.0\\um\dde.h
注意: 包含文件:       C:\Program Files (x86)\Windows Kits\10\\include\10.0.26100.0\\um\ddeml.h
注意: 包含文件:       C:\Program Files (x86)\Windows Kits\10\\include\10.0.26100.0\\um\dlgs.h
注意: 包含文件:       C:\Program Files (x86)\Windows Kits\10\\include\10.0.26100.0\\um\lzexpand.h
注意: 包含文件:       C:\Program Files (x86)\Windows Kits\10\\include\10.0.26100.0\\um\mmsystem.h
注意: 包含文件:        C:\Program Files (x86)\Windows Kits\10\\include\10.0.26100.0\\um\mmsyscom.h
注意: 包含文件:         C:\Program Files (x86)\Windows Kits\10\\include\10.0.26100.0\\shared\pshpack1.h
注意: 包含文件:         C:\Program Files (x86)\Windows Kits\10\\include\10.0.26100.0\\shared\poppack.h
注意: 包含文件:        C:\Program Files (x86)\Windows Kits\10\\include\10.0.26100.0\\shared\pshpack1.h
注意: 包含文件:        C:\Program Files (x86)\Windows Kits\10\\include\10.0.26100.0\\um\mciapi.h
注意: 包含文件:         C:\Program Files (x86)\Windows Kits\10\\include\10.0.26100.0\\um\mmsyscom.h
注意: 包含文件:        C:\Program Files (x86)\Windows Kits\10\\include\10.0.26100.0\\um\mmiscapi.h
注意: 包含文件:         C:\Program Files (x86)\Windows Kits\10\\include\10.0.26100.0\\um\mmsyscom.h
注意: 包含文件:        C:\Program Files (x86)\Windows Kits\10\\include\10.0.26100.0\\um\mmiscapi2.h
注意: 包含文件:         C:\Program Files (x86)\Windows Kits\10\\include\10.0.26100.0\\um\mmsyscom.h
注意: 包含文件:        C:\Program Files (x86)\Windows Kits\10\\include\10.0.26100.0\\um\playsoundapi.h
注意: 包含文件:         C:\Program Files (x86)\Windows Kits\10\\include\10.0.26100.0\\um\mmsyscom.h
注意: 包含文件:        C:\Program Files (x86)\Windows Kits\10\\include\10.0.26100.0\\um\mmeapi.h
注意: 包含文件:         C:\Program Files (x86)\Windows Kits\10\\include\10.0.26100.0\\um\mmsyscom.h
注意: 包含文件:        C:\Program Files (x86)\Windows Kits\10\\include\10.0.26100.0\\um\timeapi.h
注意: 包含文件:         C:\Program Files (x86)\Windows Kits\10\\include\10.0.26100.0\\um\mmsyscom.h
注意: 包含文件:        C:\Program Files (x86)\Windows Kits\10\\include\10.0.26100.0\\um\joystickapi.h
注意: 包含文件:         C:\Program Files (x86)\Windows Kits\10\\include\10.0.26100.0\\um\mmsyscom.h
注意: 包含文件:        C:\Program Files (x86)\Windows Kits\10\\include\10.0.26100.0\\shared\poppack.h
注意: 包含文件:       C:\Program Files (x86)\Windows Kits\10\\include\10.0.26100.0\\um\nb30.h
注意: 包含文件:       C:\Program Files (x86)\Windows Kits\10\\include\10.0.26100.0\\shared\rpc.h
注意: 包含文件:        C:\Program Files (x86)\Windows Kits\10\\include\10.0.26100.0\\shared\pshpack8.h
注意: 包含文件:        C:\Program Files (x86)\Windows Kits\10\\include\10.0.26100.0\\shared\rpcdce.h
注意: 包含文件:         C:\Program Files (x86)\Windows Kits\10\\include\10.0.26100.0\\shared\rpcdcep.h
注意: 包含文件:        C:\Program Files (x86)\Windows Kits\10\\include\10.0.26100.0\\um\rpcnsi.h
注意: 包含文件:        C:\Program Files (x86)\Windows Kits\10\\include\10.0.26100.0\\shared\rpcnterr.h
注意: 包含文件:        C:\Program Files (x86)\Windows Kits\10\\include\10.0.26100.0\\shared\rpcasync.h
注意: 包含文件:         C:\Program Files (x86)\Windows Kits\10\\include\10.0.26100.0\\shared\pshpack8.h
注意: 包含文件:         C:\Program Files (x86)\Windows Kits\10\\include\10.0.26100.0\\shared\poppack.h
注意: 包含文件:        C:\Program Files (x86)\Windows Kits\10\\include\10.0.26100.0\\shared\poppack.h
注意: 包含文件:       C:\Program Files (x86)\Windows Kits\10\\include\10.0.26100.0\\um\shellapi.h
注意: 包含文件:       C:\Program Files (x86)\Windows Kits\10\\include\10.0.26100.0\\um\winperf.h
注意: 包含文件:        C:\Program Files (x86)\Windows Kits\10\\include\10.0.26100.0\\shared\pshpack8.h
注意: 包含文件:        C:\Program Files (x86)\Windows Kits\10\\include\10.0.26100.0\\shared\poppack.h
注意: 包含文件:       C:\Program Files (x86)\Windows Kits\10\\include\10.0.26100.0\\um\winsock.h
注意: 包含文件:        C:\Program Files (x86)\Windows Kits\10\\include\10.0.26100.0\\shared\inaddr.h
注意: 包含文件:       C:\Program Files (x86)\Windows Kits\10\\include\10.0.26100.0\\um\wincrypt.h
注意: 包含文件:        C:\Program Files (x86)\Windows Kits\10\\include\10.0.26100.0\\shared\bcrypt.h
注意: 包含文件:        C:\Program Files (x86)\Windows Kits\10\\include\10.0.26100.0\\um\ncrypt.h
注意: 包含文件:        C:\Program Files (x86)\Windows Kits\10\\include\10.0.26100.0\\um\dpapi.h
注意: 包含文件:       C:\Program Files (x86)\Windows Kits\10\\include\10.0.26100.0\\um\winefs.h
注意: 包含文件:       C:\Program Files (x86)\Windows Kits\10\\include\10.0.26100.0\\um\winscard.h
注意: 包含文件:        C:\Program Files (x86)\Windows Kits\10\\include\10.0.26100.0\\shared\wtypes.h
注意: 包含文件:         C:\Program Files (x86)\Windows Kits\10\include\10.0.26100.0\shared\rpcndr.h
注意: 包含文件:          C:\Program Files (x86)\Windows Kits\10\\include\10.0.26100.0\\shared\pshpack8.h
注意: 包含文件:          C:\Program Files (x86)\Windows Kits\10\\include\10.0.26100.0\\um\rpcnsip.h
注意: 包含文件:          C:\Program Files (x86)\Windows Kits\10\\include\10.0.26100.0\\shared\rpcsal.h
注意: 包含文件:          C:\Program Files (x86)\Windows Kits\10\\include\10.0.26100.0\\shared\poppack.h
注意: 包含文件:         C:\Program Files (x86)\Windows Kits\10\include\10.0.26100.0\shared\wtypesbase.h
注意: 包含文件:          C:\Program Files (x86)\Windows Kits\10\include\10.0.26100.0\shared\guiddef.h
注意: 包含文件:        C:\Program Files (x86)\Windows Kits\10\\include\10.0.26100.0\\um\winioctl.h
注意: 包含文件:         C:\Program Files (x86)\Windows Kits\10\\include\10.0.26100.0\\shared\pshpack1.h
注意: 包含文件:         C:\Program Files (x86)\Windows Kits\10\\include\10.0.26100.0\\shared\poppack.h
注意: 包含文件:         C:\Program Files (x86)\Windows Kits\10\\include\10.0.26100.0\\shared\pshpack1.h
注意: 包含文件:         C:\Program Files (x86)\Windows Kits\10\\include\10.0.26100.0\\shared\poppack.h
注意: 包含文件:         C:\Program Files (x86)\Windows Kits\10\\include\10.0.26100.0\\shared\pshpack1.h
注意: 包含文件:         C:\Program Files (x86)\Windows Kits\10\\include\10.0.26100.0\\shared\poppack.h
注意: 包含文件:         C:\Program Files (x86)\Windows Kits\10\\include\10.0.26100.0\\shared\pshpack1.h
注意: 包含文件:         C:\Program Files (x86)\Windows Kits\10\\include\10.0.26100.0\\shared\poppack.h
注意: 包含文件:         C:\Program Files (x86)\Windows Kits\10\\include\10.0.26100.0\\shared\pshpack1.h
注意: 包含文件:         C:\Program Files (x86)\Windows Kits\10\\include\10.0.26100.0\\shared\poppack.h
注意: 包含文件:         C:\Program Files (x86)\Windows Kits\10\\include\10.0.26100.0\\shared\pshpack1.h
注意: 包含文件:         C:\Program Files (x86)\Windows Kits\10\\include\10.0.26100.0\\shared\poppack.h
注意: 包含文件:         C:\Program Files (x86)\Windows Kits\10\\include\10.0.26100.0\\shared\pshpack1.h
注意: 包含文件:         C:\Program Files (x86)\Windows Kits\10\\include\10.0.26100.0\\shared\poppack.h
注意: 包含文件:        C:\Program Files (x86)\Windows Kits\10\\include\10.0.26100.0\\shared\winsmcrd.h
注意: 包含文件:       C:\Program Files (x86)\Windows Kits\10\\include\10.0.26100.0\\um\winspool.h
注意: 包含文件:        C:\Program Files (x86)\Windows Kits\10\\include\10.0.26100.0\\um\prsht.h
注意: 包含文件:         C:\Program Files (x86)\Windows Kits\10\\include\10.0.26100.0\\shared\pshpack8.h
注意: 包含文件:         C:\Program Files (x86)\Windows Kits\10\\include\10.0.26100.0\\shared\poppack.h
注意: 包含文件:       C:\Program Files (x86)\Windows Kits\10\\include\10.0.26100.0\\um\ole2.h
注意: 包含文件:        C:\Program Files (x86)\Windows Kits\10\\include\10.0.26100.0\\shared\pshpack8.h
注意: 包含文件:        C:\Program Files (x86)\Windows Kits\10\\include\10.0.26100.0\\um\objbase.h
注意: 包含文件:         C:\Program Files (x86)\Windows Kits\10\\include\10.0.26100.0\\shared\pshpack8.h
注意: 包含文件:         C:\Program Files (x86)\Windows Kits\10\\include\10.0.26100.0\\um\combaseapi.h
注意: 包含文件:          C:\Program Files (x86)\Windows Kits\10\\include\10.0.26100.0\\shared\pshpack8.h
注意: 包含文件:          C:\Program Files (x86)\Windows Kits\10\\include\10.0.26100.0\\um\unknwnbase.h
注意: 包含文件:          C:\Program Files (x86)\Windows Kits\10\\include\10.0.26100.0\\um\objidlbase.h
注意: 包含文件:          C:\Program Files (x86)\Windows Kits\10\\include\10.0.26100.0\\shared\guiddef.h
注意: 包含文件:          C:\Program Files (x86)\Windows Kits\10\\include\10.0.26100.0\\um\cguid.h
注意: 包含文件:          C:\Program Files (x86)\Windows Kits\10\\include\10.0.26100.0\\shared\poppack.h
注意: 包含文件:         C:\Program Files (x86)\Windows Kits\10\\include\10.0.26100.0\\um\coml2api.h
注意: 包含文件:          C:\Program Files (x86)\Windows Kits\10\\include\10.0.26100.0\\um\objidl.h
注意: 包含文件:           C:\Program Files (x86)\Windows Kits\10\include\10.0.26100.0\um\unknwn.h
注意: 包含文件:          C:\Program Files (x86)\Windows Kits\10\\include\10.0.26100.0\\um\propidlbase.h
注意: 包含文件:           C:\Program Files (x86)\Windows Kits\10\include\10.0.26100.0\um\oaidl.h
注意: 包含文件:         C:\Program Files (x86)\Windows Kits\10\\include\10.0.26100.0\\um\urlmon.h
注意: 包含文件:          C:\Program Files (x86)\Windows Kits\10\include\10.0.26100.0\um\oleidl.h
注意: 包含文件:          C:\Program Files (x86)\Windows Kits\10\include\10.0.26100.0\um\servprov.h
注意: 包含文件:          C:\Program Files (x86)\Windows Kits\10\include\10.0.26100.0\um\msxml.h
注意: 包含文件:         C:\Program Files (x86)\Windows Kits\10\\include\10.0.26100.0\\um\propidl.h
注意: 包含文件:         C:\Program Files (x86)\Windows Kits\10\\include\10.0.26100.0\\shared\poppack.h
注意: 包含文件:        C:\Program Files (x86)\Windows Kits\10\\include\10.0.26100.0\\um\oleauto.h
注意: 包含文件:         C:\Program Files (x86)\Windows Kits\10\\include\10.0.26100.0\\shared\pshpack8.h
注意: 包含文件:         C:\Program Files (x86)\Windows Kits\10\\include\10.0.26100.0\\shared\poppack.h
注意: 包含文件:        C:\Program Files (x86)\Windows Kits\10\\include\10.0.26100.0\\shared\poppack.h
注意: 包含文件:       C:\Program Files (x86)\Windows Kits\10\\include\10.0.26100.0\\um\commdlg.h
注意: 包含文件:        C:\Program Files (x86)\Windows Kits\10\\include\10.0.26100.0\\um\prsht.h
注意: 包含文件:       C:\Program Files (x86)\Windows Kits\10\\include\10.0.26100.0\\shared\stralign.h
注意: 包含文件:       C:\Program Files (x86)\Windows Kits\10\\include\10.0.26100.0\\um\winsvc.h
注意: 包含文件:       C:\Program Files (x86)\Windows Kits\10\\include\10.0.26100.0\\um\mcx.h
注意: 包含文件:       C:\Program Files (x86)\Windows Kits\10\\include\10.0.26100.0\\um\imm.h
注意: 包含文件:        C:\Program Files (x86)\Windows Kits\10\\include\10.0.26100.0\\um\ime_cmodes.h
C:\Users\user\output\deepseek-v4部署\fastllm-master\include\devices/cpu/alivethreadpool.h(136): warning C4267: “初始化”: 从“size_t”转换到“int”，可能丢失数据
C:\Users\user\output\deepseek-v4部署\fastllm-master\include\devices/cpu/alivethreadpool.h(176): warning C4267: “初始化”: 从“size_t”转换到“int”，可能丢失数据
C:\Users\user\output\deepseek-v4部署\fastllm-master\include\devices/cpu/alivethreadpool.h(236): warning C4267: “初始化”: 从“size_t”转换到“int”，可能丢失数据
C:\Users\user\output\deepseek-v4部署\fastllm-master\include\devices/cpu/alivethreadpool.h(237): warning C4267: “初始化”: 从“size_t”转换到“int”，可能丢失数据
C:\Users\user\output\deepseek-v4部署\fastllm-master\include\devices/cpu/alivethreadpool.h(238): warning C4267: “初始化”: 从“size_t”转换到“int”，可能丢失数据
C:\Users\user\output\deepseek-v4部署\fastllm-master\include\devices/cpu/alivethreadpool.h(281): warning C4267: “初始化”: 从“size_t”转换到“int”，可能丢失数据
C:\Users\user\output\deepseek-v4部署\fastllm-master\include\devices/cpu/alivethreadpool.h(327): warning C4267: “初始化”: 从“size_t”转换到“int”，可能丢失数据
C:\Users\user\output\deepseek-v4部署\fastllm-master\include\devices/cpu/alivethreadpool.h(330): warning C4267: “初始化”: 从“size_t”转换到“int”，可能丢失数据
C:\Users\user\output\deepseek-v4部署\fastllm-master\include\devices/cpu/alivethreadpool.h(370): warning C4267: “初始化”: 从“size_t”转换到“int”，可能丢失数据
C:\Users\user\output\deepseek-v4部署\fastllm-master\include\devices/cpu/alivethreadpool.h(372): warning C4267: “初始化”: 从“size_t”转换到“int”，可能丢失数据
注意: 包含文件:     C:\Users\user\output\deepseek-v4部署\fastllm-master\third_party\json11\json11.hpp
C:\Users\user\output\deepseek-v4部署\fastllm-master\include\fastllm.h(222): warning C4244: “初始化”: 从“int”转换到“float”，可能丢失数据
C:\Users\user\output\deepseek-v4部署\fastllm-master\include\fastllm.h(222): warning C4244: “初始化”: 从“int”转换到“const float”，可能丢失数据
C:\Users\user\output\deepseek-v4部署\fastllm-master\include\fastllm.h(227): warning C4244: “=”: 从“float”转换到“uint8_t”，可能丢失数据
C:\Users\user\output\deepseek-v4部署\fastllm-master\include\fastllm.h(229): warning C4244: “=”: 从“const float”转换到“uint8_t”，可能丢失数据
C:\Users\user\output\deepseek-v4部署\fastllm-master\include\fastllm.h(687): warning C4996: 'std::codecvt_utf8<wchar_t,1114111,(std::codecvt_mode)0>': warning STL4017: std::wbuffer_convert, std::wstring_convert, and the <codecvt> header (containing std::codecvt_mode, std::codecvt_utf8, std::codecvt_utf16, and std::codecvt_utf8_utf16) are deprecated in C++17. (The std::codecvt class template is NOT deprecated.) The C++ Standard doesn't provide equivalent non-deprecated functionality; consider using MultiByteToWideChar() and WideCharToMultiByte() from <Windows.h> instead. You can define _SILENCE_CXX17_CODECVT_HEADER_DEPRECATION_WARNING or _SILENCE_ALL_CXX17_DEPRECATION_WARNINGS to suppress this warning.
C:\Program Files (x86)\Microsoft Visual Studio\2022\BuildTools\VC\Tools\MSVC\14.44.35207\include\codecvt(34): note: 参见“std::codecvt_utf8”的声明
C:\Users\user\output\deepseek-v4部署\fastllm-master\include\fastllm.h(687): warning C4996: 'std::wstring_convert<std::codecvt_utf8<wchar_t,1114111,(std::codecvt_mode)0>,wchar_t,std::allocator<wchar_t>,std::allocator<char>>': warning STL4017: std::wbuffer_convert, std::wstring_convert, and the <codecvt> header (containing std::codecvt_mode, std::codecvt_utf8, std::codecvt_utf16, and std::codecvt_utf8_utf16) are deprecated in C++17. (The std::codecvt class template is NOT deprecated.) The C++ Standard doesn't provide equivalent non-deprecated functionality; consider using MultiByteToWideChar() and WideCharToMultiByte() from <Windows.h> instead. You can define _SILENCE_CXX17_CODECVT_HEADER_DEPRECATION_WARNING or _SILENCE_ALL_CXX17_DEPRECATION_WARNINGS to suppress this warning.
C:\Program Files (x86)\Microsoft Visual Studio\2022\BuildTools\VC\Tools\MSVC\14.44.35207\include\xlocbuf(303): note: 参见“std::wstring_convert”的声明
注意: 包含文件:    C:\Users\user\output\deepseek-v4部署\fastllm-master\include\blocks\baseblock.h
注意: 包含文件:    C:\Users\user\output\deepseek-v4部署\fastllm-master\include\template.h
注意: 包含文件:     C:\Users\user\output\deepseek-v4部署\fastllm-master\include\utils/utils.h
注意: 包含文件:      C:\Program Files (x86)\Windows Kits\10\include\10.0.26100.0\ucrt\fcntl.h
注意: 包含文件:      C:\Program Files (x86)\Microsoft Visual Studio\2022\BuildTools\VC\Tools\MSVC\14.44.35207\include\array
注意: 包含文件:      C:\Program Files (x86)\Microsoft Visual Studio\2022\BuildTools\VC\Tools\MSVC\14.44.35207\include\filesystem
注意: 包含文件:       C:\Program Files (x86)\Microsoft Visual Studio\2022\BuildTools\VC\Tools\MSVC\14.44.35207\include\iomanip
C:\Users\user\output\deepseek-v4部署\fastllm-master\include\utils/utils.h(30): warning C4067: 预处理器指令后有意外标记 - 应输入换行符
注意: 包含文件:      C:\Program Files (x86)\Windows Kits\10\include\10.0.26100.0\ucrt\io.h
注意: 包含文件:       C:\Program Files (x86)\Windows Kits\10\include\10.0.26100.0\ucrt\corecrt_io.h
C:\Users\user\output\deepseek-v4部署\fastllm-master\include\utils/utils.h(109): warning C4996: '_wfopen': This function or variable may be unsafe. Consider using _wfopen_s instead. To disable deprecation, use _CRT_SECURE_NO_WARNINGS. See online help for details.
C:\Users\user\output\deepseek-v4部署\fastllm-master\include\utils/utils.h(118): warning C4996: '_wopen': This function or variable may be unsafe. Consider using _wsopen_s instead. To disable deprecation, use _CRT_SECURE_NO_WARNINGS. See online help for details.
C:\Users\user\output\deepseek-v4部署\fastllm-master\include\utils/utils.h(150): warning C4244: “return”: 从“double”转换到“float”，可能丢失数据
C:\Users\user\output\deepseek-v4部署\fastllm-master\include\utils/utils.h(355): warning C4267: “初始化”: 从“size_t”转换到“int”，可能丢失数据
C:\Users\user\output\deepseek-v4部署\fastllm-master\include\utils/utils.h(417): warning C4244: “+=”: 从“double”转换到“float”，可能丢失数据
注意: 包含文件:    C:\Program Files (x86)\Microsoft Visual Studio\2022\BuildTools\VC\Tools\MSVC\14.44.35207\include\condition_variable
C:\Users\user\output\deepseek-v4部署\fastllm-master\include\models\basellm.h(344): warning C4305: “初始化”: 从“double”到“float”截断
C:\Users\user\output\deepseek-v4部署\fastllm-master\include\models\basellm.h(348): warning C4244: “初始化”: 从“double”转换到“const float”，可能丢失数据
注意: 包含文件:   C:\Users\user\output\deepseek-v4部署\fastllm-master\include\graph.h
注意: 包含文件:    C:\Users\user\output\deepseek-v4部署\fastllm-master\include\executor.h
注意: 包含文件:     C:\Users\user\output\deepseek-v4部署\fastllm-master\include\device.h
C:\Users\user\output\deepseek-v4部署\fastllm-master\include\models\graphllm.h(78): warning C4305: “初始化”: 从“double”到“float”截断
C:\Users\user\output\deepseek-v4部署\fastllm-master\src\models\graph\gemma2.cpp(53): warning C4244: “参数”: 从“double”转换到“float”，可能丢失数据
C:\Users\user\output\deepseek-v4部署\fastllm-master\src\models\graph\gemma2.cpp(68): warning C4244: “参数”: 从“double”转换到“float”，可能丢失数据
[12/33] Building CXX object CMakeFiles\fastllm_tools.dir\src\models\graph\minicpm3.cpp.obj
注意: 包含文件:  C:\Users\user\output\deepseek-v4部署\fastllm-master\include\models\graphllm.h
注意: 包含文件:   C:\Users\user\output\deepseek-v4部署\fastllm-master\include\models\basellm.h
注意: 包含文件:    C:\Users\user\output\deepseek-v4部署\fastllm-master\include\fastllm.h
注意: 包含文件:     C:\Program Files (x86)\Microsoft Visual Studio\2022\BuildTools\VC\Tools\MSVC\14.44.35207\include\vector
注意: 包含文件:      C:\Program Files (x86)\Microsoft Visual Studio\2022\BuildTools\VC\Tools\MSVC\14.44.35207\include\yvals_core.h
注意: 包含文件:       C:\Program Files (x86)\Microsoft Visual Studio\2022\BuildTools\VC\Tools\MSVC\14.44.35207\include\vcruntime.h
注意: 包含文件:        C:\Program Files (x86)\Microsoft Visual Studio\2022\BuildTools\VC\Tools\MSVC\14.44.35207\include\sal.h
注意: 包含文件:         C:\Program Files (x86)\Microsoft Visual Studio\2022\BuildTools\VC\Tools\MSVC\14.44.35207\include\concurrencysal.h
注意: 包含文件:        C:\Program Files (x86)\Microsoft Visual Studio\2022\BuildTools\VC\Tools\MSVC\14.44.35207\include\vadefs.h
注意: 包含文件:       C:\Program Files (x86)\Microsoft Visual Studio\2022\BuildTools\VC\Tools\MSVC\14.44.35207\include\xkeycheck.h
注意: 包含文件:      C:\Program Files (x86)\Microsoft Visual Studio\2022\BuildTools\VC\Tools\MSVC\14.44.35207\include\__msvc_bit_utils.hpp
注意: 包含文件:       C:\Program Files (x86)\Microsoft Visual Studio\2022\BuildTools\VC\Tools\MSVC\14.44.35207\include\climits
注意: 包含文件:        C:\Program Files (x86)\Microsoft Visual Studio\2022\BuildTools\VC\Tools\MSVC\14.44.35207\include\limits.h
注意: 包含文件:       C:\Program Files (x86)\Microsoft Visual Studio\2022\BuildTools\VC\Tools\MSVC\14.44.35207\include\xtr1common
注意: 包含文件:       C:\Program Files (x86)\Microsoft Visual Studio\2022\BuildTools\VC\Tools\MSVC\14.44.35207\include\intrin0.h
注意: 包含文件:        C:\Program Files (x86)\Microsoft Visual Studio\2022\BuildTools\VC\Tools\MSVC\14.44.35207\include\intrin0.inl.h
注意: 包含文件:      C:\Program Files (x86)\Microsoft Visual Studio\2022\BuildTools\VC\Tools\MSVC\14.44.35207\include\__msvc_sanitizer_annotate_container.hpp
注意: 包含文件:      C:\Program Files (x86)\Microsoft Visual Studio\2022\BuildTools\VC\Tools\MSVC\14.44.35207\include\xmemory
注意: 包含文件:       C:\Program Files (x86)\Microsoft Visual Studio\2022\BuildTools\VC\Tools\MSVC\14.44.35207\include\cstdint
注意: 包含文件:        C:\Program Files (x86)\Microsoft Visual Studio\2022\BuildTools\VC\Tools\MSVC\14.44.35207\include\stdint.h
注意: 包含文件:       C:\Program Files (x86)\Microsoft Visual Studio\2022\BuildTools\VC\Tools\MSVC\14.44.35207\include\cstdlib
注意: 包含文件:        C:\Program Files (x86)\Windows Kits\10\include\10.0.26100.0\ucrt\math.h
注意: 包含文件:         C:\Program Files (x86)\Windows Kits\10\include\10.0.26100.0\ucrt\corecrt_math.h
注意: 包含文件:          C:\Program Files (x86)\Windows Kits\10\include\10.0.26100.0\ucrt\corecrt.h
注意: 包含文件:         C:\Program Files (x86)\Windows Kits\10\include\10.0.26100.0\ucrt\corecrt_math_defines.h
注意: 包含文件:        C:\Program Files (x86)\Windows Kits\10\include\10.0.26100.0\ucrt\stdlib.h
注意: 包含文件:         C:\Program Files (x86)\Windows Kits\10\include\10.0.26100.0\ucrt\corecrt_malloc.h
注意: 包含文件:         C:\Program Files (x86)\Windows Kits\10\include\10.0.26100.0\ucrt\corecrt_search.h
注意: 包含文件:          C:\Program Files (x86)\Windows Kits\10\include\10.0.26100.0\ucrt\stddef.h
注意: 包含文件:         C:\Program Files (x86)\Windows Kits\10\include\10.0.26100.0\ucrt\corecrt_wstdlib.h
注意: 包含文件:       C:\Program Files (x86)\Microsoft Visual Studio\2022\BuildTools\VC\Tools\MSVC\14.44.35207\include\limits
注意: 包含文件:        C:\Program Files (x86)\Microsoft Visual Studio\2022\BuildTools\VC\Tools\MSVC\14.44.35207\include\cfloat
注意: 包含文件:         C:\Program Files (x86)\Windows Kits\10\include\10.0.26100.0\ucrt\float.h
注意: 包含文件:        C:\Program Files (x86)\Microsoft Visual Studio\2022\BuildTools\VC\Tools\MSVC\14.44.35207\include\cwchar
注意: 包含文件:         C:\Program Files (x86)\Microsoft Visual Studio\2022\BuildTools\VC\Tools\MSVC\14.44.35207\include\cstdio
注意: 包含文件:          C:\Program Files (x86)\Windows Kits\10\include\10.0.26100.0\ucrt\stdio.h
注意: 包含文件:           C:\Program Files (x86)\Windows Kits\10\include\10.0.26100.0\ucrt\corecrt_wstdio.h
注意: 包含文件:            C:\Program Files (x86)\Windows Kits\10\include\10.0.26100.0\ucrt\corecrt_stdio_config.h
注意: 包含文件:         C:\Program Files (x86)\Windows Kits\10\include\10.0.26100.0\ucrt\wchar.h
注意: 包含文件:          C:\Program Files (x86)\Windows Kits\10\include\10.0.26100.0\ucrt\corecrt_memcpy_s.h
注意: 包含文件:           C:\Program Files (x86)\Windows Kits\10\include\10.0.26100.0\ucrt\errno.h
注意: 包含文件:           C:\Program Files (x86)\Microsoft Visual Studio\2022\BuildTools\VC\Tools\MSVC\14.44.35207\include\vcruntime_string.h
注意: 包含文件:          C:\Program Files (x86)\Windows Kits\10\include\10.0.26100.0\ucrt\corecrt_wconio.h
注意: 包含文件:          C:\Program Files (x86)\Windows Kits\10\include\10.0.26100.0\ucrt\corecrt_wctype.h
注意: 包含文件:          C:\Program Files (x86)\Windows Kits\10\include\10.0.26100.0\ucrt\corecrt_wdirect.h
注意: 包含文件:          C:\Program Files (x86)\Windows Kits\10\include\10.0.26100.0\ucrt\corecrt_wio.h
注意: 包含文件:           C:\Program Files (x86)\Windows Kits\10\include\10.0.26100.0\ucrt\corecrt_share.h
注意: 包含文件:          C:\Program Files (x86)\Windows Kits\10\include\10.0.26100.0\ucrt\corecrt_wprocess.h
注意: 包含文件:          C:\Program Files (x86)\Windows Kits\10\include\10.0.26100.0\ucrt\corecrt_wstring.h
注意: 包含文件:          C:\Program Files (x86)\Windows Kits\10\include\10.0.26100.0\ucrt\corecrt_wtime.h
注意: 包含文件:          C:\Program Files (x86)\Windows Kits\10\include\10.0.26100.0\ucrt\sys/stat.h
注意: 包含文件:           C:\Program Files (x86)\Windows Kits\10\include\10.0.26100.0\ucrt\sys/types.h
注意: 包含文件:          C:\Program Files (x86)\Microsoft Visual Studio\2022\BuildTools\VC\Tools\MSVC\14.44.35207\include\intrin.h
注意: 包含文件:           C:\Program Files (x86)\Microsoft Visual Studio\2022\BuildTools\VC\Tools\MSVC\14.44.35207\include\setjmp.h
注意: 包含文件:           C:\Program Files (x86)\Microsoft Visual Studio\2022\BuildTools\VC\Tools\MSVC\14.44.35207\include\immintrin.h
注意: 包含文件:            C:\Program Files (x86)\Microsoft Visual Studio\2022\BuildTools\VC\Tools\MSVC\14.44.35207\include\wmmintrin.h
注意: 包含文件:             C:\Program Files (x86)\Microsoft Visual Studio\2022\BuildTools\VC\Tools\MSVC\14.44.35207\include\nmmintrin.h
注意: 包含文件:              C:\Program Files (x86)\Microsoft Visual Studio\2022\BuildTools\VC\Tools\MSVC\14.44.35207\include\smmintrin.h
注意: 包含文件:               C:\Program Files (x86)\Microsoft Visual Studio\2022\BuildTools\VC\Tools\MSVC\14.44.35207\include\tmmintrin.h
注意: 包含文件:                C:\Program Files (x86)\Microsoft Visual Studio\2022\BuildTools\VC\Tools\MSVC\14.44.35207\include\pmmintrin.h
注意: 包含文件:                 C:\Program Files (x86)\Microsoft Visual Studio\2022\BuildTools\VC\Tools\MSVC\14.44.35207\include\emmintrin.h
注意: 包含文件:                  C:\Program Files (x86)\Microsoft Visual Studio\2022\BuildTools\VC\Tools\MSVC\14.44.35207\include\xmmintrin.h
注意: 包含文件:                   C:\Program Files (x86)\Microsoft Visual Studio\2022\BuildTools\VC\Tools\MSVC\14.44.35207\include\mmintrin.h
注意: 包含文件:                   C:\Program Files (x86)\Windows Kits\10\include\10.0.26100.0\ucrt\malloc.h
注意: 包含文件:            C:\Program Files (x86)\Microsoft Visual Studio\2022\BuildTools\VC\Tools\MSVC\14.44.35207\include\zmmintrin.h
注意: 包含文件:           C:\Program Files (x86)\Microsoft Visual Studio\2022\BuildTools\VC\Tools\MSVC\14.44.35207\include\ammintrin.h
注意: 包含文件:       C:\Program Files (x86)\Microsoft Visual Studio\2022\BuildTools\VC\Tools\MSVC\14.44.35207\include\new
注意: 包含文件:        C:\Program Files (x86)\Microsoft Visual Studio\2022\BuildTools\VC\Tools\MSVC\14.44.35207\include\exception
注意: 包含文件:         C:\Program Files (x86)\Microsoft Visual Studio\2022\BuildTools\VC\Tools\MSVC\14.44.35207\include\yvals.h
注意: 包含文件:          C:\Program Files (x86)\Windows Kits\10\include\10.0.26100.0\ucrt\crtdbg.h
注意: 包含文件:           C:\Program Files (x86)\Microsoft Visual Studio\2022\BuildTools\VC\Tools\MSVC\14.44.35207\include\vcruntime_new_debug.h
注意: 包含文件:            C:\Program Files (x86)\Microsoft Visual Studio\2022\BuildTools\VC\Tools\MSVC\14.44.35207\include\vcruntime_new.h
注意: 包含文件:          C:\Program Files (x86)\Microsoft Visual Studio\2022\BuildTools\VC\Tools\MSVC\14.44.35207\include\crtdefs.h
注意: 包含文件:          C:\Program Files (x86)\Microsoft Visual Studio\2022\BuildTools\VC\Tools\MSVC\14.44.35207\include\use_ansi.h
注意: 包含文件:         C:\Program Files (x86)\Microsoft Visual Studio\2022\BuildTools\VC\Tools\MSVC\14.44.35207\include\type_traits
注意: 包含文件:          C:\Program Files (x86)\Microsoft Visual Studio\2022\BuildTools\VC\Tools\MSVC\14.44.35207\include\cstddef
注意: 包含文件:          C:\Program Files (x86)\Microsoft Visual Studio\2022\BuildTools\VC\Tools\MSVC\14.44.35207\include\cstring
注意: 包含文件:           C:\Program Files (x86)\Windows Kits\10\include\10.0.26100.0\ucrt\string.h
注意: 包含文件:            C:\Program Files (x86)\Windows Kits\10\include\10.0.26100.0\ucrt\corecrt_memory.h
注意: 包含文件:         C:\Program Files (x86)\Microsoft Visual Studio\2022\BuildTools\VC\Tools\MSVC\14.44.35207\include\vcruntime_exception.h
注意: 包含文件:          C:\Program Files (x86)\Microsoft Visual Studio\2022\BuildTools\VC\Tools\MSVC\14.44.35207\include\eh.h
注意: 包含文件:           C:\Program Files (x86)\Windows Kits\10\include\10.0.26100.0\ucrt\corecrt_terminate.h
注意: 包含文件:       C:\Program Files (x86)\Microsoft Visual Studio\2022\BuildTools\VC\Tools\MSVC\14.44.35207\include\xatomic.h
注意: 包含文件:       C:\Program Files (x86)\Microsoft Visual Studio\2022\BuildTools\VC\Tools\MSVC\14.44.35207\include\xutility
注意: 包含文件:        C:\Program Files (x86)\Microsoft Visual Studio\2022\BuildTools\VC\Tools\MSVC\14.44.35207\include\__msvc_iter_core.hpp
注意: 包含文件:         C:\Program Files (x86)\Microsoft Visual Studio\2022\BuildTools\VC\Tools\MSVC\14.44.35207\include\utility
注意: 包含文件:          C:\Program Files (x86)\Microsoft Visual Studio\2022\BuildTools\VC\Tools\MSVC\14.44.35207\include\initializer_list
注意: 包含文件:      C:\Program Files (x86)\Microsoft Visual Studio\2022\BuildTools\VC\Tools\MSVC\14.44.35207\include\xpolymorphic_allocator.h
注意: 包含文件:       C:\Program Files (x86)\Microsoft Visual Studio\2022\BuildTools\VC\Tools\MSVC\14.44.35207\include\tuple
注意: 包含文件:     C:\Program Files (x86)\Microsoft Visual Studio\2022\BuildTools\VC\Tools\MSVC\14.44.35207\include\string
注意: 包含文件:      C:\Program Files (x86)\Microsoft Visual Studio\2022\BuildTools\VC\Tools\MSVC\14.44.35207\include\xstring
注意: 包含文件:       C:\Program Files (x86)\Microsoft Visual Studio\2022\BuildTools\VC\Tools\MSVC\14.44.35207\include\__msvc_string_view.hpp
注意: 包含文件:        C:\Program Files (x86)\Microsoft Visual Studio\2022\BuildTools\VC\Tools\MSVC\14.44.35207\include\iosfwd
注意: 包含文件:      C:\Program Files (x86)\Microsoft Visual Studio\2022\BuildTools\VC\Tools\MSVC\14.44.35207\include\cctype
注意: 包含文件:       C:\Program Files (x86)\Windows Kits\10\include\10.0.26100.0\ucrt\ctype.h
注意: 包含文件:     C:\Program Files (x86)\Microsoft Visual Studio\2022\BuildTools\VC\Tools\MSVC\14.44.35207\include\map
注意: 包含文件:      C:\Program Files (x86)\Microsoft Visual Studio\2022\BuildTools\VC\Tools\MSVC\14.44.35207\include\xtree
注意: 包含文件:       C:\Program Files (x86)\Microsoft Visual Studio\2022\BuildTools\VC\Tools\MSVC\14.44.35207\include\xnode_handle.h
注意: 包含文件:     C:\Program Files (x86)\Microsoft Visual Studio\2022\BuildTools\VC\Tools\MSVC\14.44.35207\include\set
注意: 包含文件:     C:\Program Files (x86)\Microsoft Visual Studio\2022\BuildTools\VC\Tools\MSVC\14.44.35207\include\queue
注意: 包含文件:      C:\Program Files (x86)\Microsoft Visual Studio\2022\BuildTools\VC\Tools\MSVC\14.44.35207\include\__msvc_heap_algorithms.hpp
注意: 包含文件:      C:\Program Files (x86)\Microsoft Visual Studio\2022\BuildTools\VC\Tools\MSVC\14.44.35207\include\deque
注意: 包含文件:     C:\Program Files (x86)\Microsoft Visual Studio\2022\BuildTools\VC\Tools\MSVC\14.44.35207\include\unordered_map
注意: 包含文件:      C:\Program Files (x86)\Microsoft Visual Studio\2022\BuildTools\VC\Tools\MSVC\14.44.35207\include\xhash
注意: 包含文件:       C:\Program Files (x86)\Microsoft Visual Studio\2022\BuildTools\VC\Tools\MSVC\14.44.35207\include\cmath
注意: 包含文件:       C:\Program Files (x86)\Microsoft Visual Studio\2022\BuildTools\VC\Tools\MSVC\14.44.35207\include\list
注意: 包含文件:       C:\Program Files (x86)\Microsoft Visual Studio\2022\BuildTools\VC\Tools\MSVC\14.44.35207\include\xbit_ops.h
注意: 包含文件:     C:\Program Files (x86)\Microsoft Visual Studio\2022\BuildTools\VC\Tools\MSVC\14.44.35207\include\unordered_set
注意: 包含文件:     C:\Program Files (x86)\Microsoft Visual Studio\2022\BuildTools\VC\Tools\MSVC\14.44.35207\include\algorithm
注意: 包含文件:      C:\Program Files (x86)\Microsoft Visual Studio\2022\BuildTools\VC\Tools\MSVC\14.44.35207\include\__msvc_minmax.hpp
注意: 包含文件:     C:\Program Files (x86)\Microsoft Visual Studio\2022\BuildTools\VC\Tools\MSVC\14.44.35207\include\iostream
注意: 包含文件:      C:\Program Files (x86)\Microsoft Visual Studio\2022\BuildTools\VC\Tools\MSVC\14.44.35207\include\istream
注意: 包含文件:       C:\Program Files (x86)\Microsoft Visual Studio\2022\BuildTools\VC\Tools\MSVC\14.44.35207\include\__msvc_ostream.hpp
注意: 包含文件:        C:\Program Files (x86)\Microsoft Visual Studio\2022\BuildTools\VC\Tools\MSVC\14.44.35207\include\ios
注意: 包含文件:         C:\Program Files (x86)\Microsoft Visual Studio\2022\BuildTools\VC\Tools\MSVC\14.44.35207\include\xlocnum
注意: 包含文件:          C:\Program Files (x86)\Microsoft Visual Studio\2022\BuildTools\VC\Tools\MSVC\14.44.35207\include\iterator
注意: 包含文件:          C:\Program Files (x86)\Microsoft Visual Studio\2022\BuildTools\VC\Tools\MSVC\14.44.35207\include\streambuf
注意: 包含文件:           C:\Program Files (x86)\Microsoft Visual Studio\2022\BuildTools\VC\Tools\MSVC\14.44.35207\include\xiosbase
注意: 包含文件:            C:\Program Files (x86)\Windows Kits\10\include\10.0.26100.0\ucrt\share.h
注意: 包含文件:            C:\Program Files (x86)\Microsoft Visual Studio\2022\BuildTools\VC\Tools\MSVC\14.44.35207\include\system_error
注意: 包含文件:             C:\Program Files (x86)\Microsoft Visual Studio\2022\BuildTools\VC\Tools\MSVC\14.44.35207\include\__msvc_system_error_abi.hpp
注意: 包含文件:             C:\Program Files (x86)\Microsoft Visual Studio\2022\BuildTools\VC\Tools\MSVC\14.44.35207\include\cerrno
注意: 包含文件:             C:\Program Files (x86)\Microsoft Visual Studio\2022\BuildTools\VC\Tools\MSVC\14.44.35207\include\stdexcept
注意: 包含文件:             C:\Program Files (x86)\Microsoft Visual Studio\2022\BuildTools\VC\Tools\MSVC\14.44.35207\include\xcall_once.h
注意: 包含文件:             C:\Program Files (x86)\Microsoft Visual Studio\2022\BuildTools\VC\Tools\MSVC\14.44.35207\include\xerrc.h
注意: 包含文件:             C:\Program Files (x86)\Microsoft Visual Studio\2022\BuildTools\VC\Tools\MSVC\14.44.35207\include\atomic
注意: 包含文件:              C:\Program Files (x86)\Microsoft Visual Studio\2022\BuildTools\VC\Tools\MSVC\14.44.35207\include\xthreads.h
注意: 包含文件:               C:\Program Files (x86)\Microsoft Visual Studio\2022\BuildTools\VC\Tools\MSVC\14.44.35207\include\__msvc_threads_core.hpp
注意: 包含文件:               C:\Program Files (x86)\Microsoft Visual Studio\2022\BuildTools\VC\Tools\MSVC\14.44.35207\include\xtimec.h
注意: 包含文件:                C:\Program Files (x86)\Microsoft Visual Studio\2022\BuildTools\VC\Tools\MSVC\14.44.35207\include\ctime
注意: 包含文件:                 C:\Program Files (x86)\Windows Kits\10\include\10.0.26100.0\ucrt\time.h
注意: 包含文件:            C:\Program Files (x86)\Microsoft Visual Studio\2022\BuildTools\VC\Tools\MSVC\14.44.35207\include\xlocale
注意: 包含文件:             C:\Program Files (x86)\Microsoft Visual Studio\2022\BuildTools\VC\Tools\MSVC\14.44.35207\include\memory
注意: 包含文件:              C:\Program Files (x86)\Microsoft Visual Studio\2022\BuildTools\VC\Tools\MSVC\14.44.35207\include\typeinfo
注意: 包含文件:               C:\Program Files (x86)\Microsoft Visual Studio\2022\BuildTools\VC\Tools\MSVC\14.44.35207\include\vcruntime_typeinfo.h
注意: 包含文件:             C:\Program Files (x86)\Microsoft Visual Studio\2022\BuildTools\VC\Tools\MSVC\14.44.35207\include\xfacet
注意: 包含文件:             C:\Program Files (x86)\Microsoft Visual Studio\2022\BuildTools\VC\Tools\MSVC\14.44.35207\include\xlocinfo
注意: 包含文件:              C:\Program Files (x86)\Microsoft Visual Studio\2022\BuildTools\VC\Tools\MSVC\14.44.35207\include\__msvc_xlocinfo_types.hpp
注意: 包含文件:              C:\Program Files (x86)\Microsoft Visual Studio\2022\BuildTools\VC\Tools\MSVC\14.44.35207\include\clocale
注意: 包含文件:               C:\Program Files (x86)\Windows Kits\10\include\10.0.26100.0\ucrt\locale.h
注意: 包含文件:      C:\Program Files (x86)\Microsoft Visual Studio\2022\BuildTools\VC\Tools\MSVC\14.44.35207\include\ostream
注意: 包含文件:     C:\Program Files (x86)\Microsoft Visual Studio\2022\BuildTools\VC\Tools\MSVC\14.44.35207\include\functional
注意: 包含文件:     C:\Program Files (x86)\Microsoft Visual Studio\2022\BuildTools\VC\Tools\MSVC\14.44.35207\include\mutex
注意: 包含文件:      C:\Program Files (x86)\Microsoft Visual Studio\2022\BuildTools\VC\Tools\MSVC\14.44.35207\include\__msvc_chrono.hpp
注意: 包含文件:       C:\Program Files (x86)\Microsoft Visual Studio\2022\BuildTools\VC\Tools\MSVC\14.44.35207\include\ratio
注意: 包含文件:      C:\Program Files (x86)\Microsoft Visual Studio\2022\BuildTools\VC\Tools\MSVC\14.44.35207\include\thread
注意: 包含文件:       C:\Program Files (x86)\Windows Kits\10\include\10.0.26100.0\ucrt\process.h
注意: 包含文件:        C:\Program Files (x86)\Windows Kits\10\include\10.0.26100.0\ucrt\corecrt_startup.h
注意: 包含文件:         C:\Program Files (x86)\Windows Kits\10\include\10.0.26100.0\ucrt\math.h
注意: 包含文件:         C:\Program Files (x86)\Microsoft Visual Studio\2022\BuildTools\VC\Tools\MSVC\14.44.35207\include\vcruntime_startup.h
注意: 包含文件:     C:\Program Files (x86)\Microsoft Visual Studio\2022\BuildTools\VC\Tools\MSVC\14.44.35207\include\locale
注意: 包含文件:      C:\Program Files (x86)\Microsoft Visual Studio\2022\BuildTools\VC\Tools\MSVC\14.44.35207\include\xlocbuf
注意: 包含文件:      C:\Program Files (x86)\Microsoft Visual Studio\2022\BuildTools\VC\Tools\MSVC\14.44.35207\include\xlocmes
注意: 包含文件:      C:\Program Files (x86)\Microsoft Visual Studio\2022\BuildTools\VC\Tools\MSVC\14.44.35207\include\xlocmon
注意: 包含文件:      C:\Program Files (x86)\Microsoft Visual Studio\2022\BuildTools\VC\Tools\MSVC\14.44.35207\include\xloctime
注意: 包含文件:     C:\Program Files (x86)\Microsoft Visual Studio\2022\BuildTools\VC\Tools\MSVC\14.44.35207\include\codecvt
注意: 包含文件:     C:\Users\user\output\deepseek-v4部署\fastllm-master\include\devices/cpu/alivethreadpool.h
注意: 包含文件:      C:\Program Files (x86)\Microsoft Visual Studio\2022\BuildTools\VC\Tools\MSVC\14.44.35207\include\chrono
注意: 包含文件:       C:\Program Files (x86)\Microsoft Visual Studio\2022\BuildTools\VC\Tools\MSVC\14.44.35207\include\xfilesystem_abi.h
注意: 包含文件:      C:\Program Files (x86)\Windows Kits\10\\include\10.0.26100.0\\um\Windows.h
注意: 包含文件:       C:\Program Files (x86)\Windows Kits\10\\include\10.0.26100.0\\shared\winapifamily.h
注意: 包含文件:        C:\Program Files (x86)\Windows Kits\10\\include\10.0.26100.0\\shared\winpackagefamily.h
注意: 包含文件:       C:\Program Files (x86)\Windows Kits\10\\include\10.0.26100.0\\shared\sdkddkver.h
注意: 包含文件:       C:\Program Files (x86)\Microsoft Visual Studio\2022\BuildTools\VC\Tools\MSVC\14.44.35207\include\excpt.h
注意: 包含文件:       C:\Program Files (x86)\Microsoft Visual Studio\2022\BuildTools\VC\Tools\MSVC\14.44.35207\include\stdarg.h
注意: 包含文件:       C:\Program Files (x86)\Windows Kits\10\\include\10.0.26100.0\\shared\windef.h
注意: 包含文件:        C:\Program Files (x86)\Windows Kits\10\\include\10.0.26100.0\\shared\minwindef.h
注意: 包含文件:         C:\Program Files (x86)\Windows Kits\10\\include\10.0.26100.0\\shared\specstrings.h
注意: 包含文件:          C:\Program Files (x86)\Windows Kits\10\\include\10.0.26100.0\\shared\specstrings_strict.h
注意: 包含文件:           C:\Program Files (x86)\Windows Kits\10\\include\10.0.26100.0\\shared\specstrings_undef.h
注意: 包含文件:          C:\Program Files (x86)\Windows Kits\10\\include\10.0.26100.0\\shared\driverspecs.h
注意: 包含文件:           C:\Program Files (x86)\Windows Kits\10\include\10.0.26100.0\shared\sdv_driverspecs.h
注意: 包含文件:         C:\Program Files (x86)\Windows Kits\10\\include\10.0.26100.0\\um\winnt.h
注意: 包含文件:          C:\Program Files (x86)\Windows Kits\10\\include\10.0.26100.0\\shared\kernelspecs.h
注意: 包含文件:          C:\Program Files (x86)\Windows Kits\10\\include\10.0.26100.0\\shared\basetsd.h
注意: 包含文件:          C:\Program Files (x86)\Windows Kits\10\\include\10.0.26100.0\\shared\guiddef.h
注意: 包含文件:          C:\Program Files (x86)\Windows Kits\10\include\10.0.26100.0\shared\pshpack4.h
注意: 包含文件:          C:\Program Files (x86)\Windows Kits\10\include\10.0.26100.0\shared\poppack.h
注意: 包含文件:          C:\Program Files (x86)\Windows Kits\10\\include\10.0.26100.0\\shared\pshpack4.h
注意: 包含文件:          C:\Program Files (x86)\Windows Kits\10\\include\10.0.26100.0\\shared\poppack.h
注意: 包含文件:          C:\Program Files (x86)\Windows Kits\10\include\10.0.26100.0\shared\pshpack4.h
注意: 包含文件:          C:\Program Files (x86)\Windows Kits\10\include\10.0.26100.0\shared\pshpack2.h
注意: 包含文件:          C:\Program Files (x86)\Windows Kits\10\include\10.0.26100.0\shared\poppack.h
注意: 包含文件:          C:\Program Files (x86)\Windows Kits\10\include\10.0.26100.0\shared\pshpack2.h
注意: 包含文件:          C:\Program Files (x86)\Windows Kits\10\\include\10.0.26100.0\\shared\pshpack2.h
注意: 包含文件:          C:\Program Files (x86)\Windows Kits\10\\include\10.0.26100.0\\shared\poppack.h
注意: 包含文件:          C:\Program Files (x86)\Windows Kits\10\include\10.0.26100.0\shared\poppack.h
注意: 包含文件:          C:\Program Files (x86)\Windows Kits\10\include\10.0.26100.0\shared\pshpack8.h
注意: 包含文件:          C:\Program Files (x86)\Windows Kits\10\include\10.0.26100.0\shared\poppack.h
注意: 包含文件:          C:\Program Files (x86)\Windows Kits\10\include\10.0.26100.0\shared\pshpack1.h
注意: 包含文件:          C:\Program Files (x86)\Windows Kits\10\include\10.0.26100.0\shared\poppack.h
注意: 包含文件:          C:\Program Files (x86)\Windows Kits\10\include\10.0.26100.0\shared\pshpack1.h
注意: 包含文件:          C:\Program Files (x86)\Windows Kits\10\include\10.0.26100.0\shared\poppack.h
注意: 包含文件:          C:\Program Files (x86)\Windows Kits\10\include\10.0.26100.0\shared\poppack.h
注意: 包含文件:          C:\Program Files (x86)\Windows Kits\10\\include\10.0.26100.0\\shared\apiset.h
注意: 包含文件:          C:\Program Files (x86)\Windows Kits\10\\include\10.0.26100.0\\shared\ktmtypes.h
注意: 包含文件:       C:\Program Files (x86)\Windows Kits\10\\include\10.0.26100.0\\um\winbase.h
注意: 包含文件:        C:\Program Files (x86)\Windows Kits\10\\include\10.0.26100.0\\shared\apisetcconv.h
注意: 包含文件:        C:\Program Files (x86)\Windows Kits\10\\include\10.0.26100.0\\um\minwinbase.h
注意: 包含文件:        C:\Program Files (x86)\Windows Kits\10\\include\10.0.26100.0\\um\apiquery2.h
注意: 包含文件:        C:\Program Files (x86)\Windows Kits\10\\include\10.0.26100.0\\um\processenv.h
注意: 包含文件:        C:\Program Files (x86)\Windows Kits\10\\include\10.0.26100.0\\um\fileapifromapp.h
注意: 包含文件:         C:\Program Files (x86)\Windows Kits\10\\include\10.0.26100.0\\um\fileapi.h
注意: 包含文件:        C:\Program Files (x86)\Windows Kits\10\\include\10.0.26100.0\\um\debugapi.h
注意: 包含文件:        C:\Program Files (x86)\Windows Kits\10\\include\10.0.26100.0\\um\utilapiset.h
注意: 包含文件:        C:\Program Files (x86)\Windows Kits\10\\include\10.0.26100.0\\um\handleapi.h
注意: 包含文件:        C:\Program Files (x86)\Windows Kits\10\\include\10.0.26100.0\\um\errhandlingapi.h
注意: 包含文件:        C:\Program Files (x86)\Windows Kits\10\\include\10.0.26100.0\\um\fibersapi.h
注意: 包含文件:        C:\Program Files (x86)\Windows Kits\10\\include\10.0.26100.0\\um\namedpipeapi.h
注意: 包含文件:        C:\Program Files (x86)\Windows Kits\10\\include\10.0.26100.0\\um\profileapi.h
注意: 包含文件:        C:\Program Files (x86)\Windows Kits\10\\include\10.0.26100.0\\um\heapapi.h
注意: 包含文件:        C:\Program Files (x86)\Windows Kits\10\\include\10.0.26100.0\\um\ioapiset.h
注意: 包含文件:        C:\Program Files (x86)\Windows Kits\10\\include\10.0.26100.0\\um\synchapi.h
注意: 包含文件:        C:\Program Files (x86)\Windows Kits\10\\include\10.0.26100.0\\um\interlockedapi.h
注意: 包含文件:        C:\Program Files (x86)\Windows Kits\10\\include\10.0.26100.0\\um\processthreadsapi.h
注意: 包含文件:        C:\Program Files (x86)\Windows Kits\10\\include\10.0.26100.0\\um\sysinfoapi.h
注意: 包含文件:        C:\Program Files (x86)\Windows Kits\10\\include\10.0.26100.0\\um\memoryapi.h
注意: 包含文件:        C:\Program Files (x86)\Windows Kits\10\\include\10.0.26100.0\\um\enclaveapi.h
注意: 包含文件:        C:\Program Files (x86)\Windows Kits\10\\include\10.0.26100.0\\um\threadpoollegacyapiset.h
注意: 包含文件:        C:\Program Files (x86)\Windows Kits\10\\include\10.0.26100.0\\um\threadpoolapiset.h
注意: 包含文件:        C:\Program Files (x86)\Windows Kits\10\\include\10.0.26100.0\\um\jobapi.h
注意: 包含文件:        C:\Program Files (x86)\Windows Kits\10\\include\10.0.26100.0\\um\jobapi2.h
注意: 包含文件:        C:\Program Files (x86)\Windows Kits\10\\include\10.0.26100.0\\um\wow64apiset.h
注意: 包含文件:        C:\Program Files (x86)\Windows Kits\10\\include\10.0.26100.0\\um\libloaderapi.h
注意: 包含文件:        C:\Program Files (x86)\Windows Kits\10\\include\10.0.26100.0\\um\securitybaseapi.h
注意: 包含文件:        C:\Program Files (x86)\Windows Kits\10\\include\10.0.26100.0\\um\namespaceapi.h
注意: 包含文件:        C:\Program Files (x86)\Windows Kits\10\\include\10.0.26100.0\\um\systemtopologyapi.h
注意: 包含文件:        C:\Program Files (x86)\Windows Kits\10\\include\10.0.26100.0\\um\processtopologyapi.h
注意: 包含文件:        C:\Program Files (x86)\Windows Kits\10\\include\10.0.26100.0\\um\securityappcontainer.h
注意: 包含文件:        C:\Program Files (x86)\Windows Kits\10\\include\10.0.26100.0\\um\realtimeapiset.h
注意: 包含文件:        C:\Program Files (x86)\Windows Kits\10\\include\10.0.26100.0\\shared\winerror.h
注意: 包含文件:        C:\Program Files (x86)\Windows Kits\10\\include\10.0.26100.0\\um\timezoneapi.h
注意: 包含文件:       C:\Program Files (x86)\Windows Kits\10\\include\10.0.26100.0\\um\wingdi.h
注意: 包含文件:        C:\Program Files (x86)\Windows Kits\10\\include\10.0.26100.0\\shared\pshpack1.h
注意: 包含文件:        C:\Program Files (x86)\Windows Kits\10\\include\10.0.26100.0\\shared\poppack.h
注意: 包含文件:        C:\Program Files (x86)\Windows Kits\10\\include\10.0.26100.0\\shared\pshpack2.h
注意: 包含文件:        C:\Program Files (x86)\Windows Kits\10\\include\10.0.26100.0\\shared\poppack.h
注意: 包含文件:        C:\Program Files (x86)\Windows Kits\10\\include\10.0.26100.0\\shared\pshpack2.h
注意: 包含文件:        C:\Program Files (x86)\Windows Kits\10\\include\10.0.26100.0\\shared\poppack.h
注意: 包含文件:        C:\Program Files (x86)\Windows Kits\10\\include\10.0.26100.0\\shared\pshpack4.h
注意: 包含文件:        C:\Program Files (x86)\Windows Kits\10\\include\10.0.26100.0\\shared\poppack.h
注意: 包含文件:        C:\Program Files (x86)\Windows Kits\10\\include\10.0.26100.0\\shared\pshpack4.h
注意: 包含文件:        C:\Program Files (x86)\Windows Kits\10\\include\10.0.26100.0\\shared\poppack.h
注意: 包含文件:       C:\Program Files (x86)\Windows Kits\10\\include\10.0.26100.0\\um\winuser.h
注意: 包含文件:        C:\Program Files (x86)\Windows Kits\10\\include\10.0.26100.0\\shared\pshpack2.h
注意: 包含文件:        C:\Program Files (x86)\Windows Kits\10\\include\10.0.26100.0\\shared\poppack.h
注意: 包含文件:        C:\Program Files (x86)\Windows Kits\10\\include\10.0.26100.0\\shared\tvout.h
注意: 包含文件:       C:\Program Files (x86)\Windows Kits\10\\include\10.0.26100.0\\um\winnls.h
注意: 包含文件:        C:\Program Files (x86)\Windows Kits\10\\include\10.0.26100.0\\um\datetimeapi.h
注意: 包含文件:        C:\Program Files (x86)\Windows Kits\10\\include\10.0.26100.0\\um\stringapiset.h
注意: 包含文件:         C:\Program Files (x86)\Windows Kits\10\\include\10.0.26100.0\\um\winnls.h
注意: 包含文件:       C:\Program Files (x86)\Windows Kits\10\\include\10.0.26100.0\\um\wincon.h
注意: 包含文件:        C:\Program Files (x86)\Windows Kits\10\\include\10.0.26100.0\\um\wincontypes.h
注意: 包含文件:        C:\Program Files (x86)\Windows Kits\10\\include\10.0.26100.0\\um\consoleapi.h
注意: 包含文件:        C:\Program Files (x86)\Windows Kits\10\\include\10.0.26100.0\\um\consoleapi2.h
注意: 包含文件:        C:\Program Files (x86)\Windows Kits\10\\include\10.0.26100.0\\um\consoleapi3.h
注意: 包含文件:       C:\Program Files (x86)\Windows Kits\10\\include\10.0.26100.0\\um\winver.h
注意: 包含文件:        C:\Program Files (x86)\Windows Kits\10\\include\10.0.26100.0\\um\verrsrc.h
注意: 包含文件:       C:\Program Files (x86)\Windows Kits\10\\include\10.0.26100.0\\um\winreg.h
注意: 包含文件:        C:\Program Files (x86)\Windows Kits\10\\include\10.0.26100.0\\um\reason.h
注意: 包含文件:       C:\Program Files (x86)\Windows Kits\10\\include\10.0.26100.0\\um\winnetwk.h
注意: 包含文件:        C:\Program Files (x86)\Windows Kits\10\\include\10.0.26100.0\\shared\wnnc.h
注意: 包含文件:       C:\Program Files (x86)\Windows Kits\10\\include\10.0.26100.0\\shared\cderr.h
注意: 包含文件:       C:\Program Files (x86)\Windows Kits\10\\include\10.0.26100.0\\um\dde.h
注意: 包含文件:       C:\Program Files (x86)\Windows Kits\10\\include\10.0.26100.0\\um\ddeml.h
注意: 包含文件:       C:\Program Files (x86)\Windows Kits\10\\include\10.0.26100.0\\um\dlgs.h
注意: 包含文件:       C:\Program Files (x86)\Windows Kits\10\\include\10.0.26100.0\\um\lzexpand.h
注意: 包含文件:       C:\Program Files (x86)\Windows Kits\10\\include\10.0.26100.0\\um\mmsystem.h
注意: 包含文件:        C:\Program Files (x86)\Windows Kits\10\\include\10.0.26100.0\\um\mmsyscom.h
注意: 包含文件:         C:\Program Files (x86)\Windows Kits\10\\include\10.0.26100.0\\shared\pshpack1.h
注意: 包含文件:         C:\Program Files (x86)\Windows Kits\10\\include\10.0.26100.0\\shared\poppack.h
注意: 包含文件:        C:\Program Files (x86)\Windows Kits\10\\include\10.0.26100.0\\shared\pshpack1.h
注意: 包含文件:        C:\Program Files (x86)\Windows Kits\10\\include\10.0.26100.0\\um\mciapi.h
注意: 包含文件:         C:\Program Files (x86)\Windows Kits\10\\include\10.0.26100.0\\um\mmsyscom.h
注意: 包含文件:        C:\Program Files (x86)\Windows Kits\10\\include\10.0.26100.0\\um\mmiscapi.h
注意: 包含文件:         C:\Program Files (x86)\Windows Kits\10\\include\10.0.26100.0\\um\mmsyscom.h
注意: 包含文件:        C:\Program Files (x86)\Windows Kits\10\\include\10.0.26100.0\\um\mmiscapi2.h
注意: 包含文件:         C:\Program Files (x86)\Windows Kits\10\\include\10.0.26100.0\\um\mmsyscom.h
注意: 包含文件:        C:\Program Files (x86)\Windows Kits\10\\include\10.0.26100.0\\um\playsoundapi.h
注意: 包含文件:         C:\Program Files (x86)\Windows Kits\10\\include\10.0.26100.0\\um\mmsyscom.h
注意: 包含文件:        C:\Program Files (x86)\Windows Kits\10\\include\10.0.26100.0\\um\mmeapi.h
注意: 包含文件:         C:\Program Files (x86)\Windows Kits\10\\include\10.0.26100.0\\um\mmsyscom.h
注意: 包含文件:        C:\Program Files (x86)\Windows Kits\10\\include\10.0.26100.0\\um\timeapi.h
注意: 包含文件:         C:\Program Files (x86)\Windows Kits\10\\include\10.0.26100.0\\um\mmsyscom.h
注意: 包含文件:        C:\Program Files (x86)\Windows Kits\10\\include\10.0.26100.0\\um\joystickapi.h
注意: 包含文件:         C:\Program Files (x86)\Windows Kits\10\\include\10.0.26100.0\\um\mmsyscom.h
注意: 包含文件:        C:\Program Files (x86)\Windows Kits\10\\include\10.0.26100.0\\shared\poppack.h
注意: 包含文件:       C:\Program Files (x86)\Windows Kits\10\\include\10.0.26100.0\\um\nb30.h
注意: 包含文件:       C:\Program Files (x86)\Windows Kits\10\\include\10.0.26100.0\\shared\rpc.h
注意: 包含文件:        C:\Program Files (x86)\Windows Kits\10\\include\10.0.26100.0\\shared\pshpack8.h
注意: 包含文件:        C:\Program Files (x86)\Windows Kits\10\\include\10.0.26100.0\\shared\rpcdce.h
注意: 包含文件:         C:\Program Files (x86)\Windows Kits\10\\include\10.0.26100.0\\shared\rpcdcep.h
注意: 包含文件:        C:\Program Files (x86)\Windows Kits\10\\include\10.0.26100.0\\um\rpcnsi.h
注意: 包含文件:        C:\Program Files (x86)\Windows Kits\10\\include\10.0.26100.0\\shared\rpcnterr.h
注意: 包含文件:        C:\Program Files (x86)\Windows Kits\10\\include\10.0.26100.0\\shared\rpcasync.h
注意: 包含文件:         C:\Program Files (x86)\Windows Kits\10\\include\10.0.26100.0\\shared\pshpack8.h
注意: 包含文件:         C:\Program Files (x86)\Windows Kits\10\\include\10.0.26100.0\\shared\poppack.h
注意: 包含文件:        C:\Program Files (x86)\Windows Kits\10\\include\10.0.26100.0\\shared\poppack.h
注意: 包含文件:       C:\Program Files (x86)\Windows Kits\10\\include\10.0.26100.0\\um\shellapi.h
注意: 包含文件:       C:\Program Files (x86)\Windows Kits\10\\include\10.0.26100.0\\um\winperf.h
注意: 包含文件:        C:\Program Files (x86)\Windows Kits\10\\include\10.0.26100.0\\shared\pshpack8.h
注意: 包含文件:        C:\Program Files (x86)\Windows Kits\10\\include\10.0.26100.0\\shared\poppack.h
注意: 包含文件:       C:\Program Files (x86)\Windows Kits\10\\include\10.0.26100.0\\um\winsock.h
注意: 包含文件:        C:\Program Files (x86)\Windows Kits\10\\include\10.0.26100.0\\shared\inaddr.h
注意: 包含文件:       C:\Program Files (x86)\Windows Kits\10\\include\10.0.26100.0\\um\wincrypt.h
注意: 包含文件:        C:\Program Files (x86)\Windows Kits\10\\include\10.0.26100.0\\shared\bcrypt.h
注意: 包含文件:        C:\Program Files (x86)\Windows Kits\10\\include\10.0.26100.0\\um\ncrypt.h
注意: 包含文件:        C:\Program Files (x86)\Windows Kits\10\\include\10.0.26100.0\\um\dpapi.h
注意: 包含文件:       C:\Program Files (x86)\Windows Kits\10\\include\10.0.26100.0\\um\winefs.h
注意: 包含文件:       C:\Program Files (x86)\Windows Kits\10\\include\10.0.26100.0\\um\winscard.h
注意: 包含文件:        C:\Program Files (x86)\Windows Kits\10\\include\10.0.26100.0\\shared\wtypes.h
注意: 包含文件:         C:\Program Files (x86)\Windows Kits\10\include\10.0.26100.0\shared\rpcndr.h
注意: 包含文件:          C:\Program Files (x86)\Windows Kits\10\\include\10.0.26100.0\\shared\pshpack8.h
注意: 包含文件:          C:\Program Files (x86)\Windows Kits\10\\include\10.0.26100.0\\um\rpcnsip.h
注意: 包含文件:          C:\Program Files (x86)\Windows Kits\10\\include\10.0.26100.0\\shared\rpcsal.h
注意: 包含文件:          C:\Program Files (x86)\Windows Kits\10\\include\10.0.26100.0\\shared\poppack.h
注意: 包含文件:         C:\Program Files (x86)\Windows Kits\10\include\10.0.26100.0\shared\wtypesbase.h
注意: 包含文件:          C:\Program Files (x86)\Windows Kits\10\include\10.0.26100.0\shared\guiddef.h
注意: 包含文件:        C:\Program Files (x86)\Windows Kits\10\\include\10.0.26100.0\\um\winioctl.h
注意: 包含文件:         C:\Program Files (x86)\Windows Kits\10\\include\10.0.26100.0\\shared\pshpack1.h
注意: 包含文件:         C:\Program Files (x86)\Windows Kits\10\\include\10.0.26100.0\\shared\poppack.h
注意: 包含文件:         C:\Program Files (x86)\Windows Kits\10\\include\10.0.26100.0\\shared\pshpack1.h
注意: 包含文件:         C:\Program Files (x86)\Windows Kits\10\\include\10.0.26100.0\\shared\poppack.h
注意: 包含文件:         C:\Program Files (x86)\Windows Kits\10\\include\10.0.26100.0\\shared\pshpack1.h
注意: 包含文件:         C:\Program Files (x86)\Windows Kits\10\\include\10.0.26100.0\\shared\poppack.h
注意: 包含文件:         C:\Program Files (x86)\Windows Kits\10\\include\10.0.26100.0\\shared\pshpack1.h
注意: 包含文件:         C:\Program Files (x86)\Windows Kits\10\\include\10.0.26100.0\\shared\poppack.h
注意: 包含文件:         C:\Program Files (x86)\Windows Kits\10\\include\10.0.26100.0\\shared\pshpack1.h
注意: 包含文件:         C:\Program Files (x86)\Windows Kits\10\\include\10.0.26100.0\\shared\poppack.h
注意: 包含文件:         C:\Program Files (x86)\Windows Kits\10\\include\10.0.26100.0\\shared\pshpack1.h
注意: 包含文件:         C:\Program Files (x86)\Windows Kits\10\\include\10.0.26100.0\\shared\poppack.h
注意: 包含文件:         C:\Program Files (x86)\Windows Kits\10\\include\10.0.26100.0\\shared\pshpack1.h
注意: 包含文件:         C:\Program Files (x86)\Windows Kits\10\\include\10.0.26100.0\\shared\poppack.h
注意: 包含文件:        C:\Program Files (x86)\Windows Kits\10\\include\10.0.26100.0\\shared\winsmcrd.h
注意: 包含文件:       C:\Program Files (x86)\Windows Kits\10\\include\10.0.26100.0\\um\winspool.h
注意: 包含文件:        C:\Program Files (x86)\Windows Kits\10\\include\10.0.26100.0\\um\prsht.h
注意: 包含文件:         C:\Program Files (x86)\Windows Kits\10\\include\10.0.26100.0\\shared\pshpack8.h
注意: 包含文件:         C:\Program Files (x86)\Windows Kits\10\\include\10.0.26100.0\\shared\poppack.h
注意: 包含文件:       C:\Program Files (x86)\Windows Kits\10\\include\10.0.26100.0\\um\ole2.h
注意: 包含文件:        C:\Program Files (x86)\Windows Kits\10\\include\10.0.26100.0\\shared\pshpack8.h
注意: 包含文件:        C:\Program Files (x86)\Windows Kits\10\\include\10.0.26100.0\\um\objbase.h
注意: 包含文件:         C:\Program Files (x86)\Windows Kits\10\\include\10.0.26100.0\\shared\pshpack8.h
注意: 包含文件:         C:\Program Files (x86)\Windows Kits\10\\include\10.0.26100.0\\um\combaseapi.h
注意: 包含文件:          C:\Program Files (x86)\Windows Kits\10\\include\10.0.26100.0\\shared\pshpack8.h
注意: 包含文件:          C:\Program Files (x86)\Windows Kits\10\\include\10.0.26100.0\\um\unknwnbase.h
注意: 包含文件:          C:\Program Files (x86)\Windows Kits\10\\include\10.0.26100.0\\um\objidlbase.h
注意: 包含文件:          C:\Program Files (x86)\Windows Kits\10\\include\10.0.26100.0\\shared\guiddef.h
注意: 包含文件:          C:\Program Files (x86)\Windows Kits\10\\include\10.0.26100.0\\um\cguid.h
注意: 包含文件:          C:\Program Files (x86)\Windows Kits\10\\include\10.0.26100.0\\shared\poppack.h
注意: 包含文件:         C:\Program Files (x86)\Windows Kits\10\\include\10.0.26100.0\\um\coml2api.h
注意: 包含文件:          C:\Program Files (x86)\Windows Kits\10\\include\10.0.26100.0\\um\objidl.h
注意: 包含文件:           C:\Program Files (x86)\Windows Kits\10\include\10.0.26100.0\um\unknwn.h
注意: 包含文件:          C:\Program Files (x86)\Windows Kits\10\\include\10.0.26100.0\\um\propidlbase.h
注意: 包含文件:           C:\Program Files (x86)\Windows Kits\10\include\10.0.26100.0\um\oaidl.h
注意: 包含文件:         C:\Program Files (x86)\Windows Kits\10\\include\10.0.26100.0\\um\urlmon.h
注意: 包含文件:          C:\Program Files (x86)\Windows Kits\10\include\10.0.26100.0\um\oleidl.h
注意: 包含文件:          C:\Program Files (x86)\Windows Kits\10\include\10.0.26100.0\um\servprov.h
注意: 包含文件:          C:\Program Files (x86)\Windows Kits\10\include\10.0.26100.0\um\msxml.h
注意: 包含文件:         C:\Program Files (x86)\Windows Kits\10\\include\10.0.26100.0\\um\propidl.h
注意: 包含文件:         C:\Program Files (x86)\Windows Kits\10\\include\10.0.26100.0\\shared\poppack.h
注意: 包含文件:        C:\Program Files (x86)\Windows Kits\10\\include\10.0.26100.0\\um\oleauto.h
注意: 包含文件:         C:\Program Files (x86)\Windows Kits\10\\include\10.0.26100.0\\shared\pshpack8.h
注意: 包含文件:         C:\Program Files (x86)\Windows Kits\10\\include\10.0.26100.0\\shared\poppack.h
注意: 包含文件:        C:\Program Files (x86)\Windows Kits\10\\include\10.0.26100.0\\shared\poppack.h
注意: 包含文件:       C:\Program Files (x86)\Windows Kits\10\\include\10.0.26100.0\\um\commdlg.h
注意: 包含文件:        C:\Program Files (x86)\Windows Kits\10\\include\10.0.26100.0\\um\prsht.h
注意: 包含文件:       C:\Program Files (x86)\Windows Kits\10\\include\10.0.26100.0\\shared\stralign.h
注意: 包含文件:       C:\Program Files (x86)\Windows Kits\10\\include\10.0.26100.0\\um\winsvc.h
注意: 包含文件:       C:\Program Files (x86)\Windows Kits\10\\include\10.0.26100.0\\um\mcx.h
注意: 包含文件:       C:\Program Files (x86)\Windows Kits\10\\include\10.0.26100.0\\um\imm.h
注意: 包含文件:        C:\Program Files (x86)\Windows Kits\10\\include\10.0.26100.0\\um\ime_cmodes.h
C:\Users\user\output\deepseek-v4部署\fastllm-master\include\devices/cpu/alivethreadpool.h(136): warning C4267: “初始化”: 从“size_t”转换到“int”，可能丢失数据
C:\Users\user\output\deepseek-v4部署\fastllm-master\include\devices/cpu/alivethreadpool.h(176): warning C4267: “初始化”: 从“size_t”转换到“int”，可能丢失数据
C:\Users\user\output\deepseek-v4部署\fastllm-master\include\devices/cpu/alivethreadpool.h(236): warning C4267: “初始化”: 从“size_t”转换到“int”，可能丢失数据
C:\Users\user\output\deepseek-v4部署\fastllm-master\include\devices/cpu/alivethreadpool.h(237): warning C4267: “初始化”: 从“size_t”转换到“int”，可能丢失数据
C:\Users\user\output\deepseek-v4部署\fastllm-master\include\devices/cpu/alivethreadpool.h(238): warning C4267: “初始化”: 从“size_t”转换到“int”，可能丢失数据
C:\Users\user\output\deepseek-v4部署\fastllm-master\include\devices/cpu/alivethreadpool.h(281): warning C4267: “初始化”: 从“size_t”转换到“int”，可能丢失数据
C:\Users\user\output\deepseek-v4部署\fastllm-master\include\devices/cpu/alivethreadpool.h(327): warning C4267: “初始化”: 从“size_t”转换到“int”，可能丢失数据
C:\Users\user\output\deepseek-v4部署\fastllm-master\include\devices/cpu/alivethreadpool.h(330): warning C4267: “初始化”: 从“size_t”转换到“int”，可能丢失数据
C:\Users\user\output\deepseek-v4部署\fastllm-master\include\devices/cpu/alivethreadpool.h(370): warning C4267: “初始化”: 从“size_t”转换到“int”，可能丢失数据
C:\Users\user\output\deepseek-v4部署\fastllm-master\include\devices/cpu/alivethreadpool.h(372): warning C4267: “初始化”: 从“size_t”转换到“int”，可能丢失数据
注意: 包含文件:     C:\Users\user\output\deepseek-v4部署\fastllm-master\third_party\json11\json11.hpp
C:\Users\user\output\deepseek-v4部署\fastllm-master\include\fastllm.h(222): warning C4244: “初始化”: 从“int”转换到“float”，可能丢失数据
C:\Users\user\output\deepseek-v4部署\fastllm-master\include\fastllm.h(222): warning C4244: “初始化”: 从“int”转换到“const float”，可能丢失数据
C:\Users\user\output\deepseek-v4部署\fastllm-master\include\fastllm.h(227): warning C4244: “=”: 从“float”转换到“uint8_t”，可能丢失数据
C:\Users\user\output\deepseek-v4部署\fastllm-master\include\fastllm.h(229): warning C4244: “=”: 从“const float”转换到“uint8_t”，可能丢失数据
C:\Users\user\output\deepseek-v4部署\fastllm-master\include\fastllm.h(687): warning C4996: 'std::codecvt_utf8<wchar_t,1114111,(std::codecvt_mode)0>': warning STL4017: std::wbuffer_convert, std::wstring_convert, and the <codecvt> header (containing std::codecvt_mode, std::codecvt_utf8, std::codecvt_utf16, and std::codecvt_utf8_utf16) are deprecated in C++17. (The std::codecvt class template is NOT deprecated.) The C++ Standard doesn't provide equivalent non-deprecated functionality; consider using MultiByteToWideChar() and WideCharToMultiByte() from <Windows.h> instead. You can define _SILENCE_CXX17_CODECVT_HEADER_DEPRECATION_WARNING or _SILENCE_ALL_CXX17_DEPRECATION_WARNINGS to suppress this warning.
C:\Program Files (x86)\Microsoft Visual Studio\2022\BuildTools\VC\Tools\MSVC\14.44.35207\include\codecvt(34): note: 参见“std::codecvt_utf8”的声明
C:\Users\user\output\deepseek-v4部署\fastllm-master\include\fastllm.h(687): warning C4996: 'std::wstring_convert<std::codecvt_utf8<wchar_t,1114111,(std::codecvt_mode)0>,wchar_t,std::allocator<wchar_t>,std::allocator<char>>': warning STL4017: std::wbuffer_convert, std::wstring_convert, and the <codecvt> header (containing std::codecvt_mode, std::codecvt_utf8, std::codecvt_utf16, and std::codecvt_utf8_utf16) are deprecated in C++17. (The std::codecvt class template is NOT deprecated.) The C++ Standard doesn't provide equivalent non-deprecated functionality; consider using MultiByteToWideChar() and WideCharToMultiByte() from <Windows.h> instead. You can define _SILENCE_CXX17_CODECVT_HEADER_DEPRECATION_WARNING or _SILENCE_ALL_CXX17_DEPRECATION_WARNINGS to suppress this warning.
C:\Program Files (x86)\Microsoft Visual Studio\2022\BuildTools\VC\Tools\MSVC\14.44.35207\include\xlocbuf(303): note: 参见“std::wstring_convert”的声明
注意: 包含文件:    C:\Users\user\output\deepseek-v4部署\fastllm-master\include\blocks\baseblock.h
注意: 包含文件:    C:\Users\user\output\deepseek-v4部署\fastllm-master\include\template.h
注意: 包含文件:     C:\Users\user\output\deepseek-v4部署\fastllm-master\include\utils/utils.h
注意: 包含文件:      C:\Program Files (x86)\Windows Kits\10\include\10.0.26100.0\ucrt\fcntl.h
注意: 包含文件:      C:\Program Files (x86)\Microsoft Visual Studio\2022\BuildTools\VC\Tools\MSVC\14.44.35207\include\array
注意: 包含文件:      C:\Program Files (x86)\Microsoft Visual Studio\2022\BuildTools\VC\Tools\MSVC\14.44.35207\include\filesystem
注意: 包含文件:       C:\Program Files (x86)\Microsoft Visual Studio\2022\BuildTools\VC\Tools\MSVC\14.44.35207\include\iomanip
C:\Users\user\output\deepseek-v4部署\fastllm-master\include\utils/utils.h(30): warning C4067: 预处理器指令后有意外标记 - 应输入换行符
注意: 包含文件:      C:\Program Files (x86)\Windows Kits\10\include\10.0.26100.0\ucrt\io.h
注意: 包含文件:       C:\Program Files (x86)\Windows Kits\10\include\10.0.26100.0\ucrt\corecrt_io.h
C:\Users\user\output\deepseek-v4部署\fastllm-master\include\utils/utils.h(109): warning C4996: '_wfopen': This function or variable may be unsafe. Consider using _wfopen_s instead. To disable deprecation, use _CRT_SECURE_NO_WARNINGS. See online help for details.
C:\Users\user\output\deepseek-v4部署\fastllm-master\include\utils/utils.h(118): warning C4996: '_wopen': This function or variable may be unsafe. Consider using _wsopen_s instead. To disable deprecation, use _CRT_SECURE_NO_WARNINGS. See online help for details.
C:\Users\user\output\deepseek-v4部署\fastllm-master\include\utils/utils.h(150): warning C4244: “return”: 从“double”转换到“float”，可能丢失数据
C:\Users\user\output\deepseek-v4部署\fastllm-master\include\utils/utils.h(355): warning C4267: “初始化”: 从“size_t”转换到“int”，可能丢失数据
C:\Users\user\output\deepseek-v4部署\fastllm-master\include\utils/utils.h(417): warning C4244: “+=”: 从“double”转换到“float”，可能丢失数据
注意: 包含文件:    C:\Program Files (x86)\Microsoft Visual Studio\2022\BuildTools\VC\Tools\MSVC\14.44.35207\include\condition_variable
C:\Users\user\output\deepseek-v4部署\fastllm-master\include\models\basellm.h(344): warning C4305: “初始化”: 从“double”到“float”截断
C:\Users\user\output\deepseek-v4部署\fastllm-master\include\models\basellm.h(348): warning C4244: “初始化”: 从“double”转换到“const float”，可能丢失数据
注意: 包含文件:   C:\Users\user\output\deepseek-v4部署\fastllm-master\include\graph.h
注意: 包含文件:    C:\Users\user\output\deepseek-v4部署\fastllm-master\include\executor.h
注意: 包含文件:     C:\Users\user\output\deepseek-v4部署\fastllm-master\include\device.h
C:\Users\user\output\deepseek-v4部署\fastllm-master\include\models\graphllm.h(78): warning C4305: “初始化”: 从“double”到“float”截断
C:\Users\user\output\deepseek-v4部署\fastllm-master\src\models\graph\minicpm3.cpp(50): warning C4244: “初始化”: 从“double”转换到“float”，可能丢失数据
C:\Users\user\output\deepseek-v4部署\fastllm-master\src\models\graph\minicpm3.cpp(51): warning C4244: “初始化”: 从“double”转换到“float”，可能丢失数据
C:\Users\user\output\deepseek-v4部署\fastllm-master\src\models\graph\minicpm3.cpp(65): warning C4244: “参数”: 从“double”转换到“float”，可能丢失数据
C:\Users\user\output\deepseek-v4部署\fastllm-master\src\models\graph\minicpm3.cpp(91): warning C4244: “参数”: 从“double”转换到“float”，可能丢失数据
[13/33] Building CXX object CMakeFiles\fastllm_tools.dir\src\models\graph\phi3.cpp.obj
注意: 包含文件:  C:\Users\user\output\deepseek-v4部署\fastllm-master\include\models\graphllm.h
注意: 包含文件:   C:\Users\user\output\deepseek-v4部署\fastllm-master\include\models\basellm.h
注意: 包含文件:    C:\Users\user\output\deepseek-v4部署\fastllm-master\include\fastllm.h
注意: 包含文件:     C:\Program Files (x86)\Microsoft Visual Studio\2022\BuildTools\VC\Tools\MSVC\14.44.35207\include\vector
注意: 包含文件:      C:\Program Files (x86)\Microsoft Visual Studio\2022\BuildTools\VC\Tools\MSVC\14.44.35207\include\yvals_core.h
注意: 包含文件:       C:\Program Files (x86)\Microsoft Visual Studio\2022\BuildTools\VC\Tools\MSVC\14.44.35207\include\vcruntime.h
注意: 包含文件:        C:\Program Files (x86)\Microsoft Visual Studio\2022\BuildTools\VC\Tools\MSVC\14.44.35207\include\sal.h
注意: 包含文件:         C:\Program Files (x86)\Microsoft Visual Studio\2022\BuildTools\VC\Tools\MSVC\14.44.35207\include\concurrencysal.h
注意: 包含文件:        C:\Program Files (x86)\Microsoft Visual Studio\2022\BuildTools\VC\Tools\MSVC\14.44.35207\include\vadefs.h
注意: 包含文件:       C:\Program Files (x86)\Microsoft Visual Studio\2022\BuildTools\VC\Tools\MSVC\14.44.35207\include\xkeycheck.h
注意: 包含文件:      C:\Program Files (x86)\Microsoft Visual Studio\2022\BuildTools\VC\Tools\MSVC\14.44.35207\include\__msvc_bit_utils.hpp
注意: 包含文件:       C:\Program Files (x86)\Microsoft Visual Studio\2022\BuildTools\VC\Tools\MSVC\14.44.35207\include\climits
注意: 包含文件:        C:\Program Files (x86)\Microsoft Visual Studio\2022\BuildTools\VC\Tools\MSVC\14.44.35207\include\limits.h
注意: 包含文件:       C:\Program Files (x86)\Microsoft Visual Studio\2022\BuildTools\VC\Tools\MSVC\14.44.35207\include\xtr1common
注意: 包含文件:       C:\Program Files (x86)\Microsoft Visual Studio\2022\BuildTools\VC\Tools\MSVC\14.44.35207\include\intrin0.h
注意: 包含文件:        C:\Program Files (x86)\Microsoft Visual Studio\2022\BuildTools\VC\Tools\MSVC\14.44.35207\include\intrin0.inl.h
注意: 包含文件:      C:\Program Files (x86)\Microsoft Visual Studio\2022\BuildTools\VC\Tools\MSVC\14.44.35207\include\__msvc_sanitizer_annotate_container.hpp
注意: 包含文件:      C:\Program Files (x86)\Microsoft Visual Studio\2022\BuildTools\VC\Tools\MSVC\14.44.35207\include\xmemory
注意: 包含文件:       C:\Program Files (x86)\Microsoft Visual Studio\2022\BuildTools\VC\Tools\MSVC\14.44.35207\include\cstdint
注意: 包含文件:        C:\Program Files (x86)\Microsoft Visual Studio\2022\BuildTools\VC\Tools\MSVC\14.44.35207\include\stdint.h
注意: 包含文件:       C:\Program Files (x86)\Microsoft Visual Studio\2022\BuildTools\VC\Tools\MSVC\14.44.35207\include\cstdlib
注意: 包含文件:        C:\Program Files (x86)\Windows Kits\10\include\10.0.26100.0\ucrt\math.h
注意: 包含文件:         C:\Program Files (x86)\Windows Kits\10\include\10.0.26100.0\ucrt\corecrt_math.h
注意: 包含文件:          C:\Program Files (x86)\Windows Kits\10\include\10.0.26100.0\ucrt\corecrt.h
注意: 包含文件:         C:\Program Files (x86)\Windows Kits\10\include\10.0.26100.0\ucrt\corecrt_math_defines.h
注意: 包含文件:        C:\Program Files (x86)\Windows Kits\10\include\10.0.26100.0\ucrt\stdlib.h
注意: 包含文件:         C:\Program Files (x86)\Windows Kits\10\include\10.0.26100.0\ucrt\corecrt_malloc.h
注意: 包含文件:         C:\Program Files (x86)\Windows Kits\10\include\10.0.26100.0\ucrt\corecrt_search.h
注意: 包含文件:          C:\Program Files (x86)\Windows Kits\10\include\10.0.26100.0\ucrt\stddef.h
注意: 包含文件:         C:\Program Files (x86)\Windows Kits\10\include\10.0.26100.0\ucrt\corecrt_wstdlib.h
注意: 包含文件:       C:\Program Files (x86)\Microsoft Visual Studio\2022\BuildTools\VC\Tools\MSVC\14.44.35207\include\limits
注意: 包含文件:        C:\Program Files (x86)\Microsoft Visual Studio\2022\BuildTools\VC\Tools\MSVC\14.44.35207\include\cfloat
注意: 包含文件:         C:\Program Files (x86)\Windows Kits\10\include\10.0.26100.0\ucrt\float.h
注意: 包含文件:        C:\Program Files (x86)\Microsoft Visual Studio\2022\BuildTools\VC\Tools\MSVC\14.44.35207\include\cwchar
注意: 包含文件:         C:\Program Files (x86)\Microsoft Visual Studio\2022\BuildTools\VC\Tools\MSVC\14.44.35207\include\cstdio
注意: 包含文件:          C:\Program Files (x86)\Windows Kits\10\include\10.0.26100.0\ucrt\stdio.h
注意: 包含文件:           C:\Program Files (x86)\Windows Kits\10\include\10.0.26100.0\ucrt\corecrt_wstdio.h
注意: 包含文件:            C:\Program Files (x86)\Windows Kits\10\include\10.0.26100.0\ucrt\corecrt_stdio_config.h
注意: 包含文件:         C:\Program Files (x86)\Windows Kits\10\include\10.0.26100.0\ucrt\wchar.h
注意: 包含文件:          C:\Program Files (x86)\Windows Kits\10\include\10.0.26100.0\ucrt\corecrt_memcpy_s.h
注意: 包含文件:           C:\Program Files (x86)\Windows Kits\10\include\10.0.26100.0\ucrt\errno.h
注意: 包含文件:           C:\Program Files (x86)\Microsoft Visual Studio\2022\BuildTools\VC\Tools\MSVC\14.44.35207\include\vcruntime_string.h
注意: 包含文件:          C:\Program Files (x86)\Windows Kits\10\include\10.0.26100.0\ucrt\corecrt_wconio.h
注意: 包含文件:          C:\Program Files (x86)\Windows Kits\10\include\10.0.26100.0\ucrt\corecrt_wctype.h
注意: 包含文件:          C:\Program Files (x86)\Windows Kits\10\include\10.0.26100.0\ucrt\corecrt_wdirect.h
注意: 包含文件:          C:\Program Files (x86)\Windows Kits\10\include\10.0.26100.0\ucrt\corecrt_wio.h
注意: 包含文件:           C:\Program Files (x86)\Windows Kits\10\include\10.0.26100.0\ucrt\corecrt_share.h
注意: 包含文件:          C:\Program Files (x86)\Windows Kits\10\include\10.0.26100.0\ucrt\corecrt_wprocess.h
注意: 包含文件:          C:\Program Files (x86)\Windows Kits\10\include\10.0.26100.0\ucrt\corecrt_wstring.h
注意: 包含文件:          C:\Program Files (x86)\Windows Kits\10\include\10.0.26100.0\ucrt\corecrt_wtime.h
注意: 包含文件:          C:\Program Files (x86)\Windows Kits\10\include\10.0.26100.0\ucrt\sys/stat.h
注意: 包含文件:           C:\Program Files (x86)\Windows Kits\10\include\10.0.26100.0\ucrt\sys/types.h
注意: 包含文件:          C:\Program Files (x86)\Microsoft Visual Studio\2022\BuildTools\VC\Tools\MSVC\14.44.35207\include\intrin.h
注意: 包含文件:           C:\Program Files (x86)\Microsoft Visual Studio\2022\BuildTools\VC\Tools\MSVC\14.44.35207\include\setjmp.h
注意: 包含文件:           C:\Program Files (x86)\Microsoft Visual Studio\2022\BuildTools\VC\Tools\MSVC\14.44.35207\include\immintrin.h
注意: 包含文件:            C:\Program Files (x86)\Microsoft Visual Studio\2022\BuildTools\VC\Tools\MSVC\14.44.35207\include\wmmintrin.h
注意: 包含文件:             C:\Program Files (x86)\Microsoft Visual Studio\2022\BuildTools\VC\Tools\MSVC\14.44.35207\include\nmmintrin.h
注意: 包含文件:              C:\Program Files (x86)\Microsoft Visual Studio\2022\BuildTools\VC\Tools\MSVC\14.44.35207\include\smmintrin.h
注意: 包含文件:               C:\Program Files (x86)\Microsoft Visual Studio\2022\BuildTools\VC\Tools\MSVC\14.44.35207\include\tmmintrin.h
注意: 包含文件:                C:\Program Files (x86)\Microsoft Visual Studio\2022\BuildTools\VC\Tools\MSVC\14.44.35207\include\pmmintrin.h
注意: 包含文件:                 C:\Program Files (x86)\Microsoft Visual Studio\2022\BuildTools\VC\Tools\MSVC\14.44.35207\include\emmintrin.h
注意: 包含文件:                  C:\Program Files (x86)\Microsoft Visual Studio\2022\BuildTools\VC\Tools\MSVC\14.44.35207\include\xmmintrin.h
注意: 包含文件:                   C:\Program Files (x86)\Microsoft Visual Studio\2022\BuildTools\VC\Tools\MSVC\14.44.35207\include\mmintrin.h
注意: 包含文件:                   C:\Program Files (x86)\Windows Kits\10\include\10.0.26100.0\ucrt\malloc.h
注意: 包含文件:            C:\Program Files (x86)\Microsoft Visual Studio\2022\BuildTools\VC\Tools\MSVC\14.44.35207\include\zmmintrin.h
注意: 包含文件:           C:\Program Files (x86)\Microsoft Visual Studio\2022\BuildTools\VC\Tools\MSVC\14.44.35207\include\ammintrin.h
注意: 包含文件:       C:\Program Files (x86)\Microsoft Visual Studio\2022\BuildTools\VC\Tools\MSVC\14.44.35207\include\new
注意: 包含文件:        C:\Program Files (x86)\Microsoft Visual Studio\2022\BuildTools\VC\Tools\MSVC\14.44.35207\include\exception
注意: 包含文件:         C:\Program Files (x86)\Microsoft Visual Studio\2022\BuildTools\VC\Tools\MSVC\14.44.35207\include\yvals.h
注意: 包含文件:          C:\Program Files (x86)\Windows Kits\10\include\10.0.26100.0\ucrt\crtdbg.h
注意: 包含文件:           C:\Program Files (x86)\Microsoft Visual Studio\2022\BuildTools\VC\Tools\MSVC\14.44.35207\include\vcruntime_new_debug.h
注意: 包含文件:            C:\Program Files (x86)\Microsoft Visual Studio\2022\BuildTools\VC\Tools\MSVC\14.44.35207\include\vcruntime_new.h
注意: 包含文件:          C:\Program Files (x86)\Microsoft Visual Studio\2022\BuildTools\VC\Tools\MSVC\14.44.35207\include\crtdefs.h
注意: 包含文件:          C:\Program Files (x86)\Microsoft Visual Studio\2022\BuildTools\VC\Tools\MSVC\14.44.35207\include\use_ansi.h
注意: 包含文件:         C:\Program Files (x86)\Microsoft Visual Studio\2022\BuildTools\VC\Tools\MSVC\14.44.35207\include\type_traits
注意: 包含文件:          C:\Program Files (x86)\Microsoft Visual Studio\2022\BuildTools\VC\Tools\MSVC\14.44.35207\include\cstddef
注意: 包含文件:          C:\Program Files (x86)\Microsoft Visual Studio\2022\BuildTools\VC\Tools\MSVC\14.44.35207\include\cstring
注意: 包含文件:           C:\Program Files (x86)\Windows Kits\10\include\10.0.26100.0\ucrt\string.h
注意: 包含文件:            C:\Program Files (x86)\Windows Kits\10\include\10.0.26100.0\ucrt\corecrt_memory.h
注意: 包含文件:         C:\Program Files (x86)\Microsoft Visual Studio\2022\BuildTools\VC\Tools\MSVC\14.44.35207\include\vcruntime_exception.h
注意: 包含文件:          C:\Program Files (x86)\Microsoft Visual Studio\2022\BuildTools\VC\Tools\MSVC\14.44.35207\include\eh.h
注意: 包含文件:           C:\Program Files (x86)\Windows Kits\10\include\10.0.26100.0\ucrt\corecrt_terminate.h
注意: 包含文件:       C:\Program Files (x86)\Microsoft Visual Studio\2022\BuildTools\VC\Tools\MSVC\14.44.35207\include\xatomic.h
注意: 包含文件:       C:\Program Files (x86)\Microsoft Visual Studio\2022\BuildTools\VC\Tools\MSVC\14.44.35207\include\xutility
注意: 包含文件:        C:\Program Files (x86)\Microsoft Visual Studio\2022\BuildTools\VC\Tools\MSVC\14.44.35207\include\__msvc_iter_core.hpp
注意: 包含文件:         C:\Program Files (x86)\Microsoft Visual Studio\2022\BuildTools\VC\Tools\MSVC\14.44.35207\include\utility
注意: 包含文件:          C:\Program Files (x86)\Microsoft Visual Studio\2022\BuildTools\VC\Tools\MSVC\14.44.35207\include\initializer_list
注意: 包含文件:      C:\Program Files (x86)\Microsoft Visual Studio\2022\BuildTools\VC\Tools\MSVC\14.44.35207\include\xpolymorphic_allocator.h
注意: 包含文件:       C:\Program Files (x86)\Microsoft Visual Studio\2022\BuildTools\VC\Tools\MSVC\14.44.35207\include\tuple
注意: 包含文件:     C:\Program Files (x86)\Microsoft Visual Studio\2022\BuildTools\VC\Tools\MSVC\14.44.35207\include\string
注意: 包含文件:      C:\Program Files (x86)\Microsoft Visual Studio\2022\BuildTools\VC\Tools\MSVC\14.44.35207\include\xstring
注意: 包含文件:       C:\Program Files (x86)\Microsoft Visual Studio\2022\BuildTools\VC\Tools\MSVC\14.44.35207\include\__msvc_string_view.hpp
注意: 包含文件:        C:\Program Files (x86)\Microsoft Visual Studio\2022\BuildTools\VC\Tools\MSVC\14.44.35207\include\iosfwd
注意: 包含文件:      C:\Program Files (x86)\Microsoft Visual Studio\2022\BuildTools\VC\Tools\MSVC\14.44.35207\include\cctype
注意: 包含文件:       C:\Program Files (x86)\Windows Kits\10\include\10.0.26100.0\ucrt\ctype.h
注意: 包含文件:     C:\Program Files (x86)\Microsoft Visual Studio\2022\BuildTools\VC\Tools\MSVC\14.44.35207\include\map
注意: 包含文件:      C:\Program Files (x86)\Microsoft Visual Studio\2022\BuildTools\VC\Tools\MSVC\14.44.35207\include\xtree
注意: 包含文件:       C:\Program Files (x86)\Microsoft Visual Studio\2022\BuildTools\VC\Tools\MSVC\14.44.35207\include\xnode_handle.h
注意: 包含文件:     C:\Program Files (x86)\Microsoft Visual Studio\2022\BuildTools\VC\Tools\MSVC\14.44.35207\include\set
注意: 包含文件:     C:\Program Files (x86)\Microsoft Visual Studio\2022\BuildTools\VC\Tools\MSVC\14.44.35207\include\queue
注意: 包含文件:      C:\Program Files (x86)\Microsoft Visual Studio\2022\BuildTools\VC\Tools\MSVC\14.44.35207\include\__msvc_heap_algorithms.hpp
注意: 包含文件:      C:\Program Files (x86)\Microsoft Visual Studio\2022\BuildTools\VC\Tools\MSVC\14.44.35207\include\deque
注意: 包含文件:     C:\Program Files (x86)\Microsoft Visual Studio\2022\BuildTools\VC\Tools\MSVC\14.44.35207\include\unordered_map
注意: 包含文件:      C:\Program Files (x86)\Microsoft Visual Studio\2022\BuildTools\VC\Tools\MSVC\14.44.35207\include\xhash
注意: 包含文件:       C:\Program Files (x86)\Microsoft Visual Studio\2022\BuildTools\VC\Tools\MSVC\14.44.35207\include\cmath
注意: 包含文件:       C:\Program Files (x86)\Microsoft Visual Studio\2022\BuildTools\VC\Tools\MSVC\14.44.35207\include\list
注意: 包含文件:       C:\Program Files (x86)\Microsoft Visual Studio\2022\BuildTools\VC\Tools\MSVC\14.44.35207\include\xbit_ops.h
注意: 包含文件:     C:\Program Files (x86)\Microsoft Visual Studio\2022\BuildTools\VC\Tools\MSVC\14.44.35207\include\unordered_set
注意: 包含文件:     C:\Program Files (x86)\Microsoft Visual Studio\2022\BuildTools\VC\Tools\MSVC\14.44.35207\include\algorithm
注意: 包含文件:      C:\Program Files (x86)\Microsoft Visual Studio\2022\BuildTools\VC\Tools\MSVC\14.44.35207\include\__msvc_minmax.hpp
注意: 包含文件:     C:\Program Files (x86)\Microsoft Visual Studio\2022\BuildTools\VC\Tools\MSVC\14.44.35207\include\iostream
注意: 包含文件:      C:\Program Files (x86)\Microsoft Visual Studio\2022\BuildTools\VC\Tools\MSVC\14.44.35207\include\istream
注意: 包含文件:       C:\Program Files (x86)\Microsoft Visual Studio\2022\BuildTools\VC\Tools\MSVC\14.44.35207\include\__msvc_ostream.hpp
注意: 包含文件:        C:\Program Files (x86)\Microsoft Visual Studio\2022\BuildTools\VC\Tools\MSVC\14.44.35207\include\ios
注意: 包含文件:         C:\Program Files (x86)\Microsoft Visual Studio\2022\BuildTools\VC\Tools\MSVC\14.44.35207\include\xlocnum
注意: 包含文件:          C:\Program Files (x86)\Microsoft Visual Studio\2022\BuildTools\VC\Tools\MSVC\14.44.35207\include\iterator
注意: 包含文件:          C:\Program Files (x86)\Microsoft Visual Studio\2022\BuildTools\VC\Tools\MSVC\14.44.35207\include\streambuf
注意: 包含文件:           C:\Program Files (x86)\Microsoft Visual Studio\2022\BuildTools\VC\Tools\MSVC\14.44.35207\include\xiosbase
注意: 包含文件:            C:\Program Files (x86)\Windows Kits\10\include\10.0.26100.0\ucrt\share.h
注意: 包含文件:            C:\Program Files (x86)\Microsoft Visual Studio\2022\BuildTools\VC\Tools\MSVC\14.44.35207\include\system_error
注意: 包含文件:             C:\Program Files (x86)\Microsoft Visual Studio\2022\BuildTools\VC\Tools\MSVC\14.44.35207\include\__msvc_system_error_abi.hpp
注意: 包含文件:             C:\Program Files (x86)\Microsoft Visual Studio\2022\BuildTools\VC\Tools\MSVC\14.44.35207\include\cerrno
注意: 包含文件:             C:\Program Files (x86)\Microsoft Visual Studio\2022\BuildTools\VC\Tools\MSVC\14.44.35207\include\stdexcept
注意: 包含文件:             C:\Program Files (x86)\Microsoft Visual Studio\2022\BuildTools\VC\Tools\MSVC\14.44.35207\include\xcall_once.h
注意: 包含文件:             C:\Program Files (x86)\Microsoft Visual Studio\2022\BuildTools\VC\Tools\MSVC\14.44.35207\include\xerrc.h
注意: 包含文件:             C:\Program Files (x86)\Microsoft Visual Studio\2022\BuildTools\VC\Tools\MSVC\14.44.35207\include\atomic
注意: 包含文件:              C:\Program Files (x86)\Microsoft Visual Studio\2022\BuildTools\VC\Tools\MSVC\14.44.35207\include\xthreads.h
注意: 包含文件:               C:\Program Files (x86)\Microsoft Visual Studio\2022\BuildTools\VC\Tools\MSVC\14.44.35207\include\__msvc_threads_core.hpp
注意: 包含文件:               C:\Program Files (x86)\Microsoft Visual Studio\2022\BuildTools\VC\Tools\MSVC\14.44.35207\include\xtimec.h
注意: 包含文件:                C:\Program Files (x86)\Microsoft Visual Studio\2022\BuildTools\VC\Tools\MSVC\14.44.35207\include\ctime
注意: 包含文件:                 C:\Program Files (x86)\Windows Kits\10\include\10.0.26100.0\ucrt\time.h
注意: 包含文件:            C:\Program Files (x86)\Microsoft Visual Studio\2022\BuildTools\VC\Tools\MSVC\14.44.35207\include\xlocale
注意: 包含文件:             C:\Program Files (x86)\Microsoft Visual Studio\2022\BuildTools\VC\Tools\MSVC\14.44.35207\include\memory
注意: 包含文件:              C:\Program Files (x86)\Microsoft Visual Studio\2022\BuildTools\VC\Tools\MSVC\14.44.35207\include\typeinfo
注意: 包含文件:               C:\Program Files (x86)\Microsoft Visual Studio\2022\BuildTools\VC\Tools\MSVC\14.44.35207\include\vcruntime_typeinfo.h
注意: 包含文件:             C:\Program Files (x86)\Microsoft Visual Studio\2022\BuildTools\VC\Tools\MSVC\14.44.35207\include\xfacet
注意: 包含文件:             C:\Program Files (x86)\Microsoft Visual Studio\2022\BuildTools\VC\Tools\MSVC\14.44.35207\include\xlocinfo
注意: 包含文件:              C:\Program Files (x86)\Microsoft Visual Studio\2022\BuildTools\VC\Tools\MSVC\14.44.35207\include\__msvc_xlocinfo_types.hpp
注意: 包含文件:              C:\Program Files (x86)\Microsoft Visual Studio\2022\BuildTools\VC\Tools\MSVC\14.44.35207\include\clocale
注意: 包含文件:               C:\Program Files (x86)\Windows Kits\10\include\10.0.26100.0\ucrt\locale.h
注意: 包含文件:      C:\Program Files (x86)\Microsoft Visual Studio\2022\BuildTools\VC\Tools\MSVC\14.44.35207\include\ostream
注意: 包含文件:     C:\Program Files (x86)\Microsoft Visual Studio\2022\BuildTools\VC\Tools\MSVC\14.44.35207\include\functional
注意: 包含文件:     C:\Program Files (x86)\Microsoft Visual Studio\2022\BuildTools\VC\Tools\MSVC\14.44.35207\include\mutex
注意: 包含文件:      C:\Program Files (x86)\Microsoft Visual Studio\2022\BuildTools\VC\Tools\MSVC\14.44.35207\include\__msvc_chrono.hpp
注意: 包含文件:       C:\Program Files (x86)\Microsoft Visual Studio\2022\BuildTools\VC\Tools\MSVC\14.44.35207\include\ratio
注意: 包含文件:      C:\Program Files (x86)\Microsoft Visual Studio\2022\BuildTools\VC\Tools\MSVC\14.44.35207\include\thread
注意: 包含文件:       C:\Program Files (x86)\Windows Kits\10\include\10.0.26100.0\ucrt\process.h
注意: 包含文件:        C:\Program Files (x86)\Windows Kits\10\include\10.0.26100.0\ucrt\corecrt_startup.h
注意: 包含文件:         C:\Program Files (x86)\Windows Kits\10\include\10.0.26100.0\ucrt\math.h
注意: 包含文件:         C:\Program Files (x86)\Microsoft Visual Studio\2022\BuildTools\VC\Tools\MSVC\14.44.35207\include\vcruntime_startup.h
注意: 包含文件:     C:\Program Files (x86)\Microsoft Visual Studio\2022\BuildTools\VC\Tools\MSVC\14.44.35207\include\locale
注意: 包含文件:      C:\Program Files (x86)\Microsoft Visual Studio\2022\BuildTools\VC\Tools\MSVC\14.44.35207\include\xlocbuf
注意: 包含文件:      C:\Program Files (x86)\Microsoft Visual Studio\2022\BuildTools\VC\Tools\MSVC\14.44.35207\include\xlocmes
注意: 包含文件:      C:\Program Files (x86)\Microsoft Visual Studio\2022\BuildTools\VC\Tools\MSVC\14.44.35207\include\xlocmon
注意: 包含文件:      C:\Program Files (x86)\Microsoft Visual Studio\2022\BuildTools\VC\Tools\MSVC\14.44.35207\include\xloctime
注意: 包含文件:     C:\Program Files (x86)\Microsoft Visual Studio\2022\BuildTools\VC\Tools\MSVC\14.44.35207\include\codecvt
注意: 包含文件:     C:\Users\user\output\deepseek-v4部署\fastllm-master\include\devices/cpu/alivethreadpool.h
注意: 包含文件:      C:\Program Files (x86)\Microsoft Visual Studio\2022\BuildTools\VC\Tools\MSVC\14.44.35207\include\chrono
注意: 包含文件:       C:\Program Files (x86)\Microsoft Visual Studio\2022\BuildTools\VC\Tools\MSVC\14.44.35207\include\xfilesystem_abi.h
注意: 包含文件:      C:\Program Files (x86)\Windows Kits\10\\include\10.0.26100.0\\um\Windows.h
注意: 包含文件:       C:\Program Files (x86)\Windows Kits\10\\include\10.0.26100.0\\shared\winapifamily.h
注意: 包含文件:        C:\Program Files (x86)\Windows Kits\10\\include\10.0.26100.0\\shared\winpackagefamily.h
注意: 包含文件:       C:\Program Files (x86)\Windows Kits\10\\include\10.0.26100.0\\shared\sdkddkver.h
注意: 包含文件:       C:\Program Files (x86)\Microsoft Visual Studio\2022\BuildTools\VC\Tools\MSVC\14.44.35207\include\excpt.h
注意: 包含文件:       C:\Program Files (x86)\Microsoft Visual Studio\2022\BuildTools\VC\Tools\MSVC\14.44.35207\include\stdarg.h
注意: 包含文件:       C:\Program Files (x86)\Windows Kits\10\\include\10.0.26100.0\\shared\windef.h
注意: 包含文件:        C:\Program Files (x86)\Windows Kits\10\\include\10.0.26100.0\\shared\minwindef.h
注意: 包含文件:         C:\Program Files (x86)\Windows Kits\10\\include\10.0.26100.0\\shared\specstrings.h
注意: 包含文件:          C:\Program Files (x86)\Windows Kits\10\\include\10.0.26100.0\\shared\specstrings_strict.h
注意: 包含文件:           C:\Program Files (x86)\Windows Kits\10\\include\10.0.26100.0\\shared\specstrings_undef.h
注意: 包含文件:          C:\Program Files (x86)\Windows Kits\10\\include\10.0.26100.0\\shared\driverspecs.h
注意: 包含文件:           C:\Program Files (x86)\Windows Kits\10\include\10.0.26100.0\shared\sdv_driverspecs.h
注意: 包含文件:         C:\Program Files (x86)\Windows Kits\10\\include\10.0.26100.0\\um\winnt.h
注意: 包含文件:          C:\Program Files (x86)\Windows Kits\10\\include\10.0.26100.0\\shared\kernelspecs.h
注意: 包含文件:          C:\Program Files (x86)\Windows Kits\10\\include\10.0.26100.0\\shared\basetsd.h
注意: 包含文件:          C:\Program Files (x86)\Windows Kits\10\\include\10.0.26100.0\\shared\guiddef.h
注意: 包含文件:          C:\Program Files (x86)\Windows Kits\10\include\10.0.26100.0\shared\pshpack4.h
注意: 包含文件:          C:\Program Files (x86)\Windows Kits\10\include\10.0.26100.0\shared\poppack.h
注意: 包含文件:          C:\Program Files (x86)\Windows Kits\10\\include\10.0.26100.0\\shared\pshpack4.h
注意: 包含文件:          C:\Program Files (x86)\Windows Kits\10\\include\10.0.26100.0\\shared\poppack.h
注意: 包含文件:          C:\Program Files (x86)\Windows Kits\10\include\10.0.26100.0\shared\pshpack4.h
注意: 包含文件:          C:\Program Files (x86)\Windows Kits\10\include\10.0.26100.0\shared\pshpack2.h
注意: 包含文件:          C:\Program Files (x86)\Windows Kits\10\include\10.0.26100.0\shared\poppack.h
注意: 包含文件:          C:\Program Files (x86)\Windows Kits\10\include\10.0.26100.0\shared\pshpack2.h
注意: 包含文件:          C:\Program Files (x86)\Windows Kits\10\\include\10.0.26100.0\\shared\pshpack2.h
注意: 包含文件:          C:\Program Files (x86)\Windows Kits\10\\include\10.0.26100.0\\shared\poppack.h
注意: 包含文件:          C:\Program Files (x86)\Windows Kits\10\include\10.0.26100.0\shared\poppack.h
注意: 包含文件:          C:\Program Files (x86)\Windows Kits\10\include\10.0.26100.0\shared\pshpack8.h
注意: 包含文件:          C:\Program Files (x86)\Windows Kits\10\include\10.0.26100.0\shared\poppack.h
注意: 包含文件:          C:\Program Files (x86)\Windows Kits\10\include\10.0.26100.0\shared\pshpack1.h
注意: 包含文件:          C:\Program Files (x86)\Windows Kits\10\include\10.0.26100.0\shared\poppack.h
注意: 包含文件:          C:\Program Files (x86)\Windows Kits\10\include\10.0.26100.0\shared\pshpack1.h
注意: 包含文件:          C:\Program Files (x86)\Windows Kits\10\include\10.0.26100.0\shared\poppack.h
注意: 包含文件:          C:\Program Files (x86)\Windows Kits\10\include\10.0.26100.0\shared\poppack.h
注意: 包含文件:          C:\Program Files (x86)\Windows Kits\10\\include\10.0.26100.0\\shared\apiset.h
注意: 包含文件:          C:\Program Files (x86)\Windows Kits\10\\include\10.0.26100.0\\shared\ktmtypes.h
注意: 包含文件:       C:\Program Files (x86)\Windows Kits\10\\include\10.0.26100.0\\um\winbase.h
注意: 包含文件:        C:\Program Files (x86)\Windows Kits\10\\include\10.0.26100.0\\shared\apisetcconv.h
注意: 包含文件:        C:\Program Files (x86)\Windows Kits\10\\include\10.0.26100.0\\um\minwinbase.h
注意: 包含文件:        C:\Program Files (x86)\Windows Kits\10\\include\10.0.26100.0\\um\apiquery2.h
注意: 包含文件:        C:\Program Files (x86)\Windows Kits\10\\include\10.0.26100.0\\um\processenv.h
注意: 包含文件:        C:\Program Files (x86)\Windows Kits\10\\include\10.0.26100.0\\um\fileapifromapp.h
注意: 包含文件:         C:\Program Files (x86)\Windows Kits\10\\include\10.0.26100.0\\um\fileapi.h
注意: 包含文件:        C:\Program Files (x86)\Windows Kits\10\\include\10.0.26100.0\\um\debugapi.h
注意: 包含文件:        C:\Program Files (x86)\Windows Kits\10\\include\10.0.26100.0\\um\utilapiset.h
注意: 包含文件:        C:\Program Files (x86)\Windows Kits\10\\include\10.0.26100.0\\um\handleapi.h
注意: 包含文件:        C:\Program Files (x86)\Windows Kits\10\\include\10.0.26100.0\\um\errhandlingapi.h
注意: 包含文件:        C:\Program Files (x86)\Windows Kits\10\\include\10.0.26100.0\\um\fibersapi.h
注意: 包含文件:        C:\Program Files (x86)\Windows Kits\10\\include\10.0.26100.0\\um\namedpipeapi.h
注意: 包含文件:        C:\Program Files (x86)\Windows Kits\10\\include\10.0.26100.0\\um\profileapi.h
注意: 包含文件:        C:\Program Files (x86)\Windows Kits\10\\include\10.0.26100.0\\um\heapapi.h
注意: 包含文件:        C:\Program Files (x86)\Windows Kits\10\\include\10.0.26100.0\\um\ioapiset.h
注意: 包含文件:        C:\Program Files (x86)\Windows Kits\10\\include\10.0.26100.0\\um\synchapi.h
注意: 包含文件:        C:\Program Files (x86)\Windows Kits\10\\include\10.0.26100.0\\um\interlockedapi.h
注意: 包含文件:        C:\Program Files (x86)\Windows Kits\10\\include\10.0.26100.0\\um\processthreadsapi.h
注意: 包含文件:        C:\Program Files (x86)\Windows Kits\10\\include\10.0.26100.0\\um\sysinfoapi.h
注意: 包含文件:        C:\Program Files (x86)\Windows Kits\10\\include\10.0.26100.0\\um\memoryapi.h
注意: 包含文件:        C:\Program Files (x86)\Windows Kits\10\\include\10.0.26100.0\\um\enclaveapi.h
注意: 包含文件:        C:\Program Files (x86)\Windows Kits\10\\include\10.0.26100.0\\um\threadpoollegacyapiset.h
注意: 包含文件:        C:\Program Files (x86)\Windows Kits\10\\include\10.0.26100.0\\um\threadpoolapiset.h
注意: 包含文件:        C:\Program Files (x86)\Windows Kits\10\\include\10.0.26100.0\\um\jobapi.h
注意: 包含文件:        C:\Program Files (x86)\Windows Kits\10\\include\10.0.26100.0\\um\jobapi2.h
注意: 包含文件:        C:\Program Files (x86)\Windows Kits\10\\include\10.0.26100.0\\um\wow64apiset.h
注意: 包含文件:        C:\Program Files (x86)\Windows Kits\10\\include\10.0.26100.0\\um\libloaderapi.h
注意: 包含文件:        C:\Program Files (x86)\Windows Kits\10\\include\10.0.26100.0\\um\securitybaseapi.h
注意: 包含文件:        C:\Program Files (x86)\Windows Kits\10\\include\10.0.26100.0\\um\namespaceapi.h
注意: 包含文件:        C:\Program Files (x86)\Windows Kits\10\\include\10.0.26100.0\\um\systemtopologyapi.h
注意: 包含文件:        C:\Program Files (x86)\Windows Kits\10\\include\10.0.26100.0\\um\processtopologyapi.h
注意: 包含文件:        C:\Program Files (x86)\Windows Kits\10\\include\10.0.26100.0\\um\securityappcontainer.h
注意: 包含文件:        C:\Program Files (x86)\Windows Kits\10\\include\10.0.26100.0\\um\realtimeapiset.h
注意: 包含文件:        C:\Program Files (x86)\Windows Kits\10\\include\10.0.26100.0\\shared\winerror.h
注意: 包含文件:        C:\Program Files (x86)\Windows Kits\10\\include\10.0.26100.0\\um\timezoneapi.h
注意: 包含文件:       C:\Program Files (x86)\Windows Kits\10\\include\10.0.26100.0\\um\wingdi.h
注意: 包含文件:        C:\Program Files (x86)\Windows Kits\10\\include\10.0.26100.0\\shared\pshpack1.h
注意: 包含文件:        C:\Program Files (x86)\Windows Kits\10\\include\10.0.26100.0\\shared\poppack.h
注意: 包含文件:        C:\Program Files (x86)\Windows Kits\10\\include\10.0.26100.0\\shared\pshpack2.h
注意: 包含文件:        C:\Program Files (x86)\Windows Kits\10\\include\10.0.26100.0\\shared\poppack.h
注意: 包含文件:        C:\Program Files (x86)\Windows Kits\10\\include\10.0.26100.0\\shared\pshpack2.h
注意: 包含文件:        C:\Program Files (x86)\Windows Kits\10\\include\10.0.26100.0\\shared\poppack.h
注意: 包含文件:        C:\Program Files (x86)\Windows Kits\10\\include\10.0.26100.0\\shared\pshpack4.h
注意: 包含文件:        C:\Program Files (x86)\Windows Kits\10\\include\10.0.26100.0\\shared\poppack.h
注意: 包含文件:        C:\Program Files (x86)\Windows Kits\10\\include\10.0.26100.0\\shared\pshpack4.h
注意: 包含文件:        C:\Program Files (x86)\Windows Kits\10\\include\10.0.26100.0\\shared\poppack.h
注意: 包含文件:       C:\Program Files (x86)\Windows Kits\10\\include\10.0.26100.0\\um\winuser.h
注意: 包含文件:        C:\Program Files (x86)\Windows Kits\10\\include\10.0.26100.0\\shared\pshpack2.h
注意: 包含文件:        C:\Program Files (x86)\Windows Kits\10\\include\10.0.26100.0\\shared\poppack.h
注意: 包含文件:        C:\Program Files (x86)\Windows Kits\10\\include\10.0.26100.0\\shared\tvout.h
注意: 包含文件:       C:\Program Files (x86)\Windows Kits\10\\include\10.0.26100.0\\um\winnls.h
注意: 包含文件:        C:\Program Files (x86)\Windows Kits\10\\include\10.0.26100.0\\um\datetimeapi.h
注意: 包含文件:        C:\Program Files (x86)\Windows Kits\10\\include\10.0.26100.0\\um\stringapiset.h
注意: 包含文件:         C:\Program Files (x86)\Windows Kits\10\\include\10.0.26100.0\\um\winnls.h
注意: 包含文件:       C:\Program Files (x86)\Windows Kits\10\\include\10.0.26100.0\\um\wincon.h
注意: 包含文件:        C:\Program Files (x86)\Windows Kits\10\\include\10.0.26100.0\\um\wincontypes.h
注意: 包含文件:        C:\Program Files (x86)\Windows Kits\10\\include\10.0.26100.0\\um\consoleapi.h
注意: 包含文件:        C:\Program Files (x86)\Windows Kits\10\\include\10.0.26100.0\\um\consoleapi2.h
注意: 包含文件:        C:\Program Files (x86)\Windows Kits\10\\include\10.0.26100.0\\um\consoleapi3.h
注意: 包含文件:       C:\Program Files (x86)\Windows Kits\10\\include\10.0.26100.0\\um\winver.h
注意: 包含文件:        C:\Program Files (x86)\Windows Kits\10\\include\10.0.26100.0\\um\verrsrc.h
注意: 包含文件:       C:\Program Files (x86)\Windows Kits\10\\include\10.0.26100.0\\um\winreg.h
注意: 包含文件:        C:\Program Files (x86)\Windows Kits\10\\include\10.0.26100.0\\um\reason.h
注意: 包含文件:       C:\Program Files (x86)\Windows Kits\10\\include\10.0.26100.0\\um\winnetwk.h
注意: 包含文件:        C:\Program Files (x86)\Windows Kits\10\\include\10.0.26100.0\\shared\wnnc.h
注意: 包含文件:       C:\Program Files (x86)\Windows Kits\10\\include\10.0.26100.0\\shared\cderr.h
注意: 包含文件:       C:\Program Files (x86)\Windows Kits\10\\include\10.0.26100.0\\um\dde.h
注意: 包含文件:       C:\Program Files (x86)\Windows Kits\10\\include\10.0.26100.0\\um\ddeml.h
注意: 包含文件:       C:\Program Files (x86)\Windows Kits\10\\include\10.0.26100.0\\um\dlgs.h
注意: 包含文件:       C:\Program Files (x86)\Windows Kits\10\\include\10.0.26100.0\\um\lzexpand.h
注意: 包含文件:       C:\Program Files (x86)\Windows Kits\10\\include\10.0.26100.0\\um\mmsystem.h
注意: 包含文件:        C:\Program Files (x86)\Windows Kits\10\\include\10.0.26100.0\\um\mmsyscom.h
注意: 包含文件:         C:\Program Files (x86)\Windows Kits\10\\include\10.0.26100.0\\shared\pshpack1.h
注意: 包含文件:         C:\Program Files (x86)\Windows Kits\10\\include\10.0.26100.0\\shared\poppack.h
注意: 包含文件:        C:\Program Files (x86)\Windows Kits\10\\include\10.0.26100.0\\shared\pshpack1.h
注意: 包含文件:        C:\Program Files (x86)\Windows Kits\10\\include\10.0.26100.0\\um\mciapi.h
注意: 包含文件:         C:\Program Files (x86)\Windows Kits\10\\include\10.0.26100.0\\um\mmsyscom.h
注意: 包含文件:        C:\Program Files (x86)\Windows Kits\10\\include\10.0.26100.0\\um\mmiscapi.h
注意: 包含文件:         C:\Program Files (x86)\Windows Kits\10\\include\10.0.26100.0\\um\mmsyscom.h
注意: 包含文件:        C:\Program Files (x86)\Windows Kits\10\\include\10.0.26100.0\\um\mmiscapi2.h
注意: 包含文件:         C:\Program Files (x86)\Windows Kits\10\\include\10.0.26100.0\\um\mmsyscom.h
注意: 包含文件:        C:\Program Files (x86)\Windows Kits\10\\include\10.0.26100.0\\um\playsoundapi.h
注意: 包含文件:         C:\Program Files (x86)\Windows Kits\10\\include\10.0.26100.0\\um\mmsyscom.h
注意: 包含文件:        C:\Program Files (x86)\Windows Kits\10\\include\10.0.26100.0\\um\mmeapi.h
注意: 包含文件:         C:\Program Files (x86)\Windows Kits\10\\include\10.0.26100.0\\um\mmsyscom.h
注意: 包含文件:        C:\Program Files (x86)\Windows Kits\10\\include\10.0.26100.0\\um\timeapi.h
注意: 包含文件:         C:\Program Files (x86)\Windows Kits\10\\include\10.0.26100.0\\um\mmsyscom.h
注意: 包含文件:        C:\Program Files (x86)\Windows Kits\10\\include\10.0.26100.0\\um\joystickapi.h
注意: 包含文件:         C:\Program Files (x86)\Windows Kits\10\\include\10.0.26100.0\\um\mmsyscom.h
注意: 包含文件:        C:\Program Files (x86)\Windows Kits\10\\include\10.0.26100.0\\shared\poppack.h
注意: 包含文件:       C:\Program Files (x86)\Windows Kits\10\\include\10.0.26100.0\\um\nb30.h
注意: 包含文件:       C:\Program Files (x86)\Windows Kits\10\\include\10.0.26100.0\\shared\rpc.h
注意: 包含文件:        C:\Program Files (x86)\Windows Kits\10\\include\10.0.26100.0\\shared\pshpack8.h
注意: 包含文件:        C:\Program Files (x86)\Windows Kits\10\\include\10.0.26100.0\\shared\rpcdce.h
注意: 包含文件:         C:\Program Files (x86)\Windows Kits\10\\include\10.0.26100.0\\shared\rpcdcep.h
注意: 包含文件:        C:\Program Files (x86)\Windows Kits\10\\include\10.0.26100.0\\um\rpcnsi.h
注意: 包含文件:        C:\Program Files (x86)\Windows Kits\10\\include\10.0.26100.0\\shared\rpcnterr.h
注意: 包含文件:        C:\Program Files (x86)\Windows Kits\10\\include\10.0.26100.0\\shared\rpcasync.h
注意: 包含文件:         C:\Program Files (x86)\Windows Kits\10\\include\10.0.26100.0\\shared\pshpack8.h
注意: 包含文件:         C:\Program Files (x86)\Windows Kits\10\\include\10.0.26100.0\\shared\poppack.h
注意: 包含文件:        C:\Program Files (x86)\Windows Kits\10\\include\10.0.26100.0\\shared\poppack.h
注意: 包含文件:       C:\Program Files (x86)\Windows Kits\10\\include\10.0.26100.0\\um\shellapi.h
注意: 包含文件:       C:\Program Files (x86)\Windows Kits\10\\include\10.0.26100.0\\um\winperf.h
注意: 包含文件:        C:\Program Files (x86)\Windows Kits\10\\include\10.0.26100.0\\shared\pshpack8.h
注意: 包含文件:        C:\Program Files (x86)\Windows Kits\10\\include\10.0.26100.0\\shared\poppack.h
注意: 包含文件:       C:\Program Files (x86)\Windows Kits\10\\include\10.0.26100.0\\um\winsock.h
注意: 包含文件:        C:\Program Files (x86)\Windows Kits\10\\include\10.0.26100.0\\shared\inaddr.h
注意: 包含文件:       C:\Program Files (x86)\Windows Kits\10\\include\10.0.26100.0\\um\wincrypt.h
注意: 包含文件:        C:\Program Files (x86)\Windows Kits\10\\include\10.0.26100.0\\shared\bcrypt.h
注意: 包含文件:        C:\Program Files (x86)\Windows Kits\10\\include\10.0.26100.0\\um\ncrypt.h
注意: 包含文件:        C:\Program Files (x86)\Windows Kits\10\\include\10.0.26100.0\\um\dpapi.h
注意: 包含文件:       C:\Program Files (x86)\Windows Kits\10\\include\10.0.26100.0\\um\winefs.h
注意: 包含文件:       C:\Program Files (x86)\Windows Kits\10\\include\10.0.26100.0\\um\winscard.h
注意: 包含文件:        C:\Program Files (x86)\Windows Kits\10\\include\10.0.26100.0\\shared\wtypes.h
注意: 包含文件:         C:\Program Files (x86)\Windows Kits\10\include\10.0.26100.0\shared\rpcndr.h
注意: 包含文件:          C:\Program Files (x86)\Windows Kits\10\\include\10.0.26100.0\\shared\pshpack8.h
注意: 包含文件:          C:\Program Files (x86)\Windows Kits\10\\include\10.0.26100.0\\um\rpcnsip.h
注意: 包含文件:          C:\Program Files (x86)\Windows Kits\10\\include\10.0.26100.0\\shared\rpcsal.h
注意: 包含文件:          C:\Program Files (x86)\Windows Kits\10\\include\10.0.26100.0\\shared\poppack.h
注意: 包含文件:         C:\Program Files (x86)\Windows Kits\10\include\10.0.26100.0\shared\wtypesbase.h
注意: 包含文件:          C:\Program Files (x86)\Windows Kits\10\include\10.0.26100.0\shared\guiddef.h
注意: 包含文件:        C:\Program Files (x86)\Windows Kits\10\\include\10.0.26100.0\\um\winioctl.h
注意: 包含文件:         C:\Program Files (x86)\Windows Kits\10\\include\10.0.26100.0\\shared\pshpack1.h
注意: 包含文件:         C:\Program Files (x86)\Windows Kits\10\\include\10.0.26100.0\\shared\poppack.h
注意: 包含文件:         C:\Program Files (x86)\Windows Kits\10\\include\10.0.26100.0\\shared\pshpack1.h
注意: 包含文件:         C:\Program Files (x86)\Windows Kits\10\\include\10.0.26100.0\\shared\poppack.h
注意: 包含文件:         C:\Program Files (x86)\Windows Kits\10\\include\10.0.26100.0\\shared\pshpack1.h
注意: 包含文件:         C:\Program Files (x86)\Windows Kits\10\\include\10.0.26100.0\\shared\poppack.h
注意: 包含文件:         C:\Program Files (x86)\Windows Kits\10\\include\10.0.26100.0\\shared\pshpack1.h
注意: 包含文件:         C:\Program Files (x86)\Windows Kits\10\\include\10.0.26100.0\\shared\poppack.h
注意: 包含文件:         C:\Program Files (x86)\Windows Kits\10\\include\10.0.26100.0\\shared\pshpack1.h
注意: 包含文件:         C:\Program Files (x86)\Windows Kits\10\\include\10.0.26100.0\\shared\poppack.h
注意: 包含文件:         C:\Program Files (x86)\Windows Kits\10\\include\10.0.26100.0\\shared\pshpack1.h
注意: 包含文件:         C:\Program Files (x86)\Windows Kits\10\\include\10.0.26100.0\\shared\poppack.h
注意: 包含文件:         C:\Program Files (x86)\Windows Kits\10\\include\10.0.26100.0\\shared\pshpack1.h
注意: 包含文件:         C:\Program Files (x86)\Windows Kits\10\\include\10.0.26100.0\\shared\poppack.h
注意: 包含文件:        C:\Program Files (x86)\Windows Kits\10\\include\10.0.26100.0\\shared\winsmcrd.h
注意: 包含文件:       C:\Program Files (x86)\Windows Kits\10\\include\10.0.26100.0\\um\winspool.h
注意: 包含文件:        C:\Program Files (x86)\Windows Kits\10\\include\10.0.26100.0\\um\prsht.h
注意: 包含文件:         C:\Program Files (x86)\Windows Kits\10\\include\10.0.26100.0\\shared\pshpack8.h
注意: 包含文件:         C:\Program Files (x86)\Windows Kits\10\\include\10.0.26100.0\\shared\poppack.h
注意: 包含文件:       C:\Program Files (x86)\Windows Kits\10\\include\10.0.26100.0\\um\ole2.h
注意: 包含文件:        C:\Program Files (x86)\Windows Kits\10\\include\10.0.26100.0\\shared\pshpack8.h
注意: 包含文件:        C:\Program Files (x86)\Windows Kits\10\\include\10.0.26100.0\\um\objbase.h
注意: 包含文件:         C:\Program Files (x86)\Windows Kits\10\\include\10.0.26100.0\\shared\pshpack8.h
注意: 包含文件:         C:\Program Files (x86)\Windows Kits\10\\include\10.0.26100.0\\um\combaseapi.h
注意: 包含文件:          C:\Program Files (x86)\Windows Kits\10\\include\10.0.26100.0\\shared\pshpack8.h
注意: 包含文件:          C:\Program Files (x86)\Windows Kits\10\\include\10.0.26100.0\\um\unknwnbase.h
注意: 包含文件:          C:\Program Files (x86)\Windows Kits\10\\include\10.0.26100.0\\um\objidlbase.h
注意: 包含文件:          C:\Program Files (x86)\Windows Kits\10\\include\10.0.26100.0\\shared\guiddef.h
注意: 包含文件:          C:\Program Files (x86)\Windows Kits\10\\include\10.0.26100.0\\um\cguid.h
注意: 包含文件:          C:\Program Files (x86)\Windows Kits\10\\include\10.0.26100.0\\shared\poppack.h
注意: 包含文件:         C:\Program Files (x86)\Windows Kits\10\\include\10.0.26100.0\\um\coml2api.h
注意: 包含文件:          C:\Program Files (x86)\Windows Kits\10\\include\10.0.26100.0\\um\objidl.h
注意: 包含文件:           C:\Program Files (x86)\Windows Kits\10\include\10.0.26100.0\um\unknwn.h
注意: 包含文件:          C:\Program Files (x86)\Windows Kits\10\\include\10.0.26100.0\\um\propidlbase.h
注意: 包含文件:           C:\Program Files (x86)\Windows Kits\10\include\10.0.26100.0\um\oaidl.h
注意: 包含文件:         C:\Program Files (x86)\Windows Kits\10\\include\10.0.26100.0\\um\urlmon.h
注意: 包含文件:          C:\Program Files (x86)\Windows Kits\10\include\10.0.26100.0\um\oleidl.h
注意: 包含文件:          C:\Program Files (x86)\Windows Kits\10\include\10.0.26100.0\um\servprov.h
注意: 包含文件:          C:\Program Files (x86)\Windows Kits\10\include\10.0.26100.0\um\msxml.h
注意: 包含文件:         C:\Program Files (x86)\Windows Kits\10\\include\10.0.26100.0\\um\propidl.h
注意: 包含文件:         C:\Program Files (x86)\Windows Kits\10\\include\10.0.26100.0\\shared\poppack.h
注意: 包含文件:        C:\Program Files (x86)\Windows Kits\10\\include\10.0.26100.0\\um\oleauto.h
注意: 包含文件:         C:\Program Files (x86)\Windows Kits\10\\include\10.0.26100.0\\shared\pshpack8.h
注意: 包含文件:         C:\Program Files (x86)\Windows Kits\10\\include\10.0.26100.0\\shared\poppack.h
注意: 包含文件:        C:\Program Files (x86)\Windows Kits\10\\include\10.0.26100.0\\shared\poppack.h
注意: 包含文件:       C:\Program Files (x86)\Windows Kits\10\\include\10.0.26100.0\\um\commdlg.h
注意: 包含文件:        C:\Program Files (x86)\Windows Kits\10\\include\10.0.26100.0\\um\prsht.h
注意: 包含文件:       C:\Program Files (x86)\Windows Kits\10\\include\10.0.26100.0\\shared\stralign.h
注意: 包含文件:       C:\Program Files (x86)\Windows Kits\10\\include\10.0.26100.0\\um\winsvc.h
注意: 包含文件:       C:\Program Files (x86)\Windows Kits\10\\include\10.0.26100.0\\um\mcx.h
注意: 包含文件:       C:\Program Files (x86)\Windows Kits\10\\include\10.0.26100.0\\um\imm.h
注意: 包含文件:        C:\Program Files (x86)\Windows Kits\10\\include\10.0.26100.0\\um\ime_cmodes.h
C:\Users\user\output\deepseek-v4部署\fastllm-master\include\devices/cpu/alivethreadpool.h(136): warning C4267: “初始化”: 从“size_t”转换到“int”，可能丢失数据
C:\Users\user\output\deepseek-v4部署\fastllm-master\include\devices/cpu/alivethreadpool.h(176): warning C4267: “初始化”: 从“size_t”转换到“int”，可能丢失数据
C:\Users\user\output\deepseek-v4部署\fastllm-master\include\devices/cpu/alivethreadpool.h(236): warning C4267: “初始化”: 从“size_t”转换到“int”，可能丢失数据
C:\Users\user\output\deepseek-v4部署\fastllm-master\include\devices/cpu/alivethreadpool.h(237): warning C4267: “初始化”: 从“size_t”转换到“int”，可能丢失数据
C:\Users\user\output\deepseek-v4部署\fastllm-master\include\devices/cpu/alivethreadpool.h(238): warning C4267: “初始化”: 从“size_t”转换到“int”，可能丢失数据
C:\Users\user\output\deepseek-v4部署\fastllm-master\include\devices/cpu/alivethreadpool.h(281): warning C4267: “初始化”: 从“size_t”转换到“int”，可能丢失数据
C:\Users\user\output\deepseek-v4部署\fastllm-master\include\devices/cpu/alivethreadpool.h(327): warning C4267: “初始化”: 从“size_t”转换到“int”，可能丢失数据
C:\Users\user\output\deepseek-v4部署\fastllm-master\include\devices/cpu/alivethreadpool.h(330): warning C4267: “初始化”: 从“size_t”转换到“int”，可能丢失数据
C:\Users\user\output\deepseek-v4部署\fastllm-master\include\devices/cpu/alivethreadpool.h(370): warning C4267: “初始化”: 从“size_t”转换到“int”，可能丢失数据
C:\Users\user\output\deepseek-v4部署\fastllm-master\include\devices/cpu/alivethreadpool.h(372): warning C4267: “初始化”: 从“size_t”转换到“int”，可能丢失数据
注意: 包含文件:     C:\Users\user\output\deepseek-v4部署\fastllm-master\third_party\json11\json11.hpp
C:\Users\user\output\deepseek-v4部署\fastllm-master\include\fastllm.h(222): warning C4244: “初始化”: 从“int”转换到“float”，可能丢失数据
C:\Users\user\output\deepseek-v4部署\fastllm-master\include\fastllm.h(222): warning C4244: “初始化”: 从“int”转换到“const float”，可能丢失数据
C:\Users\user\output\deepseek-v4部署\fastllm-master\include\fastllm.h(227): warning C4244: “=”: 从“float”转换到“uint8_t”，可能丢失数据
C:\Users\user\output\deepseek-v4部署\fastllm-master\include\fastllm.h(229): warning C4244: “=”: 从“const float”转换到“uint8_t”，可能丢失数据
C:\Users\user\output\deepseek-v4部署\fastllm-master\include\fastllm.h(687): warning C4996: 'std::codecvt_utf8<wchar_t,1114111,(std::codecvt_mode)0>': warning STL4017: std::wbuffer_convert, std::wstring_convert, and the <codecvt> header (containing std::codecvt_mode, std::codecvt_utf8, std::codecvt_utf16, and std::codecvt_utf8_utf16) are deprecated in C++17. (The std::codecvt class template is NOT deprecated.) The C++ Standard doesn't provide equivalent non-deprecated functionality; consider using MultiByteToWideChar() and WideCharToMultiByte() from <Windows.h> instead. You can define _SILENCE_CXX17_CODECVT_HEADER_DEPRECATION_WARNING or _SILENCE_ALL_CXX17_DEPRECATION_WARNINGS to suppress this warning.
C:\Program Files (x86)\Microsoft Visual Studio\2022\BuildTools\VC\Tools\MSVC\14.44.35207\include\codecvt(34): note: 参见“std::codecvt_utf8”的声明
C:\Users\user\output\deepseek-v4部署\fastllm-master\include\fastllm.h(687): warning C4996: 'std::wstring_convert<std::codecvt_utf8<wchar_t,1114111,(std::codecvt_mode)0>,wchar_t,std::allocator<wchar_t>,std::allocator<char>>': warning STL4017: std::wbuffer_convert, std::wstring_convert, and the <codecvt> header (containing std::codecvt_mode, std::codecvt_utf8, std::codecvt_utf16, and std::codecvt_utf8_utf16) are deprecated in C++17. (The std::codecvt class template is NOT deprecated.) The C++ Standard doesn't provide equivalent non-deprecated functionality; consider using MultiByteToWideChar() and WideCharToMultiByte() from <Windows.h> instead. You can define _SILENCE_CXX17_CODECVT_HEADER_DEPRECATION_WARNING or _SILENCE_ALL_CXX17_DEPRECATION_WARNINGS to suppress this warning.
C:\Program Files (x86)\Microsoft Visual Studio\2022\BuildTools\VC\Tools\MSVC\14.44.35207\include\xlocbuf(303): note: 参见“std::wstring_convert”的声明
注意: 包含文件:    C:\Users\user\output\deepseek-v4部署\fastllm-master\include\blocks\baseblock.h
注意: 包含文件:    C:\Users\user\output\deepseek-v4部署\fastllm-master\include\template.h
注意: 包含文件:     C:\Users\user\output\deepseek-v4部署\fastllm-master\include\utils/utils.h
注意: 包含文件:      C:\Program Files (x86)\Windows Kits\10\include\10.0.26100.0\ucrt\fcntl.h
注意: 包含文件:      C:\Program Files (x86)\Microsoft Visual Studio\2022\BuildTools\VC\Tools\MSVC\14.44.35207\include\array
注意: 包含文件:      C:\Program Files (x86)\Microsoft Visual Studio\2022\BuildTools\VC\Tools\MSVC\14.44.35207\include\filesystem
注意: 包含文件:       C:\Program Files (x86)\Microsoft Visual Studio\2022\BuildTools\VC\Tools\MSVC\14.44.35207\include\iomanip
C:\Users\user\output\deepseek-v4部署\fastllm-master\include\utils/utils.h(30): warning C4067: 预处理器指令后有意外标记 - 应输入换行符
注意: 包含文件:      C:\Program Files (x86)\Windows Kits\10\include\10.0.26100.0\ucrt\io.h
注意: 包含文件:       C:\Program Files (x86)\Windows Kits\10\include\10.0.26100.0\ucrt\corecrt_io.h
C:\Users\user\output\deepseek-v4部署\fastllm-master\include\utils/utils.h(109): warning C4996: '_wfopen': This function or variable may be unsafe. Consider using _wfopen_s instead. To disable deprecation, use _CRT_SECURE_NO_WARNINGS. See online help for details.
C:\Users\user\output\deepseek-v4部署\fastllm-master\include\utils/utils.h(118): warning C4996: '_wopen': This function or variable may be unsafe. Consider using _wsopen_s instead. To disable deprecation, use _CRT_SECURE_NO_WARNINGS. See online help for details.
C:\Users\user\output\deepseek-v4部署\fastllm-master\include\utils/utils.h(150): warning C4244: “return”: 从“double”转换到“float”，可能丢失数据
C:\Users\user\output\deepseek-v4部署\fastllm-master\include\utils/utils.h(355): warning C4267: “初始化”: 从“size_t”转换到“int”，可能丢失数据
C:\Users\user\output\deepseek-v4部署\fastllm-master\include\utils/utils.h(417): warning C4244: “+=”: 从“double”转换到“float”，可能丢失数据
注意: 包含文件:    C:\Program Files (x86)\Microsoft Visual Studio\2022\BuildTools\VC\Tools\MSVC\14.44.35207\include\condition_variable
C:\Users\user\output\deepseek-v4部署\fastllm-master\include\models\basellm.h(344): warning C4305: “初始化”: 从“double”到“float”截断
C:\Users\user\output\deepseek-v4部署\fastllm-master\include\models\basellm.h(348): warning C4244: “初始化”: 从“double”转换到“const float”，可能丢失数据
注意: 包含文件:   C:\Users\user\output\deepseek-v4部署\fastllm-master\include\graph.h
注意: 包含文件:    C:\Users\user\output\deepseek-v4部署\fastllm-master\include\executor.h
注意: 包含文件:     C:\Users\user\output\deepseek-v4部署\fastllm-master\include\device.h
C:\Users\user\output\deepseek-v4部署\fastllm-master\include\models\graphllm.h(78): warning C4305: “初始化”: 从“double”到“float”截断
C:\Users\user\output\deepseek-v4部署\fastllm-master\src\models\graph\phi3.cpp(60): warning C4244: “参数”: 从“double”转换到“float”，可能丢失数据
[14/33] Building CXX object CMakeFiles\fastllm_tools.dir\src\models\graph\qwen2.cpp.obj
注意: 包含文件:  C:\Users\user\output\deepseek-v4部署\fastllm-master\include\models\graphllm.h
注意: 包含文件:   C:\Users\user\output\deepseek-v4部署\fastllm-master\include\models\basellm.h
注意: 包含文件:    C:\Users\user\output\deepseek-v4部署\fastllm-master\include\fastllm.h
注意: 包含文件:     C:\Program Files (x86)\Microsoft Visual Studio\2022\BuildTools\VC\Tools\MSVC\14.44.35207\include\vector
注意: 包含文件:      C:\Program Files (x86)\Microsoft Visual Studio\2022\BuildTools\VC\Tools\MSVC\14.44.35207\include\yvals_core.h
注意: 包含文件:       C:\Program Files (x86)\Microsoft Visual Studio\2022\BuildTools\VC\Tools\MSVC\14.44.35207\include\vcruntime.h
注意: 包含文件:        C:\Program Files (x86)\Microsoft Visual Studio\2022\BuildTools\VC\Tools\MSVC\14.44.35207\include\sal.h
注意: 包含文件:         C:\Program Files (x86)\Microsoft Visual Studio\2022\BuildTools\VC\Tools\MSVC\14.44.35207\include\concurrencysal.h
注意: 包含文件:        C:\Program Files (x86)\Microsoft Visual Studio\2022\BuildTools\VC\Tools\MSVC\14.44.35207\include\vadefs.h
注意: 包含文件:       C:\Program Files (x86)\Microsoft Visual Studio\2022\BuildTools\VC\Tools\MSVC\14.44.35207\include\xkeycheck.h
注意: 包含文件:      C:\Program Files (x86)\Microsoft Visual Studio\2022\BuildTools\VC\Tools\MSVC\14.44.35207\include\__msvc_bit_utils.hpp
注意: 包含文件:       C:\Program Files (x86)\Microsoft Visual Studio\2022\BuildTools\VC\Tools\MSVC\14.44.35207\include\climits
注意: 包含文件:        C:\Program Files (x86)\Microsoft Visual Studio\2022\BuildTools\VC\Tools\MSVC\14.44.35207\include\limits.h
注意: 包含文件:       C:\Program Files (x86)\Microsoft Visual Studio\2022\BuildTools\VC\Tools\MSVC\14.44.35207\include\xtr1common
注意: 包含文件:       C:\Program Files (x86)\Microsoft Visual Studio\2022\BuildTools\VC\Tools\MSVC\14.44.35207\include\intrin0.h
注意: 包含文件:        C:\Program Files (x86)\Microsoft Visual Studio\2022\BuildTools\VC\Tools\MSVC\14.44.35207\include\intrin0.inl.h
注意: 包含文件:      C:\Program Files (x86)\Microsoft Visual Studio\2022\BuildTools\VC\Tools\MSVC\14.44.35207\include\__msvc_sanitizer_annotate_container.hpp
注意: 包含文件:      C:\Program Files (x86)\Microsoft Visual Studio\2022\BuildTools\VC\Tools\MSVC\14.44.35207\include\xmemory
注意: 包含文件:       C:\Program Files (x86)\Microsoft Visual Studio\2022\BuildTools\VC\Tools\MSVC\14.44.35207\include\cstdint
注意: 包含文件:        C:\Program Files (x86)\Microsoft Visual Studio\2022\BuildTools\VC\Tools\MSVC\14.44.35207\include\stdint.h
注意: 包含文件:       C:\Program Files (x86)\Microsoft Visual Studio\2022\BuildTools\VC\Tools\MSVC\14.44.35207\include\cstdlib
注意: 包含文件:        C:\Program Files (x86)\Windows Kits\10\include\10.0.26100.0\ucrt\math.h
注意: 包含文件:         C:\Program Files (x86)\Windows Kits\10\include\10.0.26100.0\ucrt\corecrt_math.h
注意: 包含文件:          C:\Program Files (x86)\Windows Kits\10\include\10.0.26100.0\ucrt\corecrt.h
注意: 包含文件:         C:\Program Files (x86)\Windows Kits\10\include\10.0.26100.0\ucrt\corecrt_math_defines.h
注意: 包含文件:        C:\Program Files (x86)\Windows Kits\10\include\10.0.26100.0\ucrt\stdlib.h
注意: 包含文件:         C:\Program Files (x86)\Windows Kits\10\include\10.0.26100.0\ucrt\corecrt_malloc.h
注意: 包含文件:         C:\Program Files (x86)\Windows Kits\10\include\10.0.26100.0\ucrt\corecrt_search.h
注意: 包含文件:          C:\Program Files (x86)\Windows Kits\10\include\10.0.26100.0\ucrt\stddef.h
注意: 包含文件:         C:\Program Files (x86)\Windows Kits\10\include\10.0.26100.0\ucrt\corecrt_wstdlib.h
注意: 包含文件:       C:\Program Files (x86)\Microsoft Visual Studio\2022\BuildTools\VC\Tools\MSVC\14.44.35207\include\limits
注意: 包含文件:        C:\Program Files (x86)\Microsoft Visual Studio\2022\BuildTools\VC\Tools\MSVC\14.44.35207\include\cfloat
注意: 包含文件:         C:\Program Files (x86)\Windows Kits\10\include\10.0.26100.0\ucrt\float.h
注意: 包含文件:        C:\Program Files (x86)\Microsoft Visual Studio\2022\BuildTools\VC\Tools\MSVC\14.44.35207\include\cwchar
注意: 包含文件:         C:\Program Files (x86)\Microsoft Visual Studio\2022\BuildTools\VC\Tools\MSVC\14.44.35207\include\cstdio
注意: 包含文件:          C:\Program Files (x86)\Windows Kits\10\include\10.0.26100.0\ucrt\stdio.h
注意: 包含文件:           C:\Program Files (x86)\Windows Kits\10\include\10.0.26100.0\ucrt\corecrt_wstdio.h
注意: 包含文件:            C:\Program Files (x86)\Windows Kits\10\include\10.0.26100.0\ucrt\corecrt_stdio_config.h
注意: 包含文件:         C:\Program Files (x86)\Windows Kits\10\include\10.0.26100.0\ucrt\wchar.h
注意: 包含文件:          C:\Program Files (x86)\Windows Kits\10\include\10.0.26100.0\ucrt\corecrt_memcpy_s.h
注意: 包含文件:           C:\Program Files (x86)\Windows Kits\10\include\10.0.26100.0\ucrt\errno.h
注意: 包含文件:           C:\Program Files (x86)\Microsoft Visual Studio\2022\BuildTools\VC\Tools\MSVC\14.44.35207\include\vcruntime_string.h
注意: 包含文件:          C:\Program Files (x86)\Windows Kits\10\include\10.0.26100.0\ucrt\corecrt_wconio.h
注意: 包含文件:          C:\Program Files (x86)\Windows Kits\10\include\10.0.26100.0\ucrt\corecrt_wctype.h
注意: 包含文件:          C:\Program Files (x86)\Windows Kits\10\include\10.0.26100.0\ucrt\corecrt_wdirect.h
注意: 包含文件:          C:\Program Files (x86)\Windows Kits\10\include\10.0.26100.0\ucrt\corecrt_wio.h
注意: 包含文件:           C:\Program Files (x86)\Windows Kits\10\include\10.0.26100.0\ucrt\corecrt_share.h
注意: 包含文件:          C:\Program Files (x86)\Windows Kits\10\include\10.0.26100.0\ucrt\corecrt_wprocess.h
注意: 包含文件:          C:\Program Files (x86)\Windows Kits\10\include\10.0.26100.0\ucrt\corecrt_wstring.h
注意: 包含文件:          C:\Program Files (x86)\Windows Kits\10\include\10.0.26100.0\ucrt\corecrt_wtime.h
注意: 包含文件:          C:\Program Files (x86)\Windows Kits\10\include\10.0.26100.0\ucrt\sys/stat.h
注意: 包含文件:           C:\Program Files (x86)\Windows Kits\10\include\10.0.26100.0\ucrt\sys/types.h
注意: 包含文件:          C:\Program Files (x86)\Microsoft Visual Studio\2022\BuildTools\VC\Tools\MSVC\14.44.35207\include\intrin.h
注意: 包含文件:           C:\Program Files (x86)\Microsoft Visual Studio\2022\BuildTools\VC\Tools\MSVC\14.44.35207\include\setjmp.h
注意: 包含文件:           C:\Program Files (x86)\Microsoft Visual Studio\2022\BuildTools\VC\Tools\MSVC\14.44.35207\include\immintrin.h
注意: 包含文件:            C:\Program Files (x86)\Microsoft Visual Studio\2022\BuildTools\VC\Tools\MSVC\14.44.35207\include\wmmintrin.h
注意: 包含文件:             C:\Program Files (x86)\Microsoft Visual Studio\2022\BuildTools\VC\Tools\MSVC\14.44.35207\include\nmmintrin.h
注意: 包含文件:              C:\Program Files (x86)\Microsoft Visual Studio\2022\BuildTools\VC\Tools\MSVC\14.44.35207\include\smmintrin.h
注意: 包含文件:               C:\Program Files (x86)\Microsoft Visual Studio\2022\BuildTools\VC\Tools\MSVC\14.44.35207\include\tmmintrin.h
注意: 包含文件:                C:\Program Files (x86)\Microsoft Visual Studio\2022\BuildTools\VC\Tools\MSVC\14.44.35207\include\pmmintrin.h
注意: 包含文件:                 C:\Program Files (x86)\Microsoft Visual Studio\2022\BuildTools\VC\Tools\MSVC\14.44.35207\include\emmintrin.h
注意: 包含文件:                  C:\Program Files (x86)\Microsoft Visual Studio\2022\BuildTools\VC\Tools\MSVC\14.44.35207\include\xmmintrin.h
注意: 包含文件:                   C:\Program Files (x86)\Microsoft Visual Studio\2022\BuildTools\VC\Tools\MSVC\14.44.35207\include\mmintrin.h
注意: 包含文件:                   C:\Program Files (x86)\Windows Kits\10\include\10.0.26100.0\ucrt\malloc.h
注意: 包含文件:            C:\Program Files (x86)\Microsoft Visual Studio\2022\BuildTools\VC\Tools\MSVC\14.44.35207\include\zmmintrin.h
注意: 包含文件:           C:\Program Files (x86)\Microsoft Visual Studio\2022\BuildTools\VC\Tools\MSVC\14.44.35207\include\ammintrin.h
注意: 包含文件:       C:\Program Files (x86)\Microsoft Visual Studio\2022\BuildTools\VC\Tools\MSVC\14.44.35207\include\new
注意: 包含文件:        C:\Program Files (x86)\Microsoft Visual Studio\2022\BuildTools\VC\Tools\MSVC\14.44.35207\include\exception
注意: 包含文件:         C:\Program Files (x86)\Microsoft Visual Studio\2022\BuildTools\VC\Tools\MSVC\14.44.35207\include\yvals.h
注意: 包含文件:          C:\Program Files (x86)\Windows Kits\10\include\10.0.26100.0\ucrt\crtdbg.h
注意: 包含文件:           C:\Program Files (x86)\Microsoft Visual Studio\2022\BuildTools\VC\Tools\MSVC\14.44.35207\include\vcruntime_new_debug.h
注意: 包含文件:            C:\Program Files (x86)\Microsoft Visual Studio\2022\BuildTools\VC\Tools\MSVC\14.44.35207\include\vcruntime_new.h
注意: 包含文件:          C:\Program Files (x86)\Microsoft Visual Studio\2022\BuildTools\VC\Tools\MSVC\14.44.35207\include\crtdefs.h
注意: 包含文件:          C:\Program Files (x86)\Microsoft Visual Studio\2022\BuildTools\VC\Tools\MSVC\14.44.35207\include\use_ansi.h
注意: 包含文件:         C:\Program Files (x86)\Microsoft Visual Studio\2022\BuildTools\VC\Tools\MSVC\14.44.35207\include\type_traits
注意: 包含文件:          C:\Program Files (x86)\Microsoft Visual Studio\2022\BuildTools\VC\Tools\MSVC\14.44.35207\include\cstddef
注意: 包含文件:          C:\Program Files (x86)\Microsoft Visual Studio\2022\BuildTools\VC\Tools\MSVC\14.44.35207\include\cstring
注意: 包含文件:           C:\Program Files (x86)\Windows Kits\10\include\10.0.26100.0\ucrt\string.h
注意: 包含文件:            C:\Program Files (x86)\Windows Kits\10\include\10.0.26100.0\ucrt\corecrt_memory.h
注意: 包含文件:         C:\Program Files (x86)\Microsoft Visual Studio\2022\BuildTools\VC\Tools\MSVC\14.44.35207\include\vcruntime_exception.h
注意: 包含文件:          C:\Program Files (x86)\Microsoft Visual Studio\2022\BuildTools\VC\Tools\MSVC\14.44.35207\include\eh.h
注意: 包含文件:           C:\Program Files (x86)\Windows Kits\10\include\10.0.26100.0\ucrt\corecrt_terminate.h
注意: 包含文件:       C:\Program Files (x86)\Microsoft Visual Studio\2022\BuildTools\VC\Tools\MSVC\14.44.35207\include\xatomic.h
注意: 包含文件:       C:\Program Files (x86)\Microsoft Visual Studio\2022\BuildTools\VC\Tools\MSVC\14.44.35207\include\xutility
注意: 包含文件:        C:\Program Files (x86)\Microsoft Visual Studio\2022\BuildTools\VC\Tools\MSVC\14.44.35207\include\__msvc_iter_core.hpp
注意: 包含文件:         C:\Program Files (x86)\Microsoft Visual Studio\2022\BuildTools\VC\Tools\MSVC\14.44.35207\include\utility
注意: 包含文件:          C:\Program Files (x86)\Microsoft Visual Studio\2022\BuildTools\VC\Tools\MSVC\14.44.35207\include\initializer_list
注意: 包含文件:      C:\Program Files (x86)\Microsoft Visual Studio\2022\BuildTools\VC\Tools\MSVC\14.44.35207\include\xpolymorphic_allocator.h
注意: 包含文件:       C:\Program Files (x86)\Microsoft Visual Studio\2022\BuildTools\VC\Tools\MSVC\14.44.35207\include\tuple
注意: 包含文件:     C:\Program Files (x86)\Microsoft Visual Studio\2022\BuildTools\VC\Tools\MSVC\14.44.35207\include\string
注意: 包含文件:      C:\Program Files (x86)\Microsoft Visual Studio\2022\BuildTools\VC\Tools\MSVC\14.44.35207\include\xstring
注意: 包含文件:       C:\Program Files (x86)\Microsoft Visual Studio\2022\BuildTools\VC\Tools\MSVC\14.44.35207\include\__msvc_string_view.hpp
注意: 包含文件:        C:\Program Files (x86)\Microsoft Visual Studio\2022\BuildTools\VC\Tools\MSVC\14.44.35207\include\iosfwd
注意: 包含文件:      C:\Program Files (x86)\Microsoft Visual Studio\2022\BuildTools\VC\Tools\MSVC\14.44.35207\include\cctype
注意: 包含文件:       C:\Program Files (x86)\Windows Kits\10\include\10.0.26100.0\ucrt\ctype.h
注意: 包含文件:     C:\Program Files (x86)\Microsoft Visual Studio\2022\BuildTools\VC\Tools\MSVC\14.44.35207\include\map
注意: 包含文件:      C:\Program Files (x86)\Microsoft Visual Studio\2022\BuildTools\VC\Tools\MSVC\14.44.35207\include\xtree
注意: 包含文件:       C:\Program Files (x86)\Microsoft Visual Studio\2022\BuildTools\VC\Tools\MSVC\14.44.35207\include\xnode_handle.h
注意: 包含文件:     C:\Program Files (x86)\Microsoft Visual Studio\2022\BuildTools\VC\Tools\MSVC\14.44.35207\include\set
注意: 包含文件:     C:\Program Files (x86)\Microsoft Visual Studio\2022\BuildTools\VC\Tools\MSVC\14.44.35207\include\queue
注意: 包含文件:      C:\Program Files (x86)\Microsoft Visual Studio\2022\BuildTools\VC\Tools\MSVC\14.44.35207\include\__msvc_heap_algorithms.hpp
注意: 包含文件:      C:\Program Files (x86)\Microsoft Visual Studio\2022\BuildTools\VC\Tools\MSVC\14.44.35207\include\deque
注意: 包含文件:     C:\Program Files (x86)\Microsoft Visual Studio\2022\BuildTools\VC\Tools\MSVC\14.44.35207\include\unordered_map
注意: 包含文件:      C:\Program Files (x86)\Microsoft Visual Studio\2022\BuildTools\VC\Tools\MSVC\14.44.35207\include\xhash
注意: 包含文件:       C:\Program Files (x86)\Microsoft Visual Studio\2022\BuildTools\VC\Tools\MSVC\14.44.35207\include\cmath
注意: 包含文件:       C:\Program Files (x86)\Microsoft Visual Studio\2022\BuildTools\VC\Tools\MSVC\14.44.35207\include\list
注意: 包含文件:       C:\Program Files (x86)\Microsoft Visual Studio\2022\BuildTools\VC\Tools\MSVC\14.44.35207\include\xbit_ops.h
注意: 包含文件:     C:\Program Files (x86)\Microsoft Visual Studio\2022\BuildTools\VC\Tools\MSVC\14.44.35207\include\unordered_set
注意: 包含文件:     C:\Program Files (x86)\Microsoft Visual Studio\2022\BuildTools\VC\Tools\MSVC\14.44.35207\include\algorithm
注意: 包含文件:      C:\Program Files (x86)\Microsoft Visual Studio\2022\BuildTools\VC\Tools\MSVC\14.44.35207\include\__msvc_minmax.hpp
注意: 包含文件:     C:\Program Files (x86)\Microsoft Visual Studio\2022\BuildTools\VC\Tools\MSVC\14.44.35207\include\iostream
注意: 包含文件:      C:\Program Files (x86)\Microsoft Visual Studio\2022\BuildTools\VC\Tools\MSVC\14.44.35207\include\istream
注意: 包含文件:       C:\Program Files (x86)\Microsoft Visual Studio\2022\BuildTools\VC\Tools\MSVC\14.44.35207\include\__msvc_ostream.hpp
注意: 包含文件:        C:\Program Files (x86)\Microsoft Visual Studio\2022\BuildTools\VC\Tools\MSVC\14.44.35207\include\ios
注意: 包含文件:         C:\Program Files (x86)\Microsoft Visual Studio\2022\BuildTools\VC\Tools\MSVC\14.44.35207\include\xlocnum
注意: 包含文件:          C:\Program Files (x86)\Microsoft Visual Studio\2022\BuildTools\VC\Tools\MSVC\14.44.35207\include\iterator
注意: 包含文件:          C:\Program Files (x86)\Microsoft Visual Studio\2022\BuildTools\VC\Tools\MSVC\14.44.35207\include\streambuf
注意: 包含文件:           C:\Program Files (x86)\Microsoft Visual Studio\2022\BuildTools\VC\Tools\MSVC\14.44.35207\include\xiosbase
注意: 包含文件:            C:\Program Files (x86)\Windows Kits\10\include\10.0.26100.0\ucrt\share.h
注意: 包含文件:            C:\Program Files (x86)\Microsoft Visual Studio\2022\BuildTools\VC\Tools\MSVC\14.44.35207\include\system_error
注意: 包含文件:             C:\Program Files (x86)\Microsoft Visual Studio\2022\BuildTools\VC\Tools\MSVC\14.44.35207\include\__msvc_system_error_abi.hpp
注意: 包含文件:             C:\Program Files (x86)\Microsoft Visual Studio\2022\BuildTools\VC\Tools\MSVC\14.44.35207\include\cerrno
注意: 包含文件:             C:\Program Files (x86)\Microsoft Visual Studio\2022\BuildTools\VC\Tools\MSVC\14.44.35207\include\stdexcept
注意: 包含文件:             C:\Program Files (x86)\Microsoft Visual Studio\2022\BuildTools\VC\Tools\MSVC\14.44.35207\include\xcall_once.h
注意: 包含文件:             C:\Program Files (x86)\Microsoft Visual Studio\2022\BuildTools\VC\Tools\MSVC\14.44.35207\include\xerrc.h
注意: 包含文件:             C:\Program Files (x86)\Microsoft Visual Studio\2022\BuildTools\VC\Tools\MSVC\14.44.35207\include\atomic
注意: 包含文件:              C:\Program Files (x86)\Microsoft Visual Studio\2022\BuildTools\VC\Tools\MSVC\14.44.35207\include\xthreads.h
注意: 包含文件:               C:\Program Files (x86)\Microsoft Visual Studio\2022\BuildTools\VC\Tools\MSVC\14.44.35207\include\__msvc_threads_core.hpp
注意: 包含文件:               C:\Program Files (x86)\Microsoft Visual Studio\2022\BuildTools\VC\Tools\MSVC\14.44.35207\include\xtimec.h
注意: 包含文件:                C:\Program Files (x86)\Microsoft Visual Studio\2022\BuildTools\VC\Tools\MSVC\14.44.35207\include\ctime
注意: 包含文件:                 C:\Program Files (x86)\Windows Kits\10\include\10.0.26100.0\ucrt\time.h
注意: 包含文件:            C:\Program Files (x86)\Microsoft Visual Studio\2022\BuildTools\VC\Tools\MSVC\14.44.35207\include\xlocale
注意: 包含文件:             C:\Program Files (x86)\Microsoft Visual Studio\2022\BuildTools\VC\Tools\MSVC\14.44.35207\include\memory
注意: 包含文件:              C:\Program Files (x86)\Microsoft Visual Studio\2022\BuildTools\VC\Tools\MSVC\14.44.35207\include\typeinfo
注意: 包含文件:               C:\Program Files (x86)\Microsoft Visual Studio\2022\BuildTools\VC\Tools\MSVC\14.44.35207\include\vcruntime_typeinfo.h
注意: 包含文件:             C:\Program Files (x86)\Microsoft Visual Studio\2022\BuildTools\VC\Tools\MSVC\14.44.35207\include\xfacet
注意: 包含文件:             C:\Program Files (x86)\Microsoft Visual Studio\2022\BuildTools\VC\Tools\MSVC\14.44.35207\include\xlocinfo
注意: 包含文件:              C:\Program Files (x86)\Microsoft Visual Studio\2022\BuildTools\VC\Tools\MSVC\14.44.35207\include\__msvc_xlocinfo_types.hpp
注意: 包含文件:              C:\Program Files (x86)\Microsoft Visual Studio\2022\BuildTools\VC\Tools\MSVC\14.44.35207\include\clocale
注意: 包含文件:               C:\Program Files (x86)\Windows Kits\10\include\10.0.26100.0\ucrt\locale.h
注意: 包含文件:      C:\Program Files (x86)\Microsoft Visual Studio\2022\BuildTools\VC\Tools\MSVC\14.44.35207\include\ostream
注意: 包含文件:     C:\Program Files (x86)\Microsoft Visual Studio\2022\BuildTools\VC\Tools\MSVC\14.44.35207\include\functional
注意: 包含文件:     C:\Program Files (x86)\Microsoft Visual Studio\2022\BuildTools\VC\Tools\MSVC\14.44.35207\include\mutex
注意: 包含文件:      C:\Program Files (x86)\Microsoft Visual Studio\2022\BuildTools\VC\Tools\MSVC\14.44.35207\include\__msvc_chrono.hpp
注意: 包含文件:       C:\Program Files (x86)\Microsoft Visual Studio\2022\BuildTools\VC\Tools\MSVC\14.44.35207\include\ratio
注意: 包含文件:      C:\Program Files (x86)\Microsoft Visual Studio\2022\BuildTools\VC\Tools\MSVC\14.44.35207\include\thread
注意: 包含文件:       C:\Program Files (x86)\Windows Kits\10\include\10.0.26100.0\ucrt\process.h
注意: 包含文件:        C:\Program Files (x86)\Windows Kits\10\include\10.0.26100.0\ucrt\corecrt_startup.h
注意: 包含文件:         C:\Program Files (x86)\Windows Kits\10\include\10.0.26100.0\ucrt\math.h
注意: 包含文件:         C:\Program Files (x86)\Microsoft Visual Studio\2022\BuildTools\VC\Tools\MSVC\14.44.35207\include\vcruntime_startup.h
注意: 包含文件:     C:\Program Files (x86)\Microsoft Visual Studio\2022\BuildTools\VC\Tools\MSVC\14.44.35207\include\locale
注意: 包含文件:      C:\Program Files (x86)\Microsoft Visual Studio\2022\BuildTools\VC\Tools\MSVC\14.44.35207\include\xlocbuf
注意: 包含文件:      C:\Program Files (x86)\Microsoft Visual Studio\2022\BuildTools\VC\Tools\MSVC\14.44.35207\include\xlocmes
注意: 包含文件:      C:\Program Files (x86)\Microsoft Visual Studio\2022\BuildTools\VC\Tools\MSVC\14.44.35207\include\xlocmon
注意: 包含文件:      C:\Program Files (x86)\Microsoft Visual Studio\2022\BuildTools\VC\Tools\MSVC\14.44.35207\include\xloctime
注意: 包含文件:     C:\Program Files (x86)\Microsoft Visual Studio\2022\BuildTools\VC\Tools\MSVC\14.44.35207\include\codecvt
注意: 包含文件:     C:\Users\user\output\deepseek-v4部署\fastllm-master\include\devices/cpu/alivethreadpool.h
注意: 包含文件:      C:\Program Files (x86)\Microsoft Visual Studio\2022\BuildTools\VC\Tools\MSVC\14.44.35207\include\chrono
注意: 包含文件:       C:\Program Files (x86)\Microsoft Visual Studio\2022\BuildTools\VC\Tools\MSVC\14.44.35207\include\xfilesystem_abi.h
注意: 包含文件:      C:\Program Files (x86)\Windows Kits\10\\include\10.0.26100.0\\um\Windows.h
注意: 包含文件:       C:\Program Files (x86)\Windows Kits\10\\include\10.0.26100.0\\shared\winapifamily.h
注意: 包含文件:        C:\Program Files (x86)\Windows Kits\10\\include\10.0.26100.0\\shared\winpackagefamily.h
注意: 包含文件:       C:\Program Files (x86)\Windows Kits\10\\include\10.0.26100.0\\shared\sdkddkver.h
注意: 包含文件:       C:\Program Files (x86)\Microsoft Visual Studio\2022\BuildTools\VC\Tools\MSVC\14.44.35207\include\excpt.h
注意: 包含文件:       C:\Program Files (x86)\Microsoft Visual Studio\2022\BuildTools\VC\Tools\MSVC\14.44.35207\include\stdarg.h
注意: 包含文件:       C:\Program Files (x86)\Windows Kits\10\\include\10.0.26100.0\\shared\windef.h
注意: 包含文件:        C:\Program Files (x86)\Windows Kits\10\\include\10.0.26100.0\\shared\minwindef.h
注意: 包含文件:         C:\Program Files (x86)\Windows Kits\10\\include\10.0.26100.0\\shared\specstrings.h
注意: 包含文件:          C:\Program Files (x86)\Windows Kits\10\\include\10.0.26100.0\\shared\specstrings_strict.h
注意: 包含文件:           C:\Program Files (x86)\Windows Kits\10\\include\10.0.26100.0\\shared\specstrings_undef.h
注意: 包含文件:          C:\Program Files (x86)\Windows Kits\10\\include\10.0.26100.0\\shared\driverspecs.h
注意: 包含文件:           C:\Program Files (x86)\Windows Kits\10\include\10.0.26100.0\shared\sdv_driverspecs.h
注意: 包含文件:         C:\Program Files (x86)\Windows Kits\10\\include\10.0.26100.0\\um\winnt.h
注意: 包含文件:          C:\Program Files (x86)\Windows Kits\10\\include\10.0.26100.0\\shared\kernelspecs.h
注意: 包含文件:          C:\Program Files (x86)\Windows Kits\10\\include\10.0.26100.0\\shared\basetsd.h
注意: 包含文件:          C:\Program Files (x86)\Windows Kits\10\\include\10.0.26100.0\\shared\guiddef.h
注意: 包含文件:          C:\Program Files (x86)\Windows Kits\10\include\10.0.26100.0\shared\pshpack4.h
注意: 包含文件:          C:\Program Files (x86)\Windows Kits\10\include\10.0.26100.0\shared\poppack.h
注意: 包含文件:          C:\Program Files (x86)\Windows Kits\10\\include\10.0.26100.0\\shared\pshpack4.h
注意: 包含文件:          C:\Program Files (x86)\Windows Kits\10\\include\10.0.26100.0\\shared\poppack.h
注意: 包含文件:          C:\Program Files (x86)\Windows Kits\10\include\10.0.26100.0\shared\pshpack4.h
注意: 包含文件:          C:\Program Files (x86)\Windows Kits\10\include\10.0.26100.0\shared\pshpack2.h
注意: 包含文件:          C:\Program Files (x86)\Windows Kits\10\include\10.0.26100.0\shared\poppack.h
注意: 包含文件:          C:\Program Files (x86)\Windows Kits\10\include\10.0.26100.0\shared\pshpack2.h
注意: 包含文件:          C:\Program Files (x86)\Windows Kits\10\\include\10.0.26100.0\\shared\pshpack2.h
注意: 包含文件:          C:\Program Files (x86)\Windows Kits\10\\include\10.0.26100.0\\shared\poppack.h
注意: 包含文件:          C:\Program Files (x86)\Windows Kits\10\include\10.0.26100.0\shared\poppack.h
注意: 包含文件:          C:\Program Files (x86)\Windows Kits\10\include\10.0.26100.0\shared\pshpack8.h
注意: 包含文件:          C:\Program Files (x86)\Windows Kits\10\include\10.0.26100.0\shared\poppack.h
注意: 包含文件:          C:\Program Files (x86)\Windows Kits\10\include\10.0.26100.0\shared\pshpack1.h
注意: 包含文件:          C:\Program Files (x86)\Windows Kits\10\include\10.0.26100.0\shared\poppack.h
注意: 包含文件:          C:\Program Files (x86)\Windows Kits\10\include\10.0.26100.0\shared\pshpack1.h
注意: 包含文件:          C:\Program Files (x86)\Windows Kits\10\include\10.0.26100.0\shared\poppack.h
注意: 包含文件:          C:\Program Files (x86)\Windows Kits\10\include\10.0.26100.0\shared\poppack.h
注意: 包含文件:          C:\Program Files (x86)\Windows Kits\10\\include\10.0.26100.0\\shared\apiset.h
注意: 包含文件:          C:\Program Files (x86)\Windows Kits\10\\include\10.0.26100.0\\shared\ktmtypes.h
注意: 包含文件:       C:\Program Files (x86)\Windows Kits\10\\include\10.0.26100.0\\um\winbase.h
注意: 包含文件:        C:\Program Files (x86)\Windows Kits\10\\include\10.0.26100.0\\shared\apisetcconv.h
注意: 包含文件:        C:\Program Files (x86)\Windows Kits\10\\include\10.0.26100.0\\um\minwinbase.h
注意: 包含文件:        C:\Program Files (x86)\Windows Kits\10\\include\10.0.26100.0\\um\apiquery2.h
注意: 包含文件:        C:\Program Files (x86)\Windows Kits\10\\include\10.0.26100.0\\um\processenv.h
注意: 包含文件:        C:\Program Files (x86)\Windows Kits\10\\include\10.0.26100.0\\um\fileapifromapp.h
注意: 包含文件:         C:\Program Files (x86)\Windows Kits\10\\include\10.0.26100.0\\um\fileapi.h
注意: 包含文件:        C:\Program Files (x86)\Windows Kits\10\\include\10.0.26100.0\\um\debugapi.h
注意: 包含文件:        C:\Program Files (x86)\Windows Kits\10\\include\10.0.26100.0\\um\utilapiset.h
注意: 包含文件:        C:\Program Files (x86)\Windows Kits\10\\include\10.0.26100.0\\um\handleapi.h
注意: 包含文件:        C:\Program Files (x86)\Windows Kits\10\\include\10.0.26100.0\\um\errhandlingapi.h
注意: 包含文件:        C:\Program Files (x86)\Windows Kits\10\\include\10.0.26100.0\\um\fibersapi.h
注意: 包含文件:        C:\Program Files (x86)\Windows Kits\10\\include\10.0.26100.0\\um\namedpipeapi.h
注意: 包含文件:        C:\Program Files (x86)\Windows Kits\10\\include\10.0.26100.0\\um\profileapi.h
注意: 包含文件:        C:\Program Files (x86)\Windows Kits\10\\include\10.0.26100.0\\um\heapapi.h
注意: 包含文件:        C:\Program Files (x86)\Windows Kits\10\\include\10.0.26100.0\\um\ioapiset.h
注意: 包含文件:        C:\Program Files (x86)\Windows Kits\10\\include\10.0.26100.0\\um\synchapi.h
注意: 包含文件:        C:\Program Files (x86)\Windows Kits\10\\include\10.0.26100.0\\um\interlockedapi.h
注意: 包含文件:        C:\Program Files (x86)\Windows Kits\10\\include\10.0.26100.0\\um\processthreadsapi.h
注意: 包含文件:        C:\Program Files (x86)\Windows Kits\10\\include\10.0.26100.0\\um\sysinfoapi.h
注意: 包含文件:        C:\Program Files (x86)\Windows Kits\10\\include\10.0.26100.0\\um\memoryapi.h
注意: 包含文件:        C:\Program Files (x86)\Windows Kits\10\\include\10.0.26100.0\\um\enclaveapi.h
注意: 包含文件:        C:\Program Files (x86)\Windows Kits\10\\include\10.0.26100.0\\um\threadpoollegacyapiset.h
注意: 包含文件:        C:\Program Files (x86)\Windows Kits\10\\include\10.0.26100.0\\um\threadpoolapiset.h
注意: 包含文件:        C:\Program Files (x86)\Windows Kits\10\\include\10.0.26100.0\\um\jobapi.h
注意: 包含文件:        C:\Program Files (x86)\Windows Kits\10\\include\10.0.26100.0\\um\jobapi2.h
注意: 包含文件:        C:\Program Files (x86)\Windows Kits\10\\include\10.0.26100.0\\um\wow64apiset.h
注意: 包含文件:        C:\Program Files (x86)\Windows Kits\10\\include\10.0.26100.0\\um\libloaderapi.h
注意: 包含文件:        C:\Program Files (x86)\Windows Kits\10\\include\10.0.26100.0\\um\securitybaseapi.h
注意: 包含文件:        C:\Program Files (x86)\Windows Kits\10\\include\10.0.26100.0\\um\namespaceapi.h
注意: 包含文件:        C:\Program Files (x86)\Windows Kits\10\\include\10.0.26100.0\\um\systemtopologyapi.h
注意: 包含文件:        C:\Program Files (x86)\Windows Kits\10\\include\10.0.26100.0\\um\processtopologyapi.h
注意: 包含文件:        C:\Program Files (x86)\Windows Kits\10\\include\10.0.26100.0\\um\securityappcontainer.h
注意: 包含文件:        C:\Program Files (x86)\Windows Kits\10\\include\10.0.26100.0\\um\realtimeapiset.h
注意: 包含文件:        C:\Program Files (x86)\Windows Kits\10\\include\10.0.26100.0\\shared\winerror.h
注意: 包含文件:        C:\Program Files (x86)\Windows Kits\10\\include\10.0.26100.0\\um\timezoneapi.h
注意: 包含文件:       C:\Program Files (x86)\Windows Kits\10\\include\10.0.26100.0\\um\wingdi.h
注意: 包含文件:        C:\Program Files (x86)\Windows Kits\10\\include\10.0.26100.0\\shared\pshpack1.h
注意: 包含文件:        C:\Program Files (x86)\Windows Kits\10\\include\10.0.26100.0\\shared\poppack.h
注意: 包含文件:        C:\Program Files (x86)\Windows Kits\10\\include\10.0.26100.0\\shared\pshpack2.h
注意: 包含文件:        C:\Program Files (x86)\Windows Kits\10\\include\10.0.26100.0\\shared\poppack.h
注意: 包含文件:        C:\Program Files (x86)\Windows Kits\10\\include\10.0.26100.0\\shared\pshpack2.h
注意: 包含文件:        C:\Program Files (x86)\Windows Kits\10\\include\10.0.26100.0\\shared\poppack.h
注意: 包含文件:        C:\Program Files (x86)\Windows Kits\10\\include\10.0.26100.0\\shared\pshpack4.h
注意: 包含文件:        C:\Program Files (x86)\Windows Kits\10\\include\10.0.26100.0\\shared\poppack.h
注意: 包含文件:        C:\Program Files (x86)\Windows Kits\10\\include\10.0.26100.0\\shared\pshpack4.h
注意: 包含文件:        C:\Program Files (x86)\Windows Kits\10\\include\10.0.26100.0\\shared\poppack.h
注意: 包含文件:       C:\Program Files (x86)\Windows Kits\10\\include\10.0.26100.0\\um\winuser.h
注意: 包含文件:        C:\Program Files (x86)\Windows Kits\10\\include\10.0.26100.0\\shared\pshpack2.h
注意: 包含文件:        C:\Program Files (x86)\Windows Kits\10\\include\10.0.26100.0\\shared\poppack.h
注意: 包含文件:        C:\Program Files (x86)\Windows Kits\10\\include\10.0.26100.0\\shared\tvout.h
注意: 包含文件:       C:\Program Files (x86)\Windows Kits\10\\include\10.0.26100.0\\um\winnls.h
注意: 包含文件:        C:\Program Files (x86)\Windows Kits\10\\include\10.0.26100.0\\um\datetimeapi.h
注意: 包含文件:        C:\Program Files (x86)\Windows Kits\10\\include\10.0.26100.0\\um\stringapiset.h
注意: 包含文件:         C:\Program Files (x86)\Windows Kits\10\\include\10.0.26100.0\\um\winnls.h
注意: 包含文件:       C:\Program Files (x86)\Windows Kits\10\\include\10.0.26100.0\\um\wincon.h
注意: 包含文件:        C:\Program Files (x86)\Windows Kits\10\\include\10.0.26100.0\\um\wincontypes.h
注意: 包含文件:        C:\Program Files (x86)\Windows Kits\10\\include\10.0.26100.0\\um\consoleapi.h
注意: 包含文件:        C:\Program Files (x86)\Windows Kits\10\\include\10.0.26100.0\\um\consoleapi2.h
注意: 包含文件:        C:\Program Files (x86)\Windows Kits\10\\include\10.0.26100.0\\um\consoleapi3.h
注意: 包含文件:       C:\Program Files (x86)\Windows Kits\10\\include\10.0.26100.0\\um\winver.h
注意: 包含文件:        C:\Program Files (x86)\Windows Kits\10\\include\10.0.26100.0\\um\verrsrc.h
注意: 包含文件:       C:\Program Files (x86)\Windows Kits\10\\include\10.0.26100.0\\um\winreg.h
注意: 包含文件:        C:\Program Files (x86)\Windows Kits\10\\include\10.0.26100.0\\um\reason.h
注意: 包含文件:       C:\Program Files (x86)\Windows Kits\10\\include\10.0.26100.0\\um\winnetwk.h
注意: 包含文件:        C:\Program Files (x86)\Windows Kits\10\\include\10.0.26100.0\\shared\wnnc.h
注意: 包含文件:       C:\Program Files (x86)\Windows Kits\10\\include\10.0.26100.0\\shared\cderr.h
注意: 包含文件:       C:\Program Files (x86)\Windows Kits\10\\include\10.0.26100.0\\um\dde.h
注意: 包含文件:       C:\Program Files (x86)\Windows Kits\10\\include\10.0.26100.0\\um\ddeml.h
注意: 包含文件:       C:\Program Files (x86)\Windows Kits\10\\include\10.0.26100.0\\um\dlgs.h
注意: 包含文件:       C:\Program Files (x86)\Windows Kits\10\\include\10.0.26100.0\\um\lzexpand.h
注意: 包含文件:       C:\Program Files (x86)\Windows Kits\10\\include\10.0.26100.0\\um\mmsystem.h
注意: 包含文件:        C:\Program Files (x86)\Windows Kits\10\\include\10.0.26100.0\\um\mmsyscom.h
注意: 包含文件:         C:\Program Files (x86)\Windows Kits\10\\include\10.0.26100.0\\shared\pshpack1.h
注意: 包含文件:         C:\Program Files (x86)\Windows Kits\10\\include\10.0.26100.0\\shared\poppack.h
注意: 包含文件:        C:\Program Files (x86)\Windows Kits\10\\include\10.0.26100.0\\shared\pshpack1.h
注意: 包含文件:        C:\Program Files (x86)\Windows Kits\10\\include\10.0.26100.0\\um\mciapi.h
注意: 包含文件:         C:\Program Files (x86)\Windows Kits\10\\include\10.0.26100.0\\um\mmsyscom.h
注意: 包含文件:        C:\Program Files (x86)\Windows Kits\10\\include\10.0.26100.0\\um\mmiscapi.h
注意: 包含文件:         C:\Program Files (x86)\Windows Kits\10\\include\10.0.26100.0\\um\mmsyscom.h
注意: 包含文件:        C:\Program Files (x86)\Windows Kits\10\\include\10.0.26100.0\\um\mmiscapi2.h
注意: 包含文件:         C:\Program Files (x86)\Windows Kits\10\\include\10.0.26100.0\\um\mmsyscom.h
注意: 包含文件:        C:\Program Files (x86)\Windows Kits\10\\include\10.0.26100.0\\um\playsoundapi.h
注意: 包含文件:         C:\Program Files (x86)\Windows Kits\10\\include\10.0.26100.0\\um\mmsyscom.h
注意: 包含文件:        C:\Program Files (x86)\Windows Kits\10\\include\10.0.26100.0\\um\mmeapi.h
注意: 包含文件:         C:\Program Files (x86)\Windows Kits\10\\include\10.0.26100.0\\um\mmsyscom.h
注意: 包含文件:        C:\Program Files (x86)\Windows Kits\10\\include\10.0.26100.0\\um\timeapi.h
注意: 包含文件:         C:\Program Files (x86)\Windows Kits\10\\include\10.0.26100.0\\um\mmsyscom.h
注意: 包含文件:        C:\Program Files (x86)\Windows Kits\10\\include\10.0.26100.0\\um\joystickapi.h
注意: 包含文件:         C:\Program Files (x86)\Windows Kits\10\\include\10.0.26100.0\\um\mmsyscom.h
注意: 包含文件:        C:\Program Files (x86)\Windows Kits\10\\include\10.0.26100.0\\shared\poppack.h
注意: 包含文件:       C:\Program Files (x86)\Windows Kits\10\\include\10.0.26100.0\\um\nb30.h
注意: 包含文件:       C:\Program Files (x86)\Windows Kits\10\\include\10.0.26100.0\\shared\rpc.h
注意: 包含文件:        C:\Program Files (x86)\Windows Kits\10\\include\10.0.26100.0\\shared\pshpack8.h
注意: 包含文件:        C:\Program Files (x86)\Windows Kits\10\\include\10.0.26100.0\\shared\rpcdce.h
注意: 包含文件:         C:\Program Files (x86)\Windows Kits\10\\include\10.0.26100.0\\shared\rpcdcep.h
注意: 包含文件:        C:\Program Files (x86)\Windows Kits\10\\include\10.0.26100.0\\um\rpcnsi.h
注意: 包含文件:        C:\Program Files (x86)\Windows Kits\10\\include\10.0.26100.0\\shared\rpcnterr.h
注意: 包含文件:        C:\Program Files (x86)\Windows Kits\10\\include\10.0.26100.0\\shared\rpcasync.h
注意: 包含文件:         C:\Program Files (x86)\Windows Kits\10\\include\10.0.26100.0\\shared\pshpack8.h
注意: 包含文件:         C:\Program Files (x86)\Windows Kits\10\\include\10.0.26100.0\\shared\poppack.h
注意: 包含文件:        C:\Program Files (x86)\Windows Kits\10\\include\10.0.26100.0\\shared\poppack.h
注意: 包含文件:       C:\Program Files (x86)\Windows Kits\10\\include\10.0.26100.0\\um\shellapi.h
注意: 包含文件:       C:\Program Files (x86)\Windows Kits\10\\include\10.0.26100.0\\um\winperf.h
注意: 包含文件:        C:\Program Files (x86)\Windows Kits\10\\include\10.0.26100.0\\shared\pshpack8.h
注意: 包含文件:        C:\Program Files (x86)\Windows Kits\10\\include\10.0.26100.0\\shared\poppack.h
注意: 包含文件:       C:\Program Files (x86)\Windows Kits\10\\include\10.0.26100.0\\um\winsock.h
注意: 包含文件:        C:\Program Files (x86)\Windows Kits\10\\include\10.0.26100.0\\shared\inaddr.h
注意: 包含文件:       C:\Program Files (x86)\Windows Kits\10\\include\10.0.26100.0\\um\wincrypt.h
注意: 包含文件:        C:\Program Files (x86)\Windows Kits\10\\include\10.0.26100.0\\shared\bcrypt.h
注意: 包含文件:        C:\Program Files (x86)\Windows Kits\10\\include\10.0.26100.0\\um\ncrypt.h
注意: 包含文件:        C:\Program Files (x86)\Windows Kits\10\\include\10.0.26100.0\\um\dpapi.h
注意: 包含文件:       C:\Program Files (x86)\Windows Kits\10\\include\10.0.26100.0\\um\winefs.h
注意: 包含文件:       C:\Program Files (x86)\Windows Kits\10\\include\10.0.26100.0\\um\winscard.h
注意: 包含文件:        C:\Program Files (x86)\Windows Kits\10\\include\10.0.26100.0\\shared\wtypes.h
注意: 包含文件:         C:\Program Files (x86)\Windows Kits\10\include\10.0.26100.0\shared\rpcndr.h
注意: 包含文件:          C:\Program Files (x86)\Windows Kits\10\\include\10.0.26100.0\\shared\pshpack8.h
注意: 包含文件:          C:\Program Files (x86)\Windows Kits\10\\include\10.0.26100.0\\um\rpcnsip.h
注意: 包含文件:          C:\Program Files (x86)\Windows Kits\10\\include\10.0.26100.0\\shared\rpcsal.h
注意: 包含文件:          C:\Program Files (x86)\Windows Kits\10\\include\10.0.26100.0\\shared\poppack.h
注意: 包含文件:         C:\Program Files (x86)\Windows Kits\10\include\10.0.26100.0\shared\wtypesbase.h
注意: 包含文件:          C:\Program Files (x86)\Windows Kits\10\include\10.0.26100.0\shared\guiddef.h
注意: 包含文件:        C:\Program Files (x86)\Windows Kits\10\\include\10.0.26100.0\\um\winioctl.h
注意: 包含文件:         C:\Program Files (x86)\Windows Kits\10\\include\10.0.26100.0\\shared\pshpack1.h
注意: 包含文件:         C:\Program Files (x86)\Windows Kits\10\\include\10.0.26100.0\\shared\poppack.h
注意: 包含文件:         C:\Program Files (x86)\Windows Kits\10\\include\10.0.26100.0\\shared\pshpack1.h
注意: 包含文件:         C:\Program Files (x86)\Windows Kits\10\\include\10.0.26100.0\\shared\poppack.h
注意: 包含文件:         C:\Program Files (x86)\Windows Kits\10\\include\10.0.26100.0\\shared\pshpack1.h
注意: 包含文件:         C:\Program Files (x86)\Windows Kits\10\\include\10.0.26100.0\\shared\poppack.h
注意: 包含文件:         C:\Program Files (x86)\Windows Kits\10\\include\10.0.26100.0\\shared\pshpack1.h
注意: 包含文件:         C:\Program Files (x86)\Windows Kits\10\\include\10.0.26100.0\\shared\poppack.h
注意: 包含文件:         C:\Program Files (x86)\Windows Kits\10\\include\10.0.26100.0\\shared\pshpack1.h
注意: 包含文件:         C:\Program Files (x86)\Windows Kits\10\\include\10.0.26100.0\\shared\poppack.h
注意: 包含文件:         C:\Program Files (x86)\Windows Kits\10\\include\10.0.26100.0\\shared\pshpack1.h
注意: 包含文件:         C:\Program Files (x86)\Windows Kits\10\\include\10.0.26100.0\\shared\poppack.h
注意: 包含文件:         C:\Program Files (x86)\Windows Kits\10\\include\10.0.26100.0\\shared\pshpack1.h
注意: 包含文件:         C:\Program Files (x86)\Windows Kits\10\\include\10.0.26100.0\\shared\poppack.h
注意: 包含文件:        C:\Program Files (x86)\Windows Kits\10\\include\10.0.26100.0\\shared\winsmcrd.h
注意: 包含文件:       C:\Program Files (x86)\Windows Kits\10\\include\10.0.26100.0\\um\winspool.h
注意: 包含文件:        C:\Program Files (x86)\Windows Kits\10\\include\10.0.26100.0\\um\prsht.h
注意: 包含文件:         C:\Program Files (x86)\Windows Kits\10\\include\10.0.26100.0\\shared\pshpack8.h
注意: 包含文件:         C:\Program Files (x86)\Windows Kits\10\\include\10.0.26100.0\\shared\poppack.h
注意: 包含文件:       C:\Program Files (x86)\Windows Kits\10\\include\10.0.26100.0\\um\ole2.h
注意: 包含文件:        C:\Program Files (x86)\Windows Kits\10\\include\10.0.26100.0\\shared\pshpack8.h
注意: 包含文件:        C:\Program Files (x86)\Windows Kits\10\\include\10.0.26100.0\\um\objbase.h
注意: 包含文件:         C:\Program Files (x86)\Windows Kits\10\\include\10.0.26100.0\\shared\pshpack8.h
注意: 包含文件:         C:\Program Files (x86)\Windows Kits\10\\include\10.0.26100.0\\um\combaseapi.h
注意: 包含文件:          C:\Program Files (x86)\Windows Kits\10\\include\10.0.26100.0\\shared\pshpack8.h
注意: 包含文件:          C:\Program Files (x86)\Windows Kits\10\\include\10.0.26100.0\\um\unknwnbase.h
注意: 包含文件:          C:\Program Files (x86)\Windows Kits\10\\include\10.0.26100.0\\um\objidlbase.h
注意: 包含文件:          C:\Program Files (x86)\Windows Kits\10\\include\10.0.26100.0\\shared\guiddef.h
注意: 包含文件:          C:\Program Files (x86)\Windows Kits\10\\include\10.0.26100.0\\um\cguid.h
注意: 包含文件:          C:\Program Files (x86)\Windows Kits\10\\include\10.0.26100.0\\shared\poppack.h
注意: 包含文件:         C:\Program Files (x86)\Windows Kits\10\\include\10.0.26100.0\\um\coml2api.h
注意: 包含文件:          C:\Program Files (x86)\Windows Kits\10\\include\10.0.26100.0\\um\objidl.h
注意: 包含文件:           C:\Program Files (x86)\Windows Kits\10\include\10.0.26100.0\um\unknwn.h
注意: 包含文件:          C:\Program Files (x86)\Windows Kits\10\\include\10.0.26100.0\\um\propidlbase.h
注意: 包含文件:           C:\Program Files (x86)\Windows Kits\10\include\10.0.26100.0\um\oaidl.h
注意: 包含文件:         C:\Program Files (x86)\Windows Kits\10\\include\10.0.26100.0\\um\urlmon.h
注意: 包含文件:          C:\Program Files (x86)\Windows Kits\10\include\10.0.26100.0\um\oleidl.h
注意: 包含文件:          C:\Program Files (x86)\Windows Kits\10\include\10.0.26100.0\um\servprov.h
注意: 包含文件:          C:\Program Files (x86)\Windows Kits\10\include\10.0.26100.0\um\msxml.h
注意: 包含文件:         C:\Program Files (x86)\Windows Kits\10\\include\10.0.26100.0\\um\propidl.h
注意: 包含文件:         C:\Program Files (x86)\Windows Kits\10\\include\10.0.26100.0\\shared\poppack.h
注意: 包含文件:        C:\Program Files (x86)\Windows Kits\10\\include\10.0.26100.0\\um\oleauto.h
注意: 包含文件:         C:\Program Files (x86)\Windows Kits\10\\include\10.0.26100.0\\shared\pshpack8.h
注意: 包含文件:         C:\Program Files (x86)\Windows Kits\10\\include\10.0.26100.0\\shared\poppack.h
注意: 包含文件:        C:\Program Files (x86)\Windows Kits\10\\include\10.0.26100.0\\shared\poppack.h
注意: 包含文件:       C:\Program Files (x86)\Windows Kits\10\\include\10.0.26100.0\\um\commdlg.h
注意: 包含文件:        C:\Program Files (x86)\Windows Kits\10\\include\10.0.26100.0\\um\prsht.h
注意: 包含文件:       C:\Program Files (x86)\Windows Kits\10\\include\10.0.26100.0\\shared\stralign.h
注意: 包含文件:       C:\Program Files (x86)\Windows Kits\10\\include\10.0.26100.0\\um\winsvc.h
注意: 包含文件:       C:\Program Files (x86)\Windows Kits\10\\include\10.0.26100.0\\um\mcx.h
注意: 包含文件:       C:\Program Files (x86)\Windows Kits\10\\include\10.0.26100.0\\um\imm.h
注意: 包含文件:        C:\Program Files (x86)\Windows Kits\10\\include\10.0.26100.0\\um\ime_cmodes.h
C:\Users\user\output\deepseek-v4部署\fastllm-master\include\devices/cpu/alivethreadpool.h(136): warning C4267: “初始化”: 从“size_t”转换到“int”，可能丢失数据
C:\Users\user\output\deepseek-v4部署\fastllm-master\include\devices/cpu/alivethreadpool.h(176): warning C4267: “初始化”: 从“size_t”转换到“int”，可能丢失数据
C:\Users\user\output\deepseek-v4部署\fastllm-master\include\devices/cpu/alivethreadpool.h(236): warning C4267: “初始化”: 从“size_t”转换到“int”，可能丢失数据
C:\Users\user\output\deepseek-v4部署\fastllm-master\include\devices/cpu/alivethreadpool.h(237): warning C4267: “初始化”: 从“size_t”转换到“int”，可能丢失数据
C:\Users\user\output\deepseek-v4部署\fastllm-master\include\devices/cpu/alivethreadpool.h(238): warning C4267: “初始化”: 从“size_t”转换到“int”，可能丢失数据
C:\Users\user\output\deepseek-v4部署\fastllm-master\include\devices/cpu/alivethreadpool.h(281): warning C4267: “初始化”: 从“size_t”转换到“int”，可能丢失数据
C:\Users\user\output\deepseek-v4部署\fastllm-master\include\devices/cpu/alivethreadpool.h(327): warning C4267: “初始化”: 从“size_t”转换到“int”，可能丢失数据
C:\Users\user\output\deepseek-v4部署\fastllm-master\include\devices/cpu/alivethreadpool.h(330): warning C4267: “初始化”: 从“size_t”转换到“int”，可能丢失数据
C:\Users\user\output\deepseek-v4部署\fastllm-master\include\devices/cpu/alivethreadpool.h(370): warning C4267: “初始化”: 从“size_t”转换到“int”，可能丢失数据
C:\Users\user\output\deepseek-v4部署\fastllm-master\include\devices/cpu/alivethreadpool.h(372): warning C4267: “初始化”: 从“size_t”转换到“int”，可能丢失数据
注意: 包含文件:     C:\Users\user\output\deepseek-v4部署\fastllm-master\third_party\json11\json11.hpp
C:\Users\user\output\deepseek-v4部署\fastllm-master\include\fastllm.h(222): warning C4244: “初始化”: 从“int”转换到“float”，可能丢失数据
C:\Users\user\output\deepseek-v4部署\fastllm-master\include\fastllm.h(222): warning C4244: “初始化”: 从“int”转换到“const float”，可能丢失数据
C:\Users\user\output\deepseek-v4部署\fastllm-master\include\fastllm.h(227): warning C4244: “=”: 从“float”转换到“uint8_t”，可能丢失数据
C:\Users\user\output\deepseek-v4部署\fastllm-master\include\fastllm.h(229): warning C4244: “=”: 从“const float”转换到“uint8_t”，可能丢失数据
C:\Users\user\output\deepseek-v4部署\fastllm-master\include\fastllm.h(687): warning C4996: 'std::codecvt_utf8<wchar_t,1114111,(std::codecvt_mode)0>': warning STL4017: std::wbuffer_convert, std::wstring_convert, and the <codecvt> header (containing std::codecvt_mode, std::codecvt_utf8, std::codecvt_utf16, and std::codecvt_utf8_utf16) are deprecated in C++17. (The std::codecvt class template is NOT deprecated.) The C++ Standard doesn't provide equivalent non-deprecated functionality; consider using MultiByteToWideChar() and WideCharToMultiByte() from <Windows.h> instead. You can define _SILENCE_CXX17_CODECVT_HEADER_DEPRECATION_WARNING or _SILENCE_ALL_CXX17_DEPRECATION_WARNINGS to suppress this warning.
C:\Program Files (x86)\Microsoft Visual Studio\2022\BuildTools\VC\Tools\MSVC\14.44.35207\include\codecvt(34): note: 参见“std::codecvt_utf8”的声明
C:\Users\user\output\deepseek-v4部署\fastllm-master\include\fastllm.h(687): warning C4996: 'std::wstring_convert<std::codecvt_utf8<wchar_t,1114111,(std::codecvt_mode)0>,wchar_t,std::allocator<wchar_t>,std::allocator<char>>': warning STL4017: std::wbuffer_convert, std::wstring_convert, and the <codecvt> header (containing std::codecvt_mode, std::codecvt_utf8, std::codecvt_utf16, and std::codecvt_utf8_utf16) are deprecated in C++17. (The std::codecvt class template is NOT deprecated.) The C++ Standard doesn't provide equivalent non-deprecated functionality; consider using MultiByteToWideChar() and WideCharToMultiByte() from <Windows.h> instead. You can define _SILENCE_CXX17_CODECVT_HEADER_DEPRECATION_WARNING or _SILENCE_ALL_CXX17_DEPRECATION_WARNINGS to suppress this warning.
C:\Program Files (x86)\Microsoft Visual Studio\2022\BuildTools\VC\Tools\MSVC\14.44.35207\include\xlocbuf(303): note: 参见“std::wstring_convert”的声明
注意: 包含文件:    C:\Users\user\output\deepseek-v4部署\fastllm-master\include\blocks\baseblock.h
注意: 包含文件:    C:\Users\user\output\deepseek-v4部署\fastllm-master\include\template.h
注意: 包含文件:     C:\Users\user\output\deepseek-v4部署\fastllm-master\include\utils/utils.h
注意: 包含文件:      C:\Program Files (x86)\Windows Kits\10\include\10.0.26100.0\ucrt\fcntl.h
注意: 包含文件:      C:\Program Files (x86)\Microsoft Visual Studio\2022\BuildTools\VC\Tools\MSVC\14.44.35207\include\array
注意: 包含文件:      C:\Program Files (x86)\Microsoft Visual Studio\2022\BuildTools\VC\Tools\MSVC\14.44.35207\include\filesystem
注意: 包含文件:       C:\Program Files (x86)\Microsoft Visual Studio\2022\BuildTools\VC\Tools\MSVC\14.44.35207\include\iomanip
C:\Users\user\output\deepseek-v4部署\fastllm-master\include\utils/utils.h(30): warning C4067: 预处理器指令后有意外标记 - 应输入换行符
注意: 包含文件:      C:\Program Files (x86)\Windows Kits\10\include\10.0.26100.0\ucrt\io.h
注意: 包含文件:       C:\Program Files (x86)\Windows Kits\10\include\10.0.26100.0\ucrt\corecrt_io.h
C:\Users\user\output\deepseek-v4部署\fastllm-master\include\utils/utils.h(109): warning C4996: '_wfopen': This function or variable may be unsafe. Consider using _wfopen_s instead. To disable deprecation, use _CRT_SECURE_NO_WARNINGS. See online help for details.
C:\Users\user\output\deepseek-v4部署\fastllm-master\include\utils/utils.h(118): warning C4996: '_wopen': This function or variable may be unsafe. Consider using _wsopen_s instead. To disable deprecation, use _CRT_SECURE_NO_WARNINGS. See online help for details.
C:\Users\user\output\deepseek-v4部署\fastllm-master\include\utils/utils.h(150): warning C4244: “return”: 从“double”转换到“float”，可能丢失数据
C:\Users\user\output\deepseek-v4部署\fastllm-master\include\utils/utils.h(355): warning C4267: “初始化”: 从“size_t”转换到“int”，可能丢失数据
C:\Users\user\output\deepseek-v4部署\fastllm-master\include\utils/utils.h(417): warning C4244: “+=”: 从“double”转换到“float”，可能丢失数据
注意: 包含文件:    C:\Program Files (x86)\Microsoft Visual Studio\2022\BuildTools\VC\Tools\MSVC\14.44.35207\include\condition_variable
C:\Users\user\output\deepseek-v4部署\fastllm-master\include\models\basellm.h(344): warning C4305: “初始化”: 从“double”到“float”截断
C:\Users\user\output\deepseek-v4部署\fastllm-master\include\models\basellm.h(348): warning C4244: “初始化”: 从“double”转换到“const float”，可能丢失数据
注意: 包含文件:   C:\Users\user\output\deepseek-v4部署\fastllm-master\include\graph.h
注意: 包含文件:    C:\Users\user\output\deepseek-v4部署\fastllm-master\include\executor.h
注意: 包含文件:     C:\Users\user\output\deepseek-v4部署\fastllm-master\include\device.h
C:\Users\user\output\deepseek-v4部署\fastllm-master\include\models\graphllm.h(78): warning C4305: “初始化”: 从“double”到“float”截断
C:\Users\user\output\deepseek-v4部署\fastllm-master\src\models\graph\qwen2.cpp(61): warning C4244: “参数”: 从“double”转换到“float”，可能丢失数据
[15/33] Building CXX object CMakeFiles\fastllm_tools.dir\src\devices\cuda\cudadevice.cpp.obj
FAILED: [code=2] CMakeFiles/fastllm_tools.dir/src/devices/cuda/cudadevice.cpp.obj 
"C:\PROGRA~2\Microsoft Visual Studio\2022\BuildTools\VC\Tools\MSVC\14.44.35207\bin\Hostx64\x64\cl.exe"  /nologo /TP -DUSE_CUDA -Dfastllm_tools_EXPORTS -IC:\Users\user\output\deepseek-v4部署\fastllm-master\include -IC:\Users\user\output\deepseek-v4部署\fastllm-master\include\utils -IC:\Users\user\output\deepseek-v4部署\fastllm-master\include\models -IC:\Users\user\output\deepseek-v4部署\fastllm-master\include\blocks -IC:\Users\user\output\deepseek-v4部署\fastllm-master\include\devices\cpu -IC:\Users\user\output\deepseek-v4部署\fastllm-master\include\devices\disk -IC:\Users\user\output\deepseek-v4部署\fastllm-master\third_party\json11 -IC:\Users\user\output\deepseek-v4部署\fastllm-master\third_party\gguf -IC:\Users\user\output\deepseek-v4部署\fastllm-master\third_party\flashinfer -IC:\Users\user\output\deepseek-v4部署\fastllm-master\include\devices\cuda -IC:\Users\user\output\deepseek-v4部署\fastllm-master\include\devices\multicuda /DWIN32 /D_WINDOWS /W3 /GR /EHsc -DNOMINMAX /std:c++17 /arch:AVX2 /source-charset:utf-8 /MD /O2 /Ob1 /Gy /DNDEBUG /showIncludes /FoCMakeFiles\fastllm_tools.dir\src\devices\cuda\cudadevice.cpp.obj /FdCMakeFiles\fastllm_tools.dir\ /FS -c C:\Users\user\output\deepseek-v4部署\fastllm-master\src\devices\cuda\cudadevice.cpp
注意: 包含文件:  C:\Users\user\output\deepseek-v4部署\fastllm-master\include\devices/cpu/cpudevice.h
注意: 包含文件:   C:\Users\user\output\deepseek-v4部署\fastllm-master\include\device.h
注意: 包含文件:    C:\Users\user\output\deepseek-v4部署\fastllm-master\include\fastllm.h
注意: 包含文件:     C:\Program Files (x86)\Microsoft Visual Studio\2022\BuildTools\VC\Tools\MSVC\14.44.35207\include\vector
注意: 包含文件:      C:\Program Files (x86)\Microsoft Visual Studio\2022\BuildTools\VC\Tools\MSVC\14.44.35207\include\yvals_core.h
注意: 包含文件:       C:\Program Files (x86)\Microsoft Visual Studio\2022\BuildTools\VC\Tools\MSVC\14.44.35207\include\vcruntime.h
注意: 包含文件:        C:\Program Files (x86)\Microsoft Visual Studio\2022\BuildTools\VC\Tools\MSVC\14.44.35207\include\sal.h
注意: 包含文件:         C:\Program Files (x86)\Microsoft Visual Studio\2022\BuildTools\VC\Tools\MSVC\14.44.35207\include\concurrencysal.h
注意: 包含文件:        C:\Program Files (x86)\Microsoft Visual Studio\2022\BuildTools\VC\Tools\MSVC\14.44.35207\include\vadefs.h
注意: 包含文件:       C:\Program Files (x86)\Microsoft Visual Studio\2022\BuildTools\VC\Tools\MSVC\14.44.35207\include\xkeycheck.h
注意: 包含文件:      C:\Program Files (x86)\Microsoft Visual Studio\2022\BuildTools\VC\Tools\MSVC\14.44.35207\include\__msvc_bit_utils.hpp
注意: 包含文件:       C:\Program Files (x86)\Microsoft Visual Studio\2022\BuildTools\VC\Tools\MSVC\14.44.35207\include\climits
注意: 包含文件:        C:\Program Files (x86)\Microsoft Visual Studio\2022\BuildTools\VC\Tools\MSVC\14.44.35207\include\limits.h
注意: 包含文件:       C:\Program Files (x86)\Microsoft Visual Studio\2022\BuildTools\VC\Tools\MSVC\14.44.35207\include\xtr1common
注意: 包含文件:       C:\Program Files (x86)\Microsoft Visual Studio\2022\BuildTools\VC\Tools\MSVC\14.44.35207\include\intrin0.h
注意: 包含文件:        C:\Program Files (x86)\Microsoft Visual Studio\2022\BuildTools\VC\Tools\MSVC\14.44.35207\include\intrin0.inl.h
注意: 包含文件:      C:\Program Files (x86)\Microsoft Visual Studio\2022\BuildTools\VC\Tools\MSVC\14.44.35207\include\__msvc_sanitizer_annotate_container.hpp
注意: 包含文件:      C:\Program Files (x86)\Microsoft Visual Studio\2022\BuildTools\VC\Tools\MSVC\14.44.35207\include\xmemory
注意: 包含文件:       C:\Program Files (x86)\Microsoft Visual Studio\2022\BuildTools\VC\Tools\MSVC\14.44.35207\include\cstdint
注意: 包含文件:        C:\Program Files (x86)\Microsoft Visual Studio\2022\BuildTools\VC\Tools\MSVC\14.44.35207\include\stdint.h
注意: 包含文件:       C:\Program Files (x86)\Microsoft Visual Studio\2022\BuildTools\VC\Tools\MSVC\14.44.35207\include\cstdlib
注意: 包含文件:        C:\Program Files (x86)\Windows Kits\10\include\10.0.26100.0\ucrt\math.h
注意: 包含文件:         C:\Program Files (x86)\Windows Kits\10\include\10.0.26100.0\ucrt\corecrt_math.h
注意: 包含文件:          C:\Program Files (x86)\Windows Kits\10\include\10.0.26100.0\ucrt\corecrt.h
注意: 包含文件:         C:\Program Files (x86)\Windows Kits\10\include\10.0.26100.0\ucrt\corecrt_math_defines.h
注意: 包含文件:        C:\Program Files (x86)\Windows Kits\10\include\10.0.26100.0\ucrt\stdlib.h
注意: 包含文件:         C:\Program Files (x86)\Windows Kits\10\include\10.0.26100.0\ucrt\corecrt_malloc.h
注意: 包含文件:         C:\Program Files (x86)\Windows Kits\10\include\10.0.26100.0\ucrt\corecrt_search.h
注意: 包含文件:          C:\Program Files (x86)\Windows Kits\10\include\10.0.26100.0\ucrt\stddef.h
注意: 包含文件:         C:\Program Files (x86)\Windows Kits\10\include\10.0.26100.0\ucrt\corecrt_wstdlib.h
注意: 包含文件:       C:\Program Files (x86)\Microsoft Visual Studio\2022\BuildTools\VC\Tools\MSVC\14.44.35207\include\limits
注意: 包含文件:        C:\Program Files (x86)\Microsoft Visual Studio\2022\BuildTools\VC\Tools\MSVC\14.44.35207\include\cfloat
注意: 包含文件:         C:\Program Files (x86)\Windows Kits\10\include\10.0.26100.0\ucrt\float.h
注意: 包含文件:        C:\Program Files (x86)\Microsoft Visual Studio\2022\BuildTools\VC\Tools\MSVC\14.44.35207\include\cwchar
注意: 包含文件:         C:\Program Files (x86)\Microsoft Visual Studio\2022\BuildTools\VC\Tools\MSVC\14.44.35207\include\cstdio
注意: 包含文件:          C:\Program Files (x86)\Windows Kits\10\include\10.0.26100.0\ucrt\stdio.h
注意: 包含文件:           C:\Program Files (x86)\Windows Kits\10\include\10.0.26100.0\ucrt\corecrt_wstdio.h
注意: 包含文件:            C:\Program Files (x86)\Windows Kits\10\include\10.0.26100.0\ucrt\corecrt_stdio_config.h
注意: 包含文件:         C:\Program Files (x86)\Windows Kits\10\include\10.0.26100.0\ucrt\wchar.h
注意: 包含文件:          C:\Program Files (x86)\Windows Kits\10\include\10.0.26100.0\ucrt\corecrt_memcpy_s.h
注意: 包含文件:           C:\Program Files (x86)\Windows Kits\10\include\10.0.26100.0\ucrt\errno.h
注意: 包含文件:           C:\Program Files (x86)\Microsoft Visual Studio\2022\BuildTools\VC\Tools\MSVC\14.44.35207\include\vcruntime_string.h
注意: 包含文件:          C:\Program Files (x86)\Windows Kits\10\include\10.0.26100.0\ucrt\corecrt_wconio.h
注意: 包含文件:          C:\Program Files (x86)\Windows Kits\10\include\10.0.26100.0\ucrt\corecrt_wctype.h
注意: 包含文件:          C:\Program Files (x86)\Windows Kits\10\include\10.0.26100.0\ucrt\corecrt_wdirect.h
注意: 包含文件:          C:\Program Files (x86)\Windows Kits\10\include\10.0.26100.0\ucrt\corecrt_wio.h
注意: 包含文件:           C:\Program Files (x86)\Windows Kits\10\include\10.0.26100.0\ucrt\corecrt_share.h
注意: 包含文件:          C:\Program Files (x86)\Windows Kits\10\include\10.0.26100.0\ucrt\corecrt_wprocess.h
注意: 包含文件:          C:\Program Files (x86)\Windows Kits\10\include\10.0.26100.0\ucrt\corecrt_wstring.h
注意: 包含文件:          C:\Program Files (x86)\Windows Kits\10\include\10.0.26100.0\ucrt\corecrt_wtime.h
注意: 包含文件:          C:\Program Files (x86)\Windows Kits\10\include\10.0.26100.0\ucrt\sys/stat.h
注意: 包含文件:           C:\Program Files (x86)\Windows Kits\10\include\10.0.26100.0\ucrt\sys/types.h
注意: 包含文件:          C:\Program Files (x86)\Microsoft Visual Studio\2022\BuildTools\VC\Tools\MSVC\14.44.35207\include\intrin.h
注意: 包含文件:           C:\Program Files (x86)\Microsoft Visual Studio\2022\BuildTools\VC\Tools\MSVC\14.44.35207\include\setjmp.h
注意: 包含文件:           C:\Program Files (x86)\Microsoft Visual Studio\2022\BuildTools\VC\Tools\MSVC\14.44.35207\include\immintrin.h
注意: 包含文件:            C:\Program Files (x86)\Microsoft Visual Studio\2022\BuildTools\VC\Tools\MSVC\14.44.35207\include\wmmintrin.h
注意: 包含文件:             C:\Program Files (x86)\Microsoft Visual Studio\2022\BuildTools\VC\Tools\MSVC\14.44.35207\include\nmmintrin.h
注意: 包含文件:              C:\Program Files (x86)\Microsoft Visual Studio\2022\BuildTools\VC\Tools\MSVC\14.44.35207\include\smmintrin.h
注意: 包含文件:               C:\Program Files (x86)\Microsoft Visual Studio\2022\BuildTools\VC\Tools\MSVC\14.44.35207\include\tmmintrin.h
注意: 包含文件:                C:\Program Files (x86)\Microsoft Visual Studio\2022\BuildTools\VC\Tools\MSVC\14.44.35207\include\pmmintrin.h
注意: 包含文件:                 C:\Program Files (x86)\Microsoft Visual Studio\2022\BuildTools\VC\Tools\MSVC\14.44.35207\include\emmintrin.h
注意: 包含文件:                  C:\Program Files (x86)\Microsoft Visual Studio\2022\BuildTools\VC\Tools\MSVC\14.44.35207\include\xmmintrin.h
注意: 包含文件:                   C:\Program Files (x86)\Microsoft Visual Studio\2022\BuildTools\VC\Tools\MSVC\14.44.35207\include\mmintrin.h
注意: 包含文件:                   C:\Program Files (x86)\Windows Kits\10\include\10.0.26100.0\ucrt\malloc.h
注意: 包含文件:            C:\Program Files (x86)\Microsoft Visual Studio\2022\BuildTools\VC\Tools\MSVC\14.44.35207\include\zmmintrin.h
注意: 包含文件:           C:\Program Files (x86)\Microsoft Visual Studio\2022\BuildTools\VC\Tools\MSVC\14.44.35207\include\ammintrin.h
注意: 包含文件:       C:\Program Files (x86)\Microsoft Visual Studio\2022\BuildTools\VC\Tools\MSVC\14.44.35207\include\new
注意: 包含文件:        C:\Program Files (x86)\Microsoft Visual Studio\2022\BuildTools\VC\Tools\MSVC\14.44.35207\include\exception
注意: 包含文件:         C:\Program Files (x86)\Microsoft Visual Studio\2022\BuildTools\VC\Tools\MSVC\14.44.35207\include\yvals.h
注意: 包含文件:          C:\Program Files (x86)\Windows Kits\10\include\10.0.26100.0\ucrt\crtdbg.h
注意: 包含文件:           C:\Program Files (x86)\Microsoft Visual Studio\2022\BuildTools\VC\Tools\MSVC\14.44.35207\include\vcruntime_new_debug.h
注意: 包含文件:            C:\Program Files (x86)\Microsoft Visual Studio\2022\BuildTools\VC\Tools\MSVC\14.44.35207\include\vcruntime_new.h
注意: 包含文件:          C:\Program Files (x86)\Microsoft Visual Studio\2022\BuildTools\VC\Tools\MSVC\14.44.35207\include\crtdefs.h
注意: 包含文件:          C:\Program Files (x86)\Microsoft Visual Studio\2022\BuildTools\VC\Tools\MSVC\14.44.35207\include\use_ansi.h
注意: 包含文件:         C:\Program Files (x86)\Microsoft Visual Studio\2022\BuildTools\VC\Tools\MSVC\14.44.35207\include\type_traits
注意: 包含文件:          C:\Program Files (x86)\Microsoft Visual Studio\2022\BuildTools\VC\Tools\MSVC\14.44.35207\include\cstddef
注意: 包含文件:          C:\Program Files (x86)\Microsoft Visual Studio\2022\BuildTools\VC\Tools\MSVC\14.44.35207\include\cstring
注意: 包含文件:           C:\Program Files (x86)\Windows Kits\10\include\10.0.26100.0\ucrt\string.h
注意: 包含文件:            C:\Program Files (x86)\Windows Kits\10\include\10.0.26100.0\ucrt\corecrt_memory.h
注意: 包含文件:         C:\Program Files (x86)\Microsoft Visual Studio\2022\BuildTools\VC\Tools\MSVC\14.44.35207\include\vcruntime_exception.h
注意: 包含文件:          C:\Program Files (x86)\Microsoft Visual Studio\2022\BuildTools\VC\Tools\MSVC\14.44.35207\include\eh.h
注意: 包含文件:           C:\Program Files (x86)\Windows Kits\10\include\10.0.26100.0\ucrt\corecrt_terminate.h
注意: 包含文件:       C:\Program Files (x86)\Microsoft Visual Studio\2022\BuildTools\VC\Tools\MSVC\14.44.35207\include\xatomic.h
注意: 包含文件:       C:\Program Files (x86)\Microsoft Visual Studio\2022\BuildTools\VC\Tools\MSVC\14.44.35207\include\xutility
注意: 包含文件:        C:\Program Files (x86)\Microsoft Visual Studio\2022\BuildTools\VC\Tools\MSVC\14.44.35207\include\__msvc_iter_core.hpp
注意: 包含文件:         C:\Program Files (x86)\Microsoft Visual Studio\2022\BuildTools\VC\Tools\MSVC\14.44.35207\include\utility
注意: 包含文件:          C:\Program Files (x86)\Microsoft Visual Studio\2022\BuildTools\VC\Tools\MSVC\14.44.35207\include\initializer_list
注意: 包含文件:      C:\Program Files (x86)\Microsoft Visual Studio\2022\BuildTools\VC\Tools\MSVC\14.44.35207\include\xpolymorphic_allocator.h
注意: 包含文件:       C:\Program Files (x86)\Microsoft Visual Studio\2022\BuildTools\VC\Tools\MSVC\14.44.35207\include\tuple
注意: 包含文件:     C:\Program Files (x86)\Microsoft Visual Studio\2022\BuildTools\VC\Tools\MSVC\14.44.35207\include\string
注意: 包含文件:      C:\Program Files (x86)\Microsoft Visual Studio\2022\BuildTools\VC\Tools\MSVC\14.44.35207\include\xstring
注意: 包含文件:       C:\Program Files (x86)\Microsoft Visual Studio\2022\BuildTools\VC\Tools\MSVC\14.44.35207\include\__msvc_string_view.hpp
注意: 包含文件:        C:\Program Files (x86)\Microsoft Visual Studio\2022\BuildTools\VC\Tools\MSVC\14.44.35207\include\iosfwd
注意: 包含文件:      C:\Program Files (x86)\Microsoft Visual Studio\2022\BuildTools\VC\Tools\MSVC\14.44.35207\include\cctype
注意: 包含文件:       C:\Program Files (x86)\Windows Kits\10\include\10.0.26100.0\ucrt\ctype.h
注意: 包含文件:     C:\Program Files (x86)\Microsoft Visual Studio\2022\BuildTools\VC\Tools\MSVC\14.44.35207\include\map
注意: 包含文件:      C:\Program Files (x86)\Microsoft Visual Studio\2022\BuildTools\VC\Tools\MSVC\14.44.35207\include\xtree
注意: 包含文件:       C:\Program Files (x86)\Microsoft Visual Studio\2022\BuildTools\VC\Tools\MSVC\14.44.35207\include\xnode_handle.h
注意: 包含文件:     C:\Program Files (x86)\Microsoft Visual Studio\2022\BuildTools\VC\Tools\MSVC\14.44.35207\include\set
注意: 包含文件:     C:\Program Files (x86)\Microsoft Visual Studio\2022\BuildTools\VC\Tools\MSVC\14.44.35207\include\queue
注意: 包含文件:      C:\Program Files (x86)\Microsoft Visual Studio\2022\BuildTools\VC\Tools\MSVC\14.44.35207\include\__msvc_heap_algorithms.hpp
注意: 包含文件:      C:\Program Files (x86)\Microsoft Visual Studio\2022\BuildTools\VC\Tools\MSVC\14.44.35207\include\deque
注意: 包含文件:     C:\Program Files (x86)\Microsoft Visual Studio\2022\BuildTools\VC\Tools\MSVC\14.44.35207\include\unordered_map
注意: 包含文件:      C:\Program Files (x86)\Microsoft Visual Studio\2022\BuildTools\VC\Tools\MSVC\14.44.35207\include\xhash
注意: 包含文件:       C:\Program Files (x86)\Microsoft Visual Studio\2022\BuildTools\VC\Tools\MSVC\14.44.35207\include\cmath
注意: 包含文件:       C:\Program Files (x86)\Microsoft Visual Studio\2022\BuildTools\VC\Tools\MSVC\14.44.35207\include\list
注意: 包含文件:       C:\Program Files (x86)\Microsoft Visual Studio\2022\BuildTools\VC\Tools\MSVC\14.44.35207\include\xbit_ops.h
注意: 包含文件:     C:\Program Files (x86)\Microsoft Visual Studio\2022\BuildTools\VC\Tools\MSVC\14.44.35207\include\unordered_set
注意: 包含文件:     C:\Program Files (x86)\Microsoft Visual Studio\2022\BuildTools\VC\Tools\MSVC\14.44.35207\include\algorithm
注意: 包含文件:      C:\Program Files (x86)\Microsoft Visual Studio\2022\BuildTools\VC\Tools\MSVC\14.44.35207\include\__msvc_minmax.hpp
注意: 包含文件:     C:\Program Files (x86)\Microsoft Visual Studio\2022\BuildTools\VC\Tools\MSVC\14.44.35207\include\iostream
注意: 包含文件:      C:\Program Files (x86)\Microsoft Visual Studio\2022\BuildTools\VC\Tools\MSVC\14.44.35207\include\istream
注意: 包含文件:       C:\Program Files (x86)\Microsoft Visual Studio\2022\BuildTools\VC\Tools\MSVC\14.44.35207\include\__msvc_ostream.hpp
注意: 包含文件:        C:\Program Files (x86)\Microsoft Visual Studio\2022\BuildTools\VC\Tools\MSVC\14.44.35207\include\ios
注意: 包含文件:         C:\Program Files (x86)\Microsoft Visual Studio\2022\BuildTools\VC\Tools\MSVC\14.44.35207\include\xlocnum
注意: 包含文件:          C:\Program Files (x86)\Microsoft Visual Studio\2022\BuildTools\VC\Tools\MSVC\14.44.35207\include\iterator
注意: 包含文件:          C:\Program Files (x86)\Microsoft Visual Studio\2022\BuildTools\VC\Tools\MSVC\14.44.35207\include\streambuf
注意: 包含文件:           C:\Program Files (x86)\Microsoft Visual Studio\2022\BuildTools\VC\Tools\MSVC\14.44.35207\include\xiosbase
注意: 包含文件:            C:\Program Files (x86)\Windows Kits\10\include\10.0.26100.0\ucrt\share.h
注意: 包含文件:            C:\Program Files (x86)\Microsoft Visual Studio\2022\BuildTools\VC\Tools\MSVC\14.44.35207\include\system_error
注意: 包含文件:             C:\Program Files (x86)\Microsoft Visual Studio\2022\BuildTools\VC\Tools\MSVC\14.44.35207\include\__msvc_system_error_abi.hpp
注意: 包含文件:             C:\Program Files (x86)\Microsoft Visual Studio\2022\BuildTools\VC\Tools\MSVC\14.44.35207\include\cerrno
注意: 包含文件:             C:\Program Files (x86)\Microsoft Visual Studio\2022\BuildTools\VC\Tools\MSVC\14.44.35207\include\stdexcept
注意: 包含文件:             C:\Program Files (x86)\Microsoft Visual Studio\2022\BuildTools\VC\Tools\MSVC\14.44.35207\include\xcall_once.h
注意: 包含文件:             C:\Program Files (x86)\Microsoft Visual Studio\2022\BuildTools\VC\Tools\MSVC\14.44.35207\include\xerrc.h
注意: 包含文件:             C:\Program Files (x86)\Microsoft Visual Studio\2022\BuildTools\VC\Tools\MSVC\14.44.35207\include\atomic
注意: 包含文件:              C:\Program Files (x86)\Microsoft Visual Studio\2022\BuildTools\VC\Tools\MSVC\14.44.35207\include\xthreads.h
注意: 包含文件:               C:\Program Files (x86)\Microsoft Visual Studio\2022\BuildTools\VC\Tools\MSVC\14.44.35207\include\__msvc_threads_core.hpp
注意: 包含文件:               C:\Program Files (x86)\Microsoft Visual Studio\2022\BuildTools\VC\Tools\MSVC\14.44.35207\include\xtimec.h
注意: 包含文件:                C:\Program Files (x86)\Microsoft Visual Studio\2022\BuildTools\VC\Tools\MSVC\14.44.35207\include\ctime
注意: 包含文件:                 C:\Program Files (x86)\Windows Kits\10\include\10.0.26100.0\ucrt\time.h
注意: 包含文件:            C:\Program Files (x86)\Microsoft Visual Studio\2022\BuildTools\VC\Tools\MSVC\14.44.35207\include\xlocale
注意: 包含文件:             C:\Program Files (x86)\Microsoft Visual Studio\2022\BuildTools\VC\Tools\MSVC\14.44.35207\include\memory
注意: 包含文件:              C:\Program Files (x86)\Microsoft Visual Studio\2022\BuildTools\VC\Tools\MSVC\14.44.35207\include\typeinfo
注意: 包含文件:               C:\Program Files (x86)\Microsoft Visual Studio\2022\BuildTools\VC\Tools\MSVC\14.44.35207\include\vcruntime_typeinfo.h
注意: 包含文件:             C:\Program Files (x86)\Microsoft Visual Studio\2022\BuildTools\VC\Tools\MSVC\14.44.35207\include\xfacet
注意: 包含文件:             C:\Program Files (x86)\Microsoft Visual Studio\2022\BuildTools\VC\Tools\MSVC\14.44.35207\include\xlocinfo
注意: 包含文件:              C:\Program Files (x86)\Microsoft Visual Studio\2022\BuildTools\VC\Tools\MSVC\14.44.35207\include\__msvc_xlocinfo_types.hpp
注意: 包含文件:              C:\Program Files (x86)\Microsoft Visual Studio\2022\BuildTools\VC\Tools\MSVC\14.44.35207\include\clocale
注意: 包含文件:               C:\Program Files (x86)\Windows Kits\10\include\10.0.26100.0\ucrt\locale.h
注意: 包含文件:      C:\Program Files (x86)\Microsoft Visual Studio\2022\BuildTools\VC\Tools\MSVC\14.44.35207\include\ostream
注意: 包含文件:     C:\Program Files (x86)\Microsoft Visual Studio\2022\BuildTools\VC\Tools\MSVC\14.44.35207\include\functional
注意: 包含文件:     C:\Program Files (x86)\Microsoft Visual Studio\2022\BuildTools\VC\Tools\MSVC\14.44.35207\include\mutex
注意: 包含文件:      C:\Program Files (x86)\Microsoft Visual Studio\2022\BuildTools\VC\Tools\MSVC\14.44.35207\include\__msvc_chrono.hpp
注意: 包含文件:       C:\Program Files (x86)\Microsoft Visual Studio\2022\BuildTools\VC\Tools\MSVC\14.44.35207\include\ratio
注意: 包含文件:      C:\Program Files (x86)\Microsoft Visual Studio\2022\BuildTools\VC\Tools\MSVC\14.44.35207\include\thread
注意: 包含文件:       C:\Program Files (x86)\Windows Kits\10\include\10.0.26100.0\ucrt\process.h
注意: 包含文件:        C:\Program Files (x86)\Windows Kits\10\include\10.0.26100.0\ucrt\corecrt_startup.h
注意: 包含文件:         C:\Program Files (x86)\Windows Kits\10\include\10.0.26100.0\ucrt\math.h
注意: 包含文件:         C:\Program Files (x86)\Microsoft Visual Studio\2022\BuildTools\VC\Tools\MSVC\14.44.35207\include\vcruntime_startup.h
注意: 包含文件:     C:\Program Files (x86)\Microsoft Visual Studio\2022\BuildTools\VC\Tools\MSVC\14.44.35207\include\locale
注意: 包含文件:      C:\Program Files (x86)\Microsoft Visual Studio\2022\BuildTools\VC\Tools\MSVC\14.44.35207\include\xlocbuf
注意: 包含文件:      C:\Program Files (x86)\Microsoft Visual Studio\2022\BuildTools\VC\Tools\MSVC\14.44.35207\include\xlocmes
注意: 包含文件:      C:\Program Files (x86)\Microsoft Visual Studio\2022\BuildTools\VC\Tools\MSVC\14.44.35207\include\xlocmon
注意: 包含文件:      C:\Program Files (x86)\Microsoft Visual Studio\2022\BuildTools\VC\Tools\MSVC\14.44.35207\include\xloctime
注意: 包含文件:     C:\Program Files (x86)\Microsoft Visual Studio\2022\BuildTools\VC\Tools\MSVC\14.44.35207\include\codecvt
注意: 包含文件:     C:\Users\user\output\deepseek-v4部署\fastllm-master\include\devices/cpu/alivethreadpool.h
注意: 包含文件:      C:\Program Files (x86)\Microsoft Visual Studio\2022\BuildTools\VC\Tools\MSVC\14.44.35207\include\chrono
注意: 包含文件:       C:\Program Files (x86)\Microsoft Visual Studio\2022\BuildTools\VC\Tools\MSVC\14.44.35207\include\xfilesystem_abi.h
注意: 包含文件:      C:\Program Files (x86)\Windows Kits\10\\include\10.0.26100.0\\um\Windows.h
注意: 包含文件:       C:\Program Files (x86)\Windows Kits\10\\include\10.0.26100.0\\shared\winapifamily.h
注意: 包含文件:        C:\Program Files (x86)\Windows Kits\10\\include\10.0.26100.0\\shared\winpackagefamily.h
注意: 包含文件:       C:\Program Files (x86)\Windows Kits\10\\include\10.0.26100.0\\shared\sdkddkver.h
注意: 包含文件:       C:\Program Files (x86)\Microsoft Visual Studio\2022\BuildTools\VC\Tools\MSVC\14.44.35207\include\excpt.h
注意: 包含文件:       C:\Program Files (x86)\Microsoft Visual Studio\2022\BuildTools\VC\Tools\MSVC\14.44.35207\include\stdarg.h
注意: 包含文件:       C:\Program Files (x86)\Windows Kits\10\\include\10.0.26100.0\\shared\windef.h
注意: 包含文件:        C:\Program Files (x86)\Windows Kits\10\\include\10.0.26100.0\\shared\minwindef.h
注意: 包含文件:         C:\Program Files (x86)\Windows Kits\10\\include\10.0.26100.0\\shared\specstrings.h
注意: 包含文件:          C:\Program Files (x86)\Windows Kits\10\\include\10.0.26100.0\\shared\specstrings_strict.h
注意: 包含文件:           C:\Program Files (x86)\Windows Kits\10\\include\10.0.26100.0\\shared\specstrings_undef.h
注意: 包含文件:          C:\Program Files (x86)\Windows Kits\10\\include\10.0.26100.0\\shared\driverspecs.h
注意: 包含文件:           C:\Program Files (x86)\Windows Kits\10\include\10.0.26100.0\shared\sdv_driverspecs.h
注意: 包含文件:         C:\Program Files (x86)\Windows Kits\10\\include\10.0.26100.0\\um\winnt.h
注意: 包含文件:          C:\Program Files (x86)\Windows Kits\10\\include\10.0.26100.0\\shared\kernelspecs.h
注意: 包含文件:          C:\Program Files (x86)\Windows Kits\10\\include\10.0.26100.0\\shared\basetsd.h
注意: 包含文件:          C:\Program Files (x86)\Windows Kits\10\\include\10.0.26100.0\\shared\guiddef.h
注意: 包含文件:          C:\Program Files (x86)\Windows Kits\10\include\10.0.26100.0\shared\pshpack4.h
注意: 包含文件:          C:\Program Files (x86)\Windows Kits\10\include\10.0.26100.0\shared\poppack.h
注意: 包含文件:          C:\Program Files (x86)\Windows Kits\10\\include\10.0.26100.0\\shared\pshpack4.h
注意: 包含文件:          C:\Program Files (x86)\Windows Kits\10\\include\10.0.26100.0\\shared\poppack.h
注意: 包含文件:          C:\Program Files (x86)\Windows Kits\10\include\10.0.26100.0\shared\pshpack4.h
注意: 包含文件:          C:\Program Files (x86)\Windows Kits\10\include\10.0.26100.0\shared\pshpack2.h
注意: 包含文件:          C:\Program Files (x86)\Windows Kits\10\include\10.0.26100.0\shared\poppack.h
注意: 包含文件:          C:\Program Files (x86)\Windows Kits\10\include\10.0.26100.0\shared\pshpack2.h
注意: 包含文件:          C:\Program Files (x86)\Windows Kits\10\\include\10.0.26100.0\\shared\pshpack2.h
注意: 包含文件:          C:\Program Files (x86)\Windows Kits\10\\include\10.0.26100.0\\shared\poppack.h
注意: 包含文件:          C:\Program Files (x86)\Windows Kits\10\include\10.0.26100.0\shared\poppack.h
注意: 包含文件:          C:\Program Files (x86)\Windows Kits\10\include\10.0.26100.0\shared\pshpack8.h
注意: 包含文件:          C:\Program Files (x86)\Windows Kits\10\include\10.0.26100.0\shared\poppack.h
注意: 包含文件:          C:\Program Files (x86)\Windows Kits\10\include\10.0.26100.0\shared\pshpack1.h
注意: 包含文件:          C:\Program Files (x86)\Windows Kits\10\include\10.0.26100.0\shared\poppack.h
注意: 包含文件:          C:\Program Files (x86)\Windows Kits\10\include\10.0.26100.0\shared\pshpack1.h
注意: 包含文件:          C:\Program Files (x86)\Windows Kits\10\include\10.0.26100.0\shared\poppack.h
注意: 包含文件:          C:\Program Files (x86)\Windows Kits\10\include\10.0.26100.0\shared\poppack.h
注意: 包含文件:          C:\Program Files (x86)\Windows Kits\10\\include\10.0.26100.0\\shared\apiset.h
注意: 包含文件:          C:\Program Files (x86)\Windows Kits\10\\include\10.0.26100.0\\shared\ktmtypes.h
注意: 包含文件:       C:\Program Files (x86)\Windows Kits\10\\include\10.0.26100.0\\um\winbase.h
注意: 包含文件:        C:\Program Files (x86)\Windows Kits\10\\include\10.0.26100.0\\shared\apisetcconv.h
注意: 包含文件:        C:\Program Files (x86)\Windows Kits\10\\include\10.0.26100.0\\um\minwinbase.h
注意: 包含文件:        C:\Program Files (x86)\Windows Kits\10\\include\10.0.26100.0\\um\apiquery2.h
注意: 包含文件:        C:\Program Files (x86)\Windows Kits\10\\include\10.0.26100.0\\um\processenv.h
注意: 包含文件:        C:\Program Files (x86)\Windows Kits\10\\include\10.0.26100.0\\um\fileapifromapp.h
注意: 包含文件:         C:\Program Files (x86)\Windows Kits\10\\include\10.0.26100.0\\um\fileapi.h
注意: 包含文件:        C:\Program Files (x86)\Windows Kits\10\\include\10.0.26100.0\\um\debugapi.h
注意: 包含文件:        C:\Program Files (x86)\Windows Kits\10\\include\10.0.26100.0\\um\utilapiset.h
注意: 包含文件:        C:\Program Files (x86)\Windows Kits\10\\include\10.0.26100.0\\um\handleapi.h
注意: 包含文件:        C:\Program Files (x86)\Windows Kits\10\\include\10.0.26100.0\\um\errhandlingapi.h
注意: 包含文件:        C:\Program Files (x86)\Windows Kits\10\\include\10.0.26100.0\\um\fibersapi.h
注意: 包含文件:        C:\Program Files (x86)\Windows Kits\10\\include\10.0.26100.0\\um\namedpipeapi.h
注意: 包含文件:        C:\Program Files (x86)\Windows Kits\10\\include\10.0.26100.0\\um\profileapi.h
注意: 包含文件:        C:\Program Files (x86)\Windows Kits\10\\include\10.0.26100.0\\um\heapapi.h
注意: 包含文件:        C:\Program Files (x86)\Windows Kits\10\\include\10.0.26100.0\\um\ioapiset.h
注意: 包含文件:        C:\Program Files (x86)\Windows Kits\10\\include\10.0.26100.0\\um\synchapi.h
注意: 包含文件:        C:\Program Files (x86)\Windows Kits\10\\include\10.0.26100.0\\um\interlockedapi.h
注意: 包含文件:        C:\Program Files (x86)\Windows Kits\10\\include\10.0.26100.0\\um\processthreadsapi.h
注意: 包含文件:        C:\Program Files (x86)\Windows Kits\10\\include\10.0.26100.0\\um\sysinfoapi.h
注意: 包含文件:        C:\Program Files (x86)\Windows Kits\10\\include\10.0.26100.0\\um\memoryapi.h
注意: 包含文件:        C:\Program Files (x86)\Windows Kits\10\\include\10.0.26100.0\\um\enclaveapi.h
注意: 包含文件:        C:\Program Files (x86)\Windows Kits\10\\include\10.0.26100.0\\um\threadpoollegacyapiset.h
注意: 包含文件:        C:\Program Files (x86)\Windows Kits\10\\include\10.0.26100.0\\um\threadpoolapiset.h
注意: 包含文件:        C:\Program Files (x86)\Windows Kits\10\\include\10.0.26100.0\\um\jobapi.h
注意: 包含文件:        C:\Program Files (x86)\Windows Kits\10\\include\10.0.26100.0\\um\jobapi2.h
注意: 包含文件:        C:\Program Files (x86)\Windows Kits\10\\include\10.0.26100.0\\um\wow64apiset.h
注意: 包含文件:        C:\Program Files (x86)\Windows Kits\10\\include\10.0.26100.0\\um\libloaderapi.h
注意: 包含文件:        C:\Program Files (x86)\Windows Kits\10\\include\10.0.26100.0\\um\securitybaseapi.h
注意: 包含文件:        C:\Program Files (x86)\Windows Kits\10\\include\10.0.26100.0\\um\namespaceapi.h
注意: 包含文件:        C:\Program Files (x86)\Windows Kits\10\\include\10.0.26100.0\\um\systemtopologyapi.h
注意: 包含文件:        C:\Program Files (x86)\Windows Kits\10\\include\10.0.26100.0\\um\processtopologyapi.h
注意: 包含文件:        C:\Program Files (x86)\Windows Kits\10\\include\10.0.26100.0\\um\securityappcontainer.h
注意: 包含文件:        C:\Program Files (x86)\Windows Kits\10\\include\10.0.26100.0\\um\realtimeapiset.h
注意: 包含文件:        C:\Program Files (x86)\Windows Kits\10\\include\10.0.26100.0\\shared\winerror.h
注意: 包含文件:        C:\Program Files (x86)\Windows Kits\10\\include\10.0.26100.0\\um\timezoneapi.h
注意: 包含文件:       C:\Program Files (x86)\Windows Kits\10\\include\10.0.26100.0\\um\wingdi.h
注意: 包含文件:        C:\Program Files (x86)\Windows Kits\10\\include\10.0.26100.0\\shared\pshpack1.h
注意: 包含文件:        C:\Program Files (x86)\Windows Kits\10\\include\10.0.26100.0\\shared\poppack.h
注意: 包含文件:        C:\Program Files (x86)\Windows Kits\10\\include\10.0.26100.0\\shared\pshpack2.h
注意: 包含文件:        C:\Program Files (x86)\Windows Kits\10\\include\10.0.26100.0\\shared\poppack.h
注意: 包含文件:        C:\Program Files (x86)\Windows Kits\10\\include\10.0.26100.0\\shared\pshpack2.h
注意: 包含文件:        C:\Program Files (x86)\Windows Kits\10\\include\10.0.26100.0\\shared\poppack.h
注意: 包含文件:        C:\Program Files (x86)\Windows Kits\10\\include\10.0.26100.0\\shared\pshpack4.h
注意: 包含文件:        C:\Program Files (x86)\Windows Kits\10\\include\10.0.26100.0\\shared\poppack.h
注意: 包含文件:        C:\Program Files (x86)\Windows Kits\10\\include\10.0.26100.0\\shared\pshpack4.h
注意: 包含文件:        C:\Program Files (x86)\Windows Kits\10\\include\10.0.26100.0\\shared\poppack.h
注意: 包含文件:       C:\Program Files (x86)\Windows Kits\10\\include\10.0.26100.0\\um\winuser.h
注意: 包含文件:        C:\Program Files (x86)\Windows Kits\10\\include\10.0.26100.0\\shared\pshpack2.h
注意: 包含文件:        C:\Program Files (x86)\Windows Kits\10\\include\10.0.26100.0\\shared\poppack.h
注意: 包含文件:        C:\Program Files (x86)\Windows Kits\10\\include\10.0.26100.0\\shared\tvout.h
注意: 包含文件:       C:\Program Files (x86)\Windows Kits\10\\include\10.0.26100.0\\um\winnls.h
注意: 包含文件:        C:\Program Files (x86)\Windows Kits\10\\include\10.0.26100.0\\um\datetimeapi.h
注意: 包含文件:        C:\Program Files (x86)\Windows Kits\10\\include\10.0.26100.0\\um\stringapiset.h
注意: 包含文件:         C:\Program Files (x86)\Windows Kits\10\\include\10.0.26100.0\\um\winnls.h
注意: 包含文件:       C:\Program Files (x86)\Windows Kits\10\\include\10.0.26100.0\\um\wincon.h
注意: 包含文件:        C:\Program Files (x86)\Windows Kits\10\\include\10.0.26100.0\\um\wincontypes.h
注意: 包含文件:        C:\Program Files (x86)\Windows Kits\10\\include\10.0.26100.0\\um\consoleapi.h
注意: 包含文件:        C:\Program Files (x86)\Windows Kits\10\\include\10.0.26100.0\\um\consoleapi2.h
注意: 包含文件:        C:\Program Files (x86)\Windows Kits\10\\include\10.0.26100.0\\um\consoleapi3.h
注意: 包含文件:       C:\Program Files (x86)\Windows Kits\10\\include\10.0.26100.0\\um\winver.h
注意: 包含文件:        C:\Program Files (x86)\Windows Kits\10\\include\10.0.26100.0\\um\verrsrc.h
注意: 包含文件:       C:\Program Files (x86)\Windows Kits\10\\include\10.0.26100.0\\um\winreg.h
注意: 包含文件:        C:\Program Files (x86)\Windows Kits\10\\include\10.0.26100.0\\um\reason.h
注意: 包含文件:       C:\Program Files (x86)\Windows Kits\10\\include\10.0.26100.0\\um\winnetwk.h
注意: 包含文件:        C:\Program Files (x86)\Windows Kits\10\\include\10.0.26100.0\\shared\wnnc.h
注意: 包含文件:       C:\Program Files (x86)\Windows Kits\10\\include\10.0.26100.0\\shared\cderr.h
注意: 包含文件:       C:\Program Files (x86)\Windows Kits\10\\include\10.0.26100.0\\um\dde.h
注意: 包含文件:       C:\Program Files (x86)\Windows Kits\10\\include\10.0.26100.0\\um\ddeml.h
注意: 包含文件:       C:\Program Files (x86)\Windows Kits\10\\include\10.0.26100.0\\um\dlgs.h
注意: 包含文件:       C:\Program Files (x86)\Windows Kits\10\\include\10.0.26100.0\\um\lzexpand.h
注意: 包含文件:       C:\Program Files (x86)\Windows Kits\10\\include\10.0.26100.0\\um\mmsystem.h
注意: 包含文件:        C:\Program Files (x86)\Windows Kits\10\\include\10.0.26100.0\\um\mmsyscom.h
注意: 包含文件:         C:\Program Files (x86)\Windows Kits\10\\include\10.0.26100.0\\shared\pshpack1.h
注意: 包含文件:         C:\Program Files (x86)\Windows Kits\10\\include\10.0.26100.0\\shared\poppack.h
注意: 包含文件:        C:\Program Files (x86)\Windows Kits\10\\include\10.0.26100.0\\shared\pshpack1.h
注意: 包含文件:        C:\Program Files (x86)\Windows Kits\10\\include\10.0.26100.0\\um\mciapi.h
注意: 包含文件:         C:\Program Files (x86)\Windows Kits\10\\include\10.0.26100.0\\um\mmsyscom.h
注意: 包含文件:        C:\Program Files (x86)\Windows Kits\10\\include\10.0.26100.0\\um\mmiscapi.h
注意: 包含文件:         C:\Program Files (x86)\Windows Kits\10\\include\10.0.26100.0\\um\mmsyscom.h
注意: 包含文件:        C:\Program Files (x86)\Windows Kits\10\\include\10.0.26100.0\\um\mmiscapi2.h
注意: 包含文件:         C:\Program Files (x86)\Windows Kits\10\\include\10.0.26100.0\\um\mmsyscom.h
注意: 包含文件:        C:\Program Files (x86)\Windows Kits\10\\include\10.0.26100.0\\um\playsoundapi.h
注意: 包含文件:         C:\Program Files (x86)\Windows Kits\10\\include\10.0.26100.0\\um\mmsyscom.h
注意: 包含文件:        C:\Program Files (x86)\Windows Kits\10\\include\10.0.26100.0\\um\mmeapi.h
注意: 包含文件:         C:\Program Files (x86)\Windows Kits\10\\include\10.0.26100.0\\um\mmsyscom.h
注意: 包含文件:        C:\Program Files (x86)\Windows Kits\10\\include\10.0.26100.0\\um\timeapi.h
注意: 包含文件:         C:\Program Files (x86)\Windows Kits\10\\include\10.0.26100.0\\um\mmsyscom.h
注意: 包含文件:        C:\Program Files (x86)\Windows Kits\10\\include\10.0.26100.0\\um\joystickapi.h
注意: 包含文件:         C:\Program Files (x86)\Windows Kits\10\\include\10.0.26100.0\\um\mmsyscom.h
注意: 包含文件:        C:\Program Files (x86)\Windows Kits\10\\include\10.0.26100.0\\shared\poppack.h
注意: 包含文件:       C:\Program Files (x86)\Windows Kits\10\\include\10.0.26100.0\\um\nb30.h
注意: 包含文件:       C:\Program Files (x86)\Windows Kits\10\\include\10.0.26100.0\\shared\rpc.h
注意: 包含文件:        C:\Program Files (x86)\Windows Kits\10\\include\10.0.26100.0\\shared\pshpack8.h
注意: 包含文件:        C:\Program Files (x86)\Windows Kits\10\\include\10.0.26100.0\\shared\rpcdce.h
注意: 包含文件:         C:\Program Files (x86)\Windows Kits\10\\include\10.0.26100.0\\shared\rpcdcep.h
注意: 包含文件:        C:\Program Files (x86)\Windows Kits\10\\include\10.0.26100.0\\um\rpcnsi.h
注意: 包含文件:        C:\Program Files (x86)\Windows Kits\10\\include\10.0.26100.0\\shared\rpcnterr.h
注意: 包含文件:        C:\Program Files (x86)\Windows Kits\10\\include\10.0.26100.0\\shared\rpcasync.h
注意: 包含文件:         C:\Program Files (x86)\Windows Kits\10\\include\10.0.26100.0\\shared\pshpack8.h
注意: 包含文件:         C:\Program Files (x86)\Windows Kits\10\\include\10.0.26100.0\\shared\poppack.h
注意: 包含文件:        C:\Program Files (x86)\Windows Kits\10\\include\10.0.26100.0\\shared\poppack.h
注意: 包含文件:       C:\Program Files (x86)\Windows Kits\10\\include\10.0.26100.0\\um\shellapi.h
注意: 包含文件:       C:\Program Files (x86)\Windows Kits\10\\include\10.0.26100.0\\um\winperf.h
注意: 包含文件:        C:\Program Files (x86)\Windows Kits\10\\include\10.0.26100.0\\shared\pshpack8.h
注意: 包含文件:        C:\Program Files (x86)\Windows Kits\10\\include\10.0.26100.0\\shared\poppack.h
注意: 包含文件:       C:\Program Files (x86)\Windows Kits\10\\include\10.0.26100.0\\um\winsock.h
注意: 包含文件:        C:\Program Files (x86)\Windows Kits\10\\include\10.0.26100.0\\shared\inaddr.h
注意: 包含文件:       C:\Program Files (x86)\Windows Kits\10\\include\10.0.26100.0\\um\wincrypt.h
注意: 包含文件:        C:\Program Files (x86)\Windows Kits\10\\include\10.0.26100.0\\shared\bcrypt.h
注意: 包含文件:        C:\Program Files (x86)\Windows Kits\10\\include\10.0.26100.0\\um\ncrypt.h
注意: 包含文件:        C:\Program Files (x86)\Windows Kits\10\\include\10.0.26100.0\\um\dpapi.h
注意: 包含文件:       C:\Program Files (x86)\Windows Kits\10\\include\10.0.26100.0\\um\winefs.h
注意: 包含文件:       C:\Program Files (x86)\Windows Kits\10\\include\10.0.26100.0\\um\winscard.h
注意: 包含文件:        C:\Program Files (x86)\Windows Kits\10\\include\10.0.26100.0\\shared\wtypes.h
注意: 包含文件:         C:\Program Files (x86)\Windows Kits\10\include\10.0.26100.0\shared\rpcndr.h
注意: 包含文件:          C:\Program Files (x86)\Windows Kits\10\\include\10.0.26100.0\\shared\pshpack8.h
注意: 包含文件:          C:\Program Files (x86)\Windows Kits\10\\include\10.0.26100.0\\um\rpcnsip.h
注意: 包含文件:          C:\Program Files (x86)\Windows Kits\10\\include\10.0.26100.0\\shared\rpcsal.h
注意: 包含文件:          C:\Program Files (x86)\Windows Kits\10\\include\10.0.26100.0\\shared\poppack.h
注意: 包含文件:         C:\Program Files (x86)\Windows Kits\10\include\10.0.26100.0\shared\wtypesbase.h
注意: 包含文件:          C:\Program Files (x86)\Windows Kits\10\include\10.0.26100.0\shared\guiddef.h
注意: 包含文件:        C:\Program Files (x86)\Windows Kits\10\\include\10.0.26100.0\\um\winioctl.h
注意: 包含文件:         C:\Program Files (x86)\Windows Kits\10\\include\10.0.26100.0\\shared\pshpack1.h
注意: 包含文件:         C:\Program Files (x86)\Windows Kits\10\\include\10.0.26100.0\\shared\poppack.h
注意: 包含文件:         C:\Program Files (x86)\Windows Kits\10\\include\10.0.26100.0\\shared\pshpack1.h
注意: 包含文件:         C:\Program Files (x86)\Windows Kits\10\\include\10.0.26100.0\\shared\poppack.h
注意: 包含文件:         C:\Program Files (x86)\Windows Kits\10\\include\10.0.26100.0\\shared\pshpack1.h
注意: 包含文件:         C:\Program Files (x86)\Windows Kits\10\\include\10.0.26100.0\\shared\poppack.h
注意: 包含文件:         C:\Program Files (x86)\Windows Kits\10\\include\10.0.26100.0\\shared\pshpack1.h
注意: 包含文件:         C:\Program Files (x86)\Windows Kits\10\\include\10.0.26100.0\\shared\poppack.h
注意: 包含文件:         C:\Program Files (x86)\Windows Kits\10\\include\10.0.26100.0\\shared\pshpack1.h
注意: 包含文件:         C:\Program Files (x86)\Windows Kits\10\\include\10.0.26100.0\\shared\poppack.h
注意: 包含文件:         C:\Program Files (x86)\Windows Kits\10\\include\10.0.26100.0\\shared\pshpack1.h
注意: 包含文件:         C:\Program Files (x86)\Windows Kits\10\\include\10.0.26100.0\\shared\poppack.h
注意: 包含文件:         C:\Program Files (x86)\Windows Kits\10\\include\10.0.26100.0\\shared\pshpack1.h
注意: 包含文件:         C:\Program Files (x86)\Windows Kits\10\\include\10.0.26100.0\\shared\poppack.h
注意: 包含文件:        C:\Program Files (x86)\Windows Kits\10\\include\10.0.26100.0\\shared\winsmcrd.h
注意: 包含文件:       C:\Program Files (x86)\Windows Kits\10\\include\10.0.26100.0\\um\winspool.h
注意: 包含文件:        C:\Program Files (x86)\Windows Kits\10\\include\10.0.26100.0\\um\prsht.h
注意: 包含文件:         C:\Program Files (x86)\Windows Kits\10\\include\10.0.26100.0\\shared\pshpack8.h
注意: 包含文件:         C:\Program Files (x86)\Windows Kits\10\\include\10.0.26100.0\\shared\poppack.h
注意: 包含文件:       C:\Program Files (x86)\Windows Kits\10\\include\10.0.26100.0\\um\ole2.h
注意: 包含文件:        C:\Program Files (x86)\Windows Kits\10\\include\10.0.26100.0\\shared\pshpack8.h
注意: 包含文件:        C:\Program Files (x86)\Windows Kits\10\\include\10.0.26100.0\\um\objbase.h
注意: 包含文件:         C:\Program Files (x86)\Windows Kits\10\\include\10.0.26100.0\\shared\pshpack8.h
注意: 包含文件:         C:\Program Files (x86)\Windows Kits\10\\include\10.0.26100.0\\um\combaseapi.h
注意: 包含文件:          C:\Program Files (x86)\Windows Kits\10\\include\10.0.26100.0\\shared\pshpack8.h
注意: 包含文件:          C:\Program Files (x86)\Windows Kits\10\\include\10.0.26100.0\\um\unknwnbase.h
注意: 包含文件:          C:\Program Files (x86)\Windows Kits\10\\include\10.0.26100.0\\um\objidlbase.h
注意: 包含文件:          C:\Program Files (x86)\Windows Kits\10\\include\10.0.26100.0\\shared\guiddef.h
注意: 包含文件:          C:\Program Files (x86)\Windows Kits\10\\include\10.0.26100.0\\um\cguid.h
注意: 包含文件:          C:\Program Files (x86)\Windows Kits\10\\include\10.0.26100.0\\shared\poppack.h
注意: 包含文件:         C:\Program Files (x86)\Windows Kits\10\\include\10.0.26100.0\\um\coml2api.h
注意: 包含文件:          C:\Program Files (x86)\Windows Kits\10\\include\10.0.26100.0\\um\objidl.h
注意: 包含文件:           C:\Program Files (x86)\Windows Kits\10\include\10.0.26100.0\um\unknwn.h
注意: 包含文件:          C:\Program Files (x86)\Windows Kits\10\\include\10.0.26100.0\\um\propidlbase.h
注意: 包含文件:           C:\Program Files (x86)\Windows Kits\10\include\10.0.26100.0\um\oaidl.h
注意: 包含文件:         C:\Program Files (x86)\Windows Kits\10\\include\10.0.26100.0\\um\urlmon.h
注意: 包含文件:          C:\Program Files (x86)\Windows Kits\10\include\10.0.26100.0\um\oleidl.h
注意: 包含文件:          C:\Program Files (x86)\Windows Kits\10\include\10.0.26100.0\um\servprov.h
注意: 包含文件:          C:\Program Files (x86)\Windows Kits\10\include\10.0.26100.0\um\msxml.h
注意: 包含文件:         C:\Program Files (x86)\Windows Kits\10\\include\10.0.26100.0\\um\propidl.h
注意: 包含文件:         C:\Program Files (x86)\Windows Kits\10\\include\10.0.26100.0\\shared\poppack.h
注意: 包含文件:        C:\Program Files (x86)\Windows Kits\10\\include\10.0.26100.0\\um\oleauto.h
注意: 包含文件:         C:\Program Files (x86)\Windows Kits\10\\include\10.0.26100.0\\shared\pshpack8.h
注意: 包含文件:         C:\Program Files (x86)\Windows Kits\10\\include\10.0.26100.0\\shared\poppack.h
注意: 包含文件:        C:\Program Files (x86)\Windows Kits\10\\include\10.0.26100.0\\shared\poppack.h
注意: 包含文件:       C:\Program Files (x86)\Windows Kits\10\\include\10.0.26100.0\\um\commdlg.h
注意: 包含文件:        C:\Program Files (x86)\Windows Kits\10\\include\10.0.26100.0\\um\prsht.h
注意: 包含文件:       C:\Program Files (x86)\Windows Kits\10\\include\10.0.26100.0\\shared\stralign.h
注意: 包含文件:       C:\Program Files (x86)\Windows Kits\10\\include\10.0.26100.0\\um\winsvc.h
注意: 包含文件:       C:\Program Files (x86)\Windows Kits\10\\include\10.0.26100.0\\um\mcx.h
注意: 包含文件:       C:\Program Files (x86)\Windows Kits\10\\include\10.0.26100.0\\um\imm.h
注意: 包含文件:        C:\Program Files (x86)\Windows Kits\10\\include\10.0.26100.0\\um\ime_cmodes.h
C:\Users\user\output\deepseek-v4部署\fastllm-master\include\devices/cpu/alivethreadpool.h(136): warning C4267: “初始化”: 从“size_t”转换到“int”，可能丢失数据
C:\Users\user\output\deepseek-v4部署\fastllm-master\include\devices/cpu/alivethreadpool.h(176): warning C4267: “初始化”: 从“size_t”转换到“int”，可能丢失数据
C:\Users\user\output\deepseek-v4部署\fastllm-master\include\devices/cpu/alivethreadpool.h(236): warning C4267: “初始化”: 从“size_t”转换到“int”，可能丢失数据
C:\Users\user\output\deepseek-v4部署\fastllm-master\include\devices/cpu/alivethreadpool.h(237): warning C4267: “初始化”: 从“size_t”转换到“int”，可能丢失数据
C:\Users\user\output\deepseek-v4部署\fastllm-master\include\devices/cpu/alivethreadpool.h(238): warning C4267: “初始化”: 从“size_t”转换到“int”，可能丢失数据
C:\Users\user\output\deepseek-v4部署\fastllm-master\include\devices/cpu/alivethreadpool.h(281): warning C4267: “初始化”: 从“size_t”转换到“int”，可能丢失数据
C:\Users\user\output\deepseek-v4部署\fastllm-master\include\devices/cpu/alivethreadpool.h(327): warning C4267: “初始化”: 从“size_t”转换到“int”，可能丢失数据
C:\Users\user\output\deepseek-v4部署\fastllm-master\include\devices/cpu/alivethreadpool.h(330): warning C4267: “初始化”: 从“size_t”转换到“int”，可能丢失数据
C:\Users\user\output\deepseek-v4部署\fastllm-master\include\devices/cpu/alivethreadpool.h(370): warning C4267: “初始化”: 从“size_t”转换到“int”，可能丢失数据
C:\Users\user\output\deepseek-v4部署\fastllm-master\include\devices/cpu/alivethreadpool.h(372): warning C4267: “初始化”: 从“size_t”转换到“int”，可能丢失数据
注意: 包含文件:     C:\Users\user\output\deepseek-v4部署\fastllm-master\third_party\json11\json11.hpp
C:\Users\user\output\deepseek-v4部署\fastllm-master\include\fastllm.h(222): warning C4244: “初始化”: 从“int”转换到“float”，可能丢失数据
C:\Users\user\output\deepseek-v4部署\fastllm-master\include\fastllm.h(222): warning C4244: “初始化”: 从“int”转换到“const float”，可能丢失数据
C:\Users\user\output\deepseek-v4部署\fastllm-master\include\fastllm.h(227): warning C4244: “=”: 从“float”转换到“uint8_t”，可能丢失数据
C:\Users\user\output\deepseek-v4部署\fastllm-master\include\fastllm.h(229): warning C4244: “=”: 从“const float”转换到“uint8_t”，可能丢失数据
C:\Users\user\output\deepseek-v4部署\fastllm-master\include\fastllm.h(687): warning C4996: 'std::codecvt_utf8<wchar_t,1114111,(std::codecvt_mode)0>': warning STL4017: std::wbuffer_convert, std::wstring_convert, and the <codecvt> header (containing std::codecvt_mode, std::codecvt_utf8, std::codecvt_utf16, and std::codecvt_utf8_utf16) are deprecated in C++17. (The std::codecvt class template is NOT deprecated.) The C++ Standard doesn't provide equivalent non-deprecated functionality; consider using MultiByteToWideChar() and WideCharToMultiByte() from <Windows.h> instead. You can define _SILENCE_CXX17_CODECVT_HEADER_DEPRECATION_WARNING or _SILENCE_ALL_CXX17_DEPRECATION_WARNINGS to suppress this warning.
C:\Program Files (x86)\Microsoft Visual Studio\2022\BuildTools\VC\Tools\MSVC\14.44.35207\include\codecvt(34): note: 参见“std::codecvt_utf8”的声明
C:\Users\user\output\deepseek-v4部署\fastllm-master\include\fastllm.h(687): warning C4996: 'std::wstring_convert<std::codecvt_utf8<wchar_t,1114111,(std::codecvt_mode)0>,wchar_t,std::allocator<wchar_t>,std::allocator<char>>': warning STL4017: std::wbuffer_convert, std::wstring_convert, and the <codecvt> header (containing std::codecvt_mode, std::codecvt_utf8, std::codecvt_utf16, and std::codecvt_utf8_utf16) are deprecated in C++17. (The std::codecvt class template is NOT deprecated.) The C++ Standard doesn't provide equivalent non-deprecated functionality; consider using MultiByteToWideChar() and WideCharToMultiByte() from <Windows.h> instead. You can define _SILENCE_CXX17_CODECVT_HEADER_DEPRECATION_WARNING or _SILENCE_ALL_CXX17_DEPRECATION_WARNINGS to suppress this warning.
C:\Program Files (x86)\Microsoft Visual Studio\2022\BuildTools\VC\Tools\MSVC\14.44.35207\include\xlocbuf(303): note: 参见“std::wstring_convert”的声明
注意: 包含文件:  C:\Users\user\output\deepseek-v4部署\fastllm-master\include\devices/cuda/cudadevice.h
注意: 包含文件:  C:\Users\user\output\deepseek-v4部署\fastllm-master\include\devices\cuda\fastllm-cuda.cuh
注意: 包含文件:  C:\Users\user\output\deepseek-v4部署\fastllm-master\include\utils\utils.h
注意: 包含文件:   C:\Program Files (x86)\Windows Kits\10\include\10.0.26100.0\ucrt\fcntl.h
注意: 包含文件:   C:\Program Files (x86)\Microsoft Visual Studio\2022\BuildTools\VC\Tools\MSVC\14.44.35207\include\array
注意: 包含文件:   C:\Program Files (x86)\Microsoft Visual Studio\2022\BuildTools\VC\Tools\MSVC\14.44.35207\include\filesystem
注意: 包含文件:    C:\Program Files (x86)\Microsoft Visual Studio\2022\BuildTools\VC\Tools\MSVC\14.44.35207\include\iomanip
C:\Users\user\output\deepseek-v4部署\fastllm-master\include\utils\utils.h(30): warning C4067: 预处理器指令后有意外标记 - 应输入换行符
注意: 包含文件:   C:\Program Files (x86)\Windows Kits\10\include\10.0.26100.0\ucrt\io.h
注意: 包含文件:    C:\Program Files (x86)\Windows Kits\10\include\10.0.26100.0\ucrt\corecrt_io.h
C:\Users\user\output\deepseek-v4部署\fastllm-master\include\utils\utils.h(109): warning C4996: '_wfopen': This function or variable may be unsafe. Consider using _wfopen_s instead. To disable deprecation, use _CRT_SECURE_NO_WARNINGS. See online help for details.
C:\Users\user\output\deepseek-v4部署\fastllm-master\include\utils\utils.h(118): warning C4996: '_wopen': This function or variable may be unsafe. Consider using _wsopen_s instead. To disable deprecation, use _CRT_SECURE_NO_WARNINGS. See online help for details.
C:\Users\user\output\deepseek-v4部署\fastllm-master\include\utils\utils.h(150): warning C4244: “return”: 从“double”转换到“float”，可能丢失数据
C:\Users\user\output\deepseek-v4部署\fastllm-master\include\utils\utils.h(355): warning C4267: “初始化”: 从“size_t”转换到“int”，可能丢失数据
C:\Users\user\output\deepseek-v4部署\fastllm-master\include\utils\utils.h(417): warning C4244: “+=”: 从“double”转换到“float”，可能丢失数据
C:\Users\user\output\deepseek-v4部署\fastllm-master\src\devices\cuda\cudadevice.cpp(158): warning C4244: “初始化”: 从“uint64_t”转换到“int”，可能丢失数据
C:\Users\user\output\deepseek-v4部署\fastllm-master\src\devices\cuda\cudadevice.cpp(164): warning C4244: “初始化”: 从“uint64_t”转换到“int”，可能丢失数据
C:\Users\user\output\deepseek-v4部署\fastllm-master\src\devices\cuda\cudadevice.cpp(190): warning C4244: “初始化”: 从“uint64_t”转换到“int”，可能丢失数据
C:\Users\user\output\deepseek-v4部署\fastllm-master\src\devices\cuda\cudadevice.cpp(199): warning C4244: “初始化”: 从“uint64_t”转换到“int”，可能丢失数据
C:\Users\user\output\deepseek-v4部署\fastllm-master\src\devices\cuda\cudadevice.cpp(230): warning C4244: “参数”: 从“uint64_t”转换到“int”，可能丢失数据
C:\Users\user\output\deepseek-v4部署\fastllm-master\src\devices\cuda\cudadevice.cpp(232): warning C4244: “参数”: 从“uint64_t”转换到“int”，可能丢失数据
C:\Users\user\output\deepseek-v4部署\fastllm-master\src\devices\cuda\cudadevice.cpp(259): warning C4244: “参数”: 从“uint64_t”转换到“int”，可能丢失数据
C:\Users\user\output\deepseek-v4部署\fastllm-master\src\devices\cuda\cudadevice.cpp(261): warning C4244: “参数”: 从“uint64_t”转换到“int”，可能丢失数据
C:\Users\user\output\deepseek-v4部署\fastllm-master\src\devices\cuda\cudadevice.cpp(284): warning C4244: “初始化”: 从“uint64_t”转换到“int”，可能丢失数据
C:\Users\user\output\deepseek-v4部署\fastllm-master\src\devices\cuda\cudadevice.cpp(290): warning C4244: “初始化”: 从“uint64_t”转换到“int”，可能丢失数据
C:\Users\user\output\deepseek-v4部署\fastllm-master\src\devices\cuda\cudadevice.cpp(320): warning C4244: “参数”: 从“uint64_t”转换到“int”，可能丢失数据
C:\Users\user\output\deepseek-v4部署\fastllm-master\src\devices\cuda\cudadevice.cpp(322): warning C4244: “参数”: 从“uint64_t”转换到“int”，可能丢失数据
C:\Users\user\output\deepseek-v4部署\fastllm-master\src\devices\cuda\cudadevice.cpp(387): warning C4244: “初始化”: 从“double”转换到“float”，可能丢失数据
C:\Users\user\output\deepseek-v4部署\fastllm-master\src\devices\cuda\cudadevice.cpp(436): warning C4244: “初始化”: 从“double”转换到“float”，可能丢失数据
C:\Users\user\output\deepseek-v4部署\fastllm-master\src\devices\cuda\cudadevice.cpp(458): warning C4244: “初始化”: 从“double”转换到“float”，可能丢失数据
C:\Users\user\output\deepseek-v4部署\fastllm-master\src\devices\cuda\cudadevice.cpp(468): warning C4267: “初始化”: 从“size_t”转换到“int”，可能丢失数据
C:\Users\user\output\deepseek-v4部署\fastllm-master\src\devices\cuda\cudadevice.cpp(470): warning C4244: “初始化”: 从“_Ty”转换到“int”，可能丢失数据
        with
        [
            _Ty=uint64_t
        ]
C:\Users\user\output\deepseek-v4部署\fastllm-master\src\devices\cuda\cudadevice.cpp(482): warning C4267: “初始化”: 从“size_t”转换到“int”，可能丢失数据
C:\Users\user\output\deepseek-v4部署\fastllm-master\src\devices\cuda\cudadevice.cpp(603): warning C4244: “初始化”: 从“uint64_t”转换到“int”，可能丢失数据
C:\Users\user\output\deepseek-v4部署\fastllm-master\src\devices\cuda\cudadevice.cpp(687): warning C4244: “初始化”: 从“uint64_t”转换到“int”，可能丢失数据
C:\Users\user\output\deepseek-v4部署\fastllm-master\src\devices\cuda\cudadevice.cpp(784): warning C4244: “初始化”: 从“uint64_t”转换到“int”，可能丢失数据
C:\Users\user\output\deepseek-v4部署\fastllm-master\src\devices\cuda\cudadevice.cpp(826): warning C4267: “初始化”: 从“size_t”转换到“int”，可能丢失数据
C:\Users\user\output\deepseek-v4部署\fastllm-master\src\devices\cuda\cudadevice.cpp(851): warning C4267: “初始化”: 从“size_t”转换到“int”，可能丢失数据
C:\Users\user\output\deepseek-v4部署\fastllm-master\src\devices\cuda\cudadevice.cpp(856): warning C4244: “初始化”: 从“uint64_t”转换到“int”，可能丢失数据
C:\Users\user\output\deepseek-v4部署\fastllm-master\src\devices\cuda\cudadevice.cpp(857): warning C4244: “初始化”: 从“uint64_t”转换到“int”，可能丢失数据
C:\Users\user\output\deepseek-v4部署\fastllm-master\src\devices\cuda\cudadevice.cpp(858): warning C4244: “初始化”: 从“uint64_t”转换到“int”，可能丢失数据
C:\Users\user\output\deepseek-v4部署\fastllm-master\src\devices\cuda\cudadevice.cpp(860): warning C4244: “初始化”: 从“_Ty”转换到“int”，可能丢失数据
        with
        [
            _Ty=uint64_t
        ]
C:\Users\user\output\deepseek-v4部署\fastllm-master\src\devices\cuda\cudadevice.cpp(884): warning C4267: “初始化”: 从“size_t”转换到“int”，可能丢失数据
C:\Users\user\output\deepseek-v4部署\fastllm-master\src\devices\cuda\cudadevice.cpp(889): warning C4244: “初始化”: 从“uint64_t”转换到“int”，可能丢失数据
C:\Users\user\output\deepseek-v4部署\fastllm-master\src\devices\cuda\cudadevice.cpp(890): warning C4244: “初始化”: 从“uint64_t”转换到“int”，可能丢失数据
C:\Users\user\output\deepseek-v4部署\fastllm-master\src\devices\cuda\cudadevice.cpp(891): warning C4244: “初始化”: 从“uint64_t”转换到“int”，可能丢失数据
C:\Users\user\output\deepseek-v4部署\fastllm-master\src\devices\cuda\cudadevice.cpp(893): warning C4244: “初始化”: 从“_Ty”转换到“int”，可能丢失数据
        with
        [
            _Ty=uint64_t
        ]
C:\Users\user\output\deepseek-v4部署\fastllm-master\src\devices\cuda\cudadevice.cpp(916): warning C4267: “初始化”: 从“size_t”转换到“int”，可能丢失数据
C:\Users\user\output\deepseek-v4部署\fastllm-master\src\devices\cuda\cudadevice.cpp(919): warning C4244: “初始化”: 从“uint64_t”转换到“int”，可能丢失数据
C:\Users\user\output\deepseek-v4部署\fastllm-master\src\devices\cuda\cudadevice.cpp(920): warning C4244: “初始化”: 从“uint64_t”转换到“int”，可能丢失数据
C:\Users\user\output\deepseek-v4部署\fastllm-master\src\devices\cuda\cudadevice.cpp(921): warning C4244: “初始化”: 从“uint64_t”转换到“int”，可能丢失数据
C:\Users\user\output\deepseek-v4部署\fastllm-master\src\devices\cuda\cudadevice.cpp(922): warning C4244: “初始化”: 从“uint64_t”转换到“int”，可能丢失数据
C:\Users\user\output\deepseek-v4部署\fastllm-master\src\devices\cuda\cudadevice.cpp(923): warning C4244: “初始化”: 从“_Ty”转换到“int”，可能丢失数据
        with
        [
            _Ty=uint64_t
        ]
C:\Users\user\output\deepseek-v4部署\fastllm-master\src\devices\cuda\cudadevice.cpp(947): warning C4267: “初始化”: 从“size_t”转换到“int”，可能丢失数据
C:\Users\user\output\deepseek-v4部署\fastllm-master\src\devices\cuda\cudadevice.cpp(953): warning C4244: “初始化”: 从“uint64_t”转换到“int”，可能丢失数据
C:\Users\user\output\deepseek-v4部署\fastllm-master\src\devices\cuda\cudadevice.cpp(954): warning C4244: “初始化”: 从“uint64_t”转换到“int”，可能丢失数据
C:\Users\user\output\deepseek-v4部署\fastllm-master\src\devices\cuda\cudadevice.cpp(955): warning C4244: “初始化”: 从“uint64_t”转换到“int”，可能丢失数据
C:\Users\user\output\deepseek-v4部署\fastllm-master\src\devices\cuda\cudadevice.cpp(956): warning C4244: “初始化”: 从“_Ty”转换到“int”，可能丢失数据
        with
        [
            _Ty=uint64_t
        ]
C:\Users\user\output\deepseek-v4部署\fastllm-master\src\devices\cuda\cudadevice.cpp(976): warning C4244: “初始化”: 从“uint64_t”转换到“int”，可能丢失数据
C:\Users\user\output\deepseek-v4部署\fastllm-master\src\devices\cuda\cudadevice.cpp(977): warning C4244: “初始化”: 从“uint64_t”转换到“int”，可能丢失数据
C:\Users\user\output\deepseek-v4部署\fastllm-master\src\devices\cuda\cudadevice.cpp(978): warning C4244: “初始化”: 从“uint64_t”转换到“int”，可能丢失数据
C:\Users\user\output\deepseek-v4部署\fastllm-master\src\devices\cuda\cudadevice.cpp(979): warning C4244: “初始化”: 从“_Ty”转换到“int”，可能丢失数据
        with
        [
            _Ty=uint64_t
        ]
C:\Users\user\output\deepseek-v4部署\fastllm-master\src\devices\cuda\cudadevice.cpp(988): warning C4267: “初始化”: 从“size_t”转换到“int”，可能丢失数据
C:\Users\user\output\deepseek-v4部署\fastllm-master\src\devices\cuda\cudadevice.cpp(1001): warning C4244: “初始化”: 从“uint64_t”转换到“int”，可能丢失数据
C:\Users\user\output\deepseek-v4部署\fastllm-master\src\devices\cuda\cudadevice.cpp(1002): warning C4244: “初始化”: 从“uint64_t”转换到“int”，可能丢失数据
C:\Users\user\output\deepseek-v4部署\fastllm-master\src\devices\cuda\cudadevice.cpp(1003): warning C4244: “初始化”: 从“uint64_t”转换到“int”，可能丢失数据
C:\Users\user\output\deepseek-v4部署\fastllm-master\src\devices\cuda\cudadevice.cpp(1005): warning C4244: “初始化”: 从“_Ty”转换到“int”，可能丢失数据
        with
        [
            _Ty=uint64_t
        ]
C:\Users\user\output\deepseek-v4部署\fastllm-master\src\devices\cuda\cudadevice.cpp(1038): warning C4267: “参数”: 从“size_t”转换到“int”，可能丢失数据
C:\Users\user\output\deepseek-v4部署\fastllm-master\src\devices\cuda\cudadevice.cpp(1038): warning C4244: “初始化”: 从“uint64_t”转换到“int”，可能丢失数据
C:\Users\user\output\deepseek-v4部署\fastllm-master\src\devices\cuda\cudadevice.cpp(1039): warning C4267: “参数”: 从“size_t”转换到“int”，可能丢失数据
C:\Users\user\output\deepseek-v4部署\fastllm-master\src\devices\cuda\cudadevice.cpp(1039): warning C4244: “初始化”: 从“uint64_t”转换到“int”，可能丢失数据
C:\Users\user\output\deepseek-v4部署\fastllm-master\src\devices\cuda\cudadevice.cpp(1040): warning C4244: “初始化”: 从“uint64_t”转换到“int”，可能丢失数据
C:\Users\user\output\deepseek-v4部署\fastllm-master\src\devices\cuda\cudadevice.cpp(1041): warning C4244: “初始化”: 从“uint64_t”转换到“int”，可能丢失数据
C:\Users\user\output\deepseek-v4部署\fastllm-master\src\devices\cuda\cudadevice.cpp(1063): warning C4267: “参数”: 从“size_t”转换到“int”，可能丢失数据
C:\Users\user\output\deepseek-v4部署\fastllm-master\src\devices\cuda\cudadevice.cpp(1063): warning C4244: “初始化”: 从“uint64_t”转换到“int”，可能丢失数据
C:\Users\user\output\deepseek-v4部署\fastllm-master\src\devices\cuda\cudadevice.cpp(1064): warning C4267: “参数”: 从“size_t”转换到“int”，可能丢失数据
C:\Users\user\output\deepseek-v4部署\fastllm-master\src\devices\cuda\cudadevice.cpp(1064): warning C4244: “初始化”: 从“uint64_t”转换到“int”，可能丢失数据
C:\Users\user\output\deepseek-v4部署\fastllm-master\src\devices\cuda\cudadevice.cpp(1065): warning C4244: “初始化”: 从“_Ty”转换到“int”，可能丢失数据
        with
        [
            _Ty=uint64_t
        ]
C:\Users\user\output\deepseek-v4部署\fastllm-master\src\devices\cuda\cudadevice.cpp(1066): warning C4244: “初始化”: 从“_Ty”转换到“int”，可能丢失数据
        with
        [
            _Ty=uint64_t
        ]
C:\Users\user\output\deepseek-v4部署\fastllm-master\src\devices\cuda\cudadevice.cpp(1070): warning C4244: “初始化”: 从“uint64_t”转换到“int”，可能丢失数据
C:\Users\user\output\deepseek-v4部署\fastllm-master\src\devices\cuda\cudadevice.cpp(1071): warning C4244: “初始化”: 从“uint64_t”转换到“int”，可能丢失数据
C:\Users\user\output\deepseek-v4部署\fastllm-master\src\devices\cuda\cudadevice.cpp(1073): warning C4267: “参数”: 从“size_t”转换到“int”，可能丢失数据
C:\Users\user\output\deepseek-v4部署\fastllm-master\src\devices\cuda\cudadevice.cpp(1073): warning C4244: “初始化”: 从“uint64_t”转换到“int”，可能丢失数据
C:\Users\user\output\deepseek-v4部署\fastllm-master\src\devices\cuda\cudadevice.cpp(1094): warning C4267: “参数”: 从“size_t”转换到“int”，可能丢失数据
C:\Users\user\output\deepseek-v4部署\fastllm-master\src\devices\cuda\cudadevice.cpp(1094): warning C4244: “初始化”: 从“uint64_t”转换到“int”，可能丢失数据
C:\Users\user\output\deepseek-v4部署\fastllm-master\src\devices\cuda\cudadevice.cpp(1095): warning C4267: “参数”: 从“size_t”转换到“int”，可能丢失数据
C:\Users\user\output\deepseek-v4部署\fastllm-master\src\devices\cuda\cudadevice.cpp(1095): warning C4244: “初始化”: 从“uint64_t”转换到“int”，可能丢失数据
C:\Users\user\output\deepseek-v4部署\fastllm-master\src\devices\cuda\cudadevice.cpp(1096): warning C4244: “初始化”: 从“uint64_t”转换到“int”，可能丢失数据
C:\Users\user\output\deepseek-v4部署\fastllm-master\src\devices\cuda\cudadevice.cpp(1097): warning C4244: “初始化”: 从“uint64_t”转换到“int”，可能丢失数据
C:\Users\user\output\deepseek-v4部署\fastllm-master\src\devices\cuda\cudadevice.cpp(1118): warning C4267: “参数”: 从“size_t”转换到“int”，可能丢失数据
C:\Users\user\output\deepseek-v4部署\fastllm-master\src\devices\cuda\cudadevice.cpp(1118): warning C4244: “初始化”: 从“uint64_t”转换到“int”，可能丢失数据
C:\Users\user\output\deepseek-v4部署\fastllm-master\src\devices\cuda\cudadevice.cpp(1119): warning C4267: “参数”: 从“size_t”转换到“int”，可能丢失数据
C:\Users\user\output\deepseek-v4部署\fastllm-master\src\devices\cuda\cudadevice.cpp(1119): warning C4244: “初始化”: 从“uint64_t”转换到“int”，可能丢失数据
C:\Users\user\output\deepseek-v4部署\fastllm-master\src\devices\cuda\cudadevice.cpp(1120): warning C4244: “初始化”: 从“_Ty”转换到“int”，可能丢失数据
        with
        [
            _Ty=uint64_t
        ]
C:\Users\user\output\deepseek-v4部署\fastllm-master\src\devices\cuda\cudadevice.cpp(1121): warning C4244: “初始化”: 从“_Ty”转换到“int”，可能丢失数据
        with
        [
            _Ty=uint64_t
        ]
C:\Users\user\output\deepseek-v4部署\fastllm-master\src\devices\cuda\cudadevice.cpp(1125): warning C4244: “初始化”: 从“uint64_t”转换到“int”，可能丢失数据
C:\Users\user\output\deepseek-v4部署\fastllm-master\src\devices\cuda\cudadevice.cpp(1126): warning C4244: “初始化”: 从“uint64_t”转换到“int”，可能丢失数据
C:\Users\user\output\deepseek-v4部署\fastllm-master\src\devices\cuda\cudadevice.cpp(1128): warning C4267: “参数”: 从“size_t”转换到“int”，可能丢失数据
C:\Users\user\output\deepseek-v4部署\fastllm-master\src\devices\cuda\cudadevice.cpp(1128): warning C4244: “初始化”: 从“uint64_t”转换到“int”，可能丢失数据
C:\Users\user\output\deepseek-v4部署\fastllm-master\src\devices\cuda\cudadevice.cpp(1139): warning C4267: “初始化”: 从“size_t”转换到“int”，可能丢失数据
C:\Users\user\output\deepseek-v4部署\fastllm-master\src\devices\cuda\cudadevice.cpp(1141): warning C4244: “初始化”: 从“uint64_t”转换到“int”，可能丢失数据
C:\Users\user\output\deepseek-v4部署\fastllm-master\src\devices\cuda\cudadevice.cpp(1157): warning C4267: “初始化”: 从“size_t”转换到“int”，可能丢失数据
C:\Users\user\output\deepseek-v4部署\fastllm-master\src\devices\cuda\cudadevice.cpp(1338): warning C4244: “初始化”: 从“double”转换到“float”，可能丢失数据
C:\Users\user\output\deepseek-v4部署\fastllm-master\src\devices\cuda\cudadevice.cpp(1351): warning C4244: “初始化”: 从“double”转换到“float”，可能丢失数据
C:\Users\user\output\deepseek-v4部署\fastllm-master\src\devices\cuda\cudadevice.cpp(1362): warning C4244: “初始化”: 从“double”转换到“float”，可能丢失数据
C:\Users\user\output\deepseek-v4部署\fastllm-master\src\devices\cuda\cudadevice.cpp(1367): error C2079: “oss”使用未定义的 class“std::basic_ostringstream<char,std::char_traits<char>,std::allocator<char>>”
C:\Users\user\output\deepseek-v4部署\fastllm-master\src\devices\cuda\cudadevice.cpp(1368): error C2297: “<<”: 无效，因为右操作数的类型为“const char [65]”
C:\Users\user\output\deepseek-v4部署\fastllm-master\src\devices\cuda\cudadevice.cpp(1369): error C2297: “<<”: 无效，因为右操作数的类型为“const char [14]”
C:\Users\user\output\deepseek-v4部署\fastllm-master\src\devices\cuda\cudadevice.cpp(1369): error C2677: 二进制“<<”: 没有找到接受“std::string”类型的全局运算符(或没有可接受的转换)
C:\Program Files (x86)\Microsoft Visual Studio\2022\BuildTools\VC\Tools\MSVC\14.44.35207\include\cstddef(37): note: 可能是“std::byte std::operator <<(const std::byte,const _IntType) noexcept”
C:\Users\user\output\deepseek-v4部署\fastllm-master\src\devices\cuda\cudadevice.cpp(1369): note: “std::byte std::operator <<(const std::byte,const _IntType) noexcept”: 无法推导“__formal”的 模板 参数
C:\Program Files (x86)\Microsoft Visual Studio\2022\BuildTools\VC\Tools\MSVC\14.44.35207\include\cstddef(36): note: “std::enable_if_t<false,int>”: 未能使别名模板专用化
C:\Program Files (x86)\Microsoft Visual Studio\2022\BuildTools\VC\Tools\MSVC\14.44.35207\include\__msvc_string_view.hpp(1976): note: 或    “std::basic_ostream<_Elem,_Traits> &std::operator <<(std::basic_ostream<_Elem,_Traits> &,const std::basic_string_view<_Elem,_Traits>)”
C:\Users\user\output\deepseek-v4部署\fastllm-master\src\devices\cuda\cudadevice.cpp(1369): note: “std::basic_ostream<_Elem,_Traits> &std::operator <<(std::basic_ostream<_Elem,_Traits> &,const std::basic_string_view<_Elem,_Traits>)”: 无法从“<error type>”推导出“std::basic_ostream<_Elem,_Traits> &”的 模板 参数
C:\Program Files (x86)\Microsoft Visual Studio\2022\BuildTools\VC\Tools\MSVC\14.44.35207\include\xstring(3444): note: 或    “std::basic_ostream<_Elem,_Traits> &std::operator <<(std::basic_ostream<_Elem,_Traits> &,const std::basic_string<_Elem,_Traits,_Alloc> &)”
C:\Users\user\output\deepseek-v4部署\fastllm-master\src\devices\cuda\cudadevice.cpp(1369): note: “std::basic_ostream<_Elem,_Traits> &std::operator <<(std::basic_ostream<_Elem,_Traits> &,const std::basic_string<_Elem,_Traits,_Alloc> &)”: 无法从“<error type>”推导出“std::basic_ostream<_Elem,_Traits> &”的 模板 参数
C:\Program Files (x86)\Microsoft Visual Studio\2022\BuildTools\VC\Tools\MSVC\14.44.35207\include\memory(1984): note: 或    “std::basic_ostream<_Elem,_Traits> &std::operator <<(std::basic_ostream<_Elem,_Traits> &,const std::shared_ptr<_Ty> &)”
C:\Users\user\output\deepseek-v4部署\fastllm-master\src\devices\cuda\cudadevice.cpp(1369): note: “std::basic_ostream<_Elem,_Traits> &std::operator <<(std::basic_ostream<_Elem,_Traits> &,const std::shared_ptr<_Ty> &)”: 无法从“<error type>”推导出“std::basic_ostream<_Elem,_Traits> &”的 模板 参数
C:\Program Files (x86)\Microsoft Visual Studio\2022\BuildTools\VC\Tools\MSVC\14.44.35207\include\memory(3792): note: 或    “std::basic_ostream<_Elem,_Traits> &std::operator <<(std::basic_ostream<_Elem,_Traits> &,const std::unique_ptr<_Ty2,_Dx2> &)”
C:\Users\user\output\deepseek-v4部署\fastllm-master\src\devices\cuda\cudadevice.cpp(1369): note: “std::basic_ostream<_Elem,_Traits> &std::operator <<(std::basic_ostream<_Elem,_Traits> &,const std::unique_ptr<_Ty2,_Dx2> &)”: 无法从“<error type>”推导出“std::basic_ostream<_Elem,_Traits> &”的 模板 参数
C:\Program Files (x86)\Microsoft Visual Studio\2022\BuildTools\VC\Tools\MSVC\14.44.35207\include\__msvc_ostream.hpp(688): note: 或    “std::basic_ostream<_Elem,_Traits> &std::operator <<(std::basic_ostream<_Elem,_Traits> &,const char *)”
C:\Users\user\output\deepseek-v4部署\fastllm-master\src\devices\cuda\cudadevice.cpp(1369): note: “std::basic_ostream<_Elem,_Traits> &std::operator <<(std::basic_ostream<_Elem,_Traits> &,const char *)”: 无法从“<error type>”推导出“std::basic_ostream<_Elem,_Traits> &”的 模板 参数
C:\Program Files (x86)\Microsoft Visual Studio\2022\BuildTools\VC\Tools\MSVC\14.44.35207\include\__msvc_ostream.hpp(732): note: 或    “std::basic_ostream<_Elem,_Traits> &std::operator <<(std::basic_ostream<_Elem,_Traits> &,char)”
C:\Users\user\output\deepseek-v4部署\fastllm-master\src\devices\cuda\cudadevice.cpp(1369): note: “std::basic_ostream<_Elem,_Traits> &std::operator <<(std::basic_ostream<_Elem,_Traits> &,char)”: 无法从“<error type>”推导出“std::basic_ostream<_Elem,_Traits> &”的 模板 参数
C:\Program Files (x86)\Microsoft Visual Studio\2022\BuildTools\VC\Tools\MSVC\14.44.35207\include\__msvc_ostream.hpp(768): note: 或    “std::basic_ostream<char,_Traits> &std::operator <<(std::basic_ostream<char,_Traits> &,const char *)”
C:\Users\user\output\deepseek-v4部署\fastllm-master\src\devices\cuda\cudadevice.cpp(1369): note: “std::basic_ostream<char,_Traits> &std::operator <<(std::basic_ostream<char,_Traits> &,const char *)”: 无法从“<error type>”推导出“std::basic_ostream<char,_Traits> &”的 模板 参数
C:\Program Files (x86)\Microsoft Visual Studio\2022\BuildTools\VC\Tools\MSVC\14.44.35207\include\__msvc_ostream.hpp(813): note: 或    “std::basic_ostream<char,_Traits> &std::operator <<(std::basic_ostream<char,_Traits> &,char)”
C:\Users\user\output\deepseek-v4部署\fastllm-master\src\devices\cuda\cudadevice.cpp(1369): note: “std::basic_ostream<char,_Traits> &std::operator <<(std::basic_ostream<char,_Traits> &,char)”: 无法从“<error type>”推导出“std::basic_ostream<char,_Traits> &”的 模板 参数
C:\Program Files (x86)\Microsoft Visual Studio\2022\BuildTools\VC\Tools\MSVC\14.44.35207\include\__msvc_ostream.hpp(851): note: 或    “std::basic_ostream<_Elem,_Traits> &std::operator <<(std::basic_ostream<_Elem,_Traits> &,const _Elem *)”
C:\Users\user\output\deepseek-v4部署\fastllm-master\src\devices\cuda\cudadevice.cpp(1369): note: “std::basic_ostream<_Elem,_Traits> &std::operator <<(std::basic_ostream<_Elem,_Traits> &,const _Elem *)”: 无法从“<error type>”推导出“std::basic_ostream<_Elem,_Traits> &”的 模板 参数
C:\Program Files (x86)\Microsoft Visual Studio\2022\BuildTools\VC\Tools\MSVC\14.44.35207\include\__msvc_ostream.hpp(894): note: 或    “std::basic_ostream<_Elem,_Traits> &std::operator <<(std::basic_ostream<_Elem,_Traits> &,_Elem)”
C:\Users\user\output\deepseek-v4部署\fastllm-master\src\devices\cuda\cudadevice.cpp(1369): note: “std::basic_ostream<_Elem,_Traits> &std::operator <<(std::basic_ostream<_Elem,_Traits> &,_Elem)”: 无法从“<error type>”推导出“std::basic_ostream<_Elem,_Traits> &”的 模板 参数
C:\Program Files (x86)\Microsoft Visual Studio\2022\BuildTools\VC\Tools\MSVC\14.44.35207\include\__msvc_ostream.hpp(930): note: 或    “std::basic_ostream<char,_Traits> &std::operator <<(std::basic_ostream<char,_Traits> &,const signed char *)”
C:\Users\user\output\deepseek-v4部署\fastllm-master\src\devices\cuda\cudadevice.cpp(1369): note: “std::basic_ostream<char,_Traits> &std::operator <<(std::basic_ostream<char,_Traits> &,const signed char *)”: 无法从“<error type>”推导出“std::basic_ostream<char,_Traits> &”的 模板 参数
C:\Program Files (x86)\Microsoft Visual Studio\2022\BuildTools\VC\Tools\MSVC\14.44.35207\include\__msvc_ostream.hpp(936): note: 或    “std::basic_ostream<char,_Traits> &std::operator <<(std::basic_ostream<char,_Traits> &,signed char)”
C:\Users\user\output\deepseek-v4部署\fastllm-master\src\devices\cuda\cudadevice.cpp(1369): note: “std::basic_ostream<char,_Traits> &std::operator <<(std::basic_ostream<char,_Traits> &,signed char)”: 无法从“<error type>”推导出“std::basic_ostream<char,_Traits> &”的 模板 参数
C:\Program Files (x86)\Microsoft Visual Studio\2022\BuildTools\VC\Tools\MSVC\14.44.35207\include\__msvc_ostream.hpp(941): note: 或    “std::basic_ostream<char,_Traits> &std::operator <<(std::basic_ostream<char,_Traits> &,const unsigned char *)”
C:\Users\user\output\deepseek-v4部署\fastllm-master\src\devices\cuda\cudadevice.cpp(1369): note: “std::basic_ostream<char,_Traits> &std::operator <<(std::basic_ostream<char,_Traits> &,const unsigned char *)”: 无法从“<error type>”推导出“std::basic_ostream<char,_Traits> &”的 模板 参数
C:\Program Files (x86)\Microsoft Visual Studio\2022\BuildTools\VC\Tools\MSVC\14.44.35207\include\__msvc_ostream.hpp(947): note: 或    “std::basic_ostream<char,_Traits> &std::operator <<(std::basic_ostream<char,_Traits> &,unsigned char)”
C:\Users\user\output\deepseek-v4部署\fastllm-master\src\devices\cuda\cudadevice.cpp(1369): note: “std::basic_ostream<char,_Traits> &std::operator <<(std::basic_ostream<char,_Traits> &,unsigned char)”: 无法从“<error type>”推导出“std::basic_ostream<char,_Traits> &”的 模板 参数
C:\Program Files (x86)\Microsoft Visual Studio\2022\BuildTools\VC\Tools\MSVC\14.44.35207\include\__msvc_ostream.hpp(1005): note: 或    “_Ostr &&std::operator <<(_Ostr &&,const _Ty &)”
C:\Users\user\output\deepseek-v4部署\fastllm-master\src\devices\cuda\cudadevice.cpp(1369): note: “_Ostr &&std::operator <<(_Ostr &&,const _Ty &)”: 无法推导“__formal”的 模板 参数
C:\Program Files (x86)\Microsoft Visual Studio\2022\BuildTools\VC\Tools\MSVC\14.44.35207\include\__msvc_ostream.hpp(1004): note: “std::enable_if_t<false,int>”: 未能使别名模板专用化
C:\Program Files (x86)\Microsoft Visual Studio\2022\BuildTools\VC\Tools\MSVC\14.44.35207\include\__msvc_ostream.hpp(1031): note: 或    “std::basic_ostream<_Elem,_Traits> &std::operator <<(std::basic_ostream<_Elem,_Traits> &,const std::error_code &)”
C:\Users\user\output\deepseek-v4部署\fastllm-master\src\devices\cuda\cudadevice.cpp(1369): note: “std::basic_ostream<_Elem,_Traits> &std::operator <<(std::basic_ostream<_Elem,_Traits> &,const std::error_code &)”: 无法从“<error type>”推导出“std::basic_ostream<_Elem,_Traits> &”的 模板 参数
C:\Program Files (x86)\Microsoft Visual Studio\2022\BuildTools\VC\Tools\MSVC\14.44.35207\include\thread(251): note: 或    “std::basic_ostream<_Elem,_Traits> &std::operator <<(std::basic_ostream<_Elem,_Traits> &,std::thread::id)”
C:\Users\user\output\deepseek-v4部署\fastllm-master\src\devices\cuda\cudadevice.cpp(1369): note: “std::basic_ostream<_Elem,_Traits> &std::operator <<(std::basic_ostream<_Elem,_Traits> &,std::thread::id)”: 无法从“<error type>”推导出“std::basic_ostream<_Elem,_Traits> &”的 模板 参数
C:\Users\user\output\deepseek-v4部署\fastllm-master\src\devices\cuda\cudadevice.cpp(1377): error C2297: “<<”: 无效，因为右操作数的类型为“const char [2]”
C:\Users\user\output\deepseek-v4部署\fastllm-master\src\devices\cuda\cudadevice.cpp(1377): warning C4552: ”<<“: 未使用表达式结果
C:\Users\user\output\deepseek-v4部署\fastllm-master\src\devices\cuda\cudadevice.cpp(1378): warning C4552: ”<<“: 未使用表达式结果
C:\Users\user\output\deepseek-v4部署\fastllm-master\src\devices\cuda\cudadevice.cpp(1380): error C2297: “<<”: 无效，因为右操作数的类型为“const char [16]”
C:\Users\user\output\deepseek-v4部署\fastllm-master\src\devices\cuda\cudadevice.cpp(1380): warning C4552: ”<<“: 未使用表达式结果
C:\Users\user\output\deepseek-v4部署\fastllm-master\src\devices\cuda\cudadevice.cpp(1382): error C2297: “<<”: 无效，因为右操作数的类型为“const char [2]”
C:\Users\user\output\deepseek-v4部署\fastllm-master\src\devices\cuda\cudadevice.cpp(1382): warning C4552: ”<<“: 未使用表达式结果
C:\Users\user\output\deepseek-v4部署\fastllm-master\src\devices\cuda\cudadevice.cpp(1383): warning C4552: ”<<“: 未使用表达式结果
C:\Users\user\output\deepseek-v4部署\fastllm-master\src\devices\cuda\cudadevice.cpp(1385): error C2297: “<<”: 无效，因为右操作数的类型为“const char [9]”
C:\Users\user\output\deepseek-v4部署\fastllm-master\src\devices\cuda\cudadevice.cpp(1385): error C2297: “<<”: 无效，因为右操作数的类型为“float”
C:\Users\user\output\deepseek-v4部署\fastllm-master\src\devices\cuda\cudadevice.cpp(1385): warning C4552: ”<<“: 未使用表达式结果
C:\Users\user\output\deepseek-v4部署\fastllm-master\src\devices\cuda\cudadevice.cpp(1396): warning C4244: “初始化”: 从“double”转换到“float”，可能丢失数据
C:\Users\user\output\deepseek-v4部署\fastllm-master\src\devices\cuda\cudadevice.cpp(1409): warning C4244: “初始化”: 从“double”转换到“float”，可能丢失数据
C:\Users\user\output\deepseek-v4部署\fastllm-master\src\devices\cuda\cudadevice.cpp(1417): warning C4244: “初始化”: 从“double”转换到“float”，可能丢失数据
C:\Users\user\output\deepseek-v4部署\fastllm-master\src\devices\cuda\cudadevice.cpp(1457): warning C4267: “初始化”: 从“size_t”转换到“int”，可能丢失数据
C:\Users\user\output\deepseek-v4部署\fastllm-master\src\devices\cuda\cudadevice.cpp(1492): warning C4267: “初始化”: 从“size_t”转换到“int”，可能丢失数据
C:\Users\user\output\deepseek-v4部署\fastllm-master\src\devices\cuda\cudadevice.cpp(1493): warning C4244: “初始化”: 从“uint64_t”转换到“int”，可能丢失数据
C:\Users\user\output\deepseek-v4部署\fastllm-master\src\devices\cuda\cudadevice.cpp(1746): warning C4244: “初始化”: 从“double”转换到“float”，可能丢失数据
C:\Users\user\output\deepseek-v4部署\fastllm-master\src\devices\cuda\cudadevice.cpp(1880): warning C4244: “初始化”: 从“uint64_t”转换到“int”，可能丢失数据
C:\Users\user\output\deepseek-v4部署\fastllm-master\src\devices\cuda\cudadevice.cpp(1964): warning C4267: “参数”: 从“size_t”转换到“_Ty”，可能丢失数据
        with
        [
            _Ty=int
        ]
C:\Users\user\output\deepseek-v4部署\fastllm-master\src\devices\cuda\cudadevice.cpp(2003): warning C4267: “参数”: 从“size_t”转换到“int”，可能丢失数据
C:\Users\user\output\deepseek-v4部署\fastllm-master\src\devices\cuda\cudadevice.cpp(2050): warning C4267: “参数”: 从“size_t”转换到“int”，可能丢失数据
C:\Users\user\output\deepseek-v4部署\fastllm-master\src\devices\cuda\cudadevice.cpp(2049): warning C4267: “参数”: 从“size_t”转换到“int”，可能丢失数据
C:\Users\user\output\deepseek-v4部署\fastllm-master\src\devices\cuda\cudadevice.cpp(2135): warning C4267: “参数”: 从“size_t”转换到“int”，可能丢失数据
C:\Users\user\output\deepseek-v4部署\fastllm-master\src\devices\cuda\cudadevice.cpp(2279): warning C4267: “参数”: 从“size_t”转换到“_Ty”，可能丢失数据
        with
        [
            _Ty=int
        ]
C:\Users\user\output\deepseek-v4部署\fastllm-master\src\devices\cuda\cudadevice.cpp(2328): warning C4267: “参数”: 从“size_t”转换到“int”，可能丢失数据
C:\Users\user\output\deepseek-v4部署\fastllm-master\src\devices\cuda\cudadevice.cpp(2327): warning C4267: “参数”: 从“size_t”转换到“int”，可能丢失数据
C:\Users\user\output\deepseek-v4部署\fastllm-master\src\devices\cuda\cudadevice.cpp(2347): warning C4267: “参数”: 从“size_t”转换到“int”，可能丢失数据
C:\Users\user\output\deepseek-v4部署\fastllm-master\src\devices\cuda\cudadevice.cpp(2536): warning C4267: “=”: 从“size_t”转换到“int”，可能丢失数据
C:\Users\user\output\deepseek-v4部署\fastllm-master\src\devices\cuda\cudadevice.cpp(2645): warning C4244: “初始化”: 从“double”转换到“float”，可能丢失数据
C:\Users\user\output\deepseek-v4部署\fastllm-master\src\devices\cuda\cudadevice.cpp(2782): warning C4244: “初始化”: 从“double”转换到“float”，可能丢失数据
C:\Users\user\output\deepseek-v4部署\fastllm-master\src\devices\cuda\cudadevice.cpp(2816): warning C4267: “+=”: 从“size_t”转换到“int”，可能丢失数据
C:\Users\user\output\deepseek-v4部署\fastllm-master\src\devices\cuda\cudadevice.cpp(2853): warning C4267: “初始化”: 从“size_t”转换到“int”，可能丢失数据
[16/33] Building CXX object CMakeFiles\fastllm_tools.dir\src\models\graph\telechat.cpp.obj
注意: 包含文件:  C:\Users\user\output\deepseek-v4部署\fastllm-master\include\models\graphllm.h
注意: 包含文件:   C:\Users\user\output\deepseek-v4部署\fastllm-master\include\models\basellm.h
注意: 包含文件:    C:\Users\user\output\deepseek-v4部署\fastllm-master\include\fastllm.h
注意: 包含文件:     C:\Program Files (x86)\Microsoft Visual Studio\2022\BuildTools\VC\Tools\MSVC\14.44.35207\include\vector
注意: 包含文件:      C:\Program Files (x86)\Microsoft Visual Studio\2022\BuildTools\VC\Tools\MSVC\14.44.35207\include\yvals_core.h
注意: 包含文件:       C:\Program Files (x86)\Microsoft Visual Studio\2022\BuildTools\VC\Tools\MSVC\14.44.35207\include\vcruntime.h
注意: 包含文件:        C:\Program Files (x86)\Microsoft Visual Studio\2022\BuildTools\VC\Tools\MSVC\14.44.35207\include\sal.h
注意: 包含文件:         C:\Program Files (x86)\Microsoft Visual Studio\2022\BuildTools\VC\Tools\MSVC\14.44.35207\include\concurrencysal.h
注意: 包含文件:        C:\Program Files (x86)\Microsoft Visual Studio\2022\BuildTools\VC\Tools\MSVC\14.44.35207\include\vadefs.h
注意: 包含文件:       C:\Program Files (x86)\Microsoft Visual Studio\2022\BuildTools\VC\Tools\MSVC\14.44.35207\include\xkeycheck.h
注意: 包含文件:      C:\Program Files (x86)\Microsoft Visual Studio\2022\BuildTools\VC\Tools\MSVC\14.44.35207\include\__msvc_bit_utils.hpp
注意: 包含文件:       C:\Program Files (x86)\Microsoft Visual Studio\2022\BuildTools\VC\Tools\MSVC\14.44.35207\include\climits
注意: 包含文件:        C:\Program Files (x86)\Microsoft Visual Studio\2022\BuildTools\VC\Tools\MSVC\14.44.35207\include\limits.h
注意: 包含文件:       C:\Program Files (x86)\Microsoft Visual Studio\2022\BuildTools\VC\Tools\MSVC\14.44.35207\include\xtr1common
注意: 包含文件:       C:\Program Files (x86)\Microsoft Visual Studio\2022\BuildTools\VC\Tools\MSVC\14.44.35207\include\intrin0.h
注意: 包含文件:        C:\Program Files (x86)\Microsoft Visual Studio\2022\BuildTools\VC\Tools\MSVC\14.44.35207\include\intrin0.inl.h
注意: 包含文件:      C:\Program Files (x86)\Microsoft Visual Studio\2022\BuildTools\VC\Tools\MSVC\14.44.35207\include\__msvc_sanitizer_annotate_container.hpp
注意: 包含文件:      C:\Program Files (x86)\Microsoft Visual Studio\2022\BuildTools\VC\Tools\MSVC\14.44.35207\include\xmemory
注意: 包含文件:       C:\Program Files (x86)\Microsoft Visual Studio\2022\BuildTools\VC\Tools\MSVC\14.44.35207\include\cstdint
注意: 包含文件:        C:\Program Files (x86)\Microsoft Visual Studio\2022\BuildTools\VC\Tools\MSVC\14.44.35207\include\stdint.h
注意: 包含文件:       C:\Program Files (x86)\Microsoft Visual Studio\2022\BuildTools\VC\Tools\MSVC\14.44.35207\include\cstdlib
注意: 包含文件:        C:\Program Files (x86)\Windows Kits\10\include\10.0.26100.0\ucrt\math.h
注意: 包含文件:         C:\Program Files (x86)\Windows Kits\10\include\10.0.26100.0\ucrt\corecrt_math.h
注意: 包含文件:          C:\Program Files (x86)\Windows Kits\10\include\10.0.26100.0\ucrt\corecrt.h
注意: 包含文件:         C:\Program Files (x86)\Windows Kits\10\include\10.0.26100.0\ucrt\corecrt_math_defines.h
注意: 包含文件:        C:\Program Files (x86)\Windows Kits\10\include\10.0.26100.0\ucrt\stdlib.h
注意: 包含文件:         C:\Program Files (x86)\Windows Kits\10\include\10.0.26100.0\ucrt\corecrt_malloc.h
注意: 包含文件:         C:\Program Files (x86)\Windows Kits\10\include\10.0.26100.0\ucrt\corecrt_search.h
注意: 包含文件:          C:\Program Files (x86)\Windows Kits\10\include\10.0.26100.0\ucrt\stddef.h
注意: 包含文件:         C:\Program Files (x86)\Windows Kits\10\include\10.0.26100.0\ucrt\corecrt_wstdlib.h
注意: 包含文件:       C:\Program Files (x86)\Microsoft Visual Studio\2022\BuildTools\VC\Tools\MSVC\14.44.35207\include\limits
注意: 包含文件:        C:\Program Files (x86)\Microsoft Visual Studio\2022\BuildTools\VC\Tools\MSVC\14.44.35207\include\cfloat
注意: 包含文件:         C:\Program Files (x86)\Windows Kits\10\include\10.0.26100.0\ucrt\float.h
注意: 包含文件:        C:\Program Files (x86)\Microsoft Visual Studio\2022\BuildTools\VC\Tools\MSVC\14.44.35207\include\cwchar
注意: 包含文件:         C:\Program Files (x86)\Microsoft Visual Studio\2022\BuildTools\VC\Tools\MSVC\14.44.35207\include\cstdio
注意: 包含文件:          C:\Program Files (x86)\Windows Kits\10\include\10.0.26100.0\ucrt\stdio.h
注意: 包含文件:           C:\Program Files (x86)\Windows Kits\10\include\10.0.26100.0\ucrt\corecrt_wstdio.h
注意: 包含文件:            C:\Program Files (x86)\Windows Kits\10\include\10.0.26100.0\ucrt\corecrt_stdio_config.h
注意: 包含文件:         C:\Program Files (x86)\Windows Kits\10\include\10.0.26100.0\ucrt\wchar.h
注意: 包含文件:          C:\Program Files (x86)\Windows Kits\10\include\10.0.26100.0\ucrt\corecrt_memcpy_s.h
注意: 包含文件:           C:\Program Files (x86)\Windows Kits\10\include\10.0.26100.0\ucrt\errno.h
注意: 包含文件:           C:\Program Files (x86)\Microsoft Visual Studio\2022\BuildTools\VC\Tools\MSVC\14.44.35207\include\vcruntime_string.h
注意: 包含文件:          C:\Program Files (x86)\Windows Kits\10\include\10.0.26100.0\ucrt\corecrt_wconio.h
注意: 包含文件:          C:\Program Files (x86)\Windows Kits\10\include\10.0.26100.0\ucrt\corecrt_wctype.h
注意: 包含文件:          C:\Program Files (x86)\Windows Kits\10\include\10.0.26100.0\ucrt\corecrt_wdirect.h
注意: 包含文件:          C:\Program Files (x86)\Windows Kits\10\include\10.0.26100.0\ucrt\corecrt_wio.h
注意: 包含文件:           C:\Program Files (x86)\Windows Kits\10\include\10.0.26100.0\ucrt\corecrt_share.h
注意: 包含文件:          C:\Program Files (x86)\Windows Kits\10\include\10.0.26100.0\ucrt\corecrt_wprocess.h
注意: 包含文件:          C:\Program Files (x86)\Windows Kits\10\include\10.0.26100.0\ucrt\corecrt_wstring.h
注意: 包含文件:          C:\Program Files (x86)\Windows Kits\10\include\10.0.26100.0\ucrt\corecrt_wtime.h
注意: 包含文件:          C:\Program Files (x86)\Windows Kits\10\include\10.0.26100.0\ucrt\sys/stat.h
注意: 包含文件:           C:\Program Files (x86)\Windows Kits\10\include\10.0.26100.0\ucrt\sys/types.h
注意: 包含文件:          C:\Program Files (x86)\Microsoft Visual Studio\2022\BuildTools\VC\Tools\MSVC\14.44.35207\include\intrin.h
注意: 包含文件:           C:\Program Files (x86)\Microsoft Visual Studio\2022\BuildTools\VC\Tools\MSVC\14.44.35207\include\setjmp.h
注意: 包含文件:           C:\Program Files (x86)\Microsoft Visual Studio\2022\BuildTools\VC\Tools\MSVC\14.44.35207\include\immintrin.h
注意: 包含文件:            C:\Program Files (x86)\Microsoft Visual Studio\2022\BuildTools\VC\Tools\MSVC\14.44.35207\include\wmmintrin.h
注意: 包含文件:             C:\Program Files (x86)\Microsoft Visual Studio\2022\BuildTools\VC\Tools\MSVC\14.44.35207\include\nmmintrin.h
注意: 包含文件:              C:\Program Files (x86)\Microsoft Visual Studio\2022\BuildTools\VC\Tools\MSVC\14.44.35207\include\smmintrin.h
注意: 包含文件:               C:\Program Files (x86)\Microsoft Visual Studio\2022\BuildTools\VC\Tools\MSVC\14.44.35207\include\tmmintrin.h
注意: 包含文件:                C:\Program Files (x86)\Microsoft Visual Studio\2022\BuildTools\VC\Tools\MSVC\14.44.35207\include\pmmintrin.h
注意: 包含文件:                 C:\Program Files (x86)\Microsoft Visual Studio\2022\BuildTools\VC\Tools\MSVC\14.44.35207\include\emmintrin.h
注意: 包含文件:                  C:\Program Files (x86)\Microsoft Visual Studio\2022\BuildTools\VC\Tools\MSVC\14.44.35207\include\xmmintrin.h
注意: 包含文件:                   C:\Program Files (x86)\Microsoft Visual Studio\2022\BuildTools\VC\Tools\MSVC\14.44.35207\include\mmintrin.h
注意: 包含文件:                   C:\Program Files (x86)\Windows Kits\10\include\10.0.26100.0\ucrt\malloc.h
注意: 包含文件:            C:\Program Files (x86)\Microsoft Visual Studio\2022\BuildTools\VC\Tools\MSVC\14.44.35207\include\zmmintrin.h
注意: 包含文件:           C:\Program Files (x86)\Microsoft Visual Studio\2022\BuildTools\VC\Tools\MSVC\14.44.35207\include\ammintrin.h
注意: 包含文件:       C:\Program Files (x86)\Microsoft Visual Studio\2022\BuildTools\VC\Tools\MSVC\14.44.35207\include\new
注意: 包含文件:        C:\Program Files (x86)\Microsoft Visual Studio\2022\BuildTools\VC\Tools\MSVC\14.44.35207\include\exception
注意: 包含文件:         C:\Program Files (x86)\Microsoft Visual Studio\2022\BuildTools\VC\Tools\MSVC\14.44.35207\include\yvals.h
注意: 包含文件:          C:\Program Files (x86)\Windows Kits\10\include\10.0.26100.0\ucrt\crtdbg.h
注意: 包含文件:           C:\Program Files (x86)\Microsoft Visual Studio\2022\BuildTools\VC\Tools\MSVC\14.44.35207\include\vcruntime_new_debug.h
注意: 包含文件:            C:\Program Files (x86)\Microsoft Visual Studio\2022\BuildTools\VC\Tools\MSVC\14.44.35207\include\vcruntime_new.h
注意: 包含文件:          C:\Program Files (x86)\Microsoft Visual Studio\2022\BuildTools\VC\Tools\MSVC\14.44.35207\include\crtdefs.h
注意: 包含文件:          C:\Program Files (x86)\Microsoft Visual Studio\2022\BuildTools\VC\Tools\MSVC\14.44.35207\include\use_ansi.h
注意: 包含文件:         C:\Program Files (x86)\Microsoft Visual Studio\2022\BuildTools\VC\Tools\MSVC\14.44.35207\include\type_traits
注意: 包含文件:          C:\Program Files (x86)\Microsoft Visual Studio\2022\BuildTools\VC\Tools\MSVC\14.44.35207\include\cstddef
注意: 包含文件:          C:\Program Files (x86)\Microsoft Visual Studio\2022\BuildTools\VC\Tools\MSVC\14.44.35207\include\cstring
注意: 包含文件:           C:\Program Files (x86)\Windows Kits\10\include\10.0.26100.0\ucrt\string.h
注意: 包含文件:            C:\Program Files (x86)\Windows Kits\10\include\10.0.26100.0\ucrt\corecrt_memory.h
注意: 包含文件:         C:\Program Files (x86)\Microsoft Visual Studio\2022\BuildTools\VC\Tools\MSVC\14.44.35207\include\vcruntime_exception.h
注意: 包含文件:          C:\Program Files (x86)\Microsoft Visual Studio\2022\BuildTools\VC\Tools\MSVC\14.44.35207\include\eh.h
注意: 包含文件:           C:\Program Files (x86)\Windows Kits\10\include\10.0.26100.0\ucrt\corecrt_terminate.h
注意: 包含文件:       C:\Program Files (x86)\Microsoft Visual Studio\2022\BuildTools\VC\Tools\MSVC\14.44.35207\include\xatomic.h
注意: 包含文件:       C:\Program Files (x86)\Microsoft Visual Studio\2022\BuildTools\VC\Tools\MSVC\14.44.35207\include\xutility
注意: 包含文件:        C:\Program Files (x86)\Microsoft Visual Studio\2022\BuildTools\VC\Tools\MSVC\14.44.35207\include\__msvc_iter_core.hpp
注意: 包含文件:         C:\Program Files (x86)\Microsoft Visual Studio\2022\BuildTools\VC\Tools\MSVC\14.44.35207\include\utility
注意: 包含文件:          C:\Program Files (x86)\Microsoft Visual Studio\2022\BuildTools\VC\Tools\MSVC\14.44.35207\include\initializer_list
注意: 包含文件:      C:\Program Files (x86)\Microsoft Visual Studio\2022\BuildTools\VC\Tools\MSVC\14.44.35207\include\xpolymorphic_allocator.h
注意: 包含文件:       C:\Program Files (x86)\Microsoft Visual Studio\2022\BuildTools\VC\Tools\MSVC\14.44.35207\include\tuple
注意: 包含文件:     C:\Program Files (x86)\Microsoft Visual Studio\2022\BuildTools\VC\Tools\MSVC\14.44.35207\include\string
注意: 包含文件:      C:\Program Files (x86)\Microsoft Visual Studio\2022\BuildTools\VC\Tools\MSVC\14.44.35207\include\xstring
注意: 包含文件:       C:\Program Files (x86)\Microsoft Visual Studio\2022\BuildTools\VC\Tools\MSVC\14.44.35207\include\__msvc_string_view.hpp
注意: 包含文件:        C:\Program Files (x86)\Microsoft Visual Studio\2022\BuildTools\VC\Tools\MSVC\14.44.35207\include\iosfwd
注意: 包含文件:      C:\Program Files (x86)\Microsoft Visual Studio\2022\BuildTools\VC\Tools\MSVC\14.44.35207\include\cctype
注意: 包含文件:       C:\Program Files (x86)\Windows Kits\10\include\10.0.26100.0\ucrt\ctype.h
注意: 包含文件:     C:\Program Files (x86)\Microsoft Visual Studio\2022\BuildTools\VC\Tools\MSVC\14.44.35207\include\map
注意: 包含文件:      C:\Program Files (x86)\Microsoft Visual Studio\2022\BuildTools\VC\Tools\MSVC\14.44.35207\include\xtree
注意: 包含文件:       C:\Program Files (x86)\Microsoft Visual Studio\2022\BuildTools\VC\Tools\MSVC\14.44.35207\include\xnode_handle.h
注意: 包含文件:     C:\Program Files (x86)\Microsoft Visual Studio\2022\BuildTools\VC\Tools\MSVC\14.44.35207\include\set
注意: 包含文件:     C:\Program Files (x86)\Microsoft Visual Studio\2022\BuildTools\VC\Tools\MSVC\14.44.35207\include\queue
注意: 包含文件:      C:\Program Files (x86)\Microsoft Visual Studio\2022\BuildTools\VC\Tools\MSVC\14.44.35207\include\__msvc_heap_algorithms.hpp
注意: 包含文件:      C:\Program Files (x86)\Microsoft Visual Studio\2022\BuildTools\VC\Tools\MSVC\14.44.35207\include\deque
注意: 包含文件:     C:\Program Files (x86)\Microsoft Visual Studio\2022\BuildTools\VC\Tools\MSVC\14.44.35207\include\unordered_map
注意: 包含文件:      C:\Program Files (x86)\Microsoft Visual Studio\2022\BuildTools\VC\Tools\MSVC\14.44.35207\include\xhash
注意: 包含文件:       C:\Program Files (x86)\Microsoft Visual Studio\2022\BuildTools\VC\Tools\MSVC\14.44.35207\include\cmath
注意: 包含文件:       C:\Program Files (x86)\Microsoft Visual Studio\2022\BuildTools\VC\Tools\MSVC\14.44.35207\include\list
注意: 包含文件:       C:\Program Files (x86)\Microsoft Visual Studio\2022\BuildTools\VC\Tools\MSVC\14.44.35207\include\xbit_ops.h
注意: 包含文件:     C:\Program Files (x86)\Microsoft Visual Studio\2022\BuildTools\VC\Tools\MSVC\14.44.35207\include\unordered_set
注意: 包含文件:     C:\Program Files (x86)\Microsoft Visual Studio\2022\BuildTools\VC\Tools\MSVC\14.44.35207\include\algorithm
注意: 包含文件:      C:\Program Files (x86)\Microsoft Visual Studio\2022\BuildTools\VC\Tools\MSVC\14.44.35207\include\__msvc_minmax.hpp
注意: 包含文件:     C:\Program Files (x86)\Microsoft Visual Studio\2022\BuildTools\VC\Tools\MSVC\14.44.35207\include\iostream
注意: 包含文件:      C:\Program Files (x86)\Microsoft Visual Studio\2022\BuildTools\VC\Tools\MSVC\14.44.35207\include\istream
注意: 包含文件:       C:\Program Files (x86)\Microsoft Visual Studio\2022\BuildTools\VC\Tools\MSVC\14.44.35207\include\__msvc_ostream.hpp
注意: 包含文件:        C:\Program Files (x86)\Microsoft Visual Studio\2022\BuildTools\VC\Tools\MSVC\14.44.35207\include\ios
注意: 包含文件:         C:\Program Files (x86)\Microsoft Visual Studio\2022\BuildTools\VC\Tools\MSVC\14.44.35207\include\xlocnum
注意: 包含文件:          C:\Program Files (x86)\Microsoft Visual Studio\2022\BuildTools\VC\Tools\MSVC\14.44.35207\include\iterator
注意: 包含文件:          C:\Program Files (x86)\Microsoft Visual Studio\2022\BuildTools\VC\Tools\MSVC\14.44.35207\include\streambuf
注意: 包含文件:           C:\Program Files (x86)\Microsoft Visual Studio\2022\BuildTools\VC\Tools\MSVC\14.44.35207\include\xiosbase
注意: 包含文件:            C:\Program Files (x86)\Windows Kits\10\include\10.0.26100.0\ucrt\share.h
注意: 包含文件:            C:\Program Files (x86)\Microsoft Visual Studio\2022\BuildTools\VC\Tools\MSVC\14.44.35207\include\system_error
注意: 包含文件:             C:\Program Files (x86)\Microsoft Visual Studio\2022\BuildTools\VC\Tools\MSVC\14.44.35207\include\__msvc_system_error_abi.hpp
注意: 包含文件:             C:\Program Files (x86)\Microsoft Visual Studio\2022\BuildTools\VC\Tools\MSVC\14.44.35207\include\cerrno
注意: 包含文件:             C:\Program Files (x86)\Microsoft Visual Studio\2022\BuildTools\VC\Tools\MSVC\14.44.35207\include\stdexcept
注意: 包含文件:             C:\Program Files (x86)\Microsoft Visual Studio\2022\BuildTools\VC\Tools\MSVC\14.44.35207\include\xcall_once.h
注意: 包含文件:             C:\Program Files (x86)\Microsoft Visual Studio\2022\BuildTools\VC\Tools\MSVC\14.44.35207\include\xerrc.h
注意: 包含文件:             C:\Program Files (x86)\Microsoft Visual Studio\2022\BuildTools\VC\Tools\MSVC\14.44.35207\include\atomic
注意: 包含文件:              C:\Program Files (x86)\Microsoft Visual Studio\2022\BuildTools\VC\Tools\MSVC\14.44.35207\include\xthreads.h
注意: 包含文件:               C:\Program Files (x86)\Microsoft Visual Studio\2022\BuildTools\VC\Tools\MSVC\14.44.35207\include\__msvc_threads_core.hpp
注意: 包含文件:               C:\Program Files (x86)\Microsoft Visual Studio\2022\BuildTools\VC\Tools\MSVC\14.44.35207\include\xtimec.h
注意: 包含文件:                C:\Program Files (x86)\Microsoft Visual Studio\2022\BuildTools\VC\Tools\MSVC\14.44.35207\include\ctime
注意: 包含文件:                 C:\Program Files (x86)\Windows Kits\10\include\10.0.26100.0\ucrt\time.h
注意: 包含文件:            C:\Program Files (x86)\Microsoft Visual Studio\2022\BuildTools\VC\Tools\MSVC\14.44.35207\include\xlocale
注意: 包含文件:             C:\Program Files (x86)\Microsoft Visual Studio\2022\BuildTools\VC\Tools\MSVC\14.44.35207\include\memory
注意: 包含文件:              C:\Program Files (x86)\Microsoft Visual Studio\2022\BuildTools\VC\Tools\MSVC\14.44.35207\include\typeinfo
注意: 包含文件:               C:\Program Files (x86)\Microsoft Visual Studio\2022\BuildTools\VC\Tools\MSVC\14.44.35207\include\vcruntime_typeinfo.h
注意: 包含文件:             C:\Program Files (x86)\Microsoft Visual Studio\2022\BuildTools\VC\Tools\MSVC\14.44.35207\include\xfacet
注意: 包含文件:             C:\Program Files (x86)\Microsoft Visual Studio\2022\BuildTools\VC\Tools\MSVC\14.44.35207\include\xlocinfo
注意: 包含文件:              C:\Program Files (x86)\Microsoft Visual Studio\2022\BuildTools\VC\Tools\MSVC\14.44.35207\include\__msvc_xlocinfo_types.hpp
注意: 包含文件:              C:\Program Files (x86)\Microsoft Visual Studio\2022\BuildTools\VC\Tools\MSVC\14.44.35207\include\clocale
注意: 包含文件:               C:\Program Files (x86)\Windows Kits\10\include\10.0.26100.0\ucrt\locale.h
注意: 包含文件:      C:\Program Files (x86)\Microsoft Visual Studio\2022\BuildTools\VC\Tools\MSVC\14.44.35207\include\ostream
注意: 包含文件:     C:\Program Files (x86)\Microsoft Visual Studio\2022\BuildTools\VC\Tools\MSVC\14.44.35207\include\functional
注意: 包含文件:     C:\Program Files (x86)\Microsoft Visual Studio\2022\BuildTools\VC\Tools\MSVC\14.44.35207\include\mutex
注意: 包含文件:      C:\Program Files (x86)\Microsoft Visual Studio\2022\BuildTools\VC\Tools\MSVC\14.44.35207\include\__msvc_chrono.hpp
注意: 包含文件:       C:\Program Files (x86)\Microsoft Visual Studio\2022\BuildTools\VC\Tools\MSVC\14.44.35207\include\ratio
注意: 包含文件:      C:\Program Files (x86)\Microsoft Visual Studio\2022\BuildTools\VC\Tools\MSVC\14.44.35207\include\thread
注意: 包含文件:       C:\Program Files (x86)\Windows Kits\10\include\10.0.26100.0\ucrt\process.h
注意: 包含文件:        C:\Program Files (x86)\Windows Kits\10\include\10.0.26100.0\ucrt\corecrt_startup.h
注意: 包含文件:         C:\Program Files (x86)\Windows Kits\10\include\10.0.26100.0\ucrt\math.h
注意: 包含文件:         C:\Program Files (x86)\Microsoft Visual Studio\2022\BuildTools\VC\Tools\MSVC\14.44.35207\include\vcruntime_startup.h
注意: 包含文件:     C:\Program Files (x86)\Microsoft Visual Studio\2022\BuildTools\VC\Tools\MSVC\14.44.35207\include\locale
注意: 包含文件:      C:\Program Files (x86)\Microsoft Visual Studio\2022\BuildTools\VC\Tools\MSVC\14.44.35207\include\xlocbuf
注意: 包含文件:      C:\Program Files (x86)\Microsoft Visual Studio\2022\BuildTools\VC\Tools\MSVC\14.44.35207\include\xlocmes
注意: 包含文件:      C:\Program Files (x86)\Microsoft Visual Studio\2022\BuildTools\VC\Tools\MSVC\14.44.35207\include\xlocmon
注意: 包含文件:      C:\Program Files (x86)\Microsoft Visual Studio\2022\BuildTools\VC\Tools\MSVC\14.44.35207\include\xloctime
注意: 包含文件:     C:\Program Files (x86)\Microsoft Visual Studio\2022\BuildTools\VC\Tools\MSVC\14.44.35207\include\codecvt
注意: 包含文件:     C:\Users\user\output\deepseek-v4部署\fastllm-master\include\devices/cpu/alivethreadpool.h
注意: 包含文件:      C:\Program Files (x86)\Microsoft Visual Studio\2022\BuildTools\VC\Tools\MSVC\14.44.35207\include\chrono
注意: 包含文件:       C:\Program Files (x86)\Microsoft Visual Studio\2022\BuildTools\VC\Tools\MSVC\14.44.35207\include\xfilesystem_abi.h
注意: 包含文件:      C:\Program Files (x86)\Windows Kits\10\\include\10.0.26100.0\\um\Windows.h
注意: 包含文件:       C:\Program Files (x86)\Windows Kits\10\\include\10.0.26100.0\\shared\winapifamily.h
注意: 包含文件:        C:\Program Files (x86)\Windows Kits\10\\include\10.0.26100.0\\shared\winpackagefamily.h
注意: 包含文件:       C:\Program Files (x86)\Windows Kits\10\\include\10.0.26100.0\\shared\sdkddkver.h
注意: 包含文件:       C:\Program Files (x86)\Microsoft Visual Studio\2022\BuildTools\VC\Tools\MSVC\14.44.35207\include\excpt.h
注意: 包含文件:       C:\Program Files (x86)\Microsoft Visual Studio\2022\BuildTools\VC\Tools\MSVC\14.44.35207\include\stdarg.h
注意: 包含文件:       C:\Program Files (x86)\Windows Kits\10\\include\10.0.26100.0\\shared\windef.h
注意: 包含文件:        C:\Program Files (x86)\Windows Kits\10\\include\10.0.26100.0\\shared\minwindef.h
注意: 包含文件:         C:\Program Files (x86)\Windows Kits\10\\include\10.0.26100.0\\shared\specstrings.h
注意: 包含文件:          C:\Program Files (x86)\Windows Kits\10\\include\10.0.26100.0\\shared\specstrings_strict.h
注意: 包含文件:           C:\Program Files (x86)\Windows Kits\10\\include\10.0.26100.0\\shared\specstrings_undef.h
注意: 包含文件:          C:\Program Files (x86)\Windows Kits\10\\include\10.0.26100.0\\shared\driverspecs.h
注意: 包含文件:           C:\Program Files (x86)\Windows Kits\10\include\10.0.26100.0\shared\sdv_driverspecs.h
注意: 包含文件:         C:\Program Files (x86)\Windows Kits\10\\include\10.0.26100.0\\um\winnt.h
注意: 包含文件:          C:\Program Files (x86)\Windows Kits\10\\include\10.0.26100.0\\shared\kernelspecs.h
注意: 包含文件:          C:\Program Files (x86)\Windows Kits\10\\include\10.0.26100.0\\shared\basetsd.h
注意: 包含文件:          C:\Program Files (x86)\Windows Kits\10\\include\10.0.26100.0\\shared\guiddef.h
注意: 包含文件:          C:\Program Files (x86)\Windows Kits\10\include\10.0.26100.0\shared\pshpack4.h
注意: 包含文件:          C:\Program Files (x86)\Windows Kits\10\include\10.0.26100.0\shared\poppack.h
注意: 包含文件:          C:\Program Files (x86)\Windows Kits\10\\include\10.0.26100.0\\shared\pshpack4.h
注意: 包含文件:          C:\Program Files (x86)\Windows Kits\10\\include\10.0.26100.0\\shared\poppack.h
注意: 包含文件:          C:\Program Files (x86)\Windows Kits\10\include\10.0.26100.0\shared\pshpack4.h
注意: 包含文件:          C:\Program Files (x86)\Windows Kits\10\include\10.0.26100.0\shared\pshpack2.h
注意: 包含文件:          C:\Program Files (x86)\Windows Kits\10\include\10.0.26100.0\shared\poppack.h
注意: 包含文件:          C:\Program Files (x86)\Windows Kits\10\include\10.0.26100.0\shared\pshpack2.h
注意: 包含文件:          C:\Program Files (x86)\Windows Kits\10\\include\10.0.26100.0\\shared\pshpack2.h
注意: 包含文件:          C:\Program Files (x86)\Windows Kits\10\\include\10.0.26100.0\\shared\poppack.h
注意: 包含文件:          C:\Program Files (x86)\Windows Kits\10\include\10.0.26100.0\shared\poppack.h
注意: 包含文件:          C:\Program Files (x86)\Windows Kits\10\include\10.0.26100.0\shared\pshpack8.h
注意: 包含文件:          C:\Program Files (x86)\Windows Kits\10\include\10.0.26100.0\shared\poppack.h
注意: 包含文件:          C:\Program Files (x86)\Windows Kits\10\include\10.0.26100.0\shared\pshpack1.h
注意: 包含文件:          C:\Program Files (x86)\Windows Kits\10\include\10.0.26100.0\shared\poppack.h
注意: 包含文件:          C:\Program Files (x86)\Windows Kits\10\include\10.0.26100.0\shared\pshpack1.h
注意: 包含文件:          C:\Program Files (x86)\Windows Kits\10\include\10.0.26100.0\shared\poppack.h
注意: 包含文件:          C:\Program Files (x86)\Windows Kits\10\include\10.0.26100.0\shared\poppack.h
注意: 包含文件:          C:\Program Files (x86)\Windows Kits\10\\include\10.0.26100.0\\shared\apiset.h
注意: 包含文件:          C:\Program Files (x86)\Windows Kits\10\\include\10.0.26100.0\\shared\ktmtypes.h
注意: 包含文件:       C:\Program Files (x86)\Windows Kits\10\\include\10.0.26100.0\\um\winbase.h
注意: 包含文件:        C:\Program Files (x86)\Windows Kits\10\\include\10.0.26100.0\\shared\apisetcconv.h
注意: 包含文件:        C:\Program Files (x86)\Windows Kits\10\\include\10.0.26100.0\\um\minwinbase.h
注意: 包含文件:        C:\Program Files (x86)\Windows Kits\10\\include\10.0.26100.0\\um\apiquery2.h
注意: 包含文件:        C:\Program Files (x86)\Windows Kits\10\\include\10.0.26100.0\\um\processenv.h
注意: 包含文件:        C:\Program Files (x86)\Windows Kits\10\\include\10.0.26100.0\\um\fileapifromapp.h
注意: 包含文件:         C:\Program Files (x86)\Windows Kits\10\\include\10.0.26100.0\\um\fileapi.h
注意: 包含文件:        C:\Program Files (x86)\Windows Kits\10\\include\10.0.26100.0\\um\debugapi.h
注意: 包含文件:        C:\Program Files (x86)\Windows Kits\10\\include\10.0.26100.0\\um\utilapiset.h
注意: 包含文件:        C:\Program Files (x86)\Windows Kits\10\\include\10.0.26100.0\\um\handleapi.h
注意: 包含文件:        C:\Program Files (x86)\Windows Kits\10\\include\10.0.26100.0\\um\errhandlingapi.h
注意: 包含文件:        C:\Program Files (x86)\Windows Kits\10\\include\10.0.26100.0\\um\fibersapi.h
注意: 包含文件:        C:\Program Files (x86)\Windows Kits\10\\include\10.0.26100.0\\um\namedpipeapi.h
注意: 包含文件:        C:\Program Files (x86)\Windows Kits\10\\include\10.0.26100.0\\um\profileapi.h
注意: 包含文件:        C:\Program Files (x86)\Windows Kits\10\\include\10.0.26100.0\\um\heapapi.h
注意: 包含文件:        C:\Program Files (x86)\Windows Kits\10\\include\10.0.26100.0\\um\ioapiset.h
注意: 包含文件:        C:\Program Files (x86)\Windows Kits\10\\include\10.0.26100.0\\um\synchapi.h
注意: 包含文件:        C:\Program Files (x86)\Windows Kits\10\\include\10.0.26100.0\\um\interlockedapi.h
注意: 包含文件:        C:\Program Files (x86)\Windows Kits\10\\include\10.0.26100.0\\um\processthreadsapi.h
注意: 包含文件:        C:\Program Files (x86)\Windows Kits\10\\include\10.0.26100.0\\um\sysinfoapi.h
注意: 包含文件:        C:\Program Files (x86)\Windows Kits\10\\include\10.0.26100.0\\um\memoryapi.h
注意: 包含文件:        C:\Program Files (x86)\Windows Kits\10\\include\10.0.26100.0\\um\enclaveapi.h
注意: 包含文件:        C:\Program Files (x86)\Windows Kits\10\\include\10.0.26100.0\\um\threadpoollegacyapiset.h
注意: 包含文件:        C:\Program Files (x86)\Windows Kits\10\\include\10.0.26100.0\\um\threadpoolapiset.h
注意: 包含文件:        C:\Program Files (x86)\Windows Kits\10\\include\10.0.26100.0\\um\jobapi.h
注意: 包含文件:        C:\Program Files (x86)\Windows Kits\10\\include\10.0.26100.0\\um\jobapi2.h
注意: 包含文件:        C:\Program Files (x86)\Windows Kits\10\\include\10.0.26100.0\\um\wow64apiset.h
注意: 包含文件:        C:\Program Files (x86)\Windows Kits\10\\include\10.0.26100.0\\um\libloaderapi.h
注意: 包含文件:        C:\Program Files (x86)\Windows Kits\10\\include\10.0.26100.0\\um\securitybaseapi.h
注意: 包含文件:        C:\Program Files (x86)\Windows Kits\10\\include\10.0.26100.0\\um\namespaceapi.h
注意: 包含文件:        C:\Program Files (x86)\Windows Kits\10\\include\10.0.26100.0\\um\systemtopologyapi.h
注意: 包含文件:        C:\Program Files (x86)\Windows Kits\10\\include\10.0.26100.0\\um\processtopologyapi.h
注意: 包含文件:        C:\Program Files (x86)\Windows Kits\10\\include\10.0.26100.0\\um\securityappcontainer.h
注意: 包含文件:        C:\Program Files (x86)\Windows Kits\10\\include\10.0.26100.0\\um\realtimeapiset.h
注意: 包含文件:        C:\Program Files (x86)\Windows Kits\10\\include\10.0.26100.0\\shared\winerror.h
注意: 包含文件:        C:\Program Files (x86)\Windows Kits\10\\include\10.0.26100.0\\um\timezoneapi.h
注意: 包含文件:       C:\Program Files (x86)\Windows Kits\10\\include\10.0.26100.0\\um\wingdi.h
注意: 包含文件:        C:\Program Files (x86)\Windows Kits\10\\include\10.0.26100.0\\shared\pshpack1.h
注意: 包含文件:        C:\Program Files (x86)\Windows Kits\10\\include\10.0.26100.0\\shared\poppack.h
注意: 包含文件:        C:\Program Files (x86)\Windows Kits\10\\include\10.0.26100.0\\shared\pshpack2.h
注意: 包含文件:        C:\Program Files (x86)\Windows Kits\10\\include\10.0.26100.0\\shared\poppack.h
注意: 包含文件:        C:\Program Files (x86)\Windows Kits\10\\include\10.0.26100.0\\shared\pshpack2.h
注意: 包含文件:        C:\Program Files (x86)\Windows Kits\10\\include\10.0.26100.0\\shared\poppack.h
注意: 包含文件:        C:\Program Files (x86)\Windows Kits\10\\include\10.0.26100.0\\shared\pshpack4.h
注意: 包含文件:        C:\Program Files (x86)\Windows Kits\10\\include\10.0.26100.0\\shared\poppack.h
注意: 包含文件:        C:\Program Files (x86)\Windows Kits\10\\include\10.0.26100.0\\shared\pshpack4.h
注意: 包含文件:        C:\Program Files (x86)\Windows Kits\10\\include\10.0.26100.0\\shared\poppack.h
注意: 包含文件:       C:\Program Files (x86)\Windows Kits\10\\include\10.0.26100.0\\um\winuser.h
注意: 包含文件:        C:\Program Files (x86)\Windows Kits\10\\include\10.0.26100.0\\shared\pshpack2.h
注意: 包含文件:        C:\Program Files (x86)\Windows Kits\10\\include\10.0.26100.0\\shared\poppack.h
注意: 包含文件:        C:\Program Files (x86)\Windows Kits\10\\include\10.0.26100.0\\shared\tvout.h
注意: 包含文件:       C:\Program Files (x86)\Windows Kits\10\\include\10.0.26100.0\\um\winnls.h
注意: 包含文件:        C:\Program Files (x86)\Windows Kits\10\\include\10.0.26100.0\\um\datetimeapi.h
注意: 包含文件:        C:\Program Files (x86)\Windows Kits\10\\include\10.0.26100.0\\um\stringapiset.h
注意: 包含文件:         C:\Program Files (x86)\Windows Kits\10\\include\10.0.26100.0\\um\winnls.h
注意: 包含文件:       C:\Program Files (x86)\Windows Kits\10\\include\10.0.26100.0\\um\wincon.h
注意: 包含文件:        C:\Program Files (x86)\Windows Kits\10\\include\10.0.26100.0\\um\wincontypes.h
注意: 包含文件:        C:\Program Files (x86)\Windows Kits\10\\include\10.0.26100.0\\um\consoleapi.h
注意: 包含文件:        C:\Program Files (x86)\Windows Kits\10\\include\10.0.26100.0\\um\consoleapi2.h
注意: 包含文件:        C:\Program Files (x86)\Windows Kits\10\\include\10.0.26100.0\\um\consoleapi3.h
注意: 包含文件:       C:\Program Files (x86)\Windows Kits\10\\include\10.0.26100.0\\um\winver.h
注意: 包含文件:        C:\Program Files (x86)\Windows Kits\10\\include\10.0.26100.0\\um\verrsrc.h
注意: 包含文件:       C:\Program Files (x86)\Windows Kits\10\\include\10.0.26100.0\\um\winreg.h
注意: 包含文件:        C:\Program Files (x86)\Windows Kits\10\\include\10.0.26100.0\\um\reason.h
注意: 包含文件:       C:\Program Files (x86)\Windows Kits\10\\include\10.0.26100.0\\um\winnetwk.h
注意: 包含文件:        C:\Program Files (x86)\Windows Kits\10\\include\10.0.26100.0\\shared\wnnc.h
注意: 包含文件:       C:\Program Files (x86)\Windows Kits\10\\include\10.0.26100.0\\shared\cderr.h
注意: 包含文件:       C:\Program Files (x86)\Windows Kits\10\\include\10.0.26100.0\\um\dde.h
注意: 包含文件:       C:\Program Files (x86)\Windows Kits\10\\include\10.0.26100.0\\um\ddeml.h
注意: 包含文件:       C:\Program Files (x86)\Windows Kits\10\\include\10.0.26100.0\\um\dlgs.h
注意: 包含文件:       C:\Program Files (x86)\Windows Kits\10\\include\10.0.26100.0\\um\lzexpand.h
注意: 包含文件:       C:\Program Files (x86)\Windows Kits\10\\include\10.0.26100.0\\um\mmsystem.h
注意: 包含文件:        C:\Program Files (x86)\Windows Kits\10\\include\10.0.26100.0\\um\mmsyscom.h
注意: 包含文件:         C:\Program Files (x86)\Windows Kits\10\\include\10.0.26100.0\\shared\pshpack1.h
注意: 包含文件:         C:\Program Files (x86)\Windows Kits\10\\include\10.0.26100.0\\shared\poppack.h
注意: 包含文件:        C:\Program Files (x86)\Windows Kits\10\\include\10.0.26100.0\\shared\pshpack1.h
注意: 包含文件:        C:\Program Files (x86)\Windows Kits\10\\include\10.0.26100.0\\um\mciapi.h
注意: 包含文件:         C:\Program Files (x86)\Windows Kits\10\\include\10.0.26100.0\\um\mmsyscom.h
注意: 包含文件:        C:\Program Files (x86)\Windows Kits\10\\include\10.0.26100.0\\um\mmiscapi.h
注意: 包含文件:         C:\Program Files (x86)\Windows Kits\10\\include\10.0.26100.0\\um\mmsyscom.h
注意: 包含文件:        C:\Program Files (x86)\Windows Kits\10\\include\10.0.26100.0\\um\mmiscapi2.h
注意: 包含文件:         C:\Program Files (x86)\Windows Kits\10\\include\10.0.26100.0\\um\mmsyscom.h
注意: 包含文件:        C:\Program Files (x86)\Windows Kits\10\\include\10.0.26100.0\\um\playsoundapi.h
注意: 包含文件:         C:\Program Files (x86)\Windows Kits\10\\include\10.0.26100.0\\um\mmsyscom.h
注意: 包含文件:        C:\Program Files (x86)\Windows Kits\10\\include\10.0.26100.0\\um\mmeapi.h
注意: 包含文件:         C:\Program Files (x86)\Windows Kits\10\\include\10.0.26100.0\\um\mmsyscom.h
注意: 包含文件:        C:\Program Files (x86)\Windows Kits\10\\include\10.0.26100.0\\um\timeapi.h
注意: 包含文件:         C:\Program Files (x86)\Windows Kits\10\\include\10.0.26100.0\\um\mmsyscom.h
注意: 包含文件:        C:\Program Files (x86)\Windows Kits\10\\include\10.0.26100.0\\um\joystickapi.h
注意: 包含文件:         C:\Program Files (x86)\Windows Kits\10\\include\10.0.26100.0\\um\mmsyscom.h
注意: 包含文件:        C:\Program Files (x86)\Windows Kits\10\\include\10.0.26100.0\\shared\poppack.h
注意: 包含文件:       C:\Program Files (x86)\Windows Kits\10\\include\10.0.26100.0\\um\nb30.h
注意: 包含文件:       C:\Program Files (x86)\Windows Kits\10\\include\10.0.26100.0\\shared\rpc.h
注意: 包含文件:        C:\Program Files (x86)\Windows Kits\10\\include\10.0.26100.0\\shared\pshpack8.h
注意: 包含文件:        C:\Program Files (x86)\Windows Kits\10\\include\10.0.26100.0\\shared\rpcdce.h
注意: 包含文件:         C:\Program Files (x86)\Windows Kits\10\\include\10.0.26100.0\\shared\rpcdcep.h
注意: 包含文件:        C:\Program Files (x86)\Windows Kits\10\\include\10.0.26100.0\\um\rpcnsi.h
注意: 包含文件:        C:\Program Files (x86)\Windows Kits\10\\include\10.0.26100.0\\shared\rpcnterr.h
注意: 包含文件:        C:\Program Files (x86)\Windows Kits\10\\include\10.0.26100.0\\shared\rpcasync.h
注意: 包含文件:         C:\Program Files (x86)\Windows Kits\10\\include\10.0.26100.0\\shared\pshpack8.h
注意: 包含文件:         C:\Program Files (x86)\Windows Kits\10\\include\10.0.26100.0\\shared\poppack.h
注意: 包含文件:        C:\Program Files (x86)\Windows Kits\10\\include\10.0.26100.0\\shared\poppack.h
注意: 包含文件:       C:\Program Files (x86)\Windows Kits\10\\include\10.0.26100.0\\um\shellapi.h
注意: 包含文件:       C:\Program Files (x86)\Windows Kits\10\\include\10.0.26100.0\\um\winperf.h
注意: 包含文件:        C:\Program Files (x86)\Windows Kits\10\\include\10.0.26100.0\\shared\pshpack8.h
注意: 包含文件:        C:\Program Files (x86)\Windows Kits\10\\include\10.0.26100.0\\shared\poppack.h
注意: 包含文件:       C:\Program Files (x86)\Windows Kits\10\\include\10.0.26100.0\\um\winsock.h
注意: 包含文件:        C:\Program Files (x86)\Windows Kits\10\\include\10.0.26100.0\\shared\inaddr.h
注意: 包含文件:       C:\Program Files (x86)\Windows Kits\10\\include\10.0.26100.0\\um\wincrypt.h
注意: 包含文件:        C:\Program Files (x86)\Windows Kits\10\\include\10.0.26100.0\\shared\bcrypt.h
注意: 包含文件:        C:\Program Files (x86)\Windows Kits\10\\include\10.0.26100.0\\um\ncrypt.h
注意: 包含文件:        C:\Program Files (x86)\Windows Kits\10\\include\10.0.26100.0\\um\dpapi.h
注意: 包含文件:       C:\Program Files (x86)\Windows Kits\10\\include\10.0.26100.0\\um\winefs.h
注意: 包含文件:       C:\Program Files (x86)\Windows Kits\10\\include\10.0.26100.0\\um\winscard.h
注意: 包含文件:        C:\Program Files (x86)\Windows Kits\10\\include\10.0.26100.0\\shared\wtypes.h
注意: 包含文件:         C:\Program Files (x86)\Windows Kits\10\include\10.0.26100.0\shared\rpcndr.h
注意: 包含文件:          C:\Program Files (x86)\Windows Kits\10\\include\10.0.26100.0\\shared\pshpack8.h
注意: 包含文件:          C:\Program Files (x86)\Windows Kits\10\\include\10.0.26100.0\\um\rpcnsip.h
注意: 包含文件:          C:\Program Files (x86)\Windows Kits\10\\include\10.0.26100.0\\shared\rpcsal.h
注意: 包含文件:          C:\Program Files (x86)\Windows Kits\10\\include\10.0.26100.0\\shared\poppack.h
注意: 包含文件:         C:\Program Files (x86)\Windows Kits\10\include\10.0.26100.0\shared\wtypesbase.h
注意: 包含文件:          C:\Program Files (x86)\Windows Kits\10\include\10.0.26100.0\shared\guiddef.h
注意: 包含文件:        C:\Program Files (x86)\Windows Kits\10\\include\10.0.26100.0\\um\winioctl.h
注意: 包含文件:         C:\Program Files (x86)\Windows Kits\10\\include\10.0.26100.0\\shared\pshpack1.h
注意: 包含文件:         C:\Program Files (x86)\Windows Kits\10\\include\10.0.26100.0\\shared\poppack.h
注意: 包含文件:         C:\Program Files (x86)\Windows Kits\10\\include\10.0.26100.0\\shared\pshpack1.h
注意: 包含文件:         C:\Program Files (x86)\Windows Kits\10\\include\10.0.26100.0\\shared\poppack.h
注意: 包含文件:         C:\Program Files (x86)\Windows Kits\10\\include\10.0.26100.0\\shared\pshpack1.h
注意: 包含文件:         C:\Program Files (x86)\Windows Kits\10\\include\10.0.26100.0\\shared\poppack.h
注意: 包含文件:         C:\Program Files (x86)\Windows Kits\10\\include\10.0.26100.0\\shared\pshpack1.h
注意: 包含文件:         C:\Program Files (x86)\Windows Kits\10\\include\10.0.26100.0\\shared\poppack.h
注意: 包含文件:         C:\Program Files (x86)\Windows Kits\10\\include\10.0.26100.0\\shared\pshpack1.h
注意: 包含文件:         C:\Program Files (x86)\Windows Kits\10\\include\10.0.26100.0\\shared\poppack.h
注意: 包含文件:         C:\Program Files (x86)\Windows Kits\10\\include\10.0.26100.0\\shared\pshpack1.h
注意: 包含文件:         C:\Program Files (x86)\Windows Kits\10\\include\10.0.26100.0\\shared\poppack.h
注意: 包含文件:         C:\Program Files (x86)\Windows Kits\10\\include\10.0.26100.0\\shared\pshpack1.h
注意: 包含文件:         C:\Program Files (x86)\Windows Kits\10\\include\10.0.26100.0\\shared\poppack.h
注意: 包含文件:        C:\Program Files (x86)\Windows Kits\10\\include\10.0.26100.0\\shared\winsmcrd.h
注意: 包含文件:       C:\Program Files (x86)\Windows Kits\10\\include\10.0.26100.0\\um\winspool.h
注意: 包含文件:        C:\Program Files (x86)\Windows Kits\10\\include\10.0.26100.0\\um\prsht.h
注意: 包含文件:         C:\Program Files (x86)\Windows Kits\10\\include\10.0.26100.0\\shared\pshpack8.h
注意: 包含文件:         C:\Program Files (x86)\Windows Kits\10\\include\10.0.26100.0\\shared\poppack.h
注意: 包含文件:       C:\Program Files (x86)\Windows Kits\10\\include\10.0.26100.0\\um\ole2.h
注意: 包含文件:        C:\Program Files (x86)\Windows Kits\10\\include\10.0.26100.0\\shared\pshpack8.h
注意: 包含文件:        C:\Program Files (x86)\Windows Kits\10\\include\10.0.26100.0\\um\objbase.h
注意: 包含文件:         C:\Program Files (x86)\Windows Kits\10\\include\10.0.26100.0\\shared\pshpack8.h
注意: 包含文件:         C:\Program Files (x86)\Windows Kits\10\\include\10.0.26100.0\\um\combaseapi.h
注意: 包含文件:          C:\Program Files (x86)\Windows Kits\10\\include\10.0.26100.0\\shared\pshpack8.h
注意: 包含文件:          C:\Program Files (x86)\Windows Kits\10\\include\10.0.26100.0\\um\unknwnbase.h
注意: 包含文件:          C:\Program Files (x86)\Windows Kits\10\\include\10.0.26100.0\\um\objidlbase.h
注意: 包含文件:          C:\Program Files (x86)\Windows Kits\10\\include\10.0.26100.0\\shared\guiddef.h
注意: 包含文件:          C:\Program Files (x86)\Windows Kits\10\\include\10.0.26100.0\\um\cguid.h
注意: 包含文件:          C:\Program Files (x86)\Windows Kits\10\\include\10.0.26100.0\\shared\poppack.h
注意: 包含文件:         C:\Program Files (x86)\Windows Kits\10\\include\10.0.26100.0\\um\coml2api.h
注意: 包含文件:          C:\Program Files (x86)\Windows Kits\10\\include\10.0.26100.0\\um\objidl.h
注意: 包含文件:           C:\Program Files (x86)\Windows Kits\10\include\10.0.26100.0\um\unknwn.h
注意: 包含文件:          C:\Program Files (x86)\Windows Kits\10\\include\10.0.26100.0\\um\propidlbase.h
注意: 包含文件:           C:\Program Files (x86)\Windows Kits\10\include\10.0.26100.0\um\oaidl.h
注意: 包含文件:         C:\Program Files (x86)\Windows Kits\10\\include\10.0.26100.0\\um\urlmon.h
注意: 包含文件:          C:\Program Files (x86)\Windows Kits\10\include\10.0.26100.0\um\oleidl.h
注意: 包含文件:          C:\Program Files (x86)\Windows Kits\10\include\10.0.26100.0\um\servprov.h
注意: 包含文件:          C:\Program Files (x86)\Windows Kits\10\include\10.0.26100.0\um\msxml.h
注意: 包含文件:         C:\Program Files (x86)\Windows Kits\10\\include\10.0.26100.0\\um\propidl.h
注意: 包含文件:         C:\Program Files (x86)\Windows Kits\10\\include\10.0.26100.0\\shared\poppack.h
注意: 包含文件:        C:\Program Files (x86)\Windows Kits\10\\include\10.0.26100.0\\um\oleauto.h
注意: 包含文件:         C:\Program Files (x86)\Windows Kits\10\\include\10.0.26100.0\\shared\pshpack8.h
注意: 包含文件:         C:\Program Files (x86)\Windows Kits\10\\include\10.0.26100.0\\shared\poppack.h
注意: 包含文件:        C:\Program Files (x86)\Windows Kits\10\\include\10.0.26100.0\\shared\poppack.h
注意: 包含文件:       C:\Program Files (x86)\Windows Kits\10\\include\10.0.26100.0\\um\commdlg.h
注意: 包含文件:        C:\Program Files (x86)\Windows Kits\10\\include\10.0.26100.0\\um\prsht.h
注意: 包含文件:       C:\Program Files (x86)\Windows Kits\10\\include\10.0.26100.0\\shared\stralign.h
注意: 包含文件:       C:\Program Files (x86)\Windows Kits\10\\include\10.0.26100.0\\um\winsvc.h
注意: 包含文件:       C:\Program Files (x86)\Windows Kits\10\\include\10.0.26100.0\\um\mcx.h
注意: 包含文件:       C:\Program Files (x86)\Windows Kits\10\\include\10.0.26100.0\\um\imm.h
注意: 包含文件:        C:\Program Files (x86)\Windows Kits\10\\include\10.0.26100.0\\um\ime_cmodes.h
C:\Users\user\output\deepseek-v4部署\fastllm-master\include\devices/cpu/alivethreadpool.h(136): warning C4267: “初始化”: 从“size_t”转换到“int”，可能丢失数据
C:\Users\user\output\deepseek-v4部署\fastllm-master\include\devices/cpu/alivethreadpool.h(176): warning C4267: “初始化”: 从“size_t”转换到“int”，可能丢失数据
C:\Users\user\output\deepseek-v4部署\fastllm-master\include\devices/cpu/alivethreadpool.h(236): warning C4267: “初始化”: 从“size_t”转换到“int”，可能丢失数据
C:\Users\user\output\deepseek-v4部署\fastllm-master\include\devices/cpu/alivethreadpool.h(237): warning C4267: “初始化”: 从“size_t”转换到“int”，可能丢失数据
C:\Users\user\output\deepseek-v4部署\fastllm-master\include\devices/cpu/alivethreadpool.h(238): warning C4267: “初始化”: 从“size_t”转换到“int”，可能丢失数据
C:\Users\user\output\deepseek-v4部署\fastllm-master\include\devices/cpu/alivethreadpool.h(281): warning C4267: “初始化”: 从“size_t”转换到“int”，可能丢失数据
C:\Users\user\output\deepseek-v4部署\fastllm-master\include\devices/cpu/alivethreadpool.h(327): warning C4267: “初始化”: 从“size_t”转换到“int”，可能丢失数据
C:\Users\user\output\deepseek-v4部署\fastllm-master\include\devices/cpu/alivethreadpool.h(330): warning C4267: “初始化”: 从“size_t”转换到“int”，可能丢失数据
C:\Users\user\output\deepseek-v4部署\fastllm-master\include\devices/cpu/alivethreadpool.h(370): warning C4267: “初始化”: 从“size_t”转换到“int”，可能丢失数据
C:\Users\user\output\deepseek-v4部署\fastllm-master\include\devices/cpu/alivethreadpool.h(372): warning C4267: “初始化”: 从“size_t”转换到“int”，可能丢失数据
注意: 包含文件:     C:\Users\user\output\deepseek-v4部署\fastllm-master\third_party\json11\json11.hpp
C:\Users\user\output\deepseek-v4部署\fastllm-master\include\fastllm.h(222): warning C4244: “初始化”: 从“int”转换到“float”，可能丢失数据
C:\Users\user\output\deepseek-v4部署\fastllm-master\include\fastllm.h(222): warning C4244: “初始化”: 从“int”转换到“const float”，可能丢失数据
C:\Users\user\output\deepseek-v4部署\fastllm-master\include\fastllm.h(227): warning C4244: “=”: 从“float”转换到“uint8_t”，可能丢失数据
C:\Users\user\output\deepseek-v4部署\fastllm-master\include\fastllm.h(229): warning C4244: “=”: 从“const float”转换到“uint8_t”，可能丢失数据
C:\Users\user\output\deepseek-v4部署\fastllm-master\include\fastllm.h(687): warning C4996: 'std::codecvt_utf8<wchar_t,1114111,(std::codecvt_mode)0>': warning STL4017: std::wbuffer_convert, std::wstring_convert, and the <codecvt> header (containing std::codecvt_mode, std::codecvt_utf8, std::codecvt_utf16, and std::codecvt_utf8_utf16) are deprecated in C++17. (The std::codecvt class template is NOT deprecated.) The C++ Standard doesn't provide equivalent non-deprecated functionality; consider using MultiByteToWideChar() and WideCharToMultiByte() from <Windows.h> instead. You can define _SILENCE_CXX17_CODECVT_HEADER_DEPRECATION_WARNING or _SILENCE_ALL_CXX17_DEPRECATION_WARNINGS to suppress this warning.
C:\Program Files (x86)\Microsoft Visual Studio\2022\BuildTools\VC\Tools\MSVC\14.44.35207\include\codecvt(34): note: 参见“std::codecvt_utf8”的声明
C:\Users\user\output\deepseek-v4部署\fastllm-master\include\fastllm.h(687): warning C4996: 'std::wstring_convert<std::codecvt_utf8<wchar_t,1114111,(std::codecvt_mode)0>,wchar_t,std::allocator<wchar_t>,std::allocator<char>>': warning STL4017: std::wbuffer_convert, std::wstring_convert, and the <codecvt> header (containing std::codecvt_mode, std::codecvt_utf8, std::codecvt_utf16, and std::codecvt_utf8_utf16) are deprecated in C++17. (The std::codecvt class template is NOT deprecated.) The C++ Standard doesn't provide equivalent non-deprecated functionality; consider using MultiByteToWideChar() and WideCharToMultiByte() from <Windows.h> instead. You can define _SILENCE_CXX17_CODECVT_HEADER_DEPRECATION_WARNING or _SILENCE_ALL_CXX17_DEPRECATION_WARNINGS to suppress this warning.
C:\Program Files (x86)\Microsoft Visual Studio\2022\BuildTools\VC\Tools\MSVC\14.44.35207\include\xlocbuf(303): note: 参见“std::wstring_convert”的声明
注意: 包含文件:    C:\Users\user\output\deepseek-v4部署\fastllm-master\include\blocks\baseblock.h
注意: 包含文件:    C:\Users\user\output\deepseek-v4部署\fastllm-master\include\template.h
注意: 包含文件:     C:\Users\user\output\deepseek-v4部署\fastllm-master\include\utils/utils.h
注意: 包含文件:      C:\Program Files (x86)\Windows Kits\10\include\10.0.26100.0\ucrt\fcntl.h
注意: 包含文件:      C:\Program Files (x86)\Microsoft Visual Studio\2022\BuildTools\VC\Tools\MSVC\14.44.35207\include\array
注意: 包含文件:      C:\Program Files (x86)\Microsoft Visual Studio\2022\BuildTools\VC\Tools\MSVC\14.44.35207\include\filesystem
注意: 包含文件:       C:\Program Files (x86)\Microsoft Visual Studio\2022\BuildTools\VC\Tools\MSVC\14.44.35207\include\iomanip
C:\Users\user\output\deepseek-v4部署\fastllm-master\include\utils/utils.h(30): warning C4067: 预处理器指令后有意外标记 - 应输入换行符
注意: 包含文件:      C:\Program Files (x86)\Windows Kits\10\include\10.0.26100.0\ucrt\io.h
注意: 包含文件:       C:\Program Files (x86)\Windows Kits\10\include\10.0.26100.0\ucrt\corecrt_io.h
C:\Users\user\output\deepseek-v4部署\fastllm-master\include\utils/utils.h(109): warning C4996: '_wfopen': This function or variable may be unsafe. Consider using _wfopen_s instead. To disable deprecation, use _CRT_SECURE_NO_WARNINGS. See online help for details.
C:\Users\user\output\deepseek-v4部署\fastllm-master\include\utils/utils.h(118): warning C4996: '_wopen': This function or variable may be unsafe. Consider using _wsopen_s instead. To disable deprecation, use _CRT_SECURE_NO_WARNINGS. See online help for details.
C:\Users\user\output\deepseek-v4部署\fastllm-master\include\utils/utils.h(150): warning C4244: “return”: 从“double”转换到“float”，可能丢失数据
C:\Users\user\output\deepseek-v4部署\fastllm-master\include\utils/utils.h(355): warning C4267: “初始化”: 从“size_t”转换到“int”，可能丢失数据
C:\Users\user\output\deepseek-v4部署\fastllm-master\include\utils/utils.h(417): warning C4244: “+=”: 从“double”转换到“float”，可能丢失数据
注意: 包含文件:    C:\Program Files (x86)\Microsoft Visual Studio\2022\BuildTools\VC\Tools\MSVC\14.44.35207\include\condition_variable
C:\Users\user\output\deepseek-v4部署\fastllm-master\include\models\basellm.h(344): warning C4305: “初始化”: 从“double”到“float”截断
C:\Users\user\output\deepseek-v4部署\fastllm-master\include\models\basellm.h(348): warning C4244: “初始化”: 从“double”转换到“const float”，可能丢失数据
注意: 包含文件:   C:\Users\user\output\deepseek-v4部署\fastllm-master\include\graph.h
注意: 包含文件:    C:\Users\user\output\deepseek-v4部署\fastllm-master\include\executor.h
注意: 包含文件:     C:\Users\user\output\deepseek-v4部署\fastllm-master\include\device.h
C:\Users\user\output\deepseek-v4部署\fastllm-master\include\models\graphllm.h(78): warning C4305: “初始化”: 从“double”到“float”截断
C:\Users\user\output\deepseek-v4部署\fastllm-master\src\models\graph\telechat.cpp(36): warning C4244: “=”: 从“double”转换到“float”，可能丢失数据
C:\Users\user\output\deepseek-v4部署\fastllm-master\src\models\graph\telechat.cpp(130): warning C4244: “参数”: 从“double”转换到“float”，可能丢失数据
C:\Users\user\output\deepseek-v4部署\fastllm-master\src\models\graph\telechat.cpp(174): warning C4244: “参数”: 从“double”转换到“float”，可能丢失数据
[17/33] Building CXX object CMakeFiles\fastllm_tools.dir\src\devices\cuda\cudadevicebatch.cpp.obj
注意: 包含文件:  C:\Users\user\output\deepseek-v4部署\fastllm-master\include\devices/cpu/cpudevice.h
注意: 包含文件:   C:\Users\user\output\deepseek-v4部署\fastllm-master\include\device.h
注意: 包含文件:    C:\Users\user\output\deepseek-v4部署\fastllm-master\include\fastllm.h
注意: 包含文件:     C:\Program Files (x86)\Microsoft Visual Studio\2022\BuildTools\VC\Tools\MSVC\14.44.35207\include\vector
注意: 包含文件:      C:\Program Files (x86)\Microsoft Visual Studio\2022\BuildTools\VC\Tools\MSVC\14.44.35207\include\yvals_core.h
注意: 包含文件:       C:\Program Files (x86)\Microsoft Visual Studio\2022\BuildTools\VC\Tools\MSVC\14.44.35207\include\vcruntime.h
注意: 包含文件:        C:\Program Files (x86)\Microsoft Visual Studio\2022\BuildTools\VC\Tools\MSVC\14.44.35207\include\sal.h
注意: 包含文件:         C:\Program Files (x86)\Microsoft Visual Studio\2022\BuildTools\VC\Tools\MSVC\14.44.35207\include\concurrencysal.h
注意: 包含文件:        C:\Program Files (x86)\Microsoft Visual Studio\2022\BuildTools\VC\Tools\MSVC\14.44.35207\include\vadefs.h
注意: 包含文件:       C:\Program Files (x86)\Microsoft Visual Studio\2022\BuildTools\VC\Tools\MSVC\14.44.35207\include\xkeycheck.h
注意: 包含文件:      C:\Program Files (x86)\Microsoft Visual Studio\2022\BuildTools\VC\Tools\MSVC\14.44.35207\include\__msvc_bit_utils.hpp
注意: 包含文件:       C:\Program Files (x86)\Microsoft Visual Studio\2022\BuildTools\VC\Tools\MSVC\14.44.35207\include\climits
注意: 包含文件:        C:\Program Files (x86)\Microsoft Visual Studio\2022\BuildTools\VC\Tools\MSVC\14.44.35207\include\limits.h
注意: 包含文件:       C:\Program Files (x86)\Microsoft Visual Studio\2022\BuildTools\VC\Tools\MSVC\14.44.35207\include\xtr1common
注意: 包含文件:       C:\Program Files (x86)\Microsoft Visual Studio\2022\BuildTools\VC\Tools\MSVC\14.44.35207\include\intrin0.h
注意: 包含文件:        C:\Program Files (x86)\Microsoft Visual Studio\2022\BuildTools\VC\Tools\MSVC\14.44.35207\include\intrin0.inl.h
注意: 包含文件:      C:\Program Files (x86)\Microsoft Visual Studio\2022\BuildTools\VC\Tools\MSVC\14.44.35207\include\__msvc_sanitizer_annotate_container.hpp
注意: 包含文件:      C:\Program Files (x86)\Microsoft Visual Studio\2022\BuildTools\VC\Tools\MSVC\14.44.35207\include\xmemory
注意: 包含文件:       C:\Program Files (x86)\Microsoft Visual Studio\2022\BuildTools\VC\Tools\MSVC\14.44.35207\include\cstdint
注意: 包含文件:        C:\Program Files (x86)\Microsoft Visual Studio\2022\BuildTools\VC\Tools\MSVC\14.44.35207\include\stdint.h
注意: 包含文件:       C:\Program Files (x86)\Microsoft Visual Studio\2022\BuildTools\VC\Tools\MSVC\14.44.35207\include\cstdlib
注意: 包含文件:        C:\Program Files (x86)\Windows Kits\10\include\10.0.26100.0\ucrt\math.h
注意: 包含文件:         C:\Program Files (x86)\Windows Kits\10\include\10.0.26100.0\ucrt\corecrt_math.h
注意: 包含文件:          C:\Program Files (x86)\Windows Kits\10\include\10.0.26100.0\ucrt\corecrt.h
注意: 包含文件:         C:\Program Files (x86)\Windows Kits\10\include\10.0.26100.0\ucrt\corecrt_math_defines.h
注意: 包含文件:        C:\Program Files (x86)\Windows Kits\10\include\10.0.26100.0\ucrt\stdlib.h
注意: 包含文件:         C:\Program Files (x86)\Windows Kits\10\include\10.0.26100.0\ucrt\corecrt_malloc.h
注意: 包含文件:         C:\Program Files (x86)\Windows Kits\10\include\10.0.26100.0\ucrt\corecrt_search.h
注意: 包含文件:          C:\Program Files (x86)\Windows Kits\10\include\10.0.26100.0\ucrt\stddef.h
注意: 包含文件:         C:\Program Files (x86)\Windows Kits\10\include\10.0.26100.0\ucrt\corecrt_wstdlib.h
注意: 包含文件:       C:\Program Files (x86)\Microsoft Visual Studio\2022\BuildTools\VC\Tools\MSVC\14.44.35207\include\limits
注意: 包含文件:        C:\Program Files (x86)\Microsoft Visual Studio\2022\BuildTools\VC\Tools\MSVC\14.44.35207\include\cfloat
注意: 包含文件:         C:\Program Files (x86)\Windows Kits\10\include\10.0.26100.0\ucrt\float.h
注意: 包含文件:        C:\Program Files (x86)\Microsoft Visual Studio\2022\BuildTools\VC\Tools\MSVC\14.44.35207\include\cwchar
注意: 包含文件:         C:\Program Files (x86)\Microsoft Visual Studio\2022\BuildTools\VC\Tools\MSVC\14.44.35207\include\cstdio
注意: 包含文件:          C:\Program Files (x86)\Windows Kits\10\include\10.0.26100.0\ucrt\stdio.h
注意: 包含文件:           C:\Program Files (x86)\Windows Kits\10\include\10.0.26100.0\ucrt\corecrt_wstdio.h
注意: 包含文件:            C:\Program Files (x86)\Windows Kits\10\include\10.0.26100.0\ucrt\corecrt_stdio_config.h
注意: 包含文件:         C:\Program Files (x86)\Windows Kits\10\include\10.0.26100.0\ucrt\wchar.h
注意: 包含文件:          C:\Program Files (x86)\Windows Kits\10\include\10.0.26100.0\ucrt\corecrt_memcpy_s.h
注意: 包含文件:           C:\Program Files (x86)\Windows Kits\10\include\10.0.26100.0\ucrt\errno.h
注意: 包含文件:           C:\Program Files (x86)\Microsoft Visual Studio\2022\BuildTools\VC\Tools\MSVC\14.44.35207\include\vcruntime_string.h
注意: 包含文件:          C:\Program Files (x86)\Windows Kits\10\include\10.0.26100.0\ucrt\corecrt_wconio.h
注意: 包含文件:          C:\Program Files (x86)\Windows Kits\10\include\10.0.26100.0\ucrt\corecrt_wctype.h
注意: 包含文件:          C:\Program Files (x86)\Windows Kits\10\include\10.0.26100.0\ucrt\corecrt_wdirect.h
注意: 包含文件:          C:\Program Files (x86)\Windows Kits\10\include\10.0.26100.0\ucrt\corecrt_wio.h
注意: 包含文件:           C:\Program Files (x86)\Windows Kits\10\include\10.0.26100.0\ucrt\corecrt_share.h
注意: 包含文件:          C:\Program Files (x86)\Windows Kits\10\include\10.0.26100.0\ucrt\corecrt_wprocess.h
注意: 包含文件:          C:\Program Files (x86)\Windows Kits\10\include\10.0.26100.0\ucrt\corecrt_wstring.h
注意: 包含文件:          C:\Program Files (x86)\Windows Kits\10\include\10.0.26100.0\ucrt\corecrt_wtime.h
注意: 包含文件:          C:\Program Files (x86)\Windows Kits\10\include\10.0.26100.0\ucrt\sys/stat.h
注意: 包含文件:           C:\Program Files (x86)\Windows Kits\10\include\10.0.26100.0\ucrt\sys/types.h
注意: 包含文件:          C:\Program Files (x86)\Microsoft Visual Studio\2022\BuildTools\VC\Tools\MSVC\14.44.35207\include\intrin.h
注意: 包含文件:           C:\Program Files (x86)\Microsoft Visual Studio\2022\BuildTools\VC\Tools\MSVC\14.44.35207\include\setjmp.h
注意: 包含文件:           C:\Program Files (x86)\Microsoft Visual Studio\2022\BuildTools\VC\Tools\MSVC\14.44.35207\include\immintrin.h
注意: 包含文件:            C:\Program Files (x86)\Microsoft Visual Studio\2022\BuildTools\VC\Tools\MSVC\14.44.35207\include\wmmintrin.h
注意: 包含文件:             C:\Program Files (x86)\Microsoft Visual Studio\2022\BuildTools\VC\Tools\MSVC\14.44.35207\include\nmmintrin.h
注意: 包含文件:              C:\Program Files (x86)\Microsoft Visual Studio\2022\BuildTools\VC\Tools\MSVC\14.44.35207\include\smmintrin.h
注意: 包含文件:               C:\Program Files (x86)\Microsoft Visual Studio\2022\BuildTools\VC\Tools\MSVC\14.44.35207\include\tmmintrin.h
注意: 包含文件:                C:\Program Files (x86)\Microsoft Visual Studio\2022\BuildTools\VC\Tools\MSVC\14.44.35207\include\pmmintrin.h
注意: 包含文件:                 C:\Program Files (x86)\Microsoft Visual Studio\2022\BuildTools\VC\Tools\MSVC\14.44.35207\include\emmintrin.h
注意: 包含文件:                  C:\Program Files (x86)\Microsoft Visual Studio\2022\BuildTools\VC\Tools\MSVC\14.44.35207\include\xmmintrin.h
注意: 包含文件:                   C:\Program Files (x86)\Microsoft Visual Studio\2022\BuildTools\VC\Tools\MSVC\14.44.35207\include\mmintrin.h
注意: 包含文件:                   C:\Program Files (x86)\Windows Kits\10\include\10.0.26100.0\ucrt\malloc.h
注意: 包含文件:            C:\Program Files (x86)\Microsoft Visual Studio\2022\BuildTools\VC\Tools\MSVC\14.44.35207\include\zmmintrin.h
注意: 包含文件:           C:\Program Files (x86)\Microsoft Visual Studio\2022\BuildTools\VC\Tools\MSVC\14.44.35207\include\ammintrin.h
注意: 包含文件:       C:\Program Files (x86)\Microsoft Visual Studio\2022\BuildTools\VC\Tools\MSVC\14.44.35207\include\new
注意: 包含文件:        C:\Program Files (x86)\Microsoft Visual Studio\2022\BuildTools\VC\Tools\MSVC\14.44.35207\include\exception
注意: 包含文件:         C:\Program Files (x86)\Microsoft Visual Studio\2022\BuildTools\VC\Tools\MSVC\14.44.35207\include\yvals.h
注意: 包含文件:          C:\Program Files (x86)\Windows Kits\10\include\10.0.26100.0\ucrt\crtdbg.h
注意: 包含文件:           C:\Program Files (x86)\Microsoft Visual Studio\2022\BuildTools\VC\Tools\MSVC\14.44.35207\include\vcruntime_new_debug.h
注意: 包含文件:            C:\Program Files (x86)\Microsoft Visual Studio\2022\BuildTools\VC\Tools\MSVC\14.44.35207\include\vcruntime_new.h
注意: 包含文件:          C:\Program Files (x86)\Microsoft Visual Studio\2022\BuildTools\VC\Tools\MSVC\14.44.35207\include\crtdefs.h
注意: 包含文件:          C:\Program Files (x86)\Microsoft Visual Studio\2022\BuildTools\VC\Tools\MSVC\14.44.35207\include\use_ansi.h
注意: 包含文件:         C:\Program Files (x86)\Microsoft Visual Studio\2022\BuildTools\VC\Tools\MSVC\14.44.35207\include\type_traits
注意: 包含文件:          C:\Program Files (x86)\Microsoft Visual Studio\2022\BuildTools\VC\Tools\MSVC\14.44.35207\include\cstddef
注意: 包含文件:          C:\Program Files (x86)\Microsoft Visual Studio\2022\BuildTools\VC\Tools\MSVC\14.44.35207\include\cstring
注意: 包含文件:           C:\Program Files (x86)\Windows Kits\10\include\10.0.26100.0\ucrt\string.h
注意: 包含文件:            C:\Program Files (x86)\Windows Kits\10\include\10.0.26100.0\ucrt\corecrt_memory.h
注意: 包含文件:         C:\Program Files (x86)\Microsoft Visual Studio\2022\BuildTools\VC\Tools\MSVC\14.44.35207\include\vcruntime_exception.h
注意: 包含文件:          C:\Program Files (x86)\Microsoft Visual Studio\2022\BuildTools\VC\Tools\MSVC\14.44.35207\include\eh.h
注意: 包含文件:           C:\Program Files (x86)\Windows Kits\10\include\10.0.26100.0\ucrt\corecrt_terminate.h
注意: 包含文件:       C:\Program Files (x86)\Microsoft Visual Studio\2022\BuildTools\VC\Tools\MSVC\14.44.35207\include\xatomic.h
注意: 包含文件:       C:\Program Files (x86)\Microsoft Visual Studio\2022\BuildTools\VC\Tools\MSVC\14.44.35207\include\xutility
注意: 包含文件:        C:\Program Files (x86)\Microsoft Visual Studio\2022\BuildTools\VC\Tools\MSVC\14.44.35207\include\__msvc_iter_core.hpp
注意: 包含文件:         C:\Program Files (x86)\Microsoft Visual Studio\2022\BuildTools\VC\Tools\MSVC\14.44.35207\include\utility
注意: 包含文件:          C:\Program Files (x86)\Microsoft Visual Studio\2022\BuildTools\VC\Tools\MSVC\14.44.35207\include\initializer_list
注意: 包含文件:      C:\Program Files (x86)\Microsoft Visual Studio\2022\BuildTools\VC\Tools\MSVC\14.44.35207\include\xpolymorphic_allocator.h
注意: 包含文件:       C:\Program Files (x86)\Microsoft Visual Studio\2022\BuildTools\VC\Tools\MSVC\14.44.35207\include\tuple
注意: 包含文件:     C:\Program Files (x86)\Microsoft Visual Studio\2022\BuildTools\VC\Tools\MSVC\14.44.35207\include\string
注意: 包含文件:      C:\Program Files (x86)\Microsoft Visual Studio\2022\BuildTools\VC\Tools\MSVC\14.44.35207\include\xstring
注意: 包含文件:       C:\Program Files (x86)\Microsoft Visual Studio\2022\BuildTools\VC\Tools\MSVC\14.44.35207\include\__msvc_string_view.hpp
注意: 包含文件:        C:\Program Files (x86)\Microsoft Visual Studio\2022\BuildTools\VC\Tools\MSVC\14.44.35207\include\iosfwd
注意: 包含文件:      C:\Program Files (x86)\Microsoft Visual Studio\2022\BuildTools\VC\Tools\MSVC\14.44.35207\include\cctype
注意: 包含文件:       C:\Program Files (x86)\Windows Kits\10\include\10.0.26100.0\ucrt\ctype.h
注意: 包含文件:     C:\Program Files (x86)\Microsoft Visual Studio\2022\BuildTools\VC\Tools\MSVC\14.44.35207\include\map
注意: 包含文件:      C:\Program Files (x86)\Microsoft Visual Studio\2022\BuildTools\VC\Tools\MSVC\14.44.35207\include\xtree
注意: 包含文件:       C:\Program Files (x86)\Microsoft Visual Studio\2022\BuildTools\VC\Tools\MSVC\14.44.35207\include\xnode_handle.h
注意: 包含文件:     C:\Program Files (x86)\Microsoft Visual Studio\2022\BuildTools\VC\Tools\MSVC\14.44.35207\include\set
注意: 包含文件:     C:\Program Files (x86)\Microsoft Visual Studio\2022\BuildTools\VC\Tools\MSVC\14.44.35207\include\queue
注意: 包含文件:      C:\Program Files (x86)\Microsoft Visual Studio\2022\BuildTools\VC\Tools\MSVC\14.44.35207\include\__msvc_heap_algorithms.hpp
注意: 包含文件:      C:\Program Files (x86)\Microsoft Visual Studio\2022\BuildTools\VC\Tools\MSVC\14.44.35207\include\deque
注意: 包含文件:     C:\Program Files (x86)\Microsoft Visual Studio\2022\BuildTools\VC\Tools\MSVC\14.44.35207\include\unordered_map
注意: 包含文件:      C:\Program Files (x86)\Microsoft Visual Studio\2022\BuildTools\VC\Tools\MSVC\14.44.35207\include\xhash
注意: 包含文件:       C:\Program Files (x86)\Microsoft Visual Studio\2022\BuildTools\VC\Tools\MSVC\14.44.35207\include\cmath
注意: 包含文件:       C:\Program Files (x86)\Microsoft Visual Studio\2022\BuildTools\VC\Tools\MSVC\14.44.35207\include\list
注意: 包含文件:       C:\Program Files (x86)\Microsoft Visual Studio\2022\BuildTools\VC\Tools\MSVC\14.44.35207\include\xbit_ops.h
注意: 包含文件:     C:\Program Files (x86)\Microsoft Visual Studio\2022\BuildTools\VC\Tools\MSVC\14.44.35207\include\unordered_set
注意: 包含文件:     C:\Program Files (x86)\Microsoft Visual Studio\2022\BuildTools\VC\Tools\MSVC\14.44.35207\include\algorithm
注意: 包含文件:      C:\Program Files (x86)\Microsoft Visual Studio\2022\BuildTools\VC\Tools\MSVC\14.44.35207\include\__msvc_minmax.hpp
注意: 包含文件:     C:\Program Files (x86)\Microsoft Visual Studio\2022\BuildTools\VC\Tools\MSVC\14.44.35207\include\iostream
注意: 包含文件:      C:\Program Files (x86)\Microsoft Visual Studio\2022\BuildTools\VC\Tools\MSVC\14.44.35207\include\istream
注意: 包含文件:       C:\Program Files (x86)\Microsoft Visual Studio\2022\BuildTools\VC\Tools\MSVC\14.44.35207\include\__msvc_ostream.hpp
注意: 包含文件:        C:\Program Files (x86)\Microsoft Visual Studio\2022\BuildTools\VC\Tools\MSVC\14.44.35207\include\ios
注意: 包含文件:         C:\Program Files (x86)\Microsoft Visual Studio\2022\BuildTools\VC\Tools\MSVC\14.44.35207\include\xlocnum
注意: 包含文件:          C:\Program Files (x86)\Microsoft Visual Studio\2022\BuildTools\VC\Tools\MSVC\14.44.35207\include\iterator
注意: 包含文件:          C:\Program Files (x86)\Microsoft Visual Studio\2022\BuildTools\VC\Tools\MSVC\14.44.35207\include\streambuf
注意: 包含文件:           C:\Program Files (x86)\Microsoft Visual Studio\2022\BuildTools\VC\Tools\MSVC\14.44.35207\include\xiosbase
注意: 包含文件:            C:\Program Files (x86)\Windows Kits\10\include\10.0.26100.0\ucrt\share.h
注意: 包含文件:            C:\Program Files (x86)\Microsoft Visual Studio\2022\BuildTools\VC\Tools\MSVC\14.44.35207\include\system_error
注意: 包含文件:             C:\Program Files (x86)\Microsoft Visual Studio\2022\BuildTools\VC\Tools\MSVC\14.44.35207\include\__msvc_system_error_abi.hpp
注意: 包含文件:             C:\Program Files (x86)\Microsoft Visual Studio\2022\BuildTools\VC\Tools\MSVC\14.44.35207\include\cerrno
注意: 包含文件:             C:\Program Files (x86)\Microsoft Visual Studio\2022\BuildTools\VC\Tools\MSVC\14.44.35207\include\stdexcept
注意: 包含文件:             C:\Program Files (x86)\Microsoft Visual Studio\2022\BuildTools\VC\Tools\MSVC\14.44.35207\include\xcall_once.h
注意: 包含文件:             C:\Program Files (x86)\Microsoft Visual Studio\2022\BuildTools\VC\Tools\MSVC\14.44.35207\include\xerrc.h
注意: 包含文件:             C:\Program Files (x86)\Microsoft Visual Studio\2022\BuildTools\VC\Tools\MSVC\14.44.35207\include\atomic
注意: 包含文件:              C:\Program Files (x86)\Microsoft Visual Studio\2022\BuildTools\VC\Tools\MSVC\14.44.35207\include\xthreads.h
注意: 包含文件:               C:\Program Files (x86)\Microsoft Visual Studio\2022\BuildTools\VC\Tools\MSVC\14.44.35207\include\__msvc_threads_core.hpp
注意: 包含文件:               C:\Program Files (x86)\Microsoft Visual Studio\2022\BuildTools\VC\Tools\MSVC\14.44.35207\include\xtimec.h
注意: 包含文件:                C:\Program Files (x86)\Microsoft Visual Studio\2022\BuildTools\VC\Tools\MSVC\14.44.35207\include\ctime
注意: 包含文件:                 C:\Program Files (x86)\Windows Kits\10\include\10.0.26100.0\ucrt\time.h
注意: 包含文件:            C:\Program Files (x86)\Microsoft Visual Studio\2022\BuildTools\VC\Tools\MSVC\14.44.35207\include\xlocale
注意: 包含文件:             C:\Program Files (x86)\Microsoft Visual Studio\2022\BuildTools\VC\Tools\MSVC\14.44.35207\include\memory
注意: 包含文件:              C:\Program Files (x86)\Microsoft Visual Studio\2022\BuildTools\VC\Tools\MSVC\14.44.35207\include\typeinfo
注意: 包含文件:               C:\Program Files (x86)\Microsoft Visual Studio\2022\BuildTools\VC\Tools\MSVC\14.44.35207\include\vcruntime_typeinfo.h
注意: 包含文件:             C:\Program Files (x86)\Microsoft Visual Studio\2022\BuildTools\VC\Tools\MSVC\14.44.35207\include\xfacet
注意: 包含文件:             C:\Program Files (x86)\Microsoft Visual Studio\2022\BuildTools\VC\Tools\MSVC\14.44.35207\include\xlocinfo
注意: 包含文件:              C:\Program Files (x86)\Microsoft Visual Studio\2022\BuildTools\VC\Tools\MSVC\14.44.35207\include\__msvc_xlocinfo_types.hpp
注意: 包含文件:              C:\Program Files (x86)\Microsoft Visual Studio\2022\BuildTools\VC\Tools\MSVC\14.44.35207\include\clocale
注意: 包含文件:               C:\Program Files (x86)\Windows Kits\10\include\10.0.26100.0\ucrt\locale.h
注意: 包含文件:      C:\Program Files (x86)\Microsoft Visual Studio\2022\BuildTools\VC\Tools\MSVC\14.44.35207\include\ostream
注意: 包含文件:     C:\Program Files (x86)\Microsoft Visual Studio\2022\BuildTools\VC\Tools\MSVC\14.44.35207\include\functional
注意: 包含文件:     C:\Program Files (x86)\Microsoft Visual Studio\2022\BuildTools\VC\Tools\MSVC\14.44.35207\include\mutex
注意: 包含文件:      C:\Program Files (x86)\Microsoft Visual Studio\2022\BuildTools\VC\Tools\MSVC\14.44.35207\include\__msvc_chrono.hpp
注意: 包含文件:       C:\Program Files (x86)\Microsoft Visual Studio\2022\BuildTools\VC\Tools\MSVC\14.44.35207\include\ratio
注意: 包含文件:      C:\Program Files (x86)\Microsoft Visual Studio\2022\BuildTools\VC\Tools\MSVC\14.44.35207\include\thread
注意: 包含文件:       C:\Program Files (x86)\Windows Kits\10\include\10.0.26100.0\ucrt\process.h
注意: 包含文件:        C:\Program Files (x86)\Windows Kits\10\include\10.0.26100.0\ucrt\corecrt_startup.h
注意: 包含文件:         C:\Program Files (x86)\Windows Kits\10\include\10.0.26100.0\ucrt\math.h
注意: 包含文件:         C:\Program Files (x86)\Microsoft Visual Studio\2022\BuildTools\VC\Tools\MSVC\14.44.35207\include\vcruntime_startup.h
注意: 包含文件:     C:\Program Files (x86)\Microsoft Visual Studio\2022\BuildTools\VC\Tools\MSVC\14.44.35207\include\locale
注意: 包含文件:      C:\Program Files (x86)\Microsoft Visual Studio\2022\BuildTools\VC\Tools\MSVC\14.44.35207\include\xlocbuf
注意: 包含文件:      C:\Program Files (x86)\Microsoft Visual Studio\2022\BuildTools\VC\Tools\MSVC\14.44.35207\include\xlocmes
注意: 包含文件:      C:\Program Files (x86)\Microsoft Visual Studio\2022\BuildTools\VC\Tools\MSVC\14.44.35207\include\xlocmon
注意: 包含文件:      C:\Program Files (x86)\Microsoft Visual Studio\2022\BuildTools\VC\Tools\MSVC\14.44.35207\include\xloctime
注意: 包含文件:     C:\Program Files (x86)\Microsoft Visual Studio\2022\BuildTools\VC\Tools\MSVC\14.44.35207\include\codecvt
注意: 包含文件:     C:\Users\user\output\deepseek-v4部署\fastllm-master\include\devices/cpu/alivethreadpool.h
注意: 包含文件:      C:\Program Files (x86)\Microsoft Visual Studio\2022\BuildTools\VC\Tools\MSVC\14.44.35207\include\chrono
注意: 包含文件:       C:\Program Files (x86)\Microsoft Visual Studio\2022\BuildTools\VC\Tools\MSVC\14.44.35207\include\xfilesystem_abi.h
注意: 包含文件:      C:\Program Files (x86)\Windows Kits\10\\include\10.0.26100.0\\um\Windows.h
注意: 包含文件:       C:\Program Files (x86)\Windows Kits\10\\include\10.0.26100.0\\shared\winapifamily.h
注意: 包含文件:        C:\Program Files (x86)\Windows Kits\10\\include\10.0.26100.0\\shared\winpackagefamily.h
注意: 包含文件:       C:\Program Files (x86)\Windows Kits\10\\include\10.0.26100.0\\shared\sdkddkver.h
注意: 包含文件:       C:\Program Files (x86)\Microsoft Visual Studio\2022\BuildTools\VC\Tools\MSVC\14.44.35207\include\excpt.h
注意: 包含文件:       C:\Program Files (x86)\Microsoft Visual Studio\2022\BuildTools\VC\Tools\MSVC\14.44.35207\include\stdarg.h
注意: 包含文件:       C:\Program Files (x86)\Windows Kits\10\\include\10.0.26100.0\\shared\windef.h
注意: 包含文件:        C:\Program Files (x86)\Windows Kits\10\\include\10.0.26100.0\\shared\minwindef.h
注意: 包含文件:         C:\Program Files (x86)\Windows Kits\10\\include\10.0.26100.0\\shared\specstrings.h
注意: 包含文件:          C:\Program Files (x86)\Windows Kits\10\\include\10.0.26100.0\\shared\specstrings_strict.h
注意: 包含文件:           C:\Program Files (x86)\Windows Kits\10\\include\10.0.26100.0\\shared\specstrings_undef.h
注意: 包含文件:          C:\Program Files (x86)\Windows Kits\10\\include\10.0.26100.0\\shared\driverspecs.h
注意: 包含文件:           C:\Program Files (x86)\Windows Kits\10\include\10.0.26100.0\shared\sdv_driverspecs.h
注意: 包含文件:         C:\Program Files (x86)\Windows Kits\10\\include\10.0.26100.0\\um\winnt.h
注意: 包含文件:          C:\Program Files (x86)\Windows Kits\10\\include\10.0.26100.0\\shared\kernelspecs.h
注意: 包含文件:          C:\Program Files (x86)\Windows Kits\10\\include\10.0.26100.0\\shared\basetsd.h
注意: 包含文件:          C:\Program Files (x86)\Windows Kits\10\\include\10.0.26100.0\\shared\guiddef.h
注意: 包含文件:          C:\Program Files (x86)\Windows Kits\10\include\10.0.26100.0\shared\pshpack4.h
注意: 包含文件:          C:\Program Files (x86)\Windows Kits\10\include\10.0.26100.0\shared\poppack.h
注意: 包含文件:          C:\Program Files (x86)\Windows Kits\10\\include\10.0.26100.0\\shared\pshpack4.h
注意: 包含文件:          C:\Program Files (x86)\Windows Kits\10\\include\10.0.26100.0\\shared\poppack.h
注意: 包含文件:          C:\Program Files (x86)\Windows Kits\10\include\10.0.26100.0\shared\pshpack4.h
注意: 包含文件:          C:\Program Files (x86)\Windows Kits\10\include\10.0.26100.0\shared\pshpack2.h
注意: 包含文件:          C:\Program Files (x86)\Windows Kits\10\include\10.0.26100.0\shared\poppack.h
注意: 包含文件:          C:\Program Files (x86)\Windows Kits\10\include\10.0.26100.0\shared\pshpack2.h
注意: 包含文件:          C:\Program Files (x86)\Windows Kits\10\\include\10.0.26100.0\\shared\pshpack2.h
注意: 包含文件:          C:\Program Files (x86)\Windows Kits\10\\include\10.0.26100.0\\shared\poppack.h
注意: 包含文件:          C:\Program Files (x86)\Windows Kits\10\include\10.0.26100.0\shared\poppack.h
注意: 包含文件:          C:\Program Files (x86)\Windows Kits\10\include\10.0.26100.0\shared\pshpack8.h
注意: 包含文件:          C:\Program Files (x86)\Windows Kits\10\include\10.0.26100.0\shared\poppack.h
注意: 包含文件:          C:\Program Files (x86)\Windows Kits\10\include\10.0.26100.0\shared\pshpack1.h
注意: 包含文件:          C:\Program Files (x86)\Windows Kits\10\include\10.0.26100.0\shared\poppack.h
注意: 包含文件:          C:\Program Files (x86)\Windows Kits\10\include\10.0.26100.0\shared\pshpack1.h
注意: 包含文件:          C:\Program Files (x86)\Windows Kits\10\include\10.0.26100.0\shared\poppack.h
注意: 包含文件:          C:\Program Files (x86)\Windows Kits\10\include\10.0.26100.0\shared\poppack.h
注意: 包含文件:          C:\Program Files (x86)\Windows Kits\10\\include\10.0.26100.0\\shared\apiset.h
注意: 包含文件:          C:\Program Files (x86)\Windows Kits\10\\include\10.0.26100.0\\shared\ktmtypes.h
注意: 包含文件:       C:\Program Files (x86)\Windows Kits\10\\include\10.0.26100.0\\um\winbase.h
注意: 包含文件:        C:\Program Files (x86)\Windows Kits\10\\include\10.0.26100.0\\shared\apisetcconv.h
注意: 包含文件:        C:\Program Files (x86)\Windows Kits\10\\include\10.0.26100.0\\um\minwinbase.h
注意: 包含文件:        C:\Program Files (x86)\Windows Kits\10\\include\10.0.26100.0\\um\apiquery2.h
注意: 包含文件:        C:\Program Files (x86)\Windows Kits\10\\include\10.0.26100.0\\um\processenv.h
注意: 包含文件:        C:\Program Files (x86)\Windows Kits\10\\include\10.0.26100.0\\um\fileapifromapp.h
注意: 包含文件:         C:\Program Files (x86)\Windows Kits\10\\include\10.0.26100.0\\um\fileapi.h
注意: 包含文件:        C:\Program Files (x86)\Windows Kits\10\\include\10.0.26100.0\\um\debugapi.h
注意: 包含文件:        C:\Program Files (x86)\Windows Kits\10\\include\10.0.26100.0\\um\utilapiset.h
注意: 包含文件:        C:\Program Files (x86)\Windows Kits\10\\include\10.0.26100.0\\um\handleapi.h
注意: 包含文件:        C:\Program Files (x86)\Windows Kits\10\\include\10.0.26100.0\\um\errhandlingapi.h
注意: 包含文件:        C:\Program Files (x86)\Windows Kits\10\\include\10.0.26100.0\\um\fibersapi.h
注意: 包含文件:        C:\Program Files (x86)\Windows Kits\10\\include\10.0.26100.0\\um\namedpipeapi.h
注意: 包含文件:        C:\Program Files (x86)\Windows Kits\10\\include\10.0.26100.0\\um\profileapi.h
注意: 包含文件:        C:\Program Files (x86)\Windows Kits\10\\include\10.0.26100.0\\um\heapapi.h
注意: 包含文件:        C:\Program Files (x86)\Windows Kits\10\\include\10.0.26100.0\\um\ioapiset.h
注意: 包含文件:        C:\Program Files (x86)\Windows Kits\10\\include\10.0.26100.0\\um\synchapi.h
注意: 包含文件:        C:\Program Files (x86)\Windows Kits\10\\include\10.0.26100.0\\um\interlockedapi.h
注意: 包含文件:        C:\Program Files (x86)\Windows Kits\10\\include\10.0.26100.0\\um\processthreadsapi.h
注意: 包含文件:        C:\Program Files (x86)\Windows Kits\10\\include\10.0.26100.0\\um\sysinfoapi.h
注意: 包含文件:        C:\Program Files (x86)\Windows Kits\10\\include\10.0.26100.0\\um\memoryapi.h
注意: 包含文件:        C:\Program Files (x86)\Windows Kits\10\\include\10.0.26100.0\\um\enclaveapi.h
注意: 包含文件:        C:\Program Files (x86)\Windows Kits\10\\include\10.0.26100.0\\um\threadpoollegacyapiset.h
注意: 包含文件:        C:\Program Files (x86)\Windows Kits\10\\include\10.0.26100.0\\um\threadpoolapiset.h
注意: 包含文件:        C:\Program Files (x86)\Windows Kits\10\\include\10.0.26100.0\\um\jobapi.h
注意: 包含文件:        C:\Program Files (x86)\Windows Kits\10\\include\10.0.26100.0\\um\jobapi2.h
注意: 包含文件:        C:\Program Files (x86)\Windows Kits\10\\include\10.0.26100.0\\um\wow64apiset.h
注意: 包含文件:        C:\Program Files (x86)\Windows Kits\10\\include\10.0.26100.0\\um\libloaderapi.h
注意: 包含文件:        C:\Program Files (x86)\Windows Kits\10\\include\10.0.26100.0\\um\securitybaseapi.h
注意: 包含文件:        C:\Program Files (x86)\Windows Kits\10\\include\10.0.26100.0\\um\namespaceapi.h
注意: 包含文件:        C:\Program Files (x86)\Windows Kits\10\\include\10.0.26100.0\\um\systemtopologyapi.h
注意: 包含文件:        C:\Program Files (x86)\Windows Kits\10\\include\10.0.26100.0\\um\processtopologyapi.h
注意: 包含文件:        C:\Program Files (x86)\Windows Kits\10\\include\10.0.26100.0\\um\securityappcontainer.h
注意: 包含文件:        C:\Program Files (x86)\Windows Kits\10\\include\10.0.26100.0\\um\realtimeapiset.h
注意: 包含文件:        C:\Program Files (x86)\Windows Kits\10\\include\10.0.26100.0\\shared\winerror.h
注意: 包含文件:        C:\Program Files (x86)\Windows Kits\10\\include\10.0.26100.0\\um\timezoneapi.h
注意: 包含文件:       C:\Program Files (x86)\Windows Kits\10\\include\10.0.26100.0\\um\wingdi.h
注意: 包含文件:        C:\Program Files (x86)\Windows Kits\10\\include\10.0.26100.0\\shared\pshpack1.h
注意: 包含文件:        C:\Program Files (x86)\Windows Kits\10\\include\10.0.26100.0\\shared\poppack.h
注意: 包含文件:        C:\Program Files (x86)\Windows Kits\10\\include\10.0.26100.0\\shared\pshpack2.h
注意: 包含文件:        C:\Program Files (x86)\Windows Kits\10\\include\10.0.26100.0\\shared\poppack.h
注意: 包含文件:        C:\Program Files (x86)\Windows Kits\10\\include\10.0.26100.0\\shared\pshpack2.h
注意: 包含文件:        C:\Program Files (x86)\Windows Kits\10\\include\10.0.26100.0\\shared\poppack.h
注意: 包含文件:        C:\Program Files (x86)\Windows Kits\10\\include\10.0.26100.0\\shared\pshpack4.h
注意: 包含文件:        C:\Program Files (x86)\Windows Kits\10\\include\10.0.26100.0\\shared\poppack.h
注意: 包含文件:        C:\Program Files (x86)\Windows Kits\10\\include\10.0.26100.0\\shared\pshpack4.h
注意: 包含文件:        C:\Program Files (x86)\Windows Kits\10\\include\10.0.26100.0\\shared\poppack.h
注意: 包含文件:       C:\Program Files (x86)\Windows Kits\10\\include\10.0.26100.0\\um\winuser.h
注意: 包含文件:        C:\Program Files (x86)\Windows Kits\10\\include\10.0.26100.0\\shared\pshpack2.h
注意: 包含文件:        C:\Program Files (x86)\Windows Kits\10\\include\10.0.26100.0\\shared\poppack.h
注意: 包含文件:        C:\Program Files (x86)\Windows Kits\10\\include\10.0.26100.0\\shared\tvout.h
注意: 包含文件:       C:\Program Files (x86)\Windows Kits\10\\include\10.0.26100.0\\um\winnls.h
注意: 包含文件:        C:\Program Files (x86)\Windows Kits\10\\include\10.0.26100.0\\um\datetimeapi.h
注意: 包含文件:        C:\Program Files (x86)\Windows Kits\10\\include\10.0.26100.0\\um\stringapiset.h
注意: 包含文件:         C:\Program Files (x86)\Windows Kits\10\\include\10.0.26100.0\\um\winnls.h
注意: 包含文件:       C:\Program Files (x86)\Windows Kits\10\\include\10.0.26100.0\\um\wincon.h
注意: 包含文件:        C:\Program Files (x86)\Windows Kits\10\\include\10.0.26100.0\\um\wincontypes.h
注意: 包含文件:        C:\Program Files (x86)\Windows Kits\10\\include\10.0.26100.0\\um\consoleapi.h
注意: 包含文件:        C:\Program Files (x86)\Windows Kits\10\\include\10.0.26100.0\\um\consoleapi2.h
注意: 包含文件:        C:\Program Files (x86)\Windows Kits\10\\include\10.0.26100.0\\um\consoleapi3.h
注意: 包含文件:       C:\Program Files (x86)\Windows Kits\10\\include\10.0.26100.0\\um\winver.h
注意: 包含文件:        C:\Program Files (x86)\Windows Kits\10\\include\10.0.26100.0\\um\verrsrc.h
注意: 包含文件:       C:\Program Files (x86)\Windows Kits\10\\include\10.0.26100.0\\um\winreg.h
注意: 包含文件:        C:\Program Files (x86)\Windows Kits\10\\include\10.0.26100.0\\um\reason.h
注意: 包含文件:       C:\Program Files (x86)\Windows Kits\10\\include\10.0.26100.0\\um\winnetwk.h
注意: 包含文件:        C:\Program Files (x86)\Windows Kits\10\\include\10.0.26100.0\\shared\wnnc.h
注意: 包含文件:       C:\Program Files (x86)\Windows Kits\10\\include\10.0.26100.0\\shared\cderr.h
注意: 包含文件:       C:\Program Files (x86)\Windows Kits\10\\include\10.0.26100.0\\um\dde.h
注意: 包含文件:       C:\Program Files (x86)\Windows Kits\10\\include\10.0.26100.0\\um\ddeml.h
注意: 包含文件:       C:\Program Files (x86)\Windows Kits\10\\include\10.0.26100.0\\um\dlgs.h
注意: 包含文件:       C:\Program Files (x86)\Windows Kits\10\\include\10.0.26100.0\\um\lzexpand.h
注意: 包含文件:       C:\Program Files (x86)\Windows Kits\10\\include\10.0.26100.0\\um\mmsystem.h
注意: 包含文件:        C:\Program Files (x86)\Windows Kits\10\\include\10.0.26100.0\\um\mmsyscom.h
注意: 包含文件:         C:\Program Files (x86)\Windows Kits\10\\include\10.0.26100.0\\shared\pshpack1.h
注意: 包含文件:         C:\Program Files (x86)\Windows Kits\10\\include\10.0.26100.0\\shared\poppack.h
注意: 包含文件:        C:\Program Files (x86)\Windows Kits\10\\include\10.0.26100.0\\shared\pshpack1.h
注意: 包含文件:        C:\Program Files (x86)\Windows Kits\10\\include\10.0.26100.0\\um\mciapi.h
注意: 包含文件:         C:\Program Files (x86)\Windows Kits\10\\include\10.0.26100.0\\um\mmsyscom.h
注意: 包含文件:        C:\Program Files (x86)\Windows Kits\10\\include\10.0.26100.0\\um\mmiscapi.h
注意: 包含文件:         C:\Program Files (x86)\Windows Kits\10\\include\10.0.26100.0\\um\mmsyscom.h
注意: 包含文件:        C:\Program Files (x86)\Windows Kits\10\\include\10.0.26100.0\\um\mmiscapi2.h
注意: 包含文件:         C:\Program Files (x86)\Windows Kits\10\\include\10.0.26100.0\\um\mmsyscom.h
注意: 包含文件:        C:\Program Files (x86)\Windows Kits\10\\include\10.0.26100.0\\um\playsoundapi.h
注意: 包含文件:         C:\Program Files (x86)\Windows Kits\10\\include\10.0.26100.0\\um\mmsyscom.h
注意: 包含文件:        C:\Program Files (x86)\Windows Kits\10\\include\10.0.26100.0\\um\mmeapi.h
注意: 包含文件:         C:\Program Files (x86)\Windows Kits\10\\include\10.0.26100.0\\um\mmsyscom.h
注意: 包含文件:        C:\Program Files (x86)\Windows Kits\10\\include\10.0.26100.0\\um\timeapi.h
注意: 包含文件:         C:\Program Files (x86)\Windows Kits\10\\include\10.0.26100.0\\um\mmsyscom.h
注意: 包含文件:        C:\Program Files (x86)\Windows Kits\10\\include\10.0.26100.0\\um\joystickapi.h
注意: 包含文件:         C:\Program Files (x86)\Windows Kits\10\\include\10.0.26100.0\\um\mmsyscom.h
注意: 包含文件:        C:\Program Files (x86)\Windows Kits\10\\include\10.0.26100.0\\shared\poppack.h
注意: 包含文件:       C:\Program Files (x86)\Windows Kits\10\\include\10.0.26100.0\\um\nb30.h
注意: 包含文件:       C:\Program Files (x86)\Windows Kits\10\\include\10.0.26100.0\\shared\rpc.h
注意: 包含文件:        C:\Program Files (x86)\Windows Kits\10\\include\10.0.26100.0\\shared\pshpack8.h
注意: 包含文件:        C:\Program Files (x86)\Windows Kits\10\\include\10.0.26100.0\\shared\rpcdce.h
注意: 包含文件:         C:\Program Files (x86)\Windows Kits\10\\include\10.0.26100.0\\shared\rpcdcep.h
注意: 包含文件:        C:\Program Files (x86)\Windows Kits\10\\include\10.0.26100.0\\um\rpcnsi.h
注意: 包含文件:        C:\Program Files (x86)\Windows Kits\10\\include\10.0.26100.0\\shared\rpcnterr.h
注意: 包含文件:        C:\Program Files (x86)\Windows Kits\10\\include\10.0.26100.0\\shared\rpcasync.h
注意: 包含文件:         C:\Program Files (x86)\Windows Kits\10\\include\10.0.26100.0\\shared\pshpack8.h
注意: 包含文件:         C:\Program Files (x86)\Windows Kits\10\\include\10.0.26100.0\\shared\poppack.h
注意: 包含文件:        C:\Program Files (x86)\Windows Kits\10\\include\10.0.26100.0\\shared\poppack.h
注意: 包含文件:       C:\Program Files (x86)\Windows Kits\10\\include\10.0.26100.0\\um\shellapi.h
注意: 包含文件:       C:\Program Files (x86)\Windows Kits\10\\include\10.0.26100.0\\um\winperf.h
注意: 包含文件:        C:\Program Files (x86)\Windows Kits\10\\include\10.0.26100.0\\shared\pshpack8.h
注意: 包含文件:        C:\Program Files (x86)\Windows Kits\10\\include\10.0.26100.0\\shared\poppack.h
注意: 包含文件:       C:\Program Files (x86)\Windows Kits\10\\include\10.0.26100.0\\um\winsock.h
注意: 包含文件:        C:\Program Files (x86)\Windows Kits\10\\include\10.0.26100.0\\shared\inaddr.h
注意: 包含文件:       C:\Program Files (x86)\Windows Kits\10\\include\10.0.26100.0\\um\wincrypt.h
注意: 包含文件:        C:\Program Files (x86)\Windows Kits\10\\include\10.0.26100.0\\shared\bcrypt.h
注意: 包含文件:        C:\Program Files (x86)\Windows Kits\10\\include\10.0.26100.0\\um\ncrypt.h
注意: 包含文件:        C:\Program Files (x86)\Windows Kits\10\\include\10.0.26100.0\\um\dpapi.h
注意: 包含文件:       C:\Program Files (x86)\Windows Kits\10\\include\10.0.26100.0\\um\winefs.h
注意: 包含文件:       C:\Program Files (x86)\Windows Kits\10\\include\10.0.26100.0\\um\winscard.h
注意: 包含文件:        C:\Program Files (x86)\Windows Kits\10\\include\10.0.26100.0\\shared\wtypes.h
注意: 包含文件:         C:\Program Files (x86)\Windows Kits\10\include\10.0.26100.0\shared\rpcndr.h
注意: 包含文件:          C:\Program Files (x86)\Windows Kits\10\\include\10.0.26100.0\\shared\pshpack8.h
注意: 包含文件:          C:\Program Files (x86)\Windows Kits\10\\include\10.0.26100.0\\um\rpcnsip.h
注意: 包含文件:          C:\Program Files (x86)\Windows Kits\10\\include\10.0.26100.0\\shared\rpcsal.h
注意: 包含文件:          C:\Program Files (x86)\Windows Kits\10\\include\10.0.26100.0\\shared\poppack.h
注意: 包含文件:         C:\Program Files (x86)\Windows Kits\10\include\10.0.26100.0\shared\wtypesbase.h
注意: 包含文件:          C:\Program Files (x86)\Windows Kits\10\include\10.0.26100.0\shared\guiddef.h
注意: 包含文件:        C:\Program Files (x86)\Windows Kits\10\\include\10.0.26100.0\\um\winioctl.h
注意: 包含文件:         C:\Program Files (x86)\Windows Kits\10\\include\10.0.26100.0\\shared\pshpack1.h
注意: 包含文件:         C:\Program Files (x86)\Windows Kits\10\\include\10.0.26100.0\\shared\poppack.h
注意: 包含文件:         C:\Program Files (x86)\Windows Kits\10\\include\10.0.26100.0\\shared\pshpack1.h
注意: 包含文件:         C:\Program Files (x86)\Windows Kits\10\\include\10.0.26100.0\\shared\poppack.h
注意: 包含文件:         C:\Program Files (x86)\Windows Kits\10\\include\10.0.26100.0\\shared\pshpack1.h
注意: 包含文件:         C:\Program Files (x86)\Windows Kits\10\\include\10.0.26100.0\\shared\poppack.h
注意: 包含文件:         C:\Program Files (x86)\Windows Kits\10\\include\10.0.26100.0\\shared\pshpack1.h
注意: 包含文件:         C:\Program Files (x86)\Windows Kits\10\\include\10.0.26100.0\\shared\poppack.h
注意: 包含文件:         C:\Program Files (x86)\Windows Kits\10\\include\10.0.26100.0\\shared\pshpack1.h
注意: 包含文件:         C:\Program Files (x86)\Windows Kits\10\\include\10.0.26100.0\\shared\poppack.h
注意: 包含文件:         C:\Program Files (x86)\Windows Kits\10\\include\10.0.26100.0\\shared\pshpack1.h
注意: 包含文件:         C:\Program Files (x86)\Windows Kits\10\\include\10.0.26100.0\\shared\poppack.h
注意: 包含文件:         C:\Program Files (x86)\Windows Kits\10\\include\10.0.26100.0\\shared\pshpack1.h
注意: 包含文件:         C:\Program Files (x86)\Windows Kits\10\\include\10.0.26100.0\\shared\poppack.h
注意: 包含文件:        C:\Program Files (x86)\Windows Kits\10\\include\10.0.26100.0\\shared\winsmcrd.h
注意: 包含文件:       C:\Program Files (x86)\Windows Kits\10\\include\10.0.26100.0\\um\winspool.h
注意: 包含文件:        C:\Program Files (x86)\Windows Kits\10\\include\10.0.26100.0\\um\prsht.h
注意: 包含文件:         C:\Program Files (x86)\Windows Kits\10\\include\10.0.26100.0\\shared\pshpack8.h
注意: 包含文件:         C:\Program Files (x86)\Windows Kits\10\\include\10.0.26100.0\\shared\poppack.h
注意: 包含文件:       C:\Program Files (x86)\Windows Kits\10\\include\10.0.26100.0\\um\ole2.h
注意: 包含文件:        C:\Program Files (x86)\Windows Kits\10\\include\10.0.26100.0\\shared\pshpack8.h
注意: 包含文件:        C:\Program Files (x86)\Windows Kits\10\\include\10.0.26100.0\\um\objbase.h
注意: 包含文件:         C:\Program Files (x86)\Windows Kits\10\\include\10.0.26100.0\\shared\pshpack8.h
注意: 包含文件:         C:\Program Files (x86)\Windows Kits\10\\include\10.0.26100.0\\um\combaseapi.h
注意: 包含文件:          C:\Program Files (x86)\Windows Kits\10\\include\10.0.26100.0\\shared\pshpack8.h
注意: 包含文件:          C:\Program Files (x86)\Windows Kits\10\\include\10.0.26100.0\\um\unknwnbase.h
注意: 包含文件:          C:\Program Files (x86)\Windows Kits\10\\include\10.0.26100.0\\um\objidlbase.h
注意: 包含文件:          C:\Program Files (x86)\Windows Kits\10\\include\10.0.26100.0\\shared\guiddef.h
注意: 包含文件:          C:\Program Files (x86)\Windows Kits\10\\include\10.0.26100.0\\um\cguid.h
注意: 包含文件:          C:\Program Files (x86)\Windows Kits\10\\include\10.0.26100.0\\shared\poppack.h
注意: 包含文件:         C:\Program Files (x86)\Windows Kits\10\\include\10.0.26100.0\\um\coml2api.h
注意: 包含文件:          C:\Program Files (x86)\Windows Kits\10\\include\10.0.26100.0\\um\objidl.h
注意: 包含文件:           C:\Program Files (x86)\Windows Kits\10\include\10.0.26100.0\um\unknwn.h
注意: 包含文件:          C:\Program Files (x86)\Windows Kits\10\\include\10.0.26100.0\\um\propidlbase.h
注意: 包含文件:           C:\Program Files (x86)\Windows Kits\10\include\10.0.26100.0\um\oaidl.h
注意: 包含文件:         C:\Program Files (x86)\Windows Kits\10\\include\10.0.26100.0\\um\urlmon.h
注意: 包含文件:          C:\Program Files (x86)\Windows Kits\10\include\10.0.26100.0\um\oleidl.h
注意: 包含文件:          C:\Program Files (x86)\Windows Kits\10\include\10.0.26100.0\um\servprov.h
注意: 包含文件:          C:\Program Files (x86)\Windows Kits\10\include\10.0.26100.0\um\msxml.h
注意: 包含文件:         C:\Program Files (x86)\Windows Kits\10\\include\10.0.26100.0\\um\propidl.h
注意: 包含文件:         C:\Program Files (x86)\Windows Kits\10\\include\10.0.26100.0\\shared\poppack.h
注意: 包含文件:        C:\Program Files (x86)\Windows Kits\10\\include\10.0.26100.0\\um\oleauto.h
注意: 包含文件:         C:\Program Files (x86)\Windows Kits\10\\include\10.0.26100.0\\shared\pshpack8.h
注意: 包含文件:         C:\Program Files (x86)\Windows Kits\10\\include\10.0.26100.0\\shared\poppack.h
注意: 包含文件:        C:\Program Files (x86)\Windows Kits\10\\include\10.0.26100.0\\shared\poppack.h
注意: 包含文件:       C:\Program Files (x86)\Windows Kits\10\\include\10.0.26100.0\\um\commdlg.h
注意: 包含文件:        C:\Program Files (x86)\Windows Kits\10\\include\10.0.26100.0\\um\prsht.h
注意: 包含文件:       C:\Program Files (x86)\Windows Kits\10\\include\10.0.26100.0\\shared\stralign.h
注意: 包含文件:       C:\Program Files (x86)\Windows Kits\10\\include\10.0.26100.0\\um\winsvc.h
注意: 包含文件:       C:\Program Files (x86)\Windows Kits\10\\include\10.0.26100.0\\um\mcx.h
注意: 包含文件:       C:\Program Files (x86)\Windows Kits\10\\include\10.0.26100.0\\um\imm.h
注意: 包含文件:        C:\Program Files (x86)\Windows Kits\10\\include\10.0.26100.0\\um\ime_cmodes.h
C:\Users\user\output\deepseek-v4部署\fastllm-master\include\devices/cpu/alivethreadpool.h(136): warning C4267: “初始化”: 从“size_t”转换到“int”，可能丢失数据
C:\Users\user\output\deepseek-v4部署\fastllm-master\include\devices/cpu/alivethreadpool.h(176): warning C4267: “初始化”: 从“size_t”转换到“int”，可能丢失数据
C:\Users\user\output\deepseek-v4部署\fastllm-master\include\devices/cpu/alivethreadpool.h(236): warning C4267: “初始化”: 从“size_t”转换到“int”，可能丢失数据
C:\Users\user\output\deepseek-v4部署\fastllm-master\include\devices/cpu/alivethreadpool.h(237): warning C4267: “初始化”: 从“size_t”转换到“int”，可能丢失数据
C:\Users\user\output\deepseek-v4部署\fastllm-master\include\devices/cpu/alivethreadpool.h(238): warning C4267: “初始化”: 从“size_t”转换到“int”，可能丢失数据
C:\Users\user\output\deepseek-v4部署\fastllm-master\include\devices/cpu/alivethreadpool.h(281): warning C4267: “初始化”: 从“size_t”转换到“int”，可能丢失数据
C:\Users\user\output\deepseek-v4部署\fastllm-master\include\devices/cpu/alivethreadpool.h(327): warning C4267: “初始化”: 从“size_t”转换到“int”，可能丢失数据
C:\Users\user\output\deepseek-v4部署\fastllm-master\include\devices/cpu/alivethreadpool.h(330): warning C4267: “初始化”: 从“size_t”转换到“int”，可能丢失数据
C:\Users\user\output\deepseek-v4部署\fastllm-master\include\devices/cpu/alivethreadpool.h(370): warning C4267: “初始化”: 从“size_t”转换到“int”，可能丢失数据
C:\Users\user\output\deepseek-v4部署\fastllm-master\include\devices/cpu/alivethreadpool.h(372): warning C4267: “初始化”: 从“size_t”转换到“int”，可能丢失数据
注意: 包含文件:     C:\Users\user\output\deepseek-v4部署\fastllm-master\third_party\json11\json11.hpp
C:\Users\user\output\deepseek-v4部署\fastllm-master\include\fastllm.h(222): warning C4244: “初始化”: 从“int”转换到“float”，可能丢失数据
C:\Users\user\output\deepseek-v4部署\fastllm-master\include\fastllm.h(222): warning C4244: “初始化”: 从“int”转换到“const float”，可能丢失数据
C:\Users\user\output\deepseek-v4部署\fastllm-master\include\fastllm.h(227): warning C4244: “=”: 从“float”转换到“uint8_t”，可能丢失数据
C:\Users\user\output\deepseek-v4部署\fastllm-master\include\fastllm.h(229): warning C4244: “=”: 从“const float”转换到“uint8_t”，可能丢失数据
C:\Users\user\output\deepseek-v4部署\fastllm-master\include\fastllm.h(687): warning C4996: 'std::codecvt_utf8<wchar_t,1114111,(std::codecvt_mode)0>': warning STL4017: std::wbuffer_convert, std::wstring_convert, and the <codecvt> header (containing std::codecvt_mode, std::codecvt_utf8, std::codecvt_utf16, and std::codecvt_utf8_utf16) are deprecated in C++17. (The std::codecvt class template is NOT deprecated.) The C++ Standard doesn't provide equivalent non-deprecated functionality; consider using MultiByteToWideChar() and WideCharToMultiByte() from <Windows.h> instead. You can define _SILENCE_CXX17_CODECVT_HEADER_DEPRECATION_WARNING or _SILENCE_ALL_CXX17_DEPRECATION_WARNINGS to suppress this warning.
C:\Program Files (x86)\Microsoft Visual Studio\2022\BuildTools\VC\Tools\MSVC\14.44.35207\include\codecvt(34): note: 参见“std::codecvt_utf8”的声明
C:\Users\user\output\deepseek-v4部署\fastllm-master\include\fastllm.h(687): warning C4996: 'std::wstring_convert<std::codecvt_utf8<wchar_t,1114111,(std::codecvt_mode)0>,wchar_t,std::allocator<wchar_t>,std::allocator<char>>': warning STL4017: std::wbuffer_convert, std::wstring_convert, and the <codecvt> header (containing std::codecvt_mode, std::codecvt_utf8, std::codecvt_utf16, and std::codecvt_utf8_utf16) are deprecated in C++17. (The std::codecvt class template is NOT deprecated.) The C++ Standard doesn't provide equivalent non-deprecated functionality; consider using MultiByteToWideChar() and WideCharToMultiByte() from <Windows.h> instead. You can define _SILENCE_CXX17_CODECVT_HEADER_DEPRECATION_WARNING or _SILENCE_ALL_CXX17_DEPRECATION_WARNINGS to suppress this warning.
C:\Program Files (x86)\Microsoft Visual Studio\2022\BuildTools\VC\Tools\MSVC\14.44.35207\include\xlocbuf(303): note: 参见“std::wstring_convert”的声明
注意: 包含文件:  C:\Users\user\output\deepseek-v4部署\fastllm-master\include\devices/cuda/cudadevice.h
注意: 包含文件:  C:\Users\user\output\deepseek-v4部署\fastllm-master\include\devices\cuda\fastllm-cuda.cuh
注意: 包含文件:  C:\Users\user\output\deepseek-v4部署\fastllm-master\include\utils\utils.h
注意: 包含文件:   C:\Program Files (x86)\Windows Kits\10\include\10.0.26100.0\ucrt\fcntl.h
注意: 包含文件:   C:\Program Files (x86)\Microsoft Visual Studio\2022\BuildTools\VC\Tools\MSVC\14.44.35207\include\array
注意: 包含文件:   C:\Program Files (x86)\Microsoft Visual Studio\2022\BuildTools\VC\Tools\MSVC\14.44.35207\include\filesystem
注意: 包含文件:    C:\Program Files (x86)\Microsoft Visual Studio\2022\BuildTools\VC\Tools\MSVC\14.44.35207\include\iomanip
C:\Users\user\output\deepseek-v4部署\fastllm-master\include\utils\utils.h(30): warning C4067: 预处理器指令后有意外标记 - 应输入换行符
注意: 包含文件:   C:\Program Files (x86)\Windows Kits\10\include\10.0.26100.0\ucrt\io.h
注意: 包含文件:    C:\Program Files (x86)\Windows Kits\10\include\10.0.26100.0\ucrt\corecrt_io.h
C:\Users\user\output\deepseek-v4部署\fastllm-master\include\utils\utils.h(109): warning C4996: '_wfopen': This function or variable may be unsafe. Consider using _wfopen_s instead. To disable deprecation, use _CRT_SECURE_NO_WARNINGS. See online help for details.
C:\Users\user\output\deepseek-v4部署\fastllm-master\include\utils\utils.h(118): warning C4996: '_wopen': This function or variable may be unsafe. Consider using _wsopen_s instead. To disable deprecation, use _CRT_SECURE_NO_WARNINGS. See online help for details.
C:\Users\user\output\deepseek-v4部署\fastllm-master\include\utils\utils.h(150): warning C4244: “return”: 从“double”转换到“float”，可能丢失数据
C:\Users\user\output\deepseek-v4部署\fastllm-master\include\utils\utils.h(355): warning C4267: “初始化”: 从“size_t”转换到“int”，可能丢失数据
C:\Users\user\output\deepseek-v4部署\fastllm-master\include\utils\utils.h(417): warning C4244: “+=”: 从“double”转换到“float”，可能丢失数据
C:\Users\user\output\deepseek-v4部署\fastllm-master\src\devices\cuda\cudadevicebatch.cpp(17): warning C4267: “初始化”: 从“size_t”转换到“int”，可能丢失数据
C:\Users\user\output\deepseek-v4部署\fastllm-master\src\devices\cuda\cudadevicebatch.cpp(33): warning C4267: “初始化”: 从“size_t”转换到“int”，可能丢失数据
C:\Users\user\output\deepseek-v4部署\fastllm-master\src\devices\cuda\cudadevicebatch.cpp(47): warning C4267: “初始化”: 从“size_t”转换到“int”，可能丢失数据
C:\Users\user\output\deepseek-v4部署\fastllm-master\src\devices\cuda\cudadevicebatch.cpp(61): warning C4267: “初始化”: 从“size_t”转换到“int”，可能丢失数据
C:\Users\user\output\deepseek-v4部署\fastllm-master\src\devices\cuda\cudadevicebatch.cpp(73): warning C4244: “初始化”: 从“double”转换到“float”，可能丢失数据
C:\Users\user\output\deepseek-v4部署\fastllm-master\src\devices\cuda\cudadevicebatch.cpp(132): warning C4267: “参数”: 从“size_t”转换到“int”，可能丢失数据
C:\Users\user\output\deepseek-v4部署\fastllm-master\src\devices\cuda\cudadevicebatch.cpp(132): warning C4244: “初始化”: 从“uint64_t”转换到“int”，可能丢失数据
C:\Users\user\output\deepseek-v4部署\fastllm-master\src\devices\cuda\cudadevicebatch.cpp(133): warning C4267: “参数”: 从“size_t”转换到“int”，可能丢失数据
C:\Users\user\output\deepseek-v4部署\fastllm-master\src\devices\cuda\cudadevicebatch.cpp(133): warning C4244: “初始化”: 从“uint64_t”转换到“int”，可能丢失数据
C:\Users\user\output\deepseek-v4部署\fastllm-master\src\devices\cuda\cudadevicebatch.cpp(134): warning C4244: “初始化”: 从“_Ty”转换到“int”，可能丢失数据
        with
        [
            _Ty=uint64_t
        ]
C:\Users\user\output\deepseek-v4部署\fastllm-master\src\devices\cuda\cudadevicebatch.cpp(135): warning C4244: “初始化”: 从“_Ty”转换到“int”，可能丢失数据
        with
        [
            _Ty=uint64_t
        ]
C:\Users\user\output\deepseek-v4部署\fastllm-master\src\devices\cuda\cudadevicebatch.cpp(139): warning C4244: “初始化”: 从“uint64_t”转换到“int”，可能丢失数据
C:\Users\user\output\deepseek-v4部署\fastllm-master\src\devices\cuda\cudadevicebatch.cpp(140): warning C4244: “初始化”: 从“uint64_t”转换到“int”，可能丢失数据
C:\Users\user\output\deepseek-v4部署\fastllm-master\src\devices\cuda\cudadevicebatch.cpp(141): warning C4267: “参数”: 从“size_t”转换到“int”，可能丢失数据
C:\Users\user\output\deepseek-v4部署\fastllm-master\src\devices\cuda\cudadevicebatch.cpp(141): warning C4244: “初始化”: 从“uint64_t”转换到“int”，可能丢失数据
C:\Users\user\output\deepseek-v4部署\fastllm-master\src\devices\cuda\cudadevicebatch.cpp(205): warning C4267: “参数”: 从“size_t”转换到“int”，可能丢失数据
C:\Users\user\output\deepseek-v4部署\fastllm-master\src\devices\cuda\cudadevicebatch.cpp(205): warning C4244: “初始化”: 从“uint64_t”转换到“int”，可能丢失数据
C:\Users\user\output\deepseek-v4部署\fastllm-master\src\devices\cuda\cudadevicebatch.cpp(206): warning C4267: “参数”: 从“size_t”转换到“int”，可能丢失数据
C:\Users\user\output\deepseek-v4部署\fastllm-master\src\devices\cuda\cudadevicebatch.cpp(206): warning C4244: “初始化”: 从“uint64_t”转换到“int”，可能丢失数据
C:\Users\user\output\deepseek-v4部署\fastllm-master\src\devices\cuda\cudadevicebatch.cpp(207): warning C4244: “初始化”: 从“_Ty”转换到“int”，可能丢失数据
        with
        [
            _Ty=uint64_t
        ]
C:\Users\user\output\deepseek-v4部署\fastllm-master\src\devices\cuda\cudadevicebatch.cpp(208): warning C4244: “初始化”: 从“_Ty”转换到“int”，可能丢失数据
        with
        [
            _Ty=uint64_t
        ]
C:\Users\user\output\deepseek-v4部署\fastllm-master\src\devices\cuda\cudadevicebatch.cpp(212): warning C4244: “初始化”: 从“uint64_t”转换到“int”，可能丢失数据
C:\Users\user\output\deepseek-v4部署\fastllm-master\src\devices\cuda\cudadevicebatch.cpp(213): warning C4244: “初始化”: 从“uint64_t”转换到“int”，可能丢失数据
C:\Users\user\output\deepseek-v4部署\fastllm-master\src\devices\cuda\cudadevicebatch.cpp(215): warning C4267: “参数”: 从“size_t”转换到“int”，可能丢失数据
C:\Users\user\output\deepseek-v4部署\fastllm-master\src\devices\cuda\cudadevicebatch.cpp(215): warning C4244: “初始化”: 从“uint64_t”转换到“int”，可能丢失数据
C:\Users\user\output\deepseek-v4部署\fastllm-master\src\devices\cuda\cudadevicebatch.cpp(264): warning C4244: “初始化”: 从“uint64_t”转换到“int”，可能丢失数据
C:\Users\user\output\deepseek-v4部署\fastllm-master\src\devices\cuda\cudadevicebatch.cpp(265): warning C4244: “初始化”: 从“uint64_t”转换到“int”，可能丢失数据
C:\Users\user\output\deepseek-v4部署\fastllm-master\src\devices\cuda\cudadevicebatch.cpp(266): warning C4244: “初始化”: 从“uint64_t”转换到“int”，可能丢失数据
C:\Users\user\output\deepseek-v4部署\fastllm-master\src\devices\cuda\cudadevicebatch.cpp(267): warning C4244: “初始化”: 从“_Ty”转换到“int”，可能丢失数据
        with
        [
            _Ty=uint64_t
        ]
C:\Users\user\output\deepseek-v4部署\fastllm-master\src\devices\cuda\cudadevicebatch.cpp(281): warning C4244: “初始化”: 从“uint64_t”转换到“int”，可能丢失数据
C:\Users\user\output\deepseek-v4部署\fastllm-master\src\devices\cuda\cudadevicebatch.cpp(282): warning C4244: “初始化”: 从“uint64_t”转换到“int”，可能丢失数据
C:\Users\user\output\deepseek-v4部署\fastllm-master\src\devices\cuda\cudadevicebatch.cpp(283): warning C4244: “初始化”: 从“uint64_t”转换到“int”，可能丢失数据
C:\Users\user\output\deepseek-v4部署\fastllm-master\src\devices\cuda\cudadevicebatch.cpp(285): warning C4244: “初始化”: 从“_Ty”转换到“int”，可能丢失数据
        with
        [
            _Ty=uint64_t
        ]
C:\Users\user\output\deepseek-v4部署\fastllm-master\src\devices\cuda\cudadevicebatch.cpp(297): warning C4267: “参数”: 从“size_t”转换到“int”，可能丢失数据
C:\Users\user\output\deepseek-v4部署\fastllm-master\src\devices\cuda\cudadevicebatch.cpp(314): warning C4267: “初始化”: 从“size_t”转换到“int”，可能丢失数据
C:\Users\user\output\deepseek-v4部署\fastllm-master\src\devices\cuda\cudadevicebatch.cpp(349): warning C4267: “参数”: 从“size_t”转换到“int”，可能丢失数据
[18/33] Building CUDA object CMakeFiles\fastllm_tools.dir\src\devices\cuda\attention\fastllm-attention.cu.obj
FAILED: [code=2] CMakeFiles/fastllm_tools.dir/src/devices/cuda/attention/fastllm-attention.cu.obj 
"C:\PROGRA~1\NVIDIA GPU Computing Toolkit\CUDA\v11.7\bin\nvcc.exe" -forward-unknown-to-host-compiler -DUSE_CUDA -Dfastllm_tools_EXPORTS -IC:\Users\user\output\deepseek-v4部署\fastllm-master\include -IC:\Users\user\output\deepseek-v4部署\fastllm-master\include\utils -IC:\Users\user\output\deepseek-v4部署\fastllm-master\include\models -IC:\Users\user\output\deepseek-v4部署\fastllm-master\include\blocks -IC:\Users\user\output\deepseek-v4部署\fastllm-master\include\devices\cpu -IC:\Users\user\output\deepseek-v4部署\fastllm-master\include\devices\disk -IC:\Users\user\output\deepseek-v4部署\fastllm-master\third_party\json11 -IC:\Users\user\output\deepseek-v4部署\fastllm-master\third_party\gguf -IC:\Users\user\output\deepseek-v4部署\fastllm-master\third_party\flashinfer -IC:\Users\user\output\deepseek-v4部署\fastllm-master\include\devices\cuda -IC:\Users\user\output\deepseek-v4部署\fastllm-master\include\devices\multicuda --allow-unsupported-compiler -D_ALLOW_COMPILER_AND_STL_VERSION_MISMATCH -Xcompiler="-MD -O2 -Ob2" -DNDEBUG -std=c++17 "--generate-code=arch=compute_86,code=[compute_86,sm_86]" -MD -MT CMakeFiles\fastllm_tools.dir\src\devices\cuda\attention\fastllm-attention.cu.obj -MF CMakeFiles\fastllm_tools.dir\src\devices\cuda\attention\fastllm-attention.cu.obj.d -x cu -c C:\Users\user\output\deepseek-v4部署\fastllm-master\src\devices\cuda\attention\fastllm-attention.cu -o CMakeFiles\fastllm_tools.dir\src\devices\cuda\attention\fastllm-attention.cu.obj -Xcompiler=-FdCMakeFiles\fastllm_tools.dir\,-FS
C:\Users\user\output\deepseek-v4����\fastllm-master\third_party\flashinfer\attention\../utils.cuh(21): fatal error C1083: �޷��򿪰����ļ�: ��cuda_fp8.h��: No such file or directory
fastllm-attention.cu
[19/33] Building CUDA object CMakeFiles\fastllm_tools.dir\src\devices\cuda\fastllm-cuda.cu.obj
FAILED: [code=2] CMakeFiles/fastllm_tools.dir/src/devices/cuda/fastllm-cuda.cu.obj 
"C:\PROGRA~1\NVIDIA GPU Computing Toolkit\CUDA\v11.7\bin\nvcc.exe" -forward-unknown-to-host-compiler -DUSE_CUDA -Dfastllm_tools_EXPORTS -IC:\Users\user\output\deepseek-v4部署\fastllm-master\include -IC:\Users\user\output\deepseek-v4部署\fastllm-master\include\utils -IC:\Users\user\output\deepseek-v4部署\fastllm-master\include\models -IC:\Users\user\output\deepseek-v4部署\fastllm-master\include\blocks -IC:\Users\user\output\deepseek-v4部署\fastllm-master\include\devices\cpu -IC:\Users\user\output\deepseek-v4部署\fastllm-master\include\devices\disk -IC:\Users\user\output\deepseek-v4部署\fastllm-master\third_party\json11 -IC:\Users\user\output\deepseek-v4部署\fastllm-master\third_party\gguf -IC:\Users\user\output\deepseek-v4部署\fastllm-master\third_party\flashinfer -IC:\Users\user\output\deepseek-v4部署\fastllm-master\include\devices\cuda -IC:\Users\user\output\deepseek-v4部署\fastllm-master\include\devices\multicuda --allow-unsupported-compiler -D_ALLOW_COMPILER_AND_STL_VERSION_MISMATCH -Xcompiler="-MD -O2 -Ob2" -DNDEBUG -std=c++17 "--generate-code=arch=compute_86,code=[compute_86,sm_86]" -MD -MT CMakeFiles\fastllm_tools.dir\src\devices\cuda\fastllm-cuda.cu.obj -MF CMakeFiles\fastllm_tools.dir\src\devices\cuda\fastllm-cuda.cu.obj.d -x cu -c C:\Users\user\output\deepseek-v4部署\fastllm-master\src\devices\cuda\fastllm-cuda.cu -o CMakeFiles\fastllm_tools.dir\src\devices\cuda\fastllm-cuda.cu.obj -Xcompiler=-FdCMakeFiles\fastllm_tools.dir\,-FS
C:\Users\user\output\deepseek-v4����\fastllm-master\src\devices\cuda\fastllm-cuda.cu(1): warning C4819: ���ļ����������ڵ�ǰ����ҳ(936)�б�ʾ���ַ����뽫���ļ�����Ϊ Unicode ��ʽ�Է�ֹ���ݶ�ʧ
C:/Users/user/output/deepseek-v4����/fastllm-master/include/devices/cuda\fastllm-cuda.cuh(1): warning C4819: ���ļ����������ڵ�ǰ����ҳ(936)�б�ʾ���ַ����뽫���ļ�����Ϊ Unicode ��ʽ�Է�ֹ���ݶ�ʧ
C:/Users/user/output/deepseek-v4����/fastllm-master/include\fastllm.h(1): warning C4819: ���ļ����������ڵ�ǰ����ҳ(936)�б�ʾ���ַ����뽫���ļ�����Ϊ Unicode ��ʽ�Է�ֹ���ݶ�ʧ
C:\Users\user\output\deepseek-v4����\fastllm-master\include\devices/cpu/alivethreadpool.h(1): warning C4819: ���ļ����������ڵ�ǰ����ҳ(936)�б�ʾ���ַ����뽫���ļ�����Ϊ Unicode ��ʽ�Է�ֹ���ݶ�ʧ
C:/Users/user/output/deepseek-v4����/fastllm-master/include\fastllm.h(761): warning C4819: ���ļ����������ڵ�ǰ����ҳ(936)�б�ʾ���ַ����뽫���ļ�����Ϊ Unicode ��ʽ�Է�ֹ���ݶ�ʧ
C:/Users/user/output/deepseek-v4部署/fastllm-master/include\utils/utils.h(30): warning C4067: 预处理器指令后有意外标记 - 应输入换行符
C:\Users\user\output\deepseek-v4����\fastllm-master\src\devices\cuda\fastllm-cuda.cu(15): fatal error C1083: �޷��򿪰����ļ�: ��cuda_fp8.h��: No such file or directory
fastllm-cuda.cu
[20/33] Building CUDA object CMakeFiles\fastllm_tools.dir\src\devices\cuda\fastllm-ggml-cuda.cu.obj
FAILED: [code=1] CMakeFiles/fastllm_tools.dir/src/devices/cuda/fastllm-ggml-cuda.cu.obj 
"C:\PROGRA~1\NVIDIA GPU Computing Toolkit\CUDA\v11.7\bin\nvcc.exe" -forward-unknown-to-host-compiler -DUSE_CUDA -Dfastllm_tools_EXPORTS -IC:\Users\user\output\deepseek-v4部署\fastllm-master\include -IC:\Users\user\output\deepseek-v4部署\fastllm-master\include\utils -IC:\Users\user\output\deepseek-v4部署\fastllm-master\include\models -IC:\Users\user\output\deepseek-v4部署\fastllm-master\include\blocks -IC:\Users\user\output\deepseek-v4部署\fastllm-master\include\devices\cpu -IC:\Users\user\output\deepseek-v4部署\fastllm-master\include\devices\disk -IC:\Users\user\output\deepseek-v4部署\fastllm-master\third_party\json11 -IC:\Users\user\output\deepseek-v4部署\fastllm-master\third_party\gguf -IC:\Users\user\output\deepseek-v4部署\fastllm-master\third_party\flashinfer -IC:\Users\user\output\deepseek-v4部署\fastllm-master\include\devices\cuda -IC:\Users\user\output\deepseek-v4部署\fastllm-master\include\devices\multicuda --allow-unsupported-compiler -D_ALLOW_COMPILER_AND_STL_VERSION_MISMATCH -Xcompiler="-MD -O2 -Ob2" -DNDEBUG -std=c++17 "--generate-code=arch=compute_86,code=[compute_86,sm_86]" -MD -MT CMakeFiles\fastllm_tools.dir\src\devices\cuda\fastllm-ggml-cuda.cu.obj -MF CMakeFiles\fastllm_tools.dir\src\devices\cuda\fastllm-ggml-cuda.cu.obj.d -x cu -c C:\Users\user\output\deepseek-v4部署\fastllm-master\src\devices\cuda\fastllm-ggml-cuda.cu -o CMakeFiles\fastllm_tools.dir\src\devices\cuda\fastllm-ggml-cuda.cu.obj -Xcompiler=-FdCMakeFiles\fastllm_tools.dir\,-FS
C:/Users/user/output/deepseek-v4����/fastllm-master/include/devices/cuda\fastllm-cuda.cuh(1): warning C4819: ���ļ����������ڵ�ǰ����ҳ(936)�б�ʾ���ַ����뽫���ļ�����Ϊ Unicode ��ʽ�Է�ֹ���ݶ�ʧ
C:/Users/user/output/deepseek-v4����/fastllm-master/include\fastllm.h(1): warning C4819: ���ļ����������ڵ�ǰ����ҳ(936)�б�ʾ���ַ����뽫���ļ�����Ϊ Unicode ��ʽ�Է�ֹ���ݶ�ʧ
C:\Users\user\output\deepseek-v4����\fastllm-master\include\devices/cpu/alivethreadpool.h(1): warning C4819: ���ļ����������ڵ�ǰ����ҳ(936)�б�ʾ���ַ����뽫���ļ�����Ϊ Unicode ��ʽ�Է�ֹ���ݶ�ʧ
C:/Users/user/output/deepseek-v4����/fastllm-master/include\fastllm.h(761): warning C4819: ���ļ����������ڵ�ǰ����ҳ(936)�б�ʾ���ַ����뽫���ļ�����Ϊ Unicode ��ʽ�Է�ֹ���ݶ�ʧ
C:/Users/user/output/deepseek-v4部署/fastllm-master/include/utils\utils.h(30): warning C4067: 预处理器指令后有意外标记 - 应输入换行符
C:/Users/user/output/deepseek-v4����/fastllm-master/include/models\basellm.h(1): warning C4819: ���ļ����������ڵ�ǰ����ҳ(936)�б�ʾ���ַ����뽫���ļ�����Ϊ Unicode ��ʽ�Է�ֹ���ݶ�ʧ
C:/Users/user/output/deepseek-v4����/fastllm-master/include/blocks\baseblock.h(1): warning C4819: ���ļ����������ڵ�ǰ����ҳ(936)�б�ʾ���ַ����뽫���ļ�����Ϊ Unicode ��ʽ�Է�ֹ���ݶ�ʧ
C:/Users/user/output/deepseek-v4����/fastllm-master/include\template.h(1): warning C4819: ���ļ����������ڵ�ǰ����ҳ(936)�б�ʾ���ַ����뽫���ļ�����Ϊ Unicode ��ʽ�Է�ֹ���ݶ�ʧ
C:/Users/user/output/deepseek-v4����/fastllm-master/third_party/gguf\gguf.h(1762): warning C4819: ���ļ����������ڵ�ǰ����ҳ(936)�б�ʾ���ַ����뽫���ļ�����Ϊ Unicode ��ʽ�Է�ֹ���ݶ�ʧ
C:\Users\user\output\deepseek-v4����\fastllm-master\src\devices\cuda\fastllm-ggml-cuda.cu(808): warning C4819: ���ļ����������ڵ�ǰ����ҳ(936)�б�ʾ���ַ����뽫���ļ�����Ϊ Unicode ��ʽ�Է�ֹ���ݶ�ʧ
C:\Users\user\output\deepseek-v4����\fastllm-master\src\devices\cuda\fastllm-ggml-cuda.cu(1531): warning C4819: ���ļ����������ڵ�ǰ����ҳ(936)�б�ʾ���ַ����뽫���ļ�����Ϊ Unicode ��ʽ�Է�ֹ���ݶ�ʧ
C:/Users/user/output/deepseek-v4����/fastllm-master/include/devices/cuda\fastllm-cuda.cuh(1): warning C4819: ���ļ����������ڵ�ǰ����ҳ(936)�б�ʾ���ַ����뽫���ļ�����Ϊ Unicode ��ʽ�Է�ֹ���ݶ�ʧ
C:/Users/user/output/deepseek-v4����/fastllm-master/include\fastllm.h(1): warning C4819: ���ļ����������ڵ�ǰ����ҳ(936)�б�ʾ���ַ����뽫���ļ�����Ϊ Unicode ��ʽ�Է�ֹ���ݶ�ʧ
C:\Users\user\output\deepseek-v4����\fastllm-master\include\devices/cpu/alivethreadpool.h(1): warning C4819: ���ļ����������ڵ�ǰ����ҳ(936)�б�ʾ���ַ����뽫���ļ�����Ϊ Unicode ��ʽ�Է�ֹ���ݶ�ʧ
C:/Users/user/output/deepseek-v4����/fastllm-master/include\fastllm.h(761): warning C4819: ���ļ����������ڵ�ǰ����ҳ(936)�б�ʾ���ַ����뽫���ļ�����Ϊ Unicode ��ʽ�Է�ֹ���ݶ�ʧ
C:/Users/user/output/deepseek-v4部署/fastllm-master/include/utils\utils.h(30): warning C4067: 预处理器指令后有意外标记 - 应输入换行符
C:/Users/user/output/deepseek-v4����/fastllm-master/include/models\basellm.h(1): warning C4819: ���ļ����������ڵ�ǰ����ҳ(936)�б�ʾ���ַ����뽫���ļ�����Ϊ Unicode ��ʽ�Է�ֹ���ݶ�ʧ
C:/Users/user/output/deepseek-v4����/fastllm-master/include/blocks\baseblock.h(1): warning C4819: ���ļ����������ڵ�ǰ����ҳ(936)�б�ʾ���ַ����뽫���ļ�����Ϊ Unicode ��ʽ�Է�ֹ���ݶ�ʧ
C:/Users/user/output/deepseek-v4����/fastllm-master/include\template.h(1): warning C4819: ���ļ����������ڵ�ǰ����ҳ(936)�б�ʾ���ַ����뽫���ļ�����Ϊ Unicode ��ʽ�Է�ֹ���ݶ�ʧ
C:/Users/user/output/deepseek-v4����/fastllm-master/third_party/gguf\gguf.h(1762): warning C4819: ���ļ����������ڵ�ǰ����ҳ(936)�б�ʾ���ַ����뽫���ļ�����Ϊ Unicode ��ʽ�Է�ֹ���ݶ�ʧ
C:\Users\user\output\deepseek-v4����\fastllm-master\src\devices\cuda\fastllm-ggml-cuda.cu(808): warning C4819: ���ļ����������ڵ�ǰ����ҳ(936)�б�ʾ���ַ����뽫���ļ�����Ϊ Unicode ��ʽ�Է�ֹ���ݶ�ʧ
C:\Users\user\output\deepseek-v4����\fastllm-master\src\devices\cuda\fastllm-ggml-cuda.cu(1531): warning C4819: ���ļ����������ڵ�ǰ����ҳ(936)�б�ʾ���ַ����뽫���ļ�����Ϊ Unicode ��ʽ�Է�ֹ���ݶ�ʧ
C:/Users/user/output/deepseek-v4����/fastllm-master/include\fastllm.h(134): error: identifier "top_k" is undefined

C:/Users/user/output/deepseek-v4����/fastllm-master/include\fastllm.h(911): error: reference variable "fastllm::positionIds" requires an initializer

C:/Users/user/output/deepseek-v4����/fastllm-master/include\fastllm.h(911): warning #1569-D: specifiers after comma between declarations are nonstandard

C:/Users/user/output/deepseek-v4����/fastllm-master/include\fastllm.h(911): warning #1569-D: specifiers after comma between declarations are nonstandard

C:/Users/user/output/deepseek-v4����/fastllm-master/include\fastllm.h(911): warning #1569-D: specifiers after comma between declarations are nonstandard

C:/Users/user/output/deepseek-v4����/fastllm-master/include\fastllm.h(912): warning #1569-D: specifiers after comma between declarations are nonstandard

C:/Users/user/output/deepseek-v4����/fastllm-master/include\fastllm.h(912): warning #1569-D: specifiers after comma between declarations are nonstandard

C:/Users/user/output/deepseek-v4����/fastllm-master/include\fastllm.h(912): warning #1569-D: specifiers after comma between declarations are nonstandard

C:/Users/user/output/deepseek-v4����/fastllm-master/include\fastllm.h(912): warning #1569-D: specifiers after comma between declarations are nonstandard

C:/Users/user/output/deepseek-v4����/fastllm-master/include\fastllm.h(912): error: expected a ";"

C:/Users/user/output/deepseek-v4����/fastllm-master/include\fastllm.h(918): error: reference variable "fastllm::qkv" requires an initializer

C:/Users/user/output/deepseek-v4����/fastllm-master/include\fastllm.h(918): error: expected a ";"

C:/Users/user/output/deepseek-v4����/fastllm-master/include\fastllm.h(925): warning #12-D: parsing restarts here after previous syntax error

C:/Users/user/output/deepseek-v4����/fastllm-master/include\fastllm.h(927): error: incomplete type is not allowed

C:/Users/user/output/deepseek-v4����/fastllm-master/include\fastllm.h(927): error: identifier "input" is undefined

C:/Users/user/output/deepseek-v4����/fastllm-master/include\fastllm.h(927): error: variable "fastllm::Data" is not a type name

C:/Users/user/output/deepseek-v4����/fastllm-master/include\fastllm.h(927): error: type name is not allowed

C:/Users/user/output/deepseek-v4����/fastllm-master/include\fastllm.h(927): error: identifier "penalty" is undefined

C:/Users/user/output/deepseek-v4����/fastllm-master/include\fastllm.h(927): error: variable "fastllm::Data" is not a type name

C:/Users/user/output/deepseek-v4����/fastllm-master/include\fastllm.h(927): error: type name is not allowed

C:/Users/user/output/deepseek-v4����/fastllm-master/include\fastllm.h(927): error: identifier "penaltyScale" is undefined

C:/Users/user/output/deepseek-v4����/fastllm-master/include\fastllm.h(929): error: incomplete type is not allowed

C:/Users/user/output/deepseek-v4����/fastllm-master/include\fastllm.h(929): error: variable "fastllm::Data" is not a type name

C:/Users/user/output/deepseek-v4����/fastllm-master/include\fastllm.h(929): error: type name is not allowed

C:/Users/user/output/deepseek-v4����/fastllm-master/include\fastllm.h(929): error: identifier "lognAttn" is undefined

C:/Users/user/output/deepseek-v4����/fastllm-master/include\fastllm.h(929): error: variable "fastllm::Data" is not a type name

C:/Users/user/output/deepseek-v4����/fastllm-master/include\fastllm.h(929): error: type name is not allowed

C:/Users/user/output/deepseek-v4����/fastllm-master/include\fastllm.h(931): error: incomplete type is not allowed

C:/Users/user/output/deepseek-v4����/fastllm-master/include\fastllm.h(933): error: incomplete type is not allowed

C:/Users/user/output/deepseek-v4����/fastllm-master/include\fastllm.h(933): error: identifier "output" is undefined

C:/Users/user/output/deepseek-v4����/fastllm-master/include\fastllm.h(935): error: incomplete type is not allowed

C:/Users/user/output/deepseek-v4����/fastllm-master/include\fastllm.h(935): error: variable "fastllm::Data" is not a type name

C:/Users/user/output/deepseek-v4����/fastllm-master/include\fastllm.h(935): error: type name is not allowed

C:/Users/user/output/deepseek-v4����/fastllm-master/include\fastllm.h(935): error: identifier "g" is undefined

C:/Users/user/output/deepseek-v4����/fastllm-master/include\fastllm.h(937): error: variable "fastllm::Data" is not a type name

C:/Users/user/output/deepseek-v4����/fastllm-master/include\fastllm.h(937): error: variable "fastllm::Data" is not a type name

C:/Users/user/output/deepseek-v4����/fastllm-master/include\fastllm.h(939): error: variable "fastllm::Data" is not a type name

C:/Users/user/output/deepseek-v4����/fastllm-master/include\fastllm.h(939): error: variable "fastllm::Data" is not a type name

C:/Users/user/output/deepseek-v4����/fastllm-master/include\fastllm.h(940): error: variable "fastllm::Data" is not a type name

C:/Users/user/output/deepseek-v4����/fastllm-master/include\fastllm.h(940): error: variable "fastllm::Data" is not a type name

C:/Users/user/output/deepseek-v4����/fastllm-master/include\fastllm.h(941): error: variable "fastllm::Data" is not a type name

C:/Users/user/output/deepseek-v4����/fastllm-master/include\fastllm.h(941): error: variable "fastllm::Data" is not a type name

C:/Users/user/output/deepseek-v4����/fastllm-master/include\fastllm.h(941): error: variable "fastllm::Data" is not a type name

C:/Users/user/output/deepseek-v4����/fastllm-master/include\fastllm.h(943): error: variable "fastllm::Data" is not a type name

C:/Users/user/output/deepseek-v4����/fastllm-master/include\fastllm.h(943): error: variable "fastllm::Data" is not a type name

C:/Users/user/output/deepseek-v4����/fastllm-master/include\fastllm.h(943): error: variable "fastllm::Data" is not a type name

C:/Users/user/output/deepseek-v4����/fastllm-master/include\fastllm.h(945): error: variable "fastllm::Data" is not a type name

C:/Users/user/output/deepseek-v4����/fastllm-master/include\fastllm.h(945): error: variable "fastllm::Data" is not a type name

C:/Users/user/output/deepseek-v4����/fastllm-master/include\fastllm.h(947): error: variable "fastllm::Data" is not a type name

C:/Users/user/output/deepseek-v4����/fastllm-master/include\fastllm.h(947): error: variable "fastllm::Data" is not a type name

C:/Users/user/output/deepseek-v4����/fastllm-master/include\fastllm.h(949): error: variable "fastllm::Data" is not a type name

C:/Users/user/output/deepseek-v4����/fastllm-master/include\fastllm.h(949): error: variable "fastllm::Data" is not a type name

C:/Users/user/output/deepseek-v4����/fastllm-master/include\fastllm.h(951): error: incomplete type is not allowed

C:/Users/user/output/deepseek-v4����/fastllm-master/include\fastllm.h(951): error: identifier "weight" is undefined

C:/Users/user/output/deepseek-v4����/fastllm-master/include\fastllm.h(951): error: identifier "loraA" is undefined

C:/Users/user/output/deepseek-v4����/fastllm-master/include\fastllm.h(951): error: identifier "loraB" is undefined

C:/Users/user/output/deepseek-v4����/fastllm-master/include\fastllm.h(951): error: variable "fastllm::Data" is not a type name

C:/Users/user/output/deepseek-v4����/fastllm-master/include\fastllm.h(951): error: type name is not allowed

C:/Users/user/output/deepseek-v4����/fastllm-master/include\fastllm.h(951): error: identifier "bias" is undefined

C:/Users/user/output/deepseek-v4����/fastllm-master/include\fastllm.h(952): error: type name is not allowed

C:/Users/user/output/deepseek-v4����/fastllm-master/include\fastllm.h(952): error: expected a ")"

C:/Users/user/output/deepseek-v4����/fastllm-master/include\fastllm.h(954): error: incomplete type is not allowed

C:/Users/user/output/deepseek-v4����/fastllm-master/include\fastllm.h(954): error: identifier "ia3_l" is undefined

C:/Users/user/output/deepseek-v4����/fastllm-master/include\fastllm.h(955): error: type name is not allowed

C:/Users/user/output/deepseek-v4����/fastllm-master/include\fastllm.h(955): error: expected a ")"

C:/Users/user/output/deepseek-v4����/fastllm-master/include\fastllm.h(959): error: variable "fastllm::Data" is not a type name

C:/Users/user/output/deepseek-v4����/fastllm-master/include\fastllm.h(967): error: variable "fastllm::Data" is not a type name

C:/Users/user/output/deepseek-v4����/fastllm-master/include\fastllm.h(967): error: variable "fastllm::Data" is not a type name

C:/Users/user/output/deepseek-v4����/fastllm-master/include\fastllm.h(975): error: variable "fastllm::Data" is not a type name

C:/Users/user/output/deepseek-v4����/fastllm-master/include\fastllm.h(976): error: variable "fastllm::Data" is not a type name

C:/Users/user/output/deepseek-v4����/fastllm-master/include\fastllm.h(976): error: variable "fastllm::Data" is not a type name

C:/Users/user/output/deepseek-v4����/fastllm-master/include\fastllm.h(984): error: variable "fastllm::Data" is not a type name

C:/Users/user/output/deepseek-v4����/fastllm-master/include\fastllm.h(984): error: variable "fastllm::Data" is not a type name

C:/Users/user/output/deepseek-v4����/fastllm-master/include\fastllm.h(985): error: variable "fastllm::Data" is not a type name

C:/Users/user/output/deepseek-v4����/fastllm-master/include\fastllm.h(985): error: variable "fastllm::Data" is not a type name

C:/Users/user/output/deepseek-v4����/fastllm-master/include\fastllm.h(987): error: variable "fastllm::Data" is not a type name

C:/Users/user/output/deepseek-v4����/fastllm-master/include\fastllm.h(987): error: variable "fastllm::Data" is not a type name

C:/Users/user/output/deepseek-v4����/fastllm-master/include\fastllm.h(987): error: variable "fastllm::Data" is not a type name

C:/Users/user/output/deepseek-v4����/fastllm-master/include\fastllm.h(987): error: variable "fastllm::Data" is not a type name

C:/Users/user/output/deepseek-v4����/fastllm-master/include\fastllm.h(995): error: variable "fastllm::Data" is not a type name

C:/Users/user/output/deepseek-v4����/fastllm-master/include\fastllm.h(995): error: variable "fastllm::Data" is not a type name

C:/Users/user/output/deepseek-v4����/fastllm-master/include\fastllm.h(995): error: variable "fastllm::Data" is not a type name

C:/Users/user/output/deepseek-v4����/fastllm-master/include\fastllm.h(996): error: variable "fastllm::Data" is not a type name

C:/Users/user/output/deepseek-v4����/fastllm-master/include\fastllm.h(996): error: variable "fastllm::Data" is not a type name

C:/Users/user/output/deepseek-v4����/fastllm-master/include\fastllm.h(996): error: variable "fastllm::Data" is not a type name

C:/Users/user/output/deepseek-v4����/fastllm-master/include\fastllm.h(996): error: variable "fastllm::Data" is not a type name

C:/Users/user/output/deepseek-v4����/fastllm-master/include\fastllm.h(997): error: variable "fastllm::Data" is not a type name

C:/Users/user/output/deepseek-v4����/fastllm-master/include\fastllm.h(1004): error: variable "fastllm::Data" has already been defined

C:/Users/user/output/deepseek-v4����/fastllm-master/include\fastllm.h(1004): error: expected a ";"

C:/Users/user/output/deepseek-v4����/fastllm-master/include/devices/cuda\fastllm-cuda.cuh(85): error: variable "fastllm::Data" is not a type name

C:/Users/user/output/deepseek-v4����/fastllm-master/include/devices/cuda\fastllm-cuda.cuh(86): error: identifier "output" is undefined

C:/Users/user/output/deepseek-v4����/fastllm-master/include/devices/cuda\fastllm-cuda.cuh(87): error: variable "fastllm::Data" is not a type name

C:/Users/user/output/deepseek-v4����/fastllm-master/include/devices/cuda\fastllm-cuda.cuh(88): error: incomplete type is not allowed

C:/Users/user/output/deepseek-v4����/fastllm-master/include/devices/cuda\fastllm-cuda.cuh(88): error: type name is not allowed

C:/Users/user/output/deepseek-v4����/fastllm-master/include/devices/cuda\fastllm-cuda.cuh(88): error: identifier "data" is undefined

C:/Users/user/output/deepseek-v4����/fastllm-master/include/devices/cuda\fastllm-cuda.cuh(164): error: variable "fastllm::Data" is not a type name

C:/Users/user/output/deepseek-v4����/fastllm-master/include/devices/cuda\fastllm-cuda.cuh(164): error: variable "fastllm::Data" is not a type name

C:/Users/user/output/deepseek-v4����/fastllm-master/include/devices/cuda\fastllm-cuda.cuh(164): error: variable "fastllm::Data" is not a type name

C:/Users/user/output/deepseek-v4����/fastllm-master/include/devices/cuda\fastllm-cuda.cuh(164): error: variable "fastllm::Data" is not a type name

C:/Users/user/output/deepseek-v4����/fastllm-master/include/devices/cuda\fastllm-cuda.cuh(165): error: variable "fastllm::Data" is not a type name

C:/Users/user/output/deepseek-v4����/fastllm-master/include/devices/cuda\fastllm-cuda.cuh(165): error: variable "fastllm::Data" is not a type name

C:/Users/user/output/deepseek-v4����/fastllm-master/include/devices/cuda\fastllm-cuda.cuh(167): error: variable "fastllm::Data" is not a type name

C:/Users/user/output/deepseek-v4����/fastllm-master/include/devices/cuda\fastllm-cuda.cuh(167): error: variable "fastllm::Data" is not a type name

C:/Users/user/output/deepseek-v4����/fastllm-master/include/devices/cuda\fastllm-cuda.cuh(167): error: variable "fastllm::Data" is not a type name

C:/Users/user/output/deepseek-v4����/fastllm-master/include/devices/cuda\fastllm-cuda.cuh(167): error: variable "fastllm::Data" is not a type name

C:/Users/user/output/deepseek-v4����/fastllm-master/include/devices/cuda\fastllm-cuda.cuh(168): error: variable "fastllm::Data" is not a type name

C:/Users/user/output/deepseek-v4����/fastllm-master/include/devices/cuda\fastllm-cuda.cuh(170): error: variable "fastllm::Data" is not a type name

C:/Users/user/output/deepseek-v4����/fastllm-master/include/devices/cuda\fastllm-cuda.cuh(170): error: variable "fastllm::Data" is not a type name

Error limit reached.
100 errors detected in the compilation of "C:/Users/user/output/deepseek-v42?��e/fastllm-master/src/devices/cuda/fastllm-ggml-cuda.cu".
Compilation terminated.
fastllm-ggml-cuda.cu
ninja: build stopped: subcommand failed.
