**********************************************************************
** Visual Studio 2022 Developer Command Prompt v17.14.31
** Copyright (c) 2025 Microsoft Corporation
**********************************************************************
CMake Deprecation Warning at CMakeLists.txt:1 (cmake_minimum_required):
  Compatibility with CMake < 3.10 will be removed from a future version of
  CMake.

  Update the VERSION argument <min> value.  Or, use the <min>...<max> syntax
  to tell CMake that the project requires at least <min> but has been updated
  to work with policies introduced by <max> or earlier.


-- USE_NUMAS: OFF
-- USE_CUDA: ON
-- USE_ROCM: OFF
-- CUDA_ARCH: 86
-- USE_TFACC: OFF
-- For legacy CUDA GPUs: OFF
-- CUDA_MEM_DEBUG: OFF
-- PYTHON_API: OFF
-- BUILD_CLI: OFF
-- USE_SENTENCEPIECE: OFF
-- USE_IVCOREX: OFF
-- MAKE_WHL_X86: 
-- CMAKE_CXX_FLAGS: /DWIN32 /D_WINDOWS /W3 /GR /EHsc -DNOMINMAX /std:c++17 /arch:AVX2 /source-charset:utf-8
-- CUDA20 is unavailable for this CMake/NVCC combination, falling back to CUDA17
-- Configuring done (0.0s)
-- Generating done (0.1s)
-- Build files have been written to: C:/Users/user/output/deepseek-v4部署/fastllm-master/build-cuda-ninja
[1/76] Building CXX object CMakeFiles\fastllm_tools.dir\src\devices\cpu\cpudevicebatch.cpp.obj
FAILED: [code=2] CMakeFiles/fastllm_tools.dir/src/devices/cpu/cpudevicebatch.cpp.obj 
"C:\PROGRA~2\Microsoft Visual Studio\2022\BuildTools\VC\Tools\MSVC\14.44.35207\bin\Hostx64\x64\cl.exe"  /nologo /TP -DUSE_CUDA -Dfastllm_tools_EXPORTS -IC:\Users\user\output\deepseek-v4部署\fastllm-master\include -IC:\Users\user\output\deepseek-v4部署\fastllm-master\include\utils -IC:\Users\user\output\deepseek-v4部署\fastllm-master\include\models -IC:\Users\user\output\deepseek-v4部署\fastllm-master\include\blocks -IC:\Users\user\output\deepseek-v4部署\fastllm-master\include\devices\cpu -IC:\Users\user\output\deepseek-v4部署\fastllm-master\include\devices\disk -IC:\Users\user\output\deepseek-v4部署\fastllm-master\third_party\json11 -IC:\Users\user\output\deepseek-v4部署\fastllm-master\third_party\gguf -IC:\Users\user\output\deepseek-v4部署\fastllm-master\third_party\flashinfer -IC:\Users\user\output\deepseek-v4部署\fastllm-master\include\devices\cuda -IC:\Users\user\output\deepseek-v4部署\fastllm-master\include\devices\multicuda /DWIN32 /D_WINDOWS /W3 /GR /EHsc -DNOMINMAX /std:c++17 /arch:AVX2 /source-charset:utf-8 /MD /O2 /Ob1 /Gy /DNDEBUG /showIncludes /FoCMakeFiles\fastllm_tools.dir\src\devices\cpu\cpudevicebatch.cpp.obj /FdCMakeFiles\fastllm_tools.dir\ /FS -c C:\Users\user\output\deepseek-v4部署\fastllm-master\src\devices\cpu\cpudevicebatch.cpp
注意: 包含文件:  C:\Users\user\output\deepseek-v4部署\fastllm-master\include\devices/cpu/cpudevice.h
注意: 包含文件:   C:\Users\user\output\deepseek-v4部署\fastllm-master\include\device.h
注意: 包含文件:    C:\Users\user\output\deepseek-v4部署\fastllm-master\include\fastllm.h
注意: 包含文件:     C:\Program Files (x86)\Microsoft Visual Studio\2022\BuildTools\VC\Tools\MSVC\14.44.35207\include\vector
注意: 包含文件:      C:\Program Files (x86)\Microsoft Visual Studio\2022\BuildTools\VC\Tools\MSVC\14.44.35207\include\yvals_core.h
注意: 包含文件:       C:\Program Files (x86)\Microsoft Visual Studio\2022\BuildTools\VC\Tools\MSVC\14.44.35207\include\vcruntime.h
注意: 包含文件:        C:\Program Files (x86)\Microsoft Visual Studio\2022\BuildTools\VC\Tools\MSVC\14.44.35207\include\sal.h
注意: 包含文件:         C:\Program Files (x86)\Microsoft Visual Studio\2022\BuildTools\VC\Tools\MSVC\14.44.35207\include\concurrencysal.h
注意: 包含文件:        C:\Program Files (x86)\Microsoft Visual Studio\2022\BuildTools\VC\Tools\MSVC\14.44.35207\include\vadefs.h
注意: 包含文件:       C:\Program Files (x86)\Microsoft Visual Studio\2022\BuildTools\VC\Tools\MSVC\14.44.35207\include\xkeycheck.h
注意: 包含文件:      C:\Program Files (x86)\Microsoft Visual Studio\2022\BuildTools\VC\Tools\MSVC\14.44.35207\include\__msvc_bit_utils.hpp
注意: 包含文件:       C:\Program Files (x86)\Microsoft Visual Studio\2022\BuildTools\VC\Tools\MSVC\14.44.35207\include\climits
注意: 包含文件:        C:\Program Files (x86)\Microsoft Visual Studio\2022\BuildTools\VC\Tools\MSVC\14.44.35207\include\limits.h
注意: 包含文件:       C:\Program Files (x86)\Microsoft Visual Studio\2022\BuildTools\VC\Tools\MSVC\14.44.35207\include\xtr1common
注意: 包含文件:       C:\Program Files (x86)\Microsoft Visual Studio\2022\BuildTools\VC\Tools\MSVC\14.44.35207\include\intrin0.h
注意: 包含文件:        C:\Program Files (x86)\Microsoft Visual Studio\2022\BuildTools\VC\Tools\MSVC\14.44.35207\include\intrin0.inl.h
注意: 包含文件:      C:\Program Files (x86)\Microsoft Visual Studio\2022\BuildTools\VC\Tools\MSVC\14.44.35207\include\__msvc_sanitizer_annotate_container.hpp
注意: 包含文件:      C:\Program Files (x86)\Microsoft Visual Studio\2022\BuildTools\VC\Tools\MSVC\14.44.35207\include\xmemory
注意: 包含文件:       C:\Program Files (x86)\Microsoft Visual Studio\2022\BuildTools\VC\Tools\MSVC\14.44.35207\include\cstdint
注意: 包含文件:        C:\Program Files (x86)\Microsoft Visual Studio\2022\BuildTools\VC\Tools\MSVC\14.44.35207\include\stdint.h
注意: 包含文件:       C:\Program Files (x86)\Microsoft Visual Studio\2022\BuildTools\VC\Tools\MSVC\14.44.35207\include\cstdlib
注意: 包含文件:        C:\Program Files (x86)\Windows Kits\10\include\10.0.26100.0\ucrt\math.h
注意: 包含文件:         C:\Program Files (x86)\Windows Kits\10\include\10.0.26100.0\ucrt\corecrt_math.h
注意: 包含文件:          C:\Program Files (x86)\Windows Kits\10\include\10.0.26100.0\ucrt\corecrt.h
注意: 包含文件:         C:\Program Files (x86)\Windows Kits\10\include\10.0.26100.0\ucrt\corecrt_math_defines.h
注意: 包含文件:        C:\Program Files (x86)\Windows Kits\10\include\10.0.26100.0\ucrt\stdlib.h
注意: 包含文件:         C:\Program Files (x86)\Windows Kits\10\include\10.0.26100.0\ucrt\corecrt_malloc.h
注意: 包含文件:         C:\Program Files (x86)\Windows Kits\10\include\10.0.26100.0\ucrt\corecrt_search.h
注意: 包含文件:          C:\Program Files (x86)\Windows Kits\10\include\10.0.26100.0\ucrt\stddef.h
注意: 包含文件:         C:\Program Files (x86)\Windows Kits\10\include\10.0.26100.0\ucrt\corecrt_wstdlib.h
注意: 包含文件:       C:\Program Files (x86)\Microsoft Visual Studio\2022\BuildTools\VC\Tools\MSVC\14.44.35207\include\limits
注意: 包含文件:        C:\Program Files (x86)\Microsoft Visual Studio\2022\BuildTools\VC\Tools\MSVC\14.44.35207\include\cfloat
注意: 包含文件:         C:\Program Files (x86)\Windows Kits\10\include\10.0.26100.0\ucrt\float.h
注意: 包含文件:        C:\Program Files (x86)\Microsoft Visual Studio\2022\BuildTools\VC\Tools\MSVC\14.44.35207\include\cwchar
注意: 包含文件:         C:\Program Files (x86)\Microsoft Visual Studio\2022\BuildTools\VC\Tools\MSVC\14.44.35207\include\cstdio
注意: 包含文件:          C:\Program Files (x86)\Windows Kits\10\include\10.0.26100.0\ucrt\stdio.h
注意: 包含文件:           C:\Program Files (x86)\Windows Kits\10\include\10.0.26100.0\ucrt\corecrt_wstdio.h
注意: 包含文件:            C:\Program Files (x86)\Windows Kits\10\include\10.0.26100.0\ucrt\corecrt_stdio_config.h
注意: 包含文件:         C:\Program Files (x86)\Windows Kits\10\include\10.0.26100.0\ucrt\wchar.h
注意: 包含文件:          C:\Program Files (x86)\Windows Kits\10\include\10.0.26100.0\ucrt\corecrt_memcpy_s.h
注意: 包含文件:           C:\Program Files (x86)\Windows Kits\10\include\10.0.26100.0\ucrt\errno.h
注意: 包含文件:           C:\Program Files (x86)\Microsoft Visual Studio\2022\BuildTools\VC\Tools\MSVC\14.44.35207\include\vcruntime_string.h
注意: 包含文件:          C:\Program Files (x86)\Windows Kits\10\include\10.0.26100.0\ucrt\corecrt_wconio.h
注意: 包含文件:          C:\Program Files (x86)\Windows Kits\10\include\10.0.26100.0\ucrt\corecrt_wctype.h
注意: 包含文件:          C:\Program Files (x86)\Windows Kits\10\include\10.0.26100.0\ucrt\corecrt_wdirect.h
注意: 包含文件:          C:\Program Files (x86)\Windows Kits\10\include\10.0.26100.0\ucrt\corecrt_wio.h
注意: 包含文件:           C:\Program Files (x86)\Windows Kits\10\include\10.0.26100.0\ucrt\corecrt_share.h
注意: 包含文件:          C:\Program Files (x86)\Windows Kits\10\include\10.0.26100.0\ucrt\corecrt_wprocess.h
注意: 包含文件:          C:\Program Files (x86)\Windows Kits\10\include\10.0.26100.0\ucrt\corecrt_wstring.h
注意: 包含文件:          C:\Program Files (x86)\Windows Kits\10\include\10.0.26100.0\ucrt\corecrt_wtime.h
注意: 包含文件:          C:\Program Files (x86)\Windows Kits\10\include\10.0.26100.0\ucrt\sys/stat.h
注意: 包含文件:           C:\Program Files (x86)\Windows Kits\10\include\10.0.26100.0\ucrt\sys/types.h
注意: 包含文件:          C:\Program Files (x86)\Microsoft Visual Studio\2022\BuildTools\VC\Tools\MSVC\14.44.35207\include\intrin.h
注意: 包含文件:           C:\Program Files (x86)\Microsoft Visual Studio\2022\BuildTools\VC\Tools\MSVC\14.44.35207\include\setjmp.h
注意: 包含文件:           C:\Program Files (x86)\Microsoft Visual Studio\2022\BuildTools\VC\Tools\MSVC\14.44.35207\include\immintrin.h
注意: 包含文件:            C:\Program Files (x86)\Microsoft Visual Studio\2022\BuildTools\VC\Tools\MSVC\14.44.35207\include\wmmintrin.h
注意: 包含文件:             C:\Program Files (x86)\Microsoft Visual Studio\2022\BuildTools\VC\Tools\MSVC\14.44.35207\include\nmmintrin.h
注意: 包含文件:              C:\Program Files (x86)\Microsoft Visual Studio\2022\BuildTools\VC\Tools\MSVC\14.44.35207\include\smmintrin.h
注意: 包含文件:               C:\Program Files (x86)\Microsoft Visual Studio\2022\BuildTools\VC\Tools\MSVC\14.44.35207\include\tmmintrin.h
注意: 包含文件:                C:\Program Files (x86)\Microsoft Visual Studio\2022\BuildTools\VC\Tools\MSVC\14.44.35207\include\pmmintrin.h
注意: 包含文件:                 C:\Program Files (x86)\Microsoft Visual Studio\2022\BuildTools\VC\Tools\MSVC\14.44.35207\include\emmintrin.h
注意: 包含文件:                  C:\Program Files (x86)\Microsoft Visual Studio\2022\BuildTools\VC\Tools\MSVC\14.44.35207\include\xmmintrin.h
注意: 包含文件:                   C:\Program Files (x86)\Microsoft Visual Studio\2022\BuildTools\VC\Tools\MSVC\14.44.35207\include\mmintrin.h
注意: 包含文件:                   C:\Program Files (x86)\Windows Kits\10\include\10.0.26100.0\ucrt\malloc.h
注意: 包含文件:            C:\Program Files (x86)\Microsoft Visual Studio\2022\BuildTools\VC\Tools\MSVC\14.44.35207\include\zmmintrin.h
注意: 包含文件:           C:\Program Files (x86)\Microsoft Visual Studio\2022\BuildTools\VC\Tools\MSVC\14.44.35207\include\ammintrin.h
注意: 包含文件:       C:\Program Files (x86)\Microsoft Visual Studio\2022\BuildTools\VC\Tools\MSVC\14.44.35207\include\new
注意: 包含文件:        C:\Program Files (x86)\Microsoft Visual Studio\2022\BuildTools\VC\Tools\MSVC\14.44.35207\include\exception
注意: 包含文件:         C:\Program Files (x86)\Microsoft Visual Studio\2022\BuildTools\VC\Tools\MSVC\14.44.35207\include\yvals.h
注意: 包含文件:          C:\Program Files (x86)\Windows Kits\10\include\10.0.26100.0\ucrt\crtdbg.h
注意: 包含文件:           C:\Program Files (x86)\Microsoft Visual Studio\2022\BuildTools\VC\Tools\MSVC\14.44.35207\include\vcruntime_new_debug.h
注意: 包含文件:            C:\Program Files (x86)\Microsoft Visual Studio\2022\BuildTools\VC\Tools\MSVC\14.44.35207\include\vcruntime_new.h
注意: 包含文件:          C:\Program Files (x86)\Microsoft Visual Studio\2022\BuildTools\VC\Tools\MSVC\14.44.35207\include\crtdefs.h
注意: 包含文件:          C:\Program Files (x86)\Microsoft Visual Studio\2022\BuildTools\VC\Tools\MSVC\14.44.35207\include\use_ansi.h
注意: 包含文件:         C:\Program Files (x86)\Microsoft Visual Studio\2022\BuildTools\VC\Tools\MSVC\14.44.35207\include\type_traits
注意: 包含文件:          C:\Program Files (x86)\Microsoft Visual Studio\2022\BuildTools\VC\Tools\MSVC\14.44.35207\include\cstddef
注意: 包含文件:          C:\Program Files (x86)\Microsoft Visual Studio\2022\BuildTools\VC\Tools\MSVC\14.44.35207\include\cstring
注意: 包含文件:           C:\Program Files (x86)\Windows Kits\10\include\10.0.26100.0\ucrt\string.h
注意: 包含文件:            C:\Program Files (x86)\Windows Kits\10\include\10.0.26100.0\ucrt\corecrt_memory.h
注意: 包含文件:         C:\Program Files (x86)\Microsoft Visual Studio\2022\BuildTools\VC\Tools\MSVC\14.44.35207\include\vcruntime_exception.h
注意: 包含文件:          C:\Program Files (x86)\Microsoft Visual Studio\2022\BuildTools\VC\Tools\MSVC\14.44.35207\include\eh.h
注意: 包含文件:           C:\Program Files (x86)\Windows Kits\10\include\10.0.26100.0\ucrt\corecrt_terminate.h
注意: 包含文件:       C:\Program Files (x86)\Microsoft Visual Studio\2022\BuildTools\VC\Tools\MSVC\14.44.35207\include\xatomic.h
注意: 包含文件:       C:\Program Files (x86)\Microsoft Visual Studio\2022\BuildTools\VC\Tools\MSVC\14.44.35207\include\xutility
注意: 包含文件:        C:\Program Files (x86)\Microsoft Visual Studio\2022\BuildTools\VC\Tools\MSVC\14.44.35207\include\__msvc_iter_core.hpp
注意: 包含文件:         C:\Program Files (x86)\Microsoft Visual Studio\2022\BuildTools\VC\Tools\MSVC\14.44.35207\include\utility
注意: 包含文件:          C:\Program Files (x86)\Microsoft Visual Studio\2022\BuildTools\VC\Tools\MSVC\14.44.35207\include\initializer_list
注意: 包含文件:      C:\Program Files (x86)\Microsoft Visual Studio\2022\BuildTools\VC\Tools\MSVC\14.44.35207\include\xpolymorphic_allocator.h
注意: 包含文件:       C:\Program Files (x86)\Microsoft Visual Studio\2022\BuildTools\VC\Tools\MSVC\14.44.35207\include\tuple
注意: 包含文件:     C:\Program Files (x86)\Microsoft Visual Studio\2022\BuildTools\VC\Tools\MSVC\14.44.35207\include\string
注意: 包含文件:      C:\Program Files (x86)\Microsoft Visual Studio\2022\BuildTools\VC\Tools\MSVC\14.44.35207\include\xstring
注意: 包含文件:       C:\Program Files (x86)\Microsoft Visual Studio\2022\BuildTools\VC\Tools\MSVC\14.44.35207\include\__msvc_string_view.hpp
注意: 包含文件:        C:\Program Files (x86)\Microsoft Visual Studio\2022\BuildTools\VC\Tools\MSVC\14.44.35207\include\iosfwd
注意: 包含文件:      C:\Program Files (x86)\Microsoft Visual Studio\2022\BuildTools\VC\Tools\MSVC\14.44.35207\include\cctype
注意: 包含文件:       C:\Program Files (x86)\Windows Kits\10\include\10.0.26100.0\ucrt\ctype.h
注意: 包含文件:     C:\Program Files (x86)\Microsoft Visual Studio\2022\BuildTools\VC\Tools\MSVC\14.44.35207\include\map
注意: 包含文件:      C:\Program Files (x86)\Microsoft Visual Studio\2022\BuildTools\VC\Tools\MSVC\14.44.35207\include\xtree
注意: 包含文件:       C:\Program Files (x86)\Microsoft Visual Studio\2022\BuildTools\VC\Tools\MSVC\14.44.35207\include\xnode_handle.h
注意: 包含文件:     C:\Program Files (x86)\Microsoft Visual Studio\2022\BuildTools\VC\Tools\MSVC\14.44.35207\include\set
注意: 包含文件:     C:\Program Files (x86)\Microsoft Visual Studio\2022\BuildTools\VC\Tools\MSVC\14.44.35207\include\queue
注意: 包含文件:      C:\Program Files (x86)\Microsoft Visual Studio\2022\BuildTools\VC\Tools\MSVC\14.44.35207\include\__msvc_heap_algorithms.hpp
注意: 包含文件:      C:\Program Files (x86)\Microsoft Visual Studio\2022\BuildTools\VC\Tools\MSVC\14.44.35207\include\deque
注意: 包含文件:     C:\Program Files (x86)\Microsoft Visual Studio\2022\BuildTools\VC\Tools\MSVC\14.44.35207\include\unordered_map
注意: 包含文件:      C:\Program Files (x86)\Microsoft Visual Studio\2022\BuildTools\VC\Tools\MSVC\14.44.35207\include\xhash
注意: 包含文件:       C:\Program Files (x86)\Microsoft Visual Studio\2022\BuildTools\VC\Tools\MSVC\14.44.35207\include\cmath
注意: 包含文件:       C:\Program Files (x86)\Microsoft Visual Studio\2022\BuildTools\VC\Tools\MSVC\14.44.35207\include\list
注意: 包含文件:       C:\Program Files (x86)\Microsoft Visual Studio\2022\BuildTools\VC\Tools\MSVC\14.44.35207\include\xbit_ops.h
注意: 包含文件:     C:\Program Files (x86)\Microsoft Visual Studio\2022\BuildTools\VC\Tools\MSVC\14.44.35207\include\unordered_set
注意: 包含文件:     C:\Program Files (x86)\Microsoft Visual Studio\2022\BuildTools\VC\Tools\MSVC\14.44.35207\include\algorithm
注意: 包含文件:      C:\Program Files (x86)\Microsoft Visual Studio\2022\BuildTools\VC\Tools\MSVC\14.44.35207\include\__msvc_minmax.hpp
注意: 包含文件:     C:\Program Files (x86)\Microsoft Visual Studio\2022\BuildTools\VC\Tools\MSVC\14.44.35207\include\iostream
注意: 包含文件:      C:\Program Files (x86)\Microsoft Visual Studio\2022\BuildTools\VC\Tools\MSVC\14.44.35207\include\istream
注意: 包含文件:       C:\Program Files (x86)\Microsoft Visual Studio\2022\BuildTools\VC\Tools\MSVC\14.44.35207\include\__msvc_ostream.hpp
注意: 包含文件:        C:\Program Files (x86)\Microsoft Visual Studio\2022\BuildTools\VC\Tools\MSVC\14.44.35207\include\ios
注意: 包含文件:         C:\Program Files (x86)\Microsoft Visual Studio\2022\BuildTools\VC\Tools\MSVC\14.44.35207\include\xlocnum
注意: 包含文件:          C:\Program Files (x86)\Microsoft Visual Studio\2022\BuildTools\VC\Tools\MSVC\14.44.35207\include\iterator
注意: 包含文件:          C:\Program Files (x86)\Microsoft Visual Studio\2022\BuildTools\VC\Tools\MSVC\14.44.35207\include\streambuf
注意: 包含文件:           C:\Program Files (x86)\Microsoft Visual Studio\2022\BuildTools\VC\Tools\MSVC\14.44.35207\include\xiosbase
注意: 包含文件:            C:\Program Files (x86)\Windows Kits\10\include\10.0.26100.0\ucrt\share.h
注意: 包含文件:            C:\Program Files (x86)\Microsoft Visual Studio\2022\BuildTools\VC\Tools\MSVC\14.44.35207\include\system_error
注意: 包含文件:             C:\Program Files (x86)\Microsoft Visual Studio\2022\BuildTools\VC\Tools\MSVC\14.44.35207\include\__msvc_system_error_abi.hpp
注意: 包含文件:             C:\Program Files (x86)\Microsoft Visual Studio\2022\BuildTools\VC\Tools\MSVC\14.44.35207\include\cerrno
注意: 包含文件:             C:\Program Files (x86)\Microsoft Visual Studio\2022\BuildTools\VC\Tools\MSVC\14.44.35207\include\stdexcept
注意: 包含文件:             C:\Program Files (x86)\Microsoft Visual Studio\2022\BuildTools\VC\Tools\MSVC\14.44.35207\include\xcall_once.h
注意: 包含文件:             C:\Program Files (x86)\Microsoft Visual Studio\2022\BuildTools\VC\Tools\MSVC\14.44.35207\include\xerrc.h
注意: 包含文件:             C:\Program Files (x86)\Microsoft Visual Studio\2022\BuildTools\VC\Tools\MSVC\14.44.35207\include\atomic
注意: 包含文件:              C:\Program Files (x86)\Microsoft Visual Studio\2022\BuildTools\VC\Tools\MSVC\14.44.35207\include\xthreads.h
注意: 包含文件:               C:\Program Files (x86)\Microsoft Visual Studio\2022\BuildTools\VC\Tools\MSVC\14.44.35207\include\__msvc_threads_core.hpp
注意: 包含文件:               C:\Program Files (x86)\Microsoft Visual Studio\2022\BuildTools\VC\Tools\MSVC\14.44.35207\include\xtimec.h
注意: 包含文件:                C:\Program Files (x86)\Microsoft Visual Studio\2022\BuildTools\VC\Tools\MSVC\14.44.35207\include\ctime
注意: 包含文件:                 C:\Program Files (x86)\Windows Kits\10\include\10.0.26100.0\ucrt\time.h
注意: 包含文件:            C:\Program Files (x86)\Microsoft Visual Studio\2022\BuildTools\VC\Tools\MSVC\14.44.35207\include\xlocale
注意: 包含文件:             C:\Program Files (x86)\Microsoft Visual Studio\2022\BuildTools\VC\Tools\MSVC\14.44.35207\include\memory
注意: 包含文件:              C:\Program Files (x86)\Microsoft Visual Studio\2022\BuildTools\VC\Tools\MSVC\14.44.35207\include\typeinfo
注意: 包含文件:               C:\Program Files (x86)\Microsoft Visual Studio\2022\BuildTools\VC\Tools\MSVC\14.44.35207\include\vcruntime_typeinfo.h
注意: 包含文件:             C:\Program Files (x86)\Microsoft Visual Studio\2022\BuildTools\VC\Tools\MSVC\14.44.35207\include\xfacet
注意: 包含文件:             C:\Program Files (x86)\Microsoft Visual Studio\2022\BuildTools\VC\Tools\MSVC\14.44.35207\include\xlocinfo
注意: 包含文件:              C:\Program Files (x86)\Microsoft Visual Studio\2022\BuildTools\VC\Tools\MSVC\14.44.35207\include\__msvc_xlocinfo_types.hpp
注意: 包含文件:              C:\Program Files (x86)\Microsoft Visual Studio\2022\BuildTools\VC\Tools\MSVC\14.44.35207\include\clocale
注意: 包含文件:               C:\Program Files (x86)\Windows Kits\10\include\10.0.26100.0\ucrt\locale.h
注意: 包含文件:      C:\Program Files (x86)\Microsoft Visual Studio\2022\BuildTools\VC\Tools\MSVC\14.44.35207\include\ostream
注意: 包含文件:     C:\Program Files (x86)\Microsoft Visual Studio\2022\BuildTools\VC\Tools\MSVC\14.44.35207\include\functional
注意: 包含文件:     C:\Program Files (x86)\Microsoft Visual Studio\2022\BuildTools\VC\Tools\MSVC\14.44.35207\include\mutex
注意: 包含文件:      C:\Program Files (x86)\Microsoft Visual Studio\2022\BuildTools\VC\Tools\MSVC\14.44.35207\include\__msvc_chrono.hpp
注意: 包含文件:       C:\Program Files (x86)\Microsoft Visual Studio\2022\BuildTools\VC\Tools\MSVC\14.44.35207\include\ratio
注意: 包含文件:      C:\Program Files (x86)\Microsoft Visual Studio\2022\BuildTools\VC\Tools\MSVC\14.44.35207\include\thread
注意: 包含文件:       C:\Program Files (x86)\Windows Kits\10\include\10.0.26100.0\ucrt\process.h
注意: 包含文件:        C:\Program Files (x86)\Windows Kits\10\include\10.0.26100.0\ucrt\corecrt_startup.h
注意: 包含文件:         C:\Program Files (x86)\Windows Kits\10\include\10.0.26100.0\ucrt\math.h
注意: 包含文件:         C:\Program Files (x86)\Microsoft Visual Studio\2022\BuildTools\VC\Tools\MSVC\14.44.35207\include\vcruntime_startup.h
注意: 包含文件:     C:\Program Files (x86)\Microsoft Visual Studio\2022\BuildTools\VC\Tools\MSVC\14.44.35207\include\locale
注意: 包含文件:      C:\Program Files (x86)\Microsoft Visual Studio\2022\BuildTools\VC\Tools\MSVC\14.44.35207\include\xlocbuf
注意: 包含文件:      C:\Program Files (x86)\Microsoft Visual Studio\2022\BuildTools\VC\Tools\MSVC\14.44.35207\include\xlocmes
注意: 包含文件:      C:\Program Files (x86)\Microsoft Visual Studio\2022\BuildTools\VC\Tools\MSVC\14.44.35207\include\xlocmon
注意: 包含文件:      C:\Program Files (x86)\Microsoft Visual Studio\2022\BuildTools\VC\Tools\MSVC\14.44.35207\include\xloctime
注意: 包含文件:     C:\Program Files (x86)\Microsoft Visual Studio\2022\BuildTools\VC\Tools\MSVC\14.44.35207\include\codecvt
注意: 包含文件:     C:\Users\user\output\deepseek-v4部署\fastllm-master\include\devices/cpu/alivethreadpool.h
注意: 包含文件:      C:\Program Files (x86)\Windows Kits\10\\include\10.0.26100.0\\um\Windows.h
注意: 包含文件:       C:\Program Files (x86)\Windows Kits\10\\include\10.0.26100.0\\shared\winapifamily.h
注意: 包含文件:        C:\Program Files (x86)\Windows Kits\10\\include\10.0.26100.0\\shared\winpackagefamily.h
注意: 包含文件:       C:\Program Files (x86)\Windows Kits\10\\include\10.0.26100.0\\shared\sdkddkver.h
注意: 包含文件:       C:\Program Files (x86)\Microsoft Visual Studio\2022\BuildTools\VC\Tools\MSVC\14.44.35207\include\excpt.h
注意: 包含文件:       C:\Program Files (x86)\Microsoft Visual Studio\2022\BuildTools\VC\Tools\MSVC\14.44.35207\include\stdarg.h
注意: 包含文件:       C:\Program Files (x86)\Windows Kits\10\\include\10.0.26100.0\\shared\windef.h
注意: 包含文件:        C:\Program Files (x86)\Windows Kits\10\\include\10.0.26100.0\\shared\minwindef.h
注意: 包含文件:         C:\Program Files (x86)\Windows Kits\10\\include\10.0.26100.0\\shared\specstrings.h
注意: 包含文件:          C:\Program Files (x86)\Windows Kits\10\\include\10.0.26100.0\\shared\specstrings_strict.h
注意: 包含文件:           C:\Program Files (x86)\Windows Kits\10\\include\10.0.26100.0\\shared\specstrings_undef.h
注意: 包含文件:          C:\Program Files (x86)\Windows Kits\10\\include\10.0.26100.0\\shared\driverspecs.h
注意: 包含文件:           C:\Program Files (x86)\Windows Kits\10\include\10.0.26100.0\shared\sdv_driverspecs.h
注意: 包含文件:         C:\Program Files (x86)\Windows Kits\10\\include\10.0.26100.0\\um\winnt.h
注意: 包含文件:          C:\Program Files (x86)\Windows Kits\10\\include\10.0.26100.0\\shared\kernelspecs.h
注意: 包含文件:          C:\Program Files (x86)\Windows Kits\10\\include\10.0.26100.0\\shared\basetsd.h
注意: 包含文件:          C:\Program Files (x86)\Windows Kits\10\\include\10.0.26100.0\\shared\guiddef.h
注意: 包含文件:          C:\Program Files (x86)\Windows Kits\10\include\10.0.26100.0\shared\pshpack4.h
注意: 包含文件:          C:\Program Files (x86)\Windows Kits\10\include\10.0.26100.0\shared\poppack.h
注意: 包含文件:          C:\Program Files (x86)\Windows Kits\10\\include\10.0.26100.0\\shared\pshpack4.h
注意: 包含文件:          C:\Program Files (x86)\Windows Kits\10\\include\10.0.26100.0\\shared\poppack.h
注意: 包含文件:          C:\Program Files (x86)\Windows Kits\10\include\10.0.26100.0\shared\pshpack4.h
注意: 包含文件:          C:\Program Files (x86)\Windows Kits\10\include\10.0.26100.0\shared\pshpack2.h
注意: 包含文件:          C:\Program Files (x86)\Windows Kits\10\include\10.0.26100.0\shared\poppack.h
注意: 包含文件:          C:\Program Files (x86)\Windows Kits\10\include\10.0.26100.0\shared\pshpack2.h
注意: 包含文件:          C:\Program Files (x86)\Windows Kits\10\\include\10.0.26100.0\\shared\pshpack2.h
注意: 包含文件:          C:\Program Files (x86)\Windows Kits\10\\include\10.0.26100.0\\shared\poppack.h
注意: 包含文件:          C:\Program Files (x86)\Windows Kits\10\include\10.0.26100.0\shared\poppack.h
注意: 包含文件:          C:\Program Files (x86)\Windows Kits\10\include\10.0.26100.0\shared\pshpack8.h
注意: 包含文件:          C:\Program Files (x86)\Windows Kits\10\include\10.0.26100.0\shared\poppack.h
注意: 包含文件:          C:\Program Files (x86)\Windows Kits\10\include\10.0.26100.0\shared\pshpack1.h
注意: 包含文件:          C:\Program Files (x86)\Windows Kits\10\include\10.0.26100.0\shared\poppack.h
注意: 包含文件:          C:\Program Files (x86)\Windows Kits\10\include\10.0.26100.0\shared\pshpack1.h
注意: 包含文件:          C:\Program Files (x86)\Windows Kits\10\include\10.0.26100.0\shared\poppack.h
注意: 包含文件:          C:\Program Files (x86)\Windows Kits\10\include\10.0.26100.0\shared\poppack.h
注意: 包含文件:          C:\Program Files (x86)\Windows Kits\10\\include\10.0.26100.0\\shared\apiset.h
注意: 包含文件:          C:\Program Files (x86)\Windows Kits\10\\include\10.0.26100.0\\shared\ktmtypes.h
注意: 包含文件:       C:\Program Files (x86)\Windows Kits\10\\include\10.0.26100.0\\um\winbase.h
注意: 包含文件:        C:\Program Files (x86)\Windows Kits\10\\include\10.0.26100.0\\shared\apisetcconv.h
注意: 包含文件:        C:\Program Files (x86)\Windows Kits\10\\include\10.0.26100.0\\um\minwinbase.h
注意: 包含文件:        C:\Program Files (x86)\Windows Kits\10\\include\10.0.26100.0\\um\apiquery2.h
注意: 包含文件:        C:\Program Files (x86)\Windows Kits\10\\include\10.0.26100.0\\um\processenv.h
注意: 包含文件:        C:\Program Files (x86)\Windows Kits\10\\include\10.0.26100.0\\um\fileapifromapp.h
注意: 包含文件:         C:\Program Files (x86)\Windows Kits\10\\include\10.0.26100.0\\um\fileapi.h
注意: 包含文件:        C:\Program Files (x86)\Windows Kits\10\\include\10.0.26100.0\\um\debugapi.h
注意: 包含文件:        C:\Program Files (x86)\Windows Kits\10\\include\10.0.26100.0\\um\utilapiset.h
注意: 包含文件:        C:\Program Files (x86)\Windows Kits\10\\include\10.0.26100.0\\um\handleapi.h
注意: 包含文件:        C:\Program Files (x86)\Windows Kits\10\\include\10.0.26100.0\\um\errhandlingapi.h
注意: 包含文件:        C:\Program Files (x86)\Windows Kits\10\\include\10.0.26100.0\\um\fibersapi.h
注意: 包含文件:        C:\Program Files (x86)\Windows Kits\10\\include\10.0.26100.0\\um\namedpipeapi.h
注意: 包含文件:        C:\Program Files (x86)\Windows Kits\10\\include\10.0.26100.0\\um\profileapi.h
注意: 包含文件:        C:\Program Files (x86)\Windows Kits\10\\include\10.0.26100.0\\um\heapapi.h
注意: 包含文件:        C:\Program Files (x86)\Windows Kits\10\\include\10.0.26100.0\\um\ioapiset.h
注意: 包含文件:        C:\Program Files (x86)\Windows Kits\10\\include\10.0.26100.0\\um\synchapi.h
注意: 包含文件:        C:\Program Files (x86)\Windows Kits\10\\include\10.0.26100.0\\um\interlockedapi.h
注意: 包含文件:        C:\Program Files (x86)\Windows Kits\10\\include\10.0.26100.0\\um\processthreadsapi.h
注意: 包含文件:        C:\Program Files (x86)\Windows Kits\10\\include\10.0.26100.0\\um\sysinfoapi.h
注意: 包含文件:        C:\Program Files (x86)\Windows Kits\10\\include\10.0.26100.0\\um\memoryapi.h
注意: 包含文件:        C:\Program Files (x86)\Windows Kits\10\\include\10.0.26100.0\\um\enclaveapi.h
注意: 包含文件:        C:\Program Files (x86)\Windows Kits\10\\include\10.0.26100.0\\um\threadpoollegacyapiset.h
注意: 包含文件:        C:\Program Files (x86)\Windows Kits\10\\include\10.0.26100.0\\um\threadpoolapiset.h
注意: 包含文件:        C:\Program Files (x86)\Windows Kits\10\\include\10.0.26100.0\\um\jobapi.h
注意: 包含文件:        C:\Program Files (x86)\Windows Kits\10\\include\10.0.26100.0\\um\jobapi2.h
注意: 包含文件:        C:\Program Files (x86)\Windows Kits\10\\include\10.0.26100.0\\um\wow64apiset.h
注意: 包含文件:        C:\Program Files (x86)\Windows Kits\10\\include\10.0.26100.0\\um\libloaderapi.h
注意: 包含文件:        C:\Program Files (x86)\Windows Kits\10\\include\10.0.26100.0\\um\securitybaseapi.h
注意: 包含文件:        C:\Program Files (x86)\Windows Kits\10\\include\10.0.26100.0\\um\namespaceapi.h
注意: 包含文件:        C:\Program Files (x86)\Windows Kits\10\\include\10.0.26100.0\\um\systemtopologyapi.h
注意: 包含文件:        C:\Program Files (x86)\Windows Kits\10\\include\10.0.26100.0\\um\processtopologyapi.h
注意: 包含文件:        C:\Program Files (x86)\Windows Kits\10\\include\10.0.26100.0\\um\securityappcontainer.h
注意: 包含文件:        C:\Program Files (x86)\Windows Kits\10\\include\10.0.26100.0\\um\realtimeapiset.h
注意: 包含文件:        C:\Program Files (x86)\Windows Kits\10\\include\10.0.26100.0\\shared\winerror.h
注意: 包含文件:        C:\Program Files (x86)\Windows Kits\10\\include\10.0.26100.0\\um\timezoneapi.h
注意: 包含文件:       C:\Program Files (x86)\Windows Kits\10\\include\10.0.26100.0\\um\wingdi.h
注意: 包含文件:        C:\Program Files (x86)\Windows Kits\10\\include\10.0.26100.0\\shared\pshpack1.h
注意: 包含文件:        C:\Program Files (x86)\Windows Kits\10\\include\10.0.26100.0\\shared\poppack.h
注意: 包含文件:        C:\Program Files (x86)\Windows Kits\10\\include\10.0.26100.0\\shared\pshpack2.h
注意: 包含文件:        C:\Program Files (x86)\Windows Kits\10\\include\10.0.26100.0\\shared\poppack.h
注意: 包含文件:        C:\Program Files (x86)\Windows Kits\10\\include\10.0.26100.0\\shared\pshpack2.h
注意: 包含文件:        C:\Program Files (x86)\Windows Kits\10\\include\10.0.26100.0\\shared\poppack.h
注意: 包含文件:        C:\Program Files (x86)\Windows Kits\10\\include\10.0.26100.0\\shared\pshpack4.h
注意: 包含文件:        C:\Program Files (x86)\Windows Kits\10\\include\10.0.26100.0\\shared\poppack.h
注意: 包含文件:        C:\Program Files (x86)\Windows Kits\10\\include\10.0.26100.0\\shared\pshpack4.h
注意: 包含文件:        C:\Program Files (x86)\Windows Kits\10\\include\10.0.26100.0\\shared\poppack.h
注意: 包含文件:       C:\Program Files (x86)\Windows Kits\10\\include\10.0.26100.0\\um\winuser.h
注意: 包含文件:        C:\Program Files (x86)\Windows Kits\10\\include\10.0.26100.0\\shared\pshpack2.h
注意: 包含文件:        C:\Program Files (x86)\Windows Kits\10\\include\10.0.26100.0\\shared\poppack.h
注意: 包含文件:        C:\Program Files (x86)\Windows Kits\10\\include\10.0.26100.0\\shared\tvout.h
注意: 包含文件:       C:\Program Files (x86)\Windows Kits\10\\include\10.0.26100.0\\um\winnls.h
注意: 包含文件:        C:\Program Files (x86)\Windows Kits\10\\include\10.0.26100.0\\um\datetimeapi.h
注意: 包含文件:        C:\Program Files (x86)\Windows Kits\10\\include\10.0.26100.0\\um\stringapiset.h
注意: 包含文件:         C:\Program Files (x86)\Windows Kits\10\\include\10.0.26100.0\\um\winnls.h
注意: 包含文件:       C:\Program Files (x86)\Windows Kits\10\\include\10.0.26100.0\\um\wincon.h
注意: 包含文件:        C:\Program Files (x86)\Windows Kits\10\\include\10.0.26100.0\\um\wincontypes.h
注意: 包含文件:        C:\Program Files (x86)\Windows Kits\10\\include\10.0.26100.0\\um\consoleapi.h
注意: 包含文件:        C:\Program Files (x86)\Windows Kits\10\\include\10.0.26100.0\\um\consoleapi2.h
注意: 包含文件:        C:\Program Files (x86)\Windows Kits\10\\include\10.0.26100.0\\um\consoleapi3.h
注意: 包含文件:       C:\Program Files (x86)\Windows Kits\10\\include\10.0.26100.0\\um\winver.h
注意: 包含文件:        C:\Program Files (x86)\Windows Kits\10\\include\10.0.26100.0\\um\verrsrc.h
注意: 包含文件:       C:\Program Files (x86)\Windows Kits\10\\include\10.0.26100.0\\um\winreg.h
注意: 包含文件:        C:\Program Files (x86)\Windows Kits\10\\include\10.0.26100.0\\um\reason.h
注意: 包含文件:       C:\Program Files (x86)\Windows Kits\10\\include\10.0.26100.0\\um\winnetwk.h
注意: 包含文件:        C:\Program Files (x86)\Windows Kits\10\\include\10.0.26100.0\\shared\wnnc.h
注意: 包含文件:       C:\Program Files (x86)\Windows Kits\10\\include\10.0.26100.0\\shared\cderr.h
注意: 包含文件:       C:\Program Files (x86)\Windows Kits\10\\include\10.0.26100.0\\um\dde.h
注意: 包含文件:       C:\Program Files (x86)\Windows Kits\10\\include\10.0.26100.0\\um\ddeml.h
注意: 包含文件:       C:\Program Files (x86)\Windows Kits\10\\include\10.0.26100.0\\um\dlgs.h
注意: 包含文件:       C:\Program Files (x86)\Windows Kits\10\\include\10.0.26100.0\\um\lzexpand.h
注意: 包含文件:       C:\Program Files (x86)\Windows Kits\10\\include\10.0.26100.0\\um\mmsystem.h
注意: 包含文件:        C:\Program Files (x86)\Windows Kits\10\\include\10.0.26100.0\\um\mmsyscom.h
注意: 包含文件:         C:\Program Files (x86)\Windows Kits\10\\include\10.0.26100.0\\shared\pshpack1.h
注意: 包含文件:         C:\Program Files (x86)\Windows Kits\10\\include\10.0.26100.0\\shared\poppack.h
注意: 包含文件:        C:\Program Files (x86)\Windows Kits\10\\include\10.0.26100.0\\shared\pshpack1.h
注意: 包含文件:        C:\Program Files (x86)\Windows Kits\10\\include\10.0.26100.0\\um\mciapi.h
注意: 包含文件:         C:\Program Files (x86)\Windows Kits\10\\include\10.0.26100.0\\um\mmsyscom.h
注意: 包含文件:        C:\Program Files (x86)\Windows Kits\10\\include\10.0.26100.0\\um\mmiscapi.h
注意: 包含文件:         C:\Program Files (x86)\Windows Kits\10\\include\10.0.26100.0\\um\mmsyscom.h
注意: 包含文件:        C:\Program Files (x86)\Windows Kits\10\\include\10.0.26100.0\\um\mmiscapi2.h
注意: 包含文件:         C:\Program Files (x86)\Windows Kits\10\\include\10.0.26100.0\\um\mmsyscom.h
注意: 包含文件:        C:\Program Files (x86)\Windows Kits\10\\include\10.0.26100.0\\um\playsoundapi.h
注意: 包含文件:         C:\Program Files (x86)\Windows Kits\10\\include\10.0.26100.0\\um\mmsyscom.h
注意: 包含文件:        C:\Program Files (x86)\Windows Kits\10\\include\10.0.26100.0\\um\mmeapi.h
注意: 包含文件:         C:\Program Files (x86)\Windows Kits\10\\include\10.0.26100.0\\um\mmsyscom.h
注意: 包含文件:        C:\Program Files (x86)\Windows Kits\10\\include\10.0.26100.0\\um\timeapi.h
注意: 包含文件:         C:\Program Files (x86)\Windows Kits\10\\include\10.0.26100.0\\um\mmsyscom.h
注意: 包含文件:        C:\Program Files (x86)\Windows Kits\10\\include\10.0.26100.0\\um\joystickapi.h
注意: 包含文件:         C:\Program Files (x86)\Windows Kits\10\\include\10.0.26100.0\\um\mmsyscom.h
注意: 包含文件:        C:\Program Files (x86)\Windows Kits\10\\include\10.0.26100.0\\shared\poppack.h
注意: 包含文件:       C:\Program Files (x86)\Windows Kits\10\\include\10.0.26100.0\\um\nb30.h
注意: 包含文件:       C:\Program Files (x86)\Windows Kits\10\\include\10.0.26100.0\\shared\rpc.h
注意: 包含文件:        C:\Program Files (x86)\Windows Kits\10\\include\10.0.26100.0\\shared\pshpack8.h
注意: 包含文件:        C:\Program Files (x86)\Windows Kits\10\\include\10.0.26100.0\\shared\rpcdce.h
注意: 包含文件:         C:\Program Files (x86)\Windows Kits\10\\include\10.0.26100.0\\shared\rpcdcep.h
注意: 包含文件:        C:\Program Files (x86)\Windows Kits\10\\include\10.0.26100.0\\um\rpcnsi.h
注意: 包含文件:        C:\Program Files (x86)\Windows Kits\10\\include\10.0.26100.0\\shared\rpcnterr.h
注意: 包含文件:        C:\Program Files (x86)\Windows Kits\10\\include\10.0.26100.0\\shared\rpcasync.h
注意: 包含文件:         C:\Program Files (x86)\Windows Kits\10\\include\10.0.26100.0\\shared\pshpack8.h
注意: 包含文件:         C:\Program Files (x86)\Windows Kits\10\\include\10.0.26100.0\\shared\poppack.h
注意: 包含文件:        C:\Program Files (x86)\Windows Kits\10\\include\10.0.26100.0\\shared\poppack.h
注意: 包含文件:       C:\Program Files (x86)\Windows Kits\10\\include\10.0.26100.0\\um\shellapi.h
注意: 包含文件:       C:\Program Files (x86)\Windows Kits\10\\include\10.0.26100.0\\um\winperf.h
注意: 包含文件:        C:\Program Files (x86)\Windows Kits\10\\include\10.0.26100.0\\shared\pshpack8.h
注意: 包含文件:        C:\Program Files (x86)\Windows Kits\10\\include\10.0.26100.0\\shared\poppack.h
注意: 包含文件:       C:\Program Files (x86)\Windows Kits\10\\include\10.0.26100.0\\um\winsock.h
注意: 包含文件:        C:\Program Files (x86)\Windows Kits\10\\include\10.0.26100.0\\shared\inaddr.h
注意: 包含文件:       C:\Program Files (x86)\Windows Kits\10\\include\10.0.26100.0\\um\wincrypt.h
注意: 包含文件:        C:\Program Files (x86)\Windows Kits\10\\include\10.0.26100.0\\shared\bcrypt.h
注意: 包含文件:        C:\Program Files (x86)\Windows Kits\10\\include\10.0.26100.0\\um\ncrypt.h
注意: 包含文件:        C:\Program Files (x86)\Windows Kits\10\\include\10.0.26100.0\\um\dpapi.h
注意: 包含文件:       C:\Program Files (x86)\Windows Kits\10\\include\10.0.26100.0\\um\winefs.h
注意: 包含文件:       C:\Program Files (x86)\Windows Kits\10\\include\10.0.26100.0\\um\winscard.h
注意: 包含文件:        C:\Program Files (x86)\Windows Kits\10\\include\10.0.26100.0\\shared\wtypes.h
注意: 包含文件:         C:\Program Files (x86)\Windows Kits\10\include\10.0.26100.0\shared\rpcndr.h
注意: 包含文件:          C:\Program Files (x86)\Windows Kits\10\\include\10.0.26100.0\\shared\pshpack8.h
注意: 包含文件:          C:\Program Files (x86)\Windows Kits\10\\include\10.0.26100.0\\um\rpcnsip.h
注意: 包含文件:          C:\Program Files (x86)\Windows Kits\10\\include\10.0.26100.0\\shared\rpcsal.h
注意: 包含文件:          C:\Program Files (x86)\Windows Kits\10\\include\10.0.26100.0\\shared\poppack.h
注意: 包含文件:         C:\Program Files (x86)\Windows Kits\10\include\10.0.26100.0\shared\wtypesbase.h
注意: 包含文件:          C:\Program Files (x86)\Windows Kits\10\include\10.0.26100.0\shared\guiddef.h
注意: 包含文件:        C:\Program Files (x86)\Windows Kits\10\\include\10.0.26100.0\\um\winioctl.h
注意: 包含文件:         C:\Program Files (x86)\Windows Kits\10\\include\10.0.26100.0\\shared\pshpack1.h
注意: 包含文件:         C:\Program Files (x86)\Windows Kits\10\\include\10.0.26100.0\\shared\poppack.h
注意: 包含文件:         C:\Program Files (x86)\Windows Kits\10\\include\10.0.26100.0\\shared\pshpack1.h
注意: 包含文件:         C:\Program Files (x86)\Windows Kits\10\\include\10.0.26100.0\\shared\poppack.h
注意: 包含文件:         C:\Program Files (x86)\Windows Kits\10\\include\10.0.26100.0\\shared\pshpack1.h
注意: 包含文件:         C:\Program Files (x86)\Windows Kits\10\\include\10.0.26100.0\\shared\poppack.h
注意: 包含文件:         C:\Program Files (x86)\Windows Kits\10\\include\10.0.26100.0\\shared\pshpack1.h
注意: 包含文件:         C:\Program Files (x86)\Windows Kits\10\\include\10.0.26100.0\\shared\poppack.h
注意: 包含文件:         C:\Program Files (x86)\Windows Kits\10\\include\10.0.26100.0\\shared\pshpack1.h
注意: 包含文件:         C:\Program Files (x86)\Windows Kits\10\\include\10.0.26100.0\\shared\poppack.h
注意: 包含文件:         C:\Program Files (x86)\Windows Kits\10\\include\10.0.26100.0\\shared\pshpack1.h
注意: 包含文件:         C:\Program Files (x86)\Windows Kits\10\\include\10.0.26100.0\\shared\poppack.h
注意: 包含文件:         C:\Program Files (x86)\Windows Kits\10\\include\10.0.26100.0\\shared\pshpack1.h
注意: 包含文件:         C:\Program Files (x86)\Windows Kits\10\\include\10.0.26100.0\\shared\poppack.h
注意: 包含文件:        C:\Program Files (x86)\Windows Kits\10\\include\10.0.26100.0\\shared\winsmcrd.h
注意: 包含文件:       C:\Program Files (x86)\Windows Kits\10\\include\10.0.26100.0\\um\winspool.h
注意: 包含文件:        C:\Program Files (x86)\Windows Kits\10\\include\10.0.26100.0\\um\prsht.h
注意: 包含文件:         C:\Program Files (x86)\Windows Kits\10\\include\10.0.26100.0\\shared\pshpack8.h
注意: 包含文件:         C:\Program Files (x86)\Windows Kits\10\\include\10.0.26100.0\\shared\poppack.h
注意: 包含文件:       C:\Program Files (x86)\Windows Kits\10\\include\10.0.26100.0\\um\ole2.h
注意: 包含文件:        C:\Program Files (x86)\Windows Kits\10\\include\10.0.26100.0\\shared\pshpack8.h
注意: 包含文件:        C:\Program Files (x86)\Windows Kits\10\\include\10.0.26100.0\\um\objbase.h
注意: 包含文件:         C:\Program Files (x86)\Windows Kits\10\\include\10.0.26100.0\\shared\pshpack8.h
注意: 包含文件:         C:\Program Files (x86)\Windows Kits\10\\include\10.0.26100.0\\um\combaseapi.h
注意: 包含文件:          C:\Program Files (x86)\Windows Kits\10\\include\10.0.26100.0\\shared\pshpack8.h
注意: 包含文件:          C:\Program Files (x86)\Windows Kits\10\\include\10.0.26100.0\\um\unknwnbase.h
注意: 包含文件:          C:\Program Files (x86)\Windows Kits\10\\include\10.0.26100.0\\um\objidlbase.h
注意: 包含文件:          C:\Program Files (x86)\Windows Kits\10\\include\10.0.26100.0\\shared\guiddef.h
注意: 包含文件:          C:\Program Files (x86)\Windows Kits\10\\include\10.0.26100.0\\um\cguid.h
注意: 包含文件:          C:\Program Files (x86)\Windows Kits\10\\include\10.0.26100.0\\shared\poppack.h
注意: 包含文件:         C:\Program Files (x86)\Windows Kits\10\\include\10.0.26100.0\\um\coml2api.h
注意: 包含文件:          C:\Program Files (x86)\Windows Kits\10\\include\10.0.26100.0\\um\objidl.h
注意: 包含文件:           C:\Program Files (x86)\Windows Kits\10\include\10.0.26100.0\um\unknwn.h
注意: 包含文件:          C:\Program Files (x86)\Windows Kits\10\\include\10.0.26100.0\\um\propidlbase.h
注意: 包含文件:           C:\Program Files (x86)\Windows Kits\10\include\10.0.26100.0\um\oaidl.h
注意: 包含文件:         C:\Program Files (x86)\Windows Kits\10\\include\10.0.26100.0\\um\urlmon.h
注意: 包含文件:          C:\Program Files (x86)\Windows Kits\10\include\10.0.26100.0\um\oleidl.h
注意: 包含文件:          C:\Program Files (x86)\Windows Kits\10\include\10.0.26100.0\um\servprov.h
注意: 包含文件:          C:\Program Files (x86)\Windows Kits\10\include\10.0.26100.0\um\msxml.h
注意: 包含文件:         C:\Program Files (x86)\Windows Kits\10\\include\10.0.26100.0\\um\propidl.h
注意: 包含文件:         C:\Program Files (x86)\Windows Kits\10\\include\10.0.26100.0\\shared\poppack.h
注意: 包含文件:        C:\Program Files (x86)\Windows Kits\10\\include\10.0.26100.0\\um\oleauto.h
注意: 包含文件:         C:\Program Files (x86)\Windows Kits\10\\include\10.0.26100.0\\shared\pshpack8.h
注意: 包含文件:         C:\Program Files (x86)\Windows Kits\10\\include\10.0.26100.0\\shared\poppack.h
注意: 包含文件:        C:\Program Files (x86)\Windows Kits\10\\include\10.0.26100.0\\shared\poppack.h
注意: 包含文件:       C:\Program Files (x86)\Windows Kits\10\\include\10.0.26100.0\\um\commdlg.h
注意: 包含文件:        C:\Program Files (x86)\Windows Kits\10\\include\10.0.26100.0\\um\prsht.h
注意: 包含文件:       C:\Program Files (x86)\Windows Kits\10\\include\10.0.26100.0\\shared\stralign.h
注意: 包含文件:       C:\Program Files (x86)\Windows Kits\10\\include\10.0.26100.0\\um\winsvc.h
注意: 包含文件:       C:\Program Files (x86)\Windows Kits\10\\include\10.0.26100.0\\um\mcx.h
注意: 包含文件:       C:\Program Files (x86)\Windows Kits\10\\include\10.0.26100.0\\um\imm.h
注意: 包含文件:        C:\Program Files (x86)\Windows Kits\10\\include\10.0.26100.0\\um\ime_cmodes.h
C:\Users\user\output\deepseek-v4部署\fastllm-master\include\devices/cpu/alivethreadpool.h(58): error C2039: "system_clock": 不是 "std::chrono" 的成员
C:\Program Files (x86)\Microsoft Visual Studio\2022\BuildTools\VC\Tools\MSVC\14.44.35207\include\__msvc_chrono.hpp(286): note: 参见“std::chrono”的声明
C:\Users\user\output\deepseek-v4部署\fastllm-master\include\devices/cpu/alivethreadpool.h(58): error C3083: “system_clock”:“::”左侧的符号必须是一种类型
C:\Users\user\output\deepseek-v4部署\fastllm-master\include\devices/cpu/alivethreadpool.h(58): error C2039: "now": 不是 "std::chrono" 的成员
C:\Program Files (x86)\Microsoft Visual Studio\2022\BuildTools\VC\Tools\MSVC\14.44.35207\include\__msvc_chrono.hpp(286): note: 参见“std::chrono”的声明
C:\Users\user\output\deepseek-v4部署\fastllm-master\include\devices/cpu/alivethreadpool.h(58): error C3861: “now”: 找不到标识符
C:\Users\user\output\deepseek-v4部署\fastllm-master\include\devices/cpu/alivethreadpool.h(65): error C2039: "system_clock": 不是 "std::chrono" 的成员
C:\Program Files (x86)\Microsoft Visual Studio\2022\BuildTools\VC\Tools\MSVC\14.44.35207\include\__msvc_chrono.hpp(286): note: 参见“std::chrono”的声明
C:\Users\user\output\deepseek-v4部署\fastllm-master\include\devices/cpu/alivethreadpool.h(65): error C3083: “system_clock”:“::”左侧的符号必须是一种类型
C:\Users\user\output\deepseek-v4部署\fastllm-master\include\devices/cpu/alivethreadpool.h(65): error C2039: "now": 不是 "std::chrono" 的成员
C:\Program Files (x86)\Microsoft Visual Studio\2022\BuildTools\VC\Tools\MSVC\14.44.35207\include\__msvc_chrono.hpp(286): note: 参见“std::chrono”的声明
C:\Users\user\output\deepseek-v4部署\fastllm-master\include\devices/cpu/alivethreadpool.h(65): error C3861: “now”: 找不到标识符
C:\Users\user\output\deepseek-v4部署\fastllm-master\include\devices/cpu/alivethreadpool.h(70): error C2039: "system_clock": 不是 "std::chrono" 的成员
C:\Program Files (x86)\Microsoft Visual Studio\2022\BuildTools\VC\Tools\MSVC\14.44.35207\include\__msvc_chrono.hpp(286): note: 参见“std::chrono”的声明
C:\Users\user\output\deepseek-v4部署\fastllm-master\include\devices/cpu/alivethreadpool.h(70): error C3083: “system_clock”:“::”左侧的符号必须是一种类型
C:\Users\user\output\deepseek-v4部署\fastllm-master\include\devices/cpu/alivethreadpool.h(70): error C2039: "now": 不是 "std::chrono" 的成员
C:\Program Files (x86)\Microsoft Visual Studio\2022\BuildTools\VC\Tools\MSVC\14.44.35207\include\__msvc_chrono.hpp(286): note: 参见“std::chrono”的声明
C:\Users\user\output\deepseek-v4部署\fastllm-master\include\devices/cpu/alivethreadpool.h(70): error C3861: “now”: 找不到标识符
C:\Users\user\output\deepseek-v4部署\fastllm-master\include\devices/cpu/alivethreadpool.h(70): error C2672: “std::chrono::duration_cast”: 未找到匹配的重载函数
C:\Program Files (x86)\Microsoft Visual Studio\2022\BuildTools\VC\Tools\MSVC\14.44.35207\include\__msvc_chrono.hpp(87): note: 可能是“_To std::chrono::duration_cast(const std::chrono::duration<_Rep,_Period> &) noexcept(<expr>)”
C:\Users\user\output\deepseek-v4部署\fastllm-master\include\devices/cpu/alivethreadpool.h(71): error C3536: “duration”: 初始化之前无法使用
C:\Users\user\output\deepseek-v4部署\fastllm-master\include\devices/cpu/alivethreadpool.h(135): warning C4267: “初始化”: 从“size_t”转换到“int”，可能丢失数据
C:\Users\user\output\deepseek-v4部署\fastllm-master\include\devices/cpu/alivethreadpool.h(175): warning C4267: “初始化”: 从“size_t”转换到“int”，可能丢失数据
C:\Users\user\output\deepseek-v4部署\fastllm-master\include\devices/cpu/alivethreadpool.h(235): warning C4267: “初始化”: 从“size_t”转换到“int”，可能丢失数据
C:\Users\user\output\deepseek-v4部署\fastllm-master\include\devices/cpu/alivethreadpool.h(236): warning C4267: “初始化”: 从“size_t”转换到“int”，可能丢失数据
C:\Users\user\output\deepseek-v4部署\fastllm-master\include\devices/cpu/alivethreadpool.h(237): warning C4267: “初始化”: 从“size_t”转换到“int”，可能丢失数据
C:\Users\user\output\deepseek-v4部署\fastllm-master\include\devices/cpu/alivethreadpool.h(280): warning C4267: “初始化”: 从“size_t”转换到“int”，可能丢失数据
C:\Users\user\output\deepseek-v4部署\fastllm-master\include\devices/cpu/alivethreadpool.h(326): warning C4267: “初始化”: 从“size_t”转换到“int”，可能丢失数据
C:\Users\user\output\deepseek-v4部署\fastllm-master\include\devices/cpu/alivethreadpool.h(329): warning C4267: “初始化”: 从“size_t”转换到“int”，可能丢失数据
C:\Users\user\output\deepseek-v4部署\fastllm-master\include\devices/cpu/alivethreadpool.h(369): warning C4267: “初始化”: 从“size_t”转换到“int”，可能丢失数据
C:\Users\user\output\deepseek-v4部署\fastllm-master\include\devices/cpu/alivethreadpool.h(371): warning C4267: “初始化”: 从“size_t”转换到“int”，可能丢失数据
注意: 包含文件:     C:\Users\user\output\deepseek-v4部署\fastllm-master\third_party\json11\json11.hpp
C:\Users\user\output\deepseek-v4部署\fastllm-master\include\fastllm.h(222): warning C4244: “初始化”: 从“int”转换到“float”，可能丢失数据
C:\Users\user\output\deepseek-v4部署\fastllm-master\include\fastllm.h(222): warning C4244: “初始化”: 从“int”转换到“const float”，可能丢失数据
C:\Users\user\output\deepseek-v4部署\fastllm-master\include\fastllm.h(227): warning C4244: “=”: 从“float”转换到“uint8_t”，可能丢失数据
C:\Users\user\output\deepseek-v4部署\fastllm-master\include\fastllm.h(229): warning C4244: “=”: 从“const float”转换到“uint8_t”，可能丢失数据
C:\Users\user\output\deepseek-v4部署\fastllm-master\include\fastllm.h(687): warning C4996: 'std::codecvt_utf8<wchar_t,1114111,(std::codecvt_mode)0>': warning STL4017: std::wbuffer_convert, std::wstring_convert, and the <codecvt> header (containing std::codecvt_mode, std::codecvt_utf8, std::codecvt_utf16, and std::codecvt_utf8_utf16) are deprecated in C++17. (The std::codecvt class template is NOT deprecated.) The C++ Standard doesn't provide equivalent non-deprecated functionality; consider using MultiByteToWideChar() and WideCharToMultiByte() from <Windows.h> instead. You can define _SILENCE_CXX17_CODECVT_HEADER_DEPRECATION_WARNING or _SILENCE_ALL_CXX17_DEPRECATION_WARNINGS to suppress this warning.
C:\Program Files (x86)\Microsoft Visual Studio\2022\BuildTools\VC\Tools\MSVC\14.44.35207\include\codecvt(34): note: 参见“std::codecvt_utf8”的声明
C:\Users\user\output\deepseek-v4部署\fastllm-master\include\fastllm.h(687): warning C4996: 'std::wstring_convert<std::codecvt_utf8<wchar_t,1114111,(std::codecvt_mode)0>,wchar_t,std::allocator<wchar_t>,std::allocator<char>>': warning STL4017: std::wbuffer_convert, std::wstring_convert, and the <codecvt> header (containing std::codecvt_mode, std::codecvt_utf8, std::codecvt_utf16, and std::codecvt_utf8_utf16) are deprecated in C++17. (The std::codecvt class template is NOT deprecated.) The C++ Standard doesn't provide equivalent non-deprecated functionality; consider using MultiByteToWideChar() and WideCharToMultiByte() from <Windows.h> instead. You can define _SILENCE_CXX17_CODECVT_HEADER_DEPRECATION_WARNING or _SILENCE_ALL_CXX17_DEPRECATION_WARNINGS to suppress this warning.
C:\Program Files (x86)\Microsoft Visual Studio\2022\BuildTools\VC\Tools\MSVC\14.44.35207\include\xlocbuf(303): note: 参见“std::wstring_convert”的声明
注意: 包含文件:  C:\Users\user\output\deepseek-v4部署\fastllm-master\include\utils\utils.h
注意: 包含文件:   C:\Program Files (x86)\Microsoft Visual Studio\2022\BuildTools\VC\Tools\MSVC\14.44.35207\include\chrono
注意: 包含文件:    C:\Program Files (x86)\Microsoft Visual Studio\2022\BuildTools\VC\Tools\MSVC\14.44.35207\include\xfilesystem_abi.h
注意: 包含文件:   C:\Program Files (x86)\Windows Kits\10\include\10.0.26100.0\ucrt\fcntl.h
注意: 包含文件:   C:\Program Files (x86)\Microsoft Visual Studio\2022\BuildTools\VC\Tools\MSVC\14.44.35207\include\array
注意: 包含文件:   C:\Program Files (x86)\Microsoft Visual Studio\2022\BuildTools\VC\Tools\MSVC\14.44.35207\include\filesystem
注意: 包含文件:    C:\Program Files (x86)\Microsoft Visual Studio\2022\BuildTools\VC\Tools\MSVC\14.44.35207\include\iomanip
C:\Users\user\output\deepseek-v4部署\fastllm-master\include\utils\utils.h(30): warning C4067: 预处理器指令后有意外标记 - 应输入换行符
注意: 包含文件:   C:\Program Files (x86)\Windows Kits\10\include\10.0.26100.0\ucrt\io.h
注意: 包含文件:    C:\Program Files (x86)\Windows Kits\10\include\10.0.26100.0\ucrt\corecrt_io.h
C:\Users\user\output\deepseek-v4部署\fastllm-master\include\utils\utils.h(109): warning C4996: '_wfopen': This function or variable may be unsafe. Consider using _wfopen_s instead. To disable deprecation, use _CRT_SECURE_NO_WARNINGS. See online help for details.
C:\Users\user\output\deepseek-v4部署\fastllm-master\include\utils\utils.h(118): warning C4996: '_wopen': This function or variable may be unsafe. Consider using _wsopen_s instead. To disable deprecation, use _CRT_SECURE_NO_WARNINGS. See online help for details.
C:\Users\user\output\deepseek-v4部署\fastllm-master\include\utils\utils.h(150): warning C4244: “return”: 从“double”转换到“float”，可能丢失数据
C:\Users\user\output\deepseek-v4部署\fastllm-master\include\utils\utils.h(355): warning C4267: “初始化”: 从“size_t”转换到“int”，可能丢失数据
C:\Users\user\output\deepseek-v4部署\fastllm-master\include\utils\utils.h(417): warning C4244: “+=”: 从“double”转换到“float”，可能丢失数据
C:\Users\user\output\deepseek-v4部署\fastllm-master\src\devices\cpu\cpudevicebatch.cpp(27): warning C4267: “初始化”: 从“size_t”转换到“int”，可能丢失数据
C:\Users\user\output\deepseek-v4部署\fastllm-master\src\devices\cpu\cpudevicebatch.cpp(43): warning C4267: “初始化”: 从“size_t”转换到“int”，可能丢失数据
C:\Users\user\output\deepseek-v4部署\fastllm-master\src\devices\cpu\cpudevicebatch.cpp(47): warning C4244: “初始化”: 从“uint64_t”转换到“int”，可能丢失数据
C:\Users\user\output\deepseek-v4部署\fastllm-master\src\devices\cpu\cpudevicebatch.cpp(48): warning C4244: “初始化”: 从“uint64_t”转换到“int”，可能丢失数据
C:\Users\user\output\deepseek-v4部署\fastllm-master\src\devices\cpu\cpudevicebatch.cpp(49): warning C4244: “初始化”: 从“uint64_t”转换到“int”，可能丢失数据
C:\Users\user\output\deepseek-v4部署\fastllm-master\src\devices\cpu\cpudevicebatch.cpp(50): warning C4244: “初始化”: 从“_Ty”转换到“int”，可能丢失数据
        with
        [
            _Ty=uint64_t
        ]
C:\Users\user\output\deepseek-v4部署\fastllm-master\src\devices\cpu\cpudevicebatch.cpp(69): warning C4267: “初始化”: 从“size_t”转换到“int”，可能丢失数据
C:\Users\user\output\deepseek-v4部署\fastllm-master\src\devices\cpu\cpudevicebatch.cpp(83): warning C4267: “初始化”: 从“size_t”转换到“int”，可能丢失数据
C:\Users\user\output\deepseek-v4部署\fastllm-master\src\devices\cpu\cpudevicebatch.cpp(87): warning C4244: “初始化”: 从“uint64_t”转换到“int”，可能丢失数据
C:\Users\user\output\deepseek-v4部署\fastllm-master\src\devices\cpu\cpudevicebatch.cpp(88): warning C4244: “初始化”: 从“uint64_t”转换到“int”，可能丢失数据
C:\Users\user\output\deepseek-v4部署\fastllm-master\src\devices\cpu\cpudevicebatch.cpp(89): warning C4244: “初始化”: 从“uint64_t”转换到“int”，可能丢失数据
C:\Users\user\output\deepseek-v4部署\fastllm-master\src\devices\cpu\cpudevicebatch.cpp(90): warning C4244: “初始化”: 从“_Ty”转换到“int”，可能丢失数据
        with
        [
            _Ty=uint64_t
        ]
C:\Users\user\output\deepseek-v4部署\fastllm-master\src\devices\cpu\cpudevicebatch.cpp(109): warning C4244: “初始化”: 从“double”转换到“float”，可能丢失数据
C:\Users\user\output\deepseek-v4部署\fastllm-master\src\devices\cpu\cpudevicebatch.cpp(117): warning C4244: “初始化”: 从“uint64_t”转换到“int”，可能丢失数据
[2/76] Building CXX object CMakeFiles\fastllm_tools.dir\src\devices\disk\diskdevice.cpp.obj
FAILED: [code=2] CMakeFiles/fastllm_tools.dir/src/devices/disk/diskdevice.cpp.obj 
"C:\PROGRA~2\Microsoft Visual Studio\2022\BuildTools\VC\Tools\MSVC\14.44.35207\bin\Hostx64\x64\cl.exe"  /nologo /TP -DUSE_CUDA -Dfastllm_tools_EXPORTS -IC:\Users\user\output\deepseek-v4部署\fastllm-master\include -IC:\Users\user\output\deepseek-v4部署\fastllm-master\include\utils -IC:\Users\user\output\deepseek-v4部署\fastllm-master\include\models -IC:\Users\user\output\deepseek-v4部署\fastllm-master\include\blocks -IC:\Users\user\output\deepseek-v4部署\fastllm-master\include\devices\cpu -IC:\Users\user\output\deepseek-v4部署\fastllm-master\include\devices\disk -IC:\Users\user\output\deepseek-v4部署\fastllm-master\third_party\json11 -IC:\Users\user\output\deepseek-v4部署\fastllm-master\third_party\gguf -IC:\Users\user\output\deepseek-v4部署\fastllm-master\third_party\flashinfer -IC:\Users\user\output\deepseek-v4部署\fastllm-master\include\devices\cuda -IC:\Users\user\output\deepseek-v4部署\fastllm-master\include\devices\multicuda /DWIN32 /D_WINDOWS /W3 /GR /EHsc -DNOMINMAX /std:c++17 /arch:AVX2 /source-charset:utf-8 /MD /O2 /Ob1 /Gy /DNDEBUG /showIncludes /FoCMakeFiles\fastllm_tools.dir\src\devices\disk\diskdevice.cpp.obj /FdCMakeFiles\fastllm_tools.dir\ /FS -c C:\Users\user\output\deepseek-v4部署\fastllm-master\src\devices\disk\diskdevice.cpp
注意: 包含文件:  C:\Users\user\output\deepseek-v4部署\fastllm-master\include\devices/disk/diskdevice.h
注意: 包含文件:   C:\Users\user\output\deepseek-v4部署\fastllm-master\include\device.h
注意: 包含文件:    C:\Users\user\output\deepseek-v4部署\fastllm-master\include\fastllm.h
注意: 包含文件:     C:\Program Files (x86)\Microsoft Visual Studio\2022\BuildTools\VC\Tools\MSVC\14.44.35207\include\vector
注意: 包含文件:      C:\Program Files (x86)\Microsoft Visual Studio\2022\BuildTools\VC\Tools\MSVC\14.44.35207\include\yvals_core.h
注意: 包含文件:       C:\Program Files (x86)\Microsoft Visual Studio\2022\BuildTools\VC\Tools\MSVC\14.44.35207\include\vcruntime.h
注意: 包含文件:        C:\Program Files (x86)\Microsoft Visual Studio\2022\BuildTools\VC\Tools\MSVC\14.44.35207\include\sal.h
注意: 包含文件:         C:\Program Files (x86)\Microsoft Visual Studio\2022\BuildTools\VC\Tools\MSVC\14.44.35207\include\concurrencysal.h
注意: 包含文件:        C:\Program Files (x86)\Microsoft Visual Studio\2022\BuildTools\VC\Tools\MSVC\14.44.35207\include\vadefs.h
注意: 包含文件:       C:\Program Files (x86)\Microsoft Visual Studio\2022\BuildTools\VC\Tools\MSVC\14.44.35207\include\xkeycheck.h
注意: 包含文件:      C:\Program Files (x86)\Microsoft Visual Studio\2022\BuildTools\VC\Tools\MSVC\14.44.35207\include\__msvc_bit_utils.hpp
注意: 包含文件:       C:\Program Files (x86)\Microsoft Visual Studio\2022\BuildTools\VC\Tools\MSVC\14.44.35207\include\climits
注意: 包含文件:        C:\Program Files (x86)\Microsoft Visual Studio\2022\BuildTools\VC\Tools\MSVC\14.44.35207\include\limits.h
注意: 包含文件:       C:\Program Files (x86)\Microsoft Visual Studio\2022\BuildTools\VC\Tools\MSVC\14.44.35207\include\xtr1common
注意: 包含文件:       C:\Program Files (x86)\Microsoft Visual Studio\2022\BuildTools\VC\Tools\MSVC\14.44.35207\include\intrin0.h
注意: 包含文件:        C:\Program Files (x86)\Microsoft Visual Studio\2022\BuildTools\VC\Tools\MSVC\14.44.35207\include\intrin0.inl.h
注意: 包含文件:      C:\Program Files (x86)\Microsoft Visual Studio\2022\BuildTools\VC\Tools\MSVC\14.44.35207\include\__msvc_sanitizer_annotate_container.hpp
注意: 包含文件:      C:\Program Files (x86)\Microsoft Visual Studio\2022\BuildTools\VC\Tools\MSVC\14.44.35207\include\xmemory
注意: 包含文件:       C:\Program Files (x86)\Microsoft Visual Studio\2022\BuildTools\VC\Tools\MSVC\14.44.35207\include\cstdint
注意: 包含文件:        C:\Program Files (x86)\Microsoft Visual Studio\2022\BuildTools\VC\Tools\MSVC\14.44.35207\include\stdint.h
注意: 包含文件:       C:\Program Files (x86)\Microsoft Visual Studio\2022\BuildTools\VC\Tools\MSVC\14.44.35207\include\cstdlib
注意: 包含文件:        C:\Program Files (x86)\Windows Kits\10\include\10.0.26100.0\ucrt\math.h
注意: 包含文件:         C:\Program Files (x86)\Windows Kits\10\include\10.0.26100.0\ucrt\corecrt_math.h
注意: 包含文件:          C:\Program Files (x86)\Windows Kits\10\include\10.0.26100.0\ucrt\corecrt.h
注意: 包含文件:         C:\Program Files (x86)\Windows Kits\10\include\10.0.26100.0\ucrt\corecrt_math_defines.h
注意: 包含文件:        C:\Program Files (x86)\Windows Kits\10\include\10.0.26100.0\ucrt\stdlib.h
注意: 包含文件:         C:\Program Files (x86)\Windows Kits\10\include\10.0.26100.0\ucrt\corecrt_malloc.h
注意: 包含文件:         C:\Program Files (x86)\Windows Kits\10\include\10.0.26100.0\ucrt\corecrt_search.h
注意: 包含文件:          C:\Program Files (x86)\Windows Kits\10\include\10.0.26100.0\ucrt\stddef.h
注意: 包含文件:         C:\Program Files (x86)\Windows Kits\10\include\10.0.26100.0\ucrt\corecrt_wstdlib.h
注意: 包含文件:       C:\Program Files (x86)\Microsoft Visual Studio\2022\BuildTools\VC\Tools\MSVC\14.44.35207\include\limits
注意: 包含文件:        C:\Program Files (x86)\Microsoft Visual Studio\2022\BuildTools\VC\Tools\MSVC\14.44.35207\include\cfloat
注意: 包含文件:         C:\Program Files (x86)\Windows Kits\10\include\10.0.26100.0\ucrt\float.h
注意: 包含文件:        C:\Program Files (x86)\Microsoft Visual Studio\2022\BuildTools\VC\Tools\MSVC\14.44.35207\include\cwchar
注意: 包含文件:         C:\Program Files (x86)\Microsoft Visual Studio\2022\BuildTools\VC\Tools\MSVC\14.44.35207\include\cstdio
注意: 包含文件:          C:\Program Files (x86)\Windows Kits\10\include\10.0.26100.0\ucrt\stdio.h
注意: 包含文件:           C:\Program Files (x86)\Windows Kits\10\include\10.0.26100.0\ucrt\corecrt_wstdio.h
注意: 包含文件:            C:\Program Files (x86)\Windows Kits\10\include\10.0.26100.0\ucrt\corecrt_stdio_config.h
注意: 包含文件:         C:\Program Files (x86)\Windows Kits\10\include\10.0.26100.0\ucrt\wchar.h
注意: 包含文件:          C:\Program Files (x86)\Windows Kits\10\include\10.0.26100.0\ucrt\corecrt_memcpy_s.h
注意: 包含文件:           C:\Program Files (x86)\Windows Kits\10\include\10.0.26100.0\ucrt\errno.h
注意: 包含文件:           C:\Program Files (x86)\Microsoft Visual Studio\2022\BuildTools\VC\Tools\MSVC\14.44.35207\include\vcruntime_string.h
注意: 包含文件:          C:\Program Files (x86)\Windows Kits\10\include\10.0.26100.0\ucrt\corecrt_wconio.h
注意: 包含文件:          C:\Program Files (x86)\Windows Kits\10\include\10.0.26100.0\ucrt\corecrt_wctype.h
注意: 包含文件:          C:\Program Files (x86)\Windows Kits\10\include\10.0.26100.0\ucrt\corecrt_wdirect.h
注意: 包含文件:          C:\Program Files (x86)\Windows Kits\10\include\10.0.26100.0\ucrt\corecrt_wio.h
注意: 包含文件:           C:\Program Files (x86)\Windows Kits\10\include\10.0.26100.0\ucrt\corecrt_share.h
注意: 包含文件:          C:\Program Files (x86)\Windows Kits\10\include\10.0.26100.0\ucrt\corecrt_wprocess.h
注意: 包含文件:          C:\Program Files (x86)\Windows Kits\10\include\10.0.26100.0\ucrt\corecrt_wstring.h
注意: 包含文件:          C:\Program Files (x86)\Windows Kits\10\include\10.0.26100.0\ucrt\corecrt_wtime.h
注意: 包含文件:          C:\Program Files (x86)\Windows Kits\10\include\10.0.26100.0\ucrt\sys/stat.h
注意: 包含文件:           C:\Program Files (x86)\Windows Kits\10\include\10.0.26100.0\ucrt\sys/types.h
注意: 包含文件:          C:\Program Files (x86)\Microsoft Visual Studio\2022\BuildTools\VC\Tools\MSVC\14.44.35207\include\intrin.h
注意: 包含文件:           C:\Program Files (x86)\Microsoft Visual Studio\2022\BuildTools\VC\Tools\MSVC\14.44.35207\include\setjmp.h
注意: 包含文件:           C:\Program Files (x86)\Microsoft Visual Studio\2022\BuildTools\VC\Tools\MSVC\14.44.35207\include\immintrin.h
注意: 包含文件:            C:\Program Files (x86)\Microsoft Visual Studio\2022\BuildTools\VC\Tools\MSVC\14.44.35207\include\wmmintrin.h
注意: 包含文件:             C:\Program Files (x86)\Microsoft Visual Studio\2022\BuildTools\VC\Tools\MSVC\14.44.35207\include\nmmintrin.h
注意: 包含文件:              C:\Program Files (x86)\Microsoft Visual Studio\2022\BuildTools\VC\Tools\MSVC\14.44.35207\include\smmintrin.h
注意: 包含文件:               C:\Program Files (x86)\Microsoft Visual Studio\2022\BuildTools\VC\Tools\MSVC\14.44.35207\include\tmmintrin.h
注意: 包含文件:                C:\Program Files (x86)\Microsoft Visual Studio\2022\BuildTools\VC\Tools\MSVC\14.44.35207\include\pmmintrin.h
注意: 包含文件:                 C:\Program Files (x86)\Microsoft Visual Studio\2022\BuildTools\VC\Tools\MSVC\14.44.35207\include\emmintrin.h
注意: 包含文件:                  C:\Program Files (x86)\Microsoft Visual Studio\2022\BuildTools\VC\Tools\MSVC\14.44.35207\include\xmmintrin.h
注意: 包含文件:                   C:\Program Files (x86)\Microsoft Visual Studio\2022\BuildTools\VC\Tools\MSVC\14.44.35207\include\mmintrin.h
注意: 包含文件:                   C:\Program Files (x86)\Windows Kits\10\include\10.0.26100.0\ucrt\malloc.h
注意: 包含文件:            C:\Program Files (x86)\Microsoft Visual Studio\2022\BuildTools\VC\Tools\MSVC\14.44.35207\include\zmmintrin.h
注意: 包含文件:           C:\Program Files (x86)\Microsoft Visual Studio\2022\BuildTools\VC\Tools\MSVC\14.44.35207\include\ammintrin.h
注意: 包含文件:       C:\Program Files (x86)\Microsoft Visual Studio\2022\BuildTools\VC\Tools\MSVC\14.44.35207\include\new
注意: 包含文件:        C:\Program Files (x86)\Microsoft Visual Studio\2022\BuildTools\VC\Tools\MSVC\14.44.35207\include\exception
注意: 包含文件:         C:\Program Files (x86)\Microsoft Visual Studio\2022\BuildTools\VC\Tools\MSVC\14.44.35207\include\yvals.h
注意: 包含文件:          C:\Program Files (x86)\Windows Kits\10\include\10.0.26100.0\ucrt\crtdbg.h
注意: 包含文件:           C:\Program Files (x86)\Microsoft Visual Studio\2022\BuildTools\VC\Tools\MSVC\14.44.35207\include\vcruntime_new_debug.h
注意: 包含文件:            C:\Program Files (x86)\Microsoft Visual Studio\2022\BuildTools\VC\Tools\MSVC\14.44.35207\include\vcruntime_new.h
注意: 包含文件:          C:\Program Files (x86)\Microsoft Visual Studio\2022\BuildTools\VC\Tools\MSVC\14.44.35207\include\crtdefs.h
注意: 包含文件:          C:\Program Files (x86)\Microsoft Visual Studio\2022\BuildTools\VC\Tools\MSVC\14.44.35207\include\use_ansi.h
注意: 包含文件:         C:\Program Files (x86)\Microsoft Visual Studio\2022\BuildTools\VC\Tools\MSVC\14.44.35207\include\type_traits
注意: 包含文件:          C:\Program Files (x86)\Microsoft Visual Studio\2022\BuildTools\VC\Tools\MSVC\14.44.35207\include\cstddef
注意: 包含文件:          C:\Program Files (x86)\Microsoft Visual Studio\2022\BuildTools\VC\Tools\MSVC\14.44.35207\include\cstring
注意: 包含文件:           C:\Program Files (x86)\Windows Kits\10\include\10.0.26100.0\ucrt\string.h
注意: 包含文件:            C:\Program Files (x86)\Windows Kits\10\include\10.0.26100.0\ucrt\corecrt_memory.h
注意: 包含文件:         C:\Program Files (x86)\Microsoft Visual Studio\2022\BuildTools\VC\Tools\MSVC\14.44.35207\include\vcruntime_exception.h
注意: 包含文件:          C:\Program Files (x86)\Microsoft Visual Studio\2022\BuildTools\VC\Tools\MSVC\14.44.35207\include\eh.h
注意: 包含文件:           C:\Program Files (x86)\Windows Kits\10\include\10.0.26100.0\ucrt\corecrt_terminate.h
注意: 包含文件:       C:\Program Files (x86)\Microsoft Visual Studio\2022\BuildTools\VC\Tools\MSVC\14.44.35207\include\xatomic.h
注意: 包含文件:       C:\Program Files (x86)\Microsoft Visual Studio\2022\BuildTools\VC\Tools\MSVC\14.44.35207\include\xutility
注意: 包含文件:        C:\Program Files (x86)\Microsoft Visual Studio\2022\BuildTools\VC\Tools\MSVC\14.44.35207\include\__msvc_iter_core.hpp
注意: 包含文件:         C:\Program Files (x86)\Microsoft Visual Studio\2022\BuildTools\VC\Tools\MSVC\14.44.35207\include\utility
注意: 包含文件:          C:\Program Files (x86)\Microsoft Visual Studio\2022\BuildTools\VC\Tools\MSVC\14.44.35207\include\initializer_list
注意: 包含文件:      C:\Program Files (x86)\Microsoft Visual Studio\2022\BuildTools\VC\Tools\MSVC\14.44.35207\include\xpolymorphic_allocator.h
注意: 包含文件:       C:\Program Files (x86)\Microsoft Visual Studio\2022\BuildTools\VC\Tools\MSVC\14.44.35207\include\tuple
注意: 包含文件:     C:\Program Files (x86)\Microsoft Visual Studio\2022\BuildTools\VC\Tools\MSVC\14.44.35207\include\string
注意: 包含文件:      C:\Program Files (x86)\Microsoft Visual Studio\2022\BuildTools\VC\Tools\MSVC\14.44.35207\include\xstring
注意: 包含文件:       C:\Program Files (x86)\Microsoft Visual Studio\2022\BuildTools\VC\Tools\MSVC\14.44.35207\include\__msvc_string_view.hpp
注意: 包含文件:        C:\Program Files (x86)\Microsoft Visual Studio\2022\BuildTools\VC\Tools\MSVC\14.44.35207\include\iosfwd
注意: 包含文件:      C:\Program Files (x86)\Microsoft Visual Studio\2022\BuildTools\VC\Tools\MSVC\14.44.35207\include\cctype
注意: 包含文件:       C:\Program Files (x86)\Windows Kits\10\include\10.0.26100.0\ucrt\ctype.h
注意: 包含文件:     C:\Program Files (x86)\Microsoft Visual Studio\2022\BuildTools\VC\Tools\MSVC\14.44.35207\include\map
注意: 包含文件:      C:\Program Files (x86)\Microsoft Visual Studio\2022\BuildTools\VC\Tools\MSVC\14.44.35207\include\xtree
注意: 包含文件:       C:\Program Files (x86)\Microsoft Visual Studio\2022\BuildTools\VC\Tools\MSVC\14.44.35207\include\xnode_handle.h
注意: 包含文件:     C:\Program Files (x86)\Microsoft Visual Studio\2022\BuildTools\VC\Tools\MSVC\14.44.35207\include\set
注意: 包含文件:     C:\Program Files (x86)\Microsoft Visual Studio\2022\BuildTools\VC\Tools\MSVC\14.44.35207\include\queue
注意: 包含文件:      C:\Program Files (x86)\Microsoft Visual Studio\2022\BuildTools\VC\Tools\MSVC\14.44.35207\include\__msvc_heap_algorithms.hpp
注意: 包含文件:      C:\Program Files (x86)\Microsoft Visual Studio\2022\BuildTools\VC\Tools\MSVC\14.44.35207\include\deque
注意: 包含文件:     C:\Program Files (x86)\Microsoft Visual Studio\2022\BuildTools\VC\Tools\MSVC\14.44.35207\include\unordered_map
注意: 包含文件:      C:\Program Files (x86)\Microsoft Visual Studio\2022\BuildTools\VC\Tools\MSVC\14.44.35207\include\xhash
注意: 包含文件:       C:\Program Files (x86)\Microsoft Visual Studio\2022\BuildTools\VC\Tools\MSVC\14.44.35207\include\cmath
注意: 包含文件:       C:\Program Files (x86)\Microsoft Visual Studio\2022\BuildTools\VC\Tools\MSVC\14.44.35207\include\list
注意: 包含文件:       C:\Program Files (x86)\Microsoft Visual Studio\2022\BuildTools\VC\Tools\MSVC\14.44.35207\include\xbit_ops.h
注意: 包含文件:     C:\Program Files (x86)\Microsoft Visual Studio\2022\BuildTools\VC\Tools\MSVC\14.44.35207\include\unordered_set
注意: 包含文件:     C:\Program Files (x86)\Microsoft Visual Studio\2022\BuildTools\VC\Tools\MSVC\14.44.35207\include\algorithm
注意: 包含文件:      C:\Program Files (x86)\Microsoft Visual Studio\2022\BuildTools\VC\Tools\MSVC\14.44.35207\include\__msvc_minmax.hpp
注意: 包含文件:     C:\Program Files (x86)\Microsoft Visual Studio\2022\BuildTools\VC\Tools\MSVC\14.44.35207\include\iostream
注意: 包含文件:      C:\Program Files (x86)\Microsoft Visual Studio\2022\BuildTools\VC\Tools\MSVC\14.44.35207\include\istream
注意: 包含文件:       C:\Program Files (x86)\Microsoft Visual Studio\2022\BuildTools\VC\Tools\MSVC\14.44.35207\include\__msvc_ostream.hpp
注意: 包含文件:        C:\Program Files (x86)\Microsoft Visual Studio\2022\BuildTools\VC\Tools\MSVC\14.44.35207\include\ios
注意: 包含文件:         C:\Program Files (x86)\Microsoft Visual Studio\2022\BuildTools\VC\Tools\MSVC\14.44.35207\include\xlocnum
注意: 包含文件:          C:\Program Files (x86)\Microsoft Visual Studio\2022\BuildTools\VC\Tools\MSVC\14.44.35207\include\iterator
注意: 包含文件:          C:\Program Files (x86)\Microsoft Visual Studio\2022\BuildTools\VC\Tools\MSVC\14.44.35207\include\streambuf
注意: 包含文件:           C:\Program Files (x86)\Microsoft Visual Studio\2022\BuildTools\VC\Tools\MSVC\14.44.35207\include\xiosbase
注意: 包含文件:            C:\Program Files (x86)\Windows Kits\10\include\10.0.26100.0\ucrt\share.h
注意: 包含文件:            C:\Program Files (x86)\Microsoft Visual Studio\2022\BuildTools\VC\Tools\MSVC\14.44.35207\include\system_error
注意: 包含文件:             C:\Program Files (x86)\Microsoft Visual Studio\2022\BuildTools\VC\Tools\MSVC\14.44.35207\include\__msvc_system_error_abi.hpp
注意: 包含文件:             C:\Program Files (x86)\Microsoft Visual Studio\2022\BuildTools\VC\Tools\MSVC\14.44.35207\include\cerrno
注意: 包含文件:             C:\Program Files (x86)\Microsoft Visual Studio\2022\BuildTools\VC\Tools\MSVC\14.44.35207\include\stdexcept
注意: 包含文件:             C:\Program Files (x86)\Microsoft Visual Studio\2022\BuildTools\VC\Tools\MSVC\14.44.35207\include\xcall_once.h
注意: 包含文件:             C:\Program Files (x86)\Microsoft Visual Studio\2022\BuildTools\VC\Tools\MSVC\14.44.35207\include\xerrc.h
注意: 包含文件:             C:\Program Files (x86)\Microsoft Visual Studio\2022\BuildTools\VC\Tools\MSVC\14.44.35207\include\atomic
注意: 包含文件:              C:\Program Files (x86)\Microsoft Visual Studio\2022\BuildTools\VC\Tools\MSVC\14.44.35207\include\xthreads.h
注意: 包含文件:               C:\Program Files (x86)\Microsoft Visual Studio\2022\BuildTools\VC\Tools\MSVC\14.44.35207\include\__msvc_threads_core.hpp
注意: 包含文件:               C:\Program Files (x86)\Microsoft Visual Studio\2022\BuildTools\VC\Tools\MSVC\14.44.35207\include\xtimec.h
注意: 包含文件:                C:\Program Files (x86)\Microsoft Visual Studio\2022\BuildTools\VC\Tools\MSVC\14.44.35207\include\ctime
注意: 包含文件:                 C:\Program Files (x86)\Windows Kits\10\include\10.0.26100.0\ucrt\time.h
注意: 包含文件:            C:\Program Files (x86)\Microsoft Visual Studio\2022\BuildTools\VC\Tools\MSVC\14.44.35207\include\xlocale
注意: 包含文件:             C:\Program Files (x86)\Microsoft Visual Studio\2022\BuildTools\VC\Tools\MSVC\14.44.35207\include\memory
注意: 包含文件:              C:\Program Files (x86)\Microsoft Visual Studio\2022\BuildTools\VC\Tools\MSVC\14.44.35207\include\typeinfo
注意: 包含文件:               C:\Program Files (x86)\Microsoft Visual Studio\2022\BuildTools\VC\Tools\MSVC\14.44.35207\include\vcruntime_typeinfo.h
注意: 包含文件:             C:\Program Files (x86)\Microsoft Visual Studio\2022\BuildTools\VC\Tools\MSVC\14.44.35207\include\xfacet
注意: 包含文件:             C:\Program Files (x86)\Microsoft Visual Studio\2022\BuildTools\VC\Tools\MSVC\14.44.35207\include\xlocinfo
注意: 包含文件:              C:\Program Files (x86)\Microsoft Visual Studio\2022\BuildTools\VC\Tools\MSVC\14.44.35207\include\__msvc_xlocinfo_types.hpp
注意: 包含文件:              C:\Program Files (x86)\Microsoft Visual Studio\2022\BuildTools\VC\Tools\MSVC\14.44.35207\include\clocale
注意: 包含文件:               C:\Program Files (x86)\Windows Kits\10\include\10.0.26100.0\ucrt\locale.h
注意: 包含文件:      C:\Program Files (x86)\Microsoft Visual Studio\2022\BuildTools\VC\Tools\MSVC\14.44.35207\include\ostream
注意: 包含文件:     C:\Program Files (x86)\Microsoft Visual Studio\2022\BuildTools\VC\Tools\MSVC\14.44.35207\include\functional
注意: 包含文件:     C:\Program Files (x86)\Microsoft Visual Studio\2022\BuildTools\VC\Tools\MSVC\14.44.35207\include\mutex
注意: 包含文件:      C:\Program Files (x86)\Microsoft Visual Studio\2022\BuildTools\VC\Tools\MSVC\14.44.35207\include\__msvc_chrono.hpp
注意: 包含文件:       C:\Program Files (x86)\Microsoft Visual Studio\2022\BuildTools\VC\Tools\MSVC\14.44.35207\include\ratio
注意: 包含文件:      C:\Program Files (x86)\Microsoft Visual Studio\2022\BuildTools\VC\Tools\MSVC\14.44.35207\include\thread
注意: 包含文件:       C:\Program Files (x86)\Windows Kits\10\include\10.0.26100.0\ucrt\process.h
注意: 包含文件:        C:\Program Files (x86)\Windows Kits\10\include\10.0.26100.0\ucrt\corecrt_startup.h
注意: 包含文件:         C:\Program Files (x86)\Windows Kits\10\include\10.0.26100.0\ucrt\math.h
注意: 包含文件:         C:\Program Files (x86)\Microsoft Visual Studio\2022\BuildTools\VC\Tools\MSVC\14.44.35207\include\vcruntime_startup.h
注意: 包含文件:     C:\Program Files (x86)\Microsoft Visual Studio\2022\BuildTools\VC\Tools\MSVC\14.44.35207\include\locale
注意: 包含文件:      C:\Program Files (x86)\Microsoft Visual Studio\2022\BuildTools\VC\Tools\MSVC\14.44.35207\include\xlocbuf
注意: 包含文件:      C:\Program Files (x86)\Microsoft Visual Studio\2022\BuildTools\VC\Tools\MSVC\14.44.35207\include\xlocmes
注意: 包含文件:      C:\Program Files (x86)\Microsoft Visual Studio\2022\BuildTools\VC\Tools\MSVC\14.44.35207\include\xlocmon
注意: 包含文件:      C:\Program Files (x86)\Microsoft Visual Studio\2022\BuildTools\VC\Tools\MSVC\14.44.35207\include\xloctime
注意: 包含文件:     C:\Program Files (x86)\Microsoft Visual Studio\2022\BuildTools\VC\Tools\MSVC\14.44.35207\include\codecvt
注意: 包含文件:     C:\Users\user\output\deepseek-v4部署\fastllm-master\include\devices/cpu/alivethreadpool.h
注意: 包含文件:      C:\Program Files (x86)\Windows Kits\10\\include\10.0.26100.0\\um\Windows.h
注意: 包含文件:       C:\Program Files (x86)\Windows Kits\10\\include\10.0.26100.0\\shared\winapifamily.h
注意: 包含文件:        C:\Program Files (x86)\Windows Kits\10\\include\10.0.26100.0\\shared\winpackagefamily.h
注意: 包含文件:       C:\Program Files (x86)\Windows Kits\10\\include\10.0.26100.0\\shared\sdkddkver.h
注意: 包含文件:       C:\Program Files (x86)\Microsoft Visual Studio\2022\BuildTools\VC\Tools\MSVC\14.44.35207\include\excpt.h
注意: 包含文件:       C:\Program Files (x86)\Microsoft Visual Studio\2022\BuildTools\VC\Tools\MSVC\14.44.35207\include\stdarg.h
注意: 包含文件:       C:\Program Files (x86)\Windows Kits\10\\include\10.0.26100.0\\shared\windef.h
注意: 包含文件:        C:\Program Files (x86)\Windows Kits\10\\include\10.0.26100.0\\shared\minwindef.h
注意: 包含文件:         C:\Program Files (x86)\Windows Kits\10\\include\10.0.26100.0\\shared\specstrings.h
注意: 包含文件:          C:\Program Files (x86)\Windows Kits\10\\include\10.0.26100.0\\shared\specstrings_strict.h
注意: 包含文件:           C:\Program Files (x86)\Windows Kits\10\\include\10.0.26100.0\\shared\specstrings_undef.h
注意: 包含文件:          C:\Program Files (x86)\Windows Kits\10\\include\10.0.26100.0\\shared\driverspecs.h
注意: 包含文件:           C:\Program Files (x86)\Windows Kits\10\include\10.0.26100.0\shared\sdv_driverspecs.h
注意: 包含文件:         C:\Program Files (x86)\Windows Kits\10\\include\10.0.26100.0\\um\winnt.h
注意: 包含文件:          C:\Program Files (x86)\Windows Kits\10\\include\10.0.26100.0\\shared\kernelspecs.h
注意: 包含文件:          C:\Program Files (x86)\Windows Kits\10\\include\10.0.26100.0\\shared\basetsd.h
注意: 包含文件:          C:\Program Files (x86)\Windows Kits\10\\include\10.0.26100.0\\shared\guiddef.h
注意: 包含文件:          C:\Program Files (x86)\Windows Kits\10\include\10.0.26100.0\shared\pshpack4.h
注意: 包含文件:          C:\Program Files (x86)\Windows Kits\10\include\10.0.26100.0\shared\poppack.h
注意: 包含文件:          C:\Program Files (x86)\Windows Kits\10\\include\10.0.26100.0\\shared\pshpack4.h
注意: 包含文件:          C:\Program Files (x86)\Windows Kits\10\\include\10.0.26100.0\\shared\poppack.h
注意: 包含文件:          C:\Program Files (x86)\Windows Kits\10\include\10.0.26100.0\shared\pshpack4.h
注意: 包含文件:          C:\Program Files (x86)\Windows Kits\10\include\10.0.26100.0\shared\pshpack2.h
注意: 包含文件:          C:\Program Files (x86)\Windows Kits\10\include\10.0.26100.0\shared\poppack.h
注意: 包含文件:          C:\Program Files (x86)\Windows Kits\10\include\10.0.26100.0\shared\pshpack2.h
注意: 包含文件:          C:\Program Files (x86)\Windows Kits\10\\include\10.0.26100.0\\shared\pshpack2.h
注意: 包含文件:          C:\Program Files (x86)\Windows Kits\10\\include\10.0.26100.0\\shared\poppack.h
注意: 包含文件:          C:\Program Files (x86)\Windows Kits\10\include\10.0.26100.0\shared\poppack.h
注意: 包含文件:          C:\Program Files (x86)\Windows Kits\10\include\10.0.26100.0\shared\pshpack8.h
注意: 包含文件:          C:\Program Files (x86)\Windows Kits\10\include\10.0.26100.0\shared\poppack.h
注意: 包含文件:          C:\Program Files (x86)\Windows Kits\10\include\10.0.26100.0\shared\pshpack1.h
注意: 包含文件:          C:\Program Files (x86)\Windows Kits\10\include\10.0.26100.0\shared\poppack.h
注意: 包含文件:          C:\Program Files (x86)\Windows Kits\10\include\10.0.26100.0\shared\pshpack1.h
注意: 包含文件:          C:\Program Files (x86)\Windows Kits\10\include\10.0.26100.0\shared\poppack.h
注意: 包含文件:          C:\Program Files (x86)\Windows Kits\10\include\10.0.26100.0\shared\poppack.h
注意: 包含文件:          C:\Program Files (x86)\Windows Kits\10\\include\10.0.26100.0\\shared\apiset.h
注意: 包含文件:          C:\Program Files (x86)\Windows Kits\10\\include\10.0.26100.0\\shared\ktmtypes.h
注意: 包含文件:       C:\Program Files (x86)\Windows Kits\10\\include\10.0.26100.0\\um\winbase.h
注意: 包含文件:        C:\Program Files (x86)\Windows Kits\10\\include\10.0.26100.0\\shared\apisetcconv.h
注意: 包含文件:        C:\Program Files (x86)\Windows Kits\10\\include\10.0.26100.0\\um\minwinbase.h
注意: 包含文件:        C:\Program Files (x86)\Windows Kits\10\\include\10.0.26100.0\\um\apiquery2.h
注意: 包含文件:        C:\Program Files (x86)\Windows Kits\10\\include\10.0.26100.0\\um\processenv.h
注意: 包含文件:        C:\Program Files (x86)\Windows Kits\10\\include\10.0.26100.0\\um\fileapifromapp.h
注意: 包含文件:         C:\Program Files (x86)\Windows Kits\10\\include\10.0.26100.0\\um\fileapi.h
注意: 包含文件:        C:\Program Files (x86)\Windows Kits\10\\include\10.0.26100.0\\um\debugapi.h
注意: 包含文件:        C:\Program Files (x86)\Windows Kits\10\\include\10.0.26100.0\\um\utilapiset.h
注意: 包含文件:        C:\Program Files (x86)\Windows Kits\10\\include\10.0.26100.0\\um\handleapi.h
注意: 包含文件:        C:\Program Files (x86)\Windows Kits\10\\include\10.0.26100.0\\um\errhandlingapi.h
注意: 包含文件:        C:\Program Files (x86)\Windows Kits\10\\include\10.0.26100.0\\um\fibersapi.h
注意: 包含文件:        C:\Program Files (x86)\Windows Kits\10\\include\10.0.26100.0\\um\namedpipeapi.h
注意: 包含文件:        C:\Program Files (x86)\Windows Kits\10\\include\10.0.26100.0\\um\profileapi.h
注意: 包含文件:        C:\Program Files (x86)\Windows Kits\10\\include\10.0.26100.0\\um\heapapi.h
注意: 包含文件:        C:\Program Files (x86)\Windows Kits\10\\include\10.0.26100.0\\um\ioapiset.h
注意: 包含文件:        C:\Program Files (x86)\Windows Kits\10\\include\10.0.26100.0\\um\synchapi.h
注意: 包含文件:        C:\Program Files (x86)\Windows Kits\10\\include\10.0.26100.0\\um\interlockedapi.h
注意: 包含文件:        C:\Program Files (x86)\Windows Kits\10\\include\10.0.26100.0\\um\processthreadsapi.h
注意: 包含文件:        C:\Program Files (x86)\Windows Kits\10\\include\10.0.26100.0\\um\sysinfoapi.h
注意: 包含文件:        C:\Program Files (x86)\Windows Kits\10\\include\10.0.26100.0\\um\memoryapi.h
注意: 包含文件:        C:\Program Files (x86)\Windows Kits\10\\include\10.0.26100.0\\um\enclaveapi.h
注意: 包含文件:        C:\Program Files (x86)\Windows Kits\10\\include\10.0.26100.0\\um\threadpoollegacyapiset.h
注意: 包含文件:        C:\Program Files (x86)\Windows Kits\10\\include\10.0.26100.0\\um\threadpoolapiset.h
注意: 包含文件:        C:\Program Files (x86)\Windows Kits\10\\include\10.0.26100.0\\um\jobapi.h
注意: 包含文件:        C:\Program Files (x86)\Windows Kits\10\\include\10.0.26100.0\\um\jobapi2.h
注意: 包含文件:        C:\Program Files (x86)\Windows Kits\10\\include\10.0.26100.0\\um\wow64apiset.h
注意: 包含文件:        C:\Program Files (x86)\Windows Kits\10\\include\10.0.26100.0\\um\libloaderapi.h
注意: 包含文件:        C:\Program Files (x86)\Windows Kits\10\\include\10.0.26100.0\\um\securitybaseapi.h
注意: 包含文件:        C:\Program Files (x86)\Windows Kits\10\\include\10.0.26100.0\\um\namespaceapi.h
注意: 包含文件:        C:\Program Files (x86)\Windows Kits\10\\include\10.0.26100.0\\um\systemtopologyapi.h
注意: 包含文件:        C:\Program Files (x86)\Windows Kits\10\\include\10.0.26100.0\\um\processtopologyapi.h
注意: 包含文件:        C:\Program Files (x86)\Windows Kits\10\\include\10.0.26100.0\\um\securityappcontainer.h
注意: 包含文件:        C:\Program Files (x86)\Windows Kits\10\\include\10.0.26100.0\\um\realtimeapiset.h
注意: 包含文件:        C:\Program Files (x86)\Windows Kits\10\\include\10.0.26100.0\\shared\winerror.h
注意: 包含文件:        C:\Program Files (x86)\Windows Kits\10\\include\10.0.26100.0\\um\timezoneapi.h
注意: 包含文件:       C:\Program Files (x86)\Windows Kits\10\\include\10.0.26100.0\\um\wingdi.h
注意: 包含文件:        C:\Program Files (x86)\Windows Kits\10\\include\10.0.26100.0\\shared\pshpack1.h
注意: 包含文件:        C:\Program Files (x86)\Windows Kits\10\\include\10.0.26100.0\\shared\poppack.h
注意: 包含文件:        C:\Program Files (x86)\Windows Kits\10\\include\10.0.26100.0\\shared\pshpack2.h
注意: 包含文件:        C:\Program Files (x86)\Windows Kits\10\\include\10.0.26100.0\\shared\poppack.h
注意: 包含文件:        C:\Program Files (x86)\Windows Kits\10\\include\10.0.26100.0\\shared\pshpack2.h
注意: 包含文件:        C:\Program Files (x86)\Windows Kits\10\\include\10.0.26100.0\\shared\poppack.h
注意: 包含文件:        C:\Program Files (x86)\Windows Kits\10\\include\10.0.26100.0\\shared\pshpack4.h
注意: 包含文件:        C:\Program Files (x86)\Windows Kits\10\\include\10.0.26100.0\\shared\poppack.h
注意: 包含文件:        C:\Program Files (x86)\Windows Kits\10\\include\10.0.26100.0\\shared\pshpack4.h
注意: 包含文件:        C:\Program Files (x86)\Windows Kits\10\\include\10.0.26100.0\\shared\poppack.h
注意: 包含文件:       C:\Program Files (x86)\Windows Kits\10\\include\10.0.26100.0\\um\winuser.h
注意: 包含文件:        C:\Program Files (x86)\Windows Kits\10\\include\10.0.26100.0\\shared\pshpack2.h
注意: 包含文件:        C:\Program Files (x86)\Windows Kits\10\\include\10.0.26100.0\\shared\poppack.h
注意: 包含文件:        C:\Program Files (x86)\Windows Kits\10\\include\10.0.26100.0\\shared\tvout.h
注意: 包含文件:       C:\Program Files (x86)\Windows Kits\10\\include\10.0.26100.0\\um\winnls.h
注意: 包含文件:        C:\Program Files (x86)\Windows Kits\10\\include\10.0.26100.0\\um\datetimeapi.h
注意: 包含文件:        C:\Program Files (x86)\Windows Kits\10\\include\10.0.26100.0\\um\stringapiset.h
注意: 包含文件:         C:\Program Files (x86)\Windows Kits\10\\include\10.0.26100.0\\um\winnls.h
注意: 包含文件:       C:\Program Files (x86)\Windows Kits\10\\include\10.0.26100.0\\um\wincon.h
注意: 包含文件:        C:\Program Files (x86)\Windows Kits\10\\include\10.0.26100.0\\um\wincontypes.h
注意: 包含文件:        C:\Program Files (x86)\Windows Kits\10\\include\10.0.26100.0\\um\consoleapi.h
注意: 包含文件:        C:\Program Files (x86)\Windows Kits\10\\include\10.0.26100.0\\um\consoleapi2.h
注意: 包含文件:        C:\Program Files (x86)\Windows Kits\10\\include\10.0.26100.0\\um\consoleapi3.h
注意: 包含文件:       C:\Program Files (x86)\Windows Kits\10\\include\10.0.26100.0\\um\winver.h
注意: 包含文件:        C:\Program Files (x86)\Windows Kits\10\\include\10.0.26100.0\\um\verrsrc.h
注意: 包含文件:       C:\Program Files (x86)\Windows Kits\10\\include\10.0.26100.0\\um\winreg.h
注意: 包含文件:        C:\Program Files (x86)\Windows Kits\10\\include\10.0.26100.0\\um\reason.h
注意: 包含文件:       C:\Program Files (x86)\Windows Kits\10\\include\10.0.26100.0\\um\winnetwk.h
注意: 包含文件:        C:\Program Files (x86)\Windows Kits\10\\include\10.0.26100.0\\shared\wnnc.h
注意: 包含文件:       C:\Program Files (x86)\Windows Kits\10\\include\10.0.26100.0\\shared\cderr.h
注意: 包含文件:       C:\Program Files (x86)\Windows Kits\10\\include\10.0.26100.0\\um\dde.h
注意: 包含文件:       C:\Program Files (x86)\Windows Kits\10\\include\10.0.26100.0\\um\ddeml.h
注意: 包含文件:       C:\Program Files (x86)\Windows Kits\10\\include\10.0.26100.0\\um\dlgs.h
注意: 包含文件:       C:\Program Files (x86)\Windows Kits\10\\include\10.0.26100.0\\um\lzexpand.h
注意: 包含文件:       C:\Program Files (x86)\Windows Kits\10\\include\10.0.26100.0\\um\mmsystem.h
注意: 包含文件:        C:\Program Files (x86)\Windows Kits\10\\include\10.0.26100.0\\um\mmsyscom.h
注意: 包含文件:         C:\Program Files (x86)\Windows Kits\10\\include\10.0.26100.0\\shared\pshpack1.h
注意: 包含文件:         C:\Program Files (x86)\Windows Kits\10\\include\10.0.26100.0\\shared\poppack.h
注意: 包含文件:        C:\Program Files (x86)\Windows Kits\10\\include\10.0.26100.0\\shared\pshpack1.h
注意: 包含文件:        C:\Program Files (x86)\Windows Kits\10\\include\10.0.26100.0\\um\mciapi.h
注意: 包含文件:         C:\Program Files (x86)\Windows Kits\10\\include\10.0.26100.0\\um\mmsyscom.h
注意: 包含文件:        C:\Program Files (x86)\Windows Kits\10\\include\10.0.26100.0\\um\mmiscapi.h
注意: 包含文件:         C:\Program Files (x86)\Windows Kits\10\\include\10.0.26100.0\\um\mmsyscom.h
注意: 包含文件:        C:\Program Files (x86)\Windows Kits\10\\include\10.0.26100.0\\um\mmiscapi2.h
注意: 包含文件:         C:\Program Files (x86)\Windows Kits\10\\include\10.0.26100.0\\um\mmsyscom.h
注意: 包含文件:        C:\Program Files (x86)\Windows Kits\10\\include\10.0.26100.0\\um\playsoundapi.h
注意: 包含文件:         C:\Program Files (x86)\Windows Kits\10\\include\10.0.26100.0\\um\mmsyscom.h
注意: 包含文件:        C:\Program Files (x86)\Windows Kits\10\\include\10.0.26100.0\\um\mmeapi.h
注意: 包含文件:         C:\Program Files (x86)\Windows Kits\10\\include\10.0.26100.0\\um\mmsyscom.h
注意: 包含文件:        C:\Program Files (x86)\Windows Kits\10\\include\10.0.26100.0\\um\timeapi.h
注意: 包含文件:         C:\Program Files (x86)\Windows Kits\10\\include\10.0.26100.0\\um\mmsyscom.h
注意: 包含文件:        C:\Program Files (x86)\Windows Kits\10\\include\10.0.26100.0\\um\joystickapi.h
注意: 包含文件:         C:\Program Files (x86)\Windows Kits\10\\include\10.0.26100.0\\um\mmsyscom.h
注意: 包含文件:        C:\Program Files (x86)\Windows Kits\10\\include\10.0.26100.0\\shared\poppack.h
注意: 包含文件:       C:\Program Files (x86)\Windows Kits\10\\include\10.0.26100.0\\um\nb30.h
注意: 包含文件:       C:\Program Files (x86)\Windows Kits\10\\include\10.0.26100.0\\shared\rpc.h
注意: 包含文件:        C:\Program Files (x86)\Windows Kits\10\\include\10.0.26100.0\\shared\pshpack8.h
注意: 包含文件:        C:\Program Files (x86)\Windows Kits\10\\include\10.0.26100.0\\shared\rpcdce.h
注意: 包含文件:         C:\Program Files (x86)\Windows Kits\10\\include\10.0.26100.0\\shared\rpcdcep.h
注意: 包含文件:        C:\Program Files (x86)\Windows Kits\10\\include\10.0.26100.0\\um\rpcnsi.h
注意: 包含文件:        C:\Program Files (x86)\Windows Kits\10\\include\10.0.26100.0\\shared\rpcnterr.h
注意: 包含文件:        C:\Program Files (x86)\Windows Kits\10\\include\10.0.26100.0\\shared\rpcasync.h
注意: 包含文件:         C:\Program Files (x86)\Windows Kits\10\\include\10.0.26100.0\\shared\pshpack8.h
注意: 包含文件:         C:\Program Files (x86)\Windows Kits\10\\include\10.0.26100.0\\shared\poppack.h
注意: 包含文件:        C:\Program Files (x86)\Windows Kits\10\\include\10.0.26100.0\\shared\poppack.h
注意: 包含文件:       C:\Program Files (x86)\Windows Kits\10\\include\10.0.26100.0\\um\shellapi.h
注意: 包含文件:       C:\Program Files (x86)\Windows Kits\10\\include\10.0.26100.0\\um\winperf.h
注意: 包含文件:        C:\Program Files (x86)\Windows Kits\10\\include\10.0.26100.0\\shared\pshpack8.h
注意: 包含文件:        C:\Program Files (x86)\Windows Kits\10\\include\10.0.26100.0\\shared\poppack.h
注意: 包含文件:       C:\Program Files (x86)\Windows Kits\10\\include\10.0.26100.0\\um\winsock.h
注意: 包含文件:        C:\Program Files (x86)\Windows Kits\10\\include\10.0.26100.0\\shared\inaddr.h
注意: 包含文件:       C:\Program Files (x86)\Windows Kits\10\\include\10.0.26100.0\\um\wincrypt.h
注意: 包含文件:        C:\Program Files (x86)\Windows Kits\10\\include\10.0.26100.0\\shared\bcrypt.h
注意: 包含文件:        C:\Program Files (x86)\Windows Kits\10\\include\10.0.26100.0\\um\ncrypt.h
注意: 包含文件:        C:\Program Files (x86)\Windows Kits\10\\include\10.0.26100.0\\um\dpapi.h
注意: 包含文件:       C:\Program Files (x86)\Windows Kits\10\\include\10.0.26100.0\\um\winefs.h
注意: 包含文件:       C:\Program Files (x86)\Windows Kits\10\\include\10.0.26100.0\\um\winscard.h
注意: 包含文件:        C:\Program Files (x86)\Windows Kits\10\\include\10.0.26100.0\\shared\wtypes.h
注意: 包含文件:         C:\Program Files (x86)\Windows Kits\10\include\10.0.26100.0\shared\rpcndr.h
注意: 包含文件:          C:\Program Files (x86)\Windows Kits\10\\include\10.0.26100.0\\shared\pshpack8.h
注意: 包含文件:          C:\Program Files (x86)\Windows Kits\10\\include\10.0.26100.0\\um\rpcnsip.h
注意: 包含文件:          C:\Program Files (x86)\Windows Kits\10\\include\10.0.26100.0\\shared\rpcsal.h
注意: 包含文件:          C:\Program Files (x86)\Windows Kits\10\\include\10.0.26100.0\\shared\poppack.h
注意: 包含文件:         C:\Program Files (x86)\Windows Kits\10\include\10.0.26100.0\shared\wtypesbase.h
注意: 包含文件:          C:\Program Files (x86)\Windows Kits\10\include\10.0.26100.0\shared\guiddef.h
注意: 包含文件:        C:\Program Files (x86)\Windows Kits\10\\include\10.0.26100.0\\um\winioctl.h
注意: 包含文件:         C:\Program Files (x86)\Windows Kits\10\\include\10.0.26100.0\\shared\pshpack1.h
注意: 包含文件:         C:\Program Files (x86)\Windows Kits\10\\include\10.0.26100.0\\shared\poppack.h
注意: 包含文件:         C:\Program Files (x86)\Windows Kits\10\\include\10.0.26100.0\\shared\pshpack1.h
注意: 包含文件:         C:\Program Files (x86)\Windows Kits\10\\include\10.0.26100.0\\shared\poppack.h
注意: 包含文件:         C:\Program Files (x86)\Windows Kits\10\\include\10.0.26100.0\\shared\pshpack1.h
注意: 包含文件:         C:\Program Files (x86)\Windows Kits\10\\include\10.0.26100.0\\shared\poppack.h
注意: 包含文件:         C:\Program Files (x86)\Windows Kits\10\\include\10.0.26100.0\\shared\pshpack1.h
注意: 包含文件:         C:\Program Files (x86)\Windows Kits\10\\include\10.0.26100.0\\shared\poppack.h
注意: 包含文件:         C:\Program Files (x86)\Windows Kits\10\\include\10.0.26100.0\\shared\pshpack1.h
注意: 包含文件:         C:\Program Files (x86)\Windows Kits\10\\include\10.0.26100.0\\shared\poppack.h
注意: 包含文件:         C:\Program Files (x86)\Windows Kits\10\\include\10.0.26100.0\\shared\pshpack1.h
注意: 包含文件:         C:\Program Files (x86)\Windows Kits\10\\include\10.0.26100.0\\shared\poppack.h
注意: 包含文件:         C:\Program Files (x86)\Windows Kits\10\\include\10.0.26100.0\\shared\pshpack1.h
注意: 包含文件:         C:\Program Files (x86)\Windows Kits\10\\include\10.0.26100.0\\shared\poppack.h
注意: 包含文件:        C:\Program Files (x86)\Windows Kits\10\\include\10.0.26100.0\\shared\winsmcrd.h
注意: 包含文件:       C:\Program Files (x86)\Windows Kits\10\\include\10.0.26100.0\\um\winspool.h
注意: 包含文件:        C:\Program Files (x86)\Windows Kits\10\\include\10.0.26100.0\\um\prsht.h
注意: 包含文件:         C:\Program Files (x86)\Windows Kits\10\\include\10.0.26100.0\\shared\pshpack8.h
注意: 包含文件:         C:\Program Files (x86)\Windows Kits\10\\include\10.0.26100.0\\shared\poppack.h
注意: 包含文件:       C:\Program Files (x86)\Windows Kits\10\\include\10.0.26100.0\\um\ole2.h
注意: 包含文件:        C:\Program Files (x86)\Windows Kits\10\\include\10.0.26100.0\\shared\pshpack8.h
注意: 包含文件:        C:\Program Files (x86)\Windows Kits\10\\include\10.0.26100.0\\um\objbase.h
注意: 包含文件:         C:\Program Files (x86)\Windows Kits\10\\include\10.0.26100.0\\shared\pshpack8.h
注意: 包含文件:         C:\Program Files (x86)\Windows Kits\10\\include\10.0.26100.0\\um\combaseapi.h
注意: 包含文件:          C:\Program Files (x86)\Windows Kits\10\\include\10.0.26100.0\\shared\pshpack8.h
注意: 包含文件:          C:\Program Files (x86)\Windows Kits\10\\include\10.0.26100.0\\um\unknwnbase.h
注意: 包含文件:          C:\Program Files (x86)\Windows Kits\10\\include\10.0.26100.0\\um\objidlbase.h
注意: 包含文件:          C:\Program Files (x86)\Windows Kits\10\\include\10.0.26100.0\\shared\guiddef.h
注意: 包含文件:          C:\Program Files (x86)\Windows Kits\10\\include\10.0.26100.0\\um\cguid.h
注意: 包含文件:          C:\Program Files (x86)\Windows Kits\10\\include\10.0.26100.0\\shared\poppack.h
注意: 包含文件:         C:\Program Files (x86)\Windows Kits\10\\include\10.0.26100.0\\um\coml2api.h
注意: 包含文件:          C:\Program Files (x86)\Windows Kits\10\\include\10.0.26100.0\\um\objidl.h
注意: 包含文件:           C:\Program Files (x86)\Windows Kits\10\include\10.0.26100.0\um\unknwn.h
注意: 包含文件:          C:\Program Files (x86)\Windows Kits\10\\include\10.0.26100.0\\um\propidlbase.h
注意: 包含文件:           C:\Program Files (x86)\Windows Kits\10\include\10.0.26100.0\um\oaidl.h
注意: 包含文件:         C:\Program Files (x86)\Windows Kits\10\\include\10.0.26100.0\\um\urlmon.h
注意: 包含文件:          C:\Program Files (x86)\Windows Kits\10\include\10.0.26100.0\um\oleidl.h
注意: 包含文件:          C:\Program Files (x86)\Windows Kits\10\include\10.0.26100.0\um\servprov.h
注意: 包含文件:          C:\Program Files (x86)\Windows Kits\10\include\10.0.26100.0\um\msxml.h
注意: 包含文件:         C:\Program Files (x86)\Windows Kits\10\\include\10.0.26100.0\\um\propidl.h
注意: 包含文件:         C:\Program Files (x86)\Windows Kits\10\\include\10.0.26100.0\\shared\poppack.h
注意: 包含文件:        C:\Program Files (x86)\Windows Kits\10\\include\10.0.26100.0\\um\oleauto.h
注意: 包含文件:         C:\Program Files (x86)\Windows Kits\10\\include\10.0.26100.0\\shared\pshpack8.h
注意: 包含文件:         C:\Program Files (x86)\Windows Kits\10\\include\10.0.26100.0\\shared\poppack.h
注意: 包含文件:        C:\Program Files (x86)\Windows Kits\10\\include\10.0.26100.0\\shared\poppack.h
注意: 包含文件:       C:\Program Files (x86)\Windows Kits\10\\include\10.0.26100.0\\um\commdlg.h
注意: 包含文件:        C:\Program Files (x86)\Windows Kits\10\\include\10.0.26100.0\\um\prsht.h
注意: 包含文件:       C:\Program Files (x86)\Windows Kits\10\\include\10.0.26100.0\\shared\stralign.h
注意: 包含文件:       C:\Program Files (x86)\Windows Kits\10\\include\10.0.26100.0\\um\winsvc.h
注意: 包含文件:       C:\Program Files (x86)\Windows Kits\10\\include\10.0.26100.0\\um\mcx.h
注意: 包含文件:       C:\Program Files (x86)\Windows Kits\10\\include\10.0.26100.0\\um\imm.h
注意: 包含文件:        C:\Program Files (x86)\Windows Kits\10\\include\10.0.26100.0\\um\ime_cmodes.h
C:\Users\user\output\deepseek-v4部署\fastllm-master\include\devices/cpu/alivethreadpool.h(58): error C2039: "system_clock": 不是 "std::chrono" 的成员
C:\Program Files (x86)\Microsoft Visual Studio\2022\BuildTools\VC\Tools\MSVC\14.44.35207\include\__msvc_chrono.hpp(286): note: 参见“std::chrono”的声明
C:\Users\user\output\deepseek-v4部署\fastllm-master\include\devices/cpu/alivethreadpool.h(58): error C3083: “system_clock”:“::”左侧的符号必须是一种类型
C:\Users\user\output\deepseek-v4部署\fastllm-master\include\devices/cpu/alivethreadpool.h(58): error C2039: "now": 不是 "std::chrono" 的成员
C:\Program Files (x86)\Microsoft Visual Studio\2022\BuildTools\VC\Tools\MSVC\14.44.35207\include\__msvc_chrono.hpp(286): note: 参见“std::chrono”的声明
C:\Users\user\output\deepseek-v4部署\fastllm-master\include\devices/cpu/alivethreadpool.h(58): error C3861: “now”: 找不到标识符
C:\Users\user\output\deepseek-v4部署\fastllm-master\include\devices/cpu/alivethreadpool.h(65): error C2039: "system_clock": 不是 "std::chrono" 的成员
C:\Program Files (x86)\Microsoft Visual Studio\2022\BuildTools\VC\Tools\MSVC\14.44.35207\include\__msvc_chrono.hpp(286): note: 参见“std::chrono”的声明
C:\Users\user\output\deepseek-v4部署\fastllm-master\include\devices/cpu/alivethreadpool.h(65): error C3083: “system_clock”:“::”左侧的符号必须是一种类型
C:\Users\user\output\deepseek-v4部署\fastllm-master\include\devices/cpu/alivethreadpool.h(65): error C2039: "now": 不是 "std::chrono" 的成员
C:\Program Files (x86)\Microsoft Visual Studio\2022\BuildTools\VC\Tools\MSVC\14.44.35207\include\__msvc_chrono.hpp(286): note: 参见“std::chrono”的声明
C:\Users\user\output\deepseek-v4部署\fastllm-master\include\devices/cpu/alivethreadpool.h(65): error C3861: “now”: 找不到标识符
C:\Users\user\output\deepseek-v4部署\fastllm-master\include\devices/cpu/alivethreadpool.h(70): error C2039: "system_clock": 不是 "std::chrono" 的成员
C:\Program Files (x86)\Microsoft Visual Studio\2022\BuildTools\VC\Tools\MSVC\14.44.35207\include\__msvc_chrono.hpp(286): note: 参见“std::chrono”的声明
C:\Users\user\output\deepseek-v4部署\fastllm-master\include\devices/cpu/alivethreadpool.h(70): error C3083: “system_clock”:“::”左侧的符号必须是一种类型
C:\Users\user\output\deepseek-v4部署\fastllm-master\include\devices/cpu/alivethreadpool.h(70): error C2039: "now": 不是 "std::chrono" 的成员
C:\Program Files (x86)\Microsoft Visual Studio\2022\BuildTools\VC\Tools\MSVC\14.44.35207\include\__msvc_chrono.hpp(286): note: 参见“std::chrono”的声明
C:\Users\user\output\deepseek-v4部署\fastllm-master\include\devices/cpu/alivethreadpool.h(70): error C3861: “now”: 找不到标识符
C:\Users\user\output\deepseek-v4部署\fastllm-master\include\devices/cpu/alivethreadpool.h(70): error C2672: “std::chrono::duration_cast”: 未找到匹配的重载函数
C:\Program Files (x86)\Microsoft Visual Studio\2022\BuildTools\VC\Tools\MSVC\14.44.35207\include\__msvc_chrono.hpp(87): note: 可能是“_To std::chrono::duration_cast(const std::chrono::duration<_Rep,_Period> &) noexcept(<expr>)”
C:\Users\user\output\deepseek-v4部署\fastllm-master\include\devices/cpu/alivethreadpool.h(71): error C3536: “duration”: 初始化之前无法使用
C:\Users\user\output\deepseek-v4部署\fastllm-master\include\devices/cpu/alivethreadpool.h(135): warning C4267: “初始化”: 从“size_t”转换到“int”，可能丢失数据
C:\Users\user\output\deepseek-v4部署\fastllm-master\include\devices/cpu/alivethreadpool.h(175): warning C4267: “初始化”: 从“size_t”转换到“int”，可能丢失数据
C:\Users\user\output\deepseek-v4部署\fastllm-master\include\devices/cpu/alivethreadpool.h(235): warning C4267: “初始化”: 从“size_t”转换到“int”，可能丢失数据
C:\Users\user\output\deepseek-v4部署\fastllm-master\include\devices/cpu/alivethreadpool.h(236): warning C4267: “初始化”: 从“size_t”转换到“int”，可能丢失数据
C:\Users\user\output\deepseek-v4部署\fastllm-master\include\devices/cpu/alivethreadpool.h(237): warning C4267: “初始化”: 从“size_t”转换到“int”，可能丢失数据
C:\Users\user\output\deepseek-v4部署\fastllm-master\include\devices/cpu/alivethreadpool.h(280): warning C4267: “初始化”: 从“size_t”转换到“int”，可能丢失数据
C:\Users\user\output\deepseek-v4部署\fastllm-master\include\devices/cpu/alivethreadpool.h(326): warning C4267: “初始化”: 从“size_t”转换到“int”，可能丢失数据
C:\Users\user\output\deepseek-v4部署\fastllm-master\include\devices/cpu/alivethreadpool.h(329): warning C4267: “初始化”: 从“size_t”转换到“int”，可能丢失数据
C:\Users\user\output\deepseek-v4部署\fastllm-master\include\devices/cpu/alivethreadpool.h(369): warning C4267: “初始化”: 从“size_t”转换到“int”，可能丢失数据
C:\Users\user\output\deepseek-v4部署\fastllm-master\include\devices/cpu/alivethreadpool.h(371): warning C4267: “初始化”: 从“size_t”转换到“int”，可能丢失数据
注意: 包含文件:     C:\Users\user\output\deepseek-v4部署\fastllm-master\third_party\json11\json11.hpp
C:\Users\user\output\deepseek-v4部署\fastllm-master\include\fastllm.h(222): warning C4244: “初始化”: 从“int”转换到“float”，可能丢失数据
C:\Users\user\output\deepseek-v4部署\fastllm-master\include\fastllm.h(222): warning C4244: “初始化”: 从“int”转换到“const float”，可能丢失数据
C:\Users\user\output\deepseek-v4部署\fastllm-master\include\fastllm.h(227): warning C4244: “=”: 从“float”转换到“uint8_t”，可能丢失数据
C:\Users\user\output\deepseek-v4部署\fastllm-master\include\fastllm.h(229): warning C4244: “=”: 从“const float”转换到“uint8_t”，可能丢失数据
C:\Users\user\output\deepseek-v4部署\fastllm-master\include\fastllm.h(687): warning C4996: 'std::codecvt_utf8<wchar_t,1114111,(std::codecvt_mode)0>': warning STL4017: std::wbuffer_convert, std::wstring_convert, and the <codecvt> header (containing std::codecvt_mode, std::codecvt_utf8, std::codecvt_utf16, and std::codecvt_utf8_utf16) are deprecated in C++17. (The std::codecvt class template is NOT deprecated.) The C++ Standard doesn't provide equivalent non-deprecated functionality; consider using MultiByteToWideChar() and WideCharToMultiByte() from <Windows.h> instead. You can define _SILENCE_CXX17_CODECVT_HEADER_DEPRECATION_WARNING or _SILENCE_ALL_CXX17_DEPRECATION_WARNINGS to suppress this warning.
C:\Program Files (x86)\Microsoft Visual Studio\2022\BuildTools\VC\Tools\MSVC\14.44.35207\include\codecvt(34): note: 参见“std::codecvt_utf8”的声明
C:\Users\user\output\deepseek-v4部署\fastllm-master\include\fastllm.h(687): warning C4996: 'std::wstring_convert<std::codecvt_utf8<wchar_t,1114111,(std::codecvt_mode)0>,wchar_t,std::allocator<wchar_t>,std::allocator<char>>': warning STL4017: std::wbuffer_convert, std::wstring_convert, and the <codecvt> header (containing std::codecvt_mode, std::codecvt_utf8, std::codecvt_utf16, and std::codecvt_utf8_utf16) are deprecated in C++17. (The std::codecvt class template is NOT deprecated.) The C++ Standard doesn't provide equivalent non-deprecated functionality; consider using MultiByteToWideChar() and WideCharToMultiByte() from <Windows.h> instead. You can define _SILENCE_CXX17_CODECVT_HEADER_DEPRECATION_WARNING or _SILENCE_ALL_CXX17_DEPRECATION_WARNINGS to suppress this warning.
C:\Program Files (x86)\Microsoft Visual Studio\2022\BuildTools\VC\Tools\MSVC\14.44.35207\include\xlocbuf(303): note: 参见“std::wstring_convert”的声明
注意: 包含文件:   C:\Users\user\output\deepseek-v4部署\fastllm-master\include\devices/cpu/cpudevice.h
注意: 包含文件:  C:\Users\user\output\deepseek-v4部署\fastllm-master\third_party\gguf\gguf.h
注意: 包含文件:   C:\Program Files (x86)\Microsoft Visual Studio\2022\BuildTools\VC\Tools\MSVC\14.44.35207\include\regex
注意: 包含文件:   C:\Users\user\output\deepseek-v4部署\fastllm-master\include\utils\utils.h
注意: 包含文件:    C:\Program Files (x86)\Microsoft Visual Studio\2022\BuildTools\VC\Tools\MSVC\14.44.35207\include\chrono
注意: 包含文件:     C:\Program Files (x86)\Microsoft Visual Studio\2022\BuildTools\VC\Tools\MSVC\14.44.35207\include\xfilesystem_abi.h
注意: 包含文件:    C:\Program Files (x86)\Windows Kits\10\include\10.0.26100.0\ucrt\fcntl.h
注意: 包含文件:    C:\Program Files (x86)\Microsoft Visual Studio\2022\BuildTools\VC\Tools\MSVC\14.44.35207\include\array
注意: 包含文件:    C:\Program Files (x86)\Microsoft Visual Studio\2022\BuildTools\VC\Tools\MSVC\14.44.35207\include\filesystem
注意: 包含文件:     C:\Program Files (x86)\Microsoft Visual Studio\2022\BuildTools\VC\Tools\MSVC\14.44.35207\include\iomanip
C:\Users\user\output\deepseek-v4部署\fastllm-master\include\utils\utils.h(30): warning C4067: 预处理器指令后有意外标记 - 应输入换行符
注意: 包含文件:    C:\Program Files (x86)\Windows Kits\10\include\10.0.26100.0\ucrt\io.h
注意: 包含文件:     C:\Program Files (x86)\Windows Kits\10\include\10.0.26100.0\ucrt\corecrt_io.h
C:\Users\user\output\deepseek-v4部署\fastllm-master\include\utils\utils.h(109): warning C4996: '_wfopen': This function or variable may be unsafe. Consider using _wfopen_s instead. To disable deprecation, use _CRT_SECURE_NO_WARNINGS. See online help for details.
C:\Users\user\output\deepseek-v4部署\fastllm-master\include\utils\utils.h(118): warning C4996: '_wopen': This function or variable may be unsafe. Consider using _wsopen_s instead. To disable deprecation, use _CRT_SECURE_NO_WARNINGS. See online help for details.
C:\Users\user\output\deepseek-v4部署\fastllm-master\include\utils\utils.h(150): warning C4244: “return”: 从“double”转换到“float”，可能丢失数据
C:\Users\user\output\deepseek-v4部署\fastllm-master\include\utils\utils.h(355): warning C4267: “初始化”: 从“size_t”转换到“int”，可能丢失数据
C:\Users\user\output\deepseek-v4部署\fastllm-master\include\utils\utils.h(417): warning C4244: “+=”: 从“double”转换到“float”，可能丢失数据
注意: 包含文件:   C:\Users\user\output\deepseek-v4部署\fastllm-master\include\models\basellm.h
注意: 包含文件:    C:\Users\user\output\deepseek-v4部署\fastllm-master\include\blocks\baseblock.h
注意: 包含文件:    C:\Users\user\output\deepseek-v4部署\fastllm-master\include\template.h
注意: 包含文件:    C:\Program Files (x86)\Microsoft Visual Studio\2022\BuildTools\VC\Tools\MSVC\14.44.35207\include\condition_variable
C:\Users\user\output\deepseek-v4部署\fastllm-master\include\models\basellm.h(344): warning C4305: “初始化”: 从“double”到“float”截断
C:\Users\user\output\deepseek-v4部署\fastllm-master\include\models\basellm.h(348): warning C4244: “初始化”: 从“double”转换到“const float”，可能丢失数据
C:\Users\user\output\deepseek-v4部署\fastllm-master\src\devices\disk\diskdevice.cpp(64): warning C4996: 'getenv': This function or variable may be unsafe. Consider using _dupenv_s instead. To disable deprecation, use _CRT_SECURE_NO_WARNINGS. See online help for details.
C:\Users\user\output\deepseek-v4部署\fastllm-master\src\devices\disk\diskdevice.cpp(302): warning C4244: “初始化”: 从“uint64_t”转换到“int”，可能丢失数据
C:\Users\user\output\deepseek-v4部署\fastllm-master\src\devices\disk\diskdevice.cpp(325): warning C4244: “初始化”: 从“uint64_t”转换到“int”，可能丢失数据
[3/76] Building CXX object CMakeFiles\fastllm_tools.dir\src\devices\cpu\cpudevice.cpp.obj
FAILED: [code=2] CMakeFiles/fastllm_tools.dir/src/devices/cpu/cpudevice.cpp.obj 
"C:\PROGRA~2\Microsoft Visual Studio\2022\BuildTools\VC\Tools\MSVC\14.44.35207\bin\Hostx64\x64\cl.exe"  /nologo /TP -DUSE_CUDA -Dfastllm_tools_EXPORTS -IC:\Users\user\output\deepseek-v4部署\fastllm-master\include -IC:\Users\user\output\deepseek-v4部署\fastllm-master\include\utils -IC:\Users\user\output\deepseek-v4部署\fastllm-master\include\models -IC:\Users\user\output\deepseek-v4部署\fastllm-master\include\blocks -IC:\Users\user\output\deepseek-v4部署\fastllm-master\include\devices\cpu -IC:\Users\user\output\deepseek-v4部署\fastllm-master\include\devices\disk -IC:\Users\user\output\deepseek-v4部署\fastllm-master\third_party\json11 -IC:\Users\user\output\deepseek-v4部署\fastllm-master\third_party\gguf -IC:\Users\user\output\deepseek-v4部署\fastllm-master\third_party\flashinfer -IC:\Users\user\output\deepseek-v4部署\fastllm-master\include\devices\cuda -IC:\Users\user\output\deepseek-v4部署\fastllm-master\include\devices\multicuda /DWIN32 /D_WINDOWS /W3 /GR /EHsc -DNOMINMAX /std:c++17 /arch:AVX2 /source-charset:utf-8 /MD /O2 /Ob1 /Gy /DNDEBUG /showIncludes /FoCMakeFiles\fastllm_tools.dir\src\devices\cpu\cpudevice.cpp.obj /FdCMakeFiles\fastllm_tools.dir\ /FS -c C:\Users\user\output\deepseek-v4部署\fastllm-master\src\devices\cpu\cpudevice.cpp
注意: 包含文件:  C:\Users\user\output\deepseek-v4部署\fastllm-master\include\devices/cpu/cpudevice.h
注意: 包含文件:   C:\Users\user\output\deepseek-v4部署\fastllm-master\include\device.h
注意: 包含文件:    C:\Users\user\output\deepseek-v4部署\fastllm-master\include\fastllm.h
注意: 包含文件:     C:\Program Files (x86)\Microsoft Visual Studio\2022\BuildTools\VC\Tools\MSVC\14.44.35207\include\vector
注意: 包含文件:      C:\Program Files (x86)\Microsoft Visual Studio\2022\BuildTools\VC\Tools\MSVC\14.44.35207\include\yvals_core.h
注意: 包含文件:       C:\Program Files (x86)\Microsoft Visual Studio\2022\BuildTools\VC\Tools\MSVC\14.44.35207\include\vcruntime.h
注意: 包含文件:        C:\Program Files (x86)\Microsoft Visual Studio\2022\BuildTools\VC\Tools\MSVC\14.44.35207\include\sal.h
注意: 包含文件:         C:\Program Files (x86)\Microsoft Visual Studio\2022\BuildTools\VC\Tools\MSVC\14.44.35207\include\concurrencysal.h
注意: 包含文件:        C:\Program Files (x86)\Microsoft Visual Studio\2022\BuildTools\VC\Tools\MSVC\14.44.35207\include\vadefs.h
注意: 包含文件:       C:\Program Files (x86)\Microsoft Visual Studio\2022\BuildTools\VC\Tools\MSVC\14.44.35207\include\xkeycheck.h
注意: 包含文件:      C:\Program Files (x86)\Microsoft Visual Studio\2022\BuildTools\VC\Tools\MSVC\14.44.35207\include\__msvc_bit_utils.hpp
注意: 包含文件:       C:\Program Files (x86)\Microsoft Visual Studio\2022\BuildTools\VC\Tools\MSVC\14.44.35207\include\climits
注意: 包含文件:        C:\Program Files (x86)\Microsoft Visual Studio\2022\BuildTools\VC\Tools\MSVC\14.44.35207\include\limits.h
注意: 包含文件:       C:\Program Files (x86)\Microsoft Visual Studio\2022\BuildTools\VC\Tools\MSVC\14.44.35207\include\xtr1common
注意: 包含文件:       C:\Program Files (x86)\Microsoft Visual Studio\2022\BuildTools\VC\Tools\MSVC\14.44.35207\include\intrin0.h
注意: 包含文件:        C:\Program Files (x86)\Microsoft Visual Studio\2022\BuildTools\VC\Tools\MSVC\14.44.35207\include\intrin0.inl.h
注意: 包含文件:      C:\Program Files (x86)\Microsoft Visual Studio\2022\BuildTools\VC\Tools\MSVC\14.44.35207\include\__msvc_sanitizer_annotate_container.hpp
注意: 包含文件:      C:\Program Files (x86)\Microsoft Visual Studio\2022\BuildTools\VC\Tools\MSVC\14.44.35207\include\xmemory
注意: 包含文件:       C:\Program Files (x86)\Microsoft Visual Studio\2022\BuildTools\VC\Tools\MSVC\14.44.35207\include\cstdint
注意: 包含文件:        C:\Program Files (x86)\Microsoft Visual Studio\2022\BuildTools\VC\Tools\MSVC\14.44.35207\include\stdint.h
注意: 包含文件:       C:\Program Files (x86)\Microsoft Visual Studio\2022\BuildTools\VC\Tools\MSVC\14.44.35207\include\cstdlib
注意: 包含文件:        C:\Program Files (x86)\Windows Kits\10\include\10.0.26100.0\ucrt\math.h
注意: 包含文件:         C:\Program Files (x86)\Windows Kits\10\include\10.0.26100.0\ucrt\corecrt_math.h
注意: 包含文件:          C:\Program Files (x86)\Windows Kits\10\include\10.0.26100.0\ucrt\corecrt.h
注意: 包含文件:         C:\Program Files (x86)\Windows Kits\10\include\10.0.26100.0\ucrt\corecrt_math_defines.h
注意: 包含文件:        C:\Program Files (x86)\Windows Kits\10\include\10.0.26100.0\ucrt\stdlib.h
注意: 包含文件:         C:\Program Files (x86)\Windows Kits\10\include\10.0.26100.0\ucrt\corecrt_malloc.h
注意: 包含文件:         C:\Program Files (x86)\Windows Kits\10\include\10.0.26100.0\ucrt\corecrt_search.h
注意: 包含文件:          C:\Program Files (x86)\Windows Kits\10\include\10.0.26100.0\ucrt\stddef.h
注意: 包含文件:         C:\Program Files (x86)\Windows Kits\10\include\10.0.26100.0\ucrt\corecrt_wstdlib.h
注意: 包含文件:       C:\Program Files (x86)\Microsoft Visual Studio\2022\BuildTools\VC\Tools\MSVC\14.44.35207\include\limits
注意: 包含文件:        C:\Program Files (x86)\Microsoft Visual Studio\2022\BuildTools\VC\Tools\MSVC\14.44.35207\include\cfloat
注意: 包含文件:         C:\Program Files (x86)\Windows Kits\10\include\10.0.26100.0\ucrt\float.h
注意: 包含文件:        C:\Program Files (x86)\Microsoft Visual Studio\2022\BuildTools\VC\Tools\MSVC\14.44.35207\include\cwchar
注意: 包含文件:         C:\Program Files (x86)\Microsoft Visual Studio\2022\BuildTools\VC\Tools\MSVC\14.44.35207\include\cstdio
注意: 包含文件:          C:\Program Files (x86)\Windows Kits\10\include\10.0.26100.0\ucrt\stdio.h
注意: 包含文件:           C:\Program Files (x86)\Windows Kits\10\include\10.0.26100.0\ucrt\corecrt_wstdio.h
注意: 包含文件:            C:\Program Files (x86)\Windows Kits\10\include\10.0.26100.0\ucrt\corecrt_stdio_config.h
注意: 包含文件:         C:\Program Files (x86)\Windows Kits\10\include\10.0.26100.0\ucrt\wchar.h
注意: 包含文件:          C:\Program Files (x86)\Windows Kits\10\include\10.0.26100.0\ucrt\corecrt_memcpy_s.h
注意: 包含文件:           C:\Program Files (x86)\Windows Kits\10\include\10.0.26100.0\ucrt\errno.h
注意: 包含文件:           C:\Program Files (x86)\Microsoft Visual Studio\2022\BuildTools\VC\Tools\MSVC\14.44.35207\include\vcruntime_string.h
注意: 包含文件:          C:\Program Files (x86)\Windows Kits\10\include\10.0.26100.0\ucrt\corecrt_wconio.h
注意: 包含文件:          C:\Program Files (x86)\Windows Kits\10\include\10.0.26100.0\ucrt\corecrt_wctype.h
注意: 包含文件:          C:\Program Files (x86)\Windows Kits\10\include\10.0.26100.0\ucrt\corecrt_wdirect.h
注意: 包含文件:          C:\Program Files (x86)\Windows Kits\10\include\10.0.26100.0\ucrt\corecrt_wio.h
注意: 包含文件:           C:\Program Files (x86)\Windows Kits\10\include\10.0.26100.0\ucrt\corecrt_share.h
注意: 包含文件:          C:\Program Files (x86)\Windows Kits\10\include\10.0.26100.0\ucrt\corecrt_wprocess.h
注意: 包含文件:          C:\Program Files (x86)\Windows Kits\10\include\10.0.26100.0\ucrt\corecrt_wstring.h
注意: 包含文件:          C:\Program Files (x86)\Windows Kits\10\include\10.0.26100.0\ucrt\corecrt_wtime.h
注意: 包含文件:          C:\Program Files (x86)\Windows Kits\10\include\10.0.26100.0\ucrt\sys/stat.h
注意: 包含文件:           C:\Program Files (x86)\Windows Kits\10\include\10.0.26100.0\ucrt\sys/types.h
注意: 包含文件:          C:\Program Files (x86)\Microsoft Visual Studio\2022\BuildTools\VC\Tools\MSVC\14.44.35207\include\intrin.h
注意: 包含文件:           C:\Program Files (x86)\Microsoft Visual Studio\2022\BuildTools\VC\Tools\MSVC\14.44.35207\include\setjmp.h
注意: 包含文件:           C:\Program Files (x86)\Microsoft Visual Studio\2022\BuildTools\VC\Tools\MSVC\14.44.35207\include\immintrin.h
注意: 包含文件:            C:\Program Files (x86)\Microsoft Visual Studio\2022\BuildTools\VC\Tools\MSVC\14.44.35207\include\wmmintrin.h
注意: 包含文件:             C:\Program Files (x86)\Microsoft Visual Studio\2022\BuildTools\VC\Tools\MSVC\14.44.35207\include\nmmintrin.h
注意: 包含文件:              C:\Program Files (x86)\Microsoft Visual Studio\2022\BuildTools\VC\Tools\MSVC\14.44.35207\include\smmintrin.h
注意: 包含文件:               C:\Program Files (x86)\Microsoft Visual Studio\2022\BuildTools\VC\Tools\MSVC\14.44.35207\include\tmmintrin.h
注意: 包含文件:                C:\Program Files (x86)\Microsoft Visual Studio\2022\BuildTools\VC\Tools\MSVC\14.44.35207\include\pmmintrin.h
注意: 包含文件:                 C:\Program Files (x86)\Microsoft Visual Studio\2022\BuildTools\VC\Tools\MSVC\14.44.35207\include\emmintrin.h
注意: 包含文件:                  C:\Program Files (x86)\Microsoft Visual Studio\2022\BuildTools\VC\Tools\MSVC\14.44.35207\include\xmmintrin.h
注意: 包含文件:                   C:\Program Files (x86)\Microsoft Visual Studio\2022\BuildTools\VC\Tools\MSVC\14.44.35207\include\mmintrin.h
注意: 包含文件:                   C:\Program Files (x86)\Windows Kits\10\include\10.0.26100.0\ucrt\malloc.h
注意: 包含文件:            C:\Program Files (x86)\Microsoft Visual Studio\2022\BuildTools\VC\Tools\MSVC\14.44.35207\include\zmmintrin.h
注意: 包含文件:           C:\Program Files (x86)\Microsoft Visual Studio\2022\BuildTools\VC\Tools\MSVC\14.44.35207\include\ammintrin.h
注意: 包含文件:       C:\Program Files (x86)\Microsoft Visual Studio\2022\BuildTools\VC\Tools\MSVC\14.44.35207\include\new
注意: 包含文件:        C:\Program Files (x86)\Microsoft Visual Studio\2022\BuildTools\VC\Tools\MSVC\14.44.35207\include\exception
注意: 包含文件:         C:\Program Files (x86)\Microsoft Visual Studio\2022\BuildTools\VC\Tools\MSVC\14.44.35207\include\yvals.h
注意: 包含文件:          C:\Program Files (x86)\Windows Kits\10\include\10.0.26100.0\ucrt\crtdbg.h
注意: 包含文件:           C:\Program Files (x86)\Microsoft Visual Studio\2022\BuildTools\VC\Tools\MSVC\14.44.35207\include\vcruntime_new_debug.h
注意: 包含文件:            C:\Program Files (x86)\Microsoft Visual Studio\2022\BuildTools\VC\Tools\MSVC\14.44.35207\include\vcruntime_new.h
注意: 包含文件:          C:\Program Files (x86)\Microsoft Visual Studio\2022\BuildTools\VC\Tools\MSVC\14.44.35207\include\crtdefs.h
注意: 包含文件:          C:\Program Files (x86)\Microsoft Visual Studio\2022\BuildTools\VC\Tools\MSVC\14.44.35207\include\use_ansi.h
注意: 包含文件:         C:\Program Files (x86)\Microsoft Visual Studio\2022\BuildTools\VC\Tools\MSVC\14.44.35207\include\type_traits
注意: 包含文件:          C:\Program Files (x86)\Microsoft Visual Studio\2022\BuildTools\VC\Tools\MSVC\14.44.35207\include\cstddef
注意: 包含文件:          C:\Program Files (x86)\Microsoft Visual Studio\2022\BuildTools\VC\Tools\MSVC\14.44.35207\include\cstring
注意: 包含文件:           C:\Program Files (x86)\Windows Kits\10\include\10.0.26100.0\ucrt\string.h
注意: 包含文件:            C:\Program Files (x86)\Windows Kits\10\include\10.0.26100.0\ucrt\corecrt_memory.h
注意: 包含文件:         C:\Program Files (x86)\Microsoft Visual Studio\2022\BuildTools\VC\Tools\MSVC\14.44.35207\include\vcruntime_exception.h
注意: 包含文件:          C:\Program Files (x86)\Microsoft Visual Studio\2022\BuildTools\VC\Tools\MSVC\14.44.35207\include\eh.h
注意: 包含文件:           C:\Program Files (x86)\Windows Kits\10\include\10.0.26100.0\ucrt\corecrt_terminate.h
注意: 包含文件:       C:\Program Files (x86)\Microsoft Visual Studio\2022\BuildTools\VC\Tools\MSVC\14.44.35207\include\xatomic.h
注意: 包含文件:       C:\Program Files (x86)\Microsoft Visual Studio\2022\BuildTools\VC\Tools\MSVC\14.44.35207\include\xutility
注意: 包含文件:        C:\Program Files (x86)\Microsoft Visual Studio\2022\BuildTools\VC\Tools\MSVC\14.44.35207\include\__msvc_iter_core.hpp
注意: 包含文件:         C:\Program Files (x86)\Microsoft Visual Studio\2022\BuildTools\VC\Tools\MSVC\14.44.35207\include\utility
注意: 包含文件:          C:\Program Files (x86)\Microsoft Visual Studio\2022\BuildTools\VC\Tools\MSVC\14.44.35207\include\initializer_list
注意: 包含文件:      C:\Program Files (x86)\Microsoft Visual Studio\2022\BuildTools\VC\Tools\MSVC\14.44.35207\include\xpolymorphic_allocator.h
注意: 包含文件:       C:\Program Files (x86)\Microsoft Visual Studio\2022\BuildTools\VC\Tools\MSVC\14.44.35207\include\tuple
注意: 包含文件:     C:\Program Files (x86)\Microsoft Visual Studio\2022\BuildTools\VC\Tools\MSVC\14.44.35207\include\string
注意: 包含文件:      C:\Program Files (x86)\Microsoft Visual Studio\2022\BuildTools\VC\Tools\MSVC\14.44.35207\include\xstring
注意: 包含文件:       C:\Program Files (x86)\Microsoft Visual Studio\2022\BuildTools\VC\Tools\MSVC\14.44.35207\include\__msvc_string_view.hpp
注意: 包含文件:        C:\Program Files (x86)\Microsoft Visual Studio\2022\BuildTools\VC\Tools\MSVC\14.44.35207\include\iosfwd
注意: 包含文件:      C:\Program Files (x86)\Microsoft Visual Studio\2022\BuildTools\VC\Tools\MSVC\14.44.35207\include\cctype
注意: 包含文件:       C:\Program Files (x86)\Windows Kits\10\include\10.0.26100.0\ucrt\ctype.h
注意: 包含文件:     C:\Program Files (x86)\Microsoft Visual Studio\2022\BuildTools\VC\Tools\MSVC\14.44.35207\include\map
注意: 包含文件:      C:\Program Files (x86)\Microsoft Visual Studio\2022\BuildTools\VC\Tools\MSVC\14.44.35207\include\xtree
注意: 包含文件:       C:\Program Files (x86)\Microsoft Visual Studio\2022\BuildTools\VC\Tools\MSVC\14.44.35207\include\xnode_handle.h
注意: 包含文件:     C:\Program Files (x86)\Microsoft Visual Studio\2022\BuildTools\VC\Tools\MSVC\14.44.35207\include\set
注意: 包含文件:     C:\Program Files (x86)\Microsoft Visual Studio\2022\BuildTools\VC\Tools\MSVC\14.44.35207\include\queue
注意: 包含文件:      C:\Program Files (x86)\Microsoft Visual Studio\2022\BuildTools\VC\Tools\MSVC\14.44.35207\include\__msvc_heap_algorithms.hpp
注意: 包含文件:      C:\Program Files (x86)\Microsoft Visual Studio\2022\BuildTools\VC\Tools\MSVC\14.44.35207\include\deque
注意: 包含文件:     C:\Program Files (x86)\Microsoft Visual Studio\2022\BuildTools\VC\Tools\MSVC\14.44.35207\include\unordered_map
注意: 包含文件:      C:\Program Files (x86)\Microsoft Visual Studio\2022\BuildTools\VC\Tools\MSVC\14.44.35207\include\xhash
注意: 包含文件:       C:\Program Files (x86)\Microsoft Visual Studio\2022\BuildTools\VC\Tools\MSVC\14.44.35207\include\cmath
注意: 包含文件:       C:\Program Files (x86)\Microsoft Visual Studio\2022\BuildTools\VC\Tools\MSVC\14.44.35207\include\list
注意: 包含文件:       C:\Program Files (x86)\Microsoft Visual Studio\2022\BuildTools\VC\Tools\MSVC\14.44.35207\include\xbit_ops.h
注意: 包含文件:     C:\Program Files (x86)\Microsoft Visual Studio\2022\BuildTools\VC\Tools\MSVC\14.44.35207\include\unordered_set
注意: 包含文件:     C:\Program Files (x86)\Microsoft Visual Studio\2022\BuildTools\VC\Tools\MSVC\14.44.35207\include\algorithm
注意: 包含文件:      C:\Program Files (x86)\Microsoft Visual Studio\2022\BuildTools\VC\Tools\MSVC\14.44.35207\include\__msvc_minmax.hpp
注意: 包含文件:     C:\Program Files (x86)\Microsoft Visual Studio\2022\BuildTools\VC\Tools\MSVC\14.44.35207\include\iostream
注意: 包含文件:      C:\Program Files (x86)\Microsoft Visual Studio\2022\BuildTools\VC\Tools\MSVC\14.44.35207\include\istream
注意: 包含文件:       C:\Program Files (x86)\Microsoft Visual Studio\2022\BuildTools\VC\Tools\MSVC\14.44.35207\include\__msvc_ostream.hpp
注意: 包含文件:        C:\Program Files (x86)\Microsoft Visual Studio\2022\BuildTools\VC\Tools\MSVC\14.44.35207\include\ios
注意: 包含文件:         C:\Program Files (x86)\Microsoft Visual Studio\2022\BuildTools\VC\Tools\MSVC\14.44.35207\include\xlocnum
注意: 包含文件:          C:\Program Files (x86)\Microsoft Visual Studio\2022\BuildTools\VC\Tools\MSVC\14.44.35207\include\iterator
注意: 包含文件:          C:\Program Files (x86)\Microsoft Visual Studio\2022\BuildTools\VC\Tools\MSVC\14.44.35207\include\streambuf
注意: 包含文件:           C:\Program Files (x86)\Microsoft Visual Studio\2022\BuildTools\VC\Tools\MSVC\14.44.35207\include\xiosbase
注意: 包含文件:            C:\Program Files (x86)\Windows Kits\10\include\10.0.26100.0\ucrt\share.h
注意: 包含文件:            C:\Program Files (x86)\Microsoft Visual Studio\2022\BuildTools\VC\Tools\MSVC\14.44.35207\include\system_error
注意: 包含文件:             C:\Program Files (x86)\Microsoft Visual Studio\2022\BuildTools\VC\Tools\MSVC\14.44.35207\include\__msvc_system_error_abi.hpp
注意: 包含文件:             C:\Program Files (x86)\Microsoft Visual Studio\2022\BuildTools\VC\Tools\MSVC\14.44.35207\include\cerrno
注意: 包含文件:             C:\Program Files (x86)\Microsoft Visual Studio\2022\BuildTools\VC\Tools\MSVC\14.44.35207\include\stdexcept
注意: 包含文件:             C:\Program Files (x86)\Microsoft Visual Studio\2022\BuildTools\VC\Tools\MSVC\14.44.35207\include\xcall_once.h
注意: 包含文件:             C:\Program Files (x86)\Microsoft Visual Studio\2022\BuildTools\VC\Tools\MSVC\14.44.35207\include\xerrc.h
注意: 包含文件:             C:\Program Files (x86)\Microsoft Visual Studio\2022\BuildTools\VC\Tools\MSVC\14.44.35207\include\atomic
注意: 包含文件:              C:\Program Files (x86)\Microsoft Visual Studio\2022\BuildTools\VC\Tools\MSVC\14.44.35207\include\xthreads.h
注意: 包含文件:               C:\Program Files (x86)\Microsoft Visual Studio\2022\BuildTools\VC\Tools\MSVC\14.44.35207\include\__msvc_threads_core.hpp
注意: 包含文件:               C:\Program Files (x86)\Microsoft Visual Studio\2022\BuildTools\VC\Tools\MSVC\14.44.35207\include\xtimec.h
注意: 包含文件:                C:\Program Files (x86)\Microsoft Visual Studio\2022\BuildTools\VC\Tools\MSVC\14.44.35207\include\ctime
注意: 包含文件:                 C:\Program Files (x86)\Windows Kits\10\include\10.0.26100.0\ucrt\time.h
注意: 包含文件:            C:\Program Files (x86)\Microsoft Visual Studio\2022\BuildTools\VC\Tools\MSVC\14.44.35207\include\xlocale
注意: 包含文件:             C:\Program Files (x86)\Microsoft Visual Studio\2022\BuildTools\VC\Tools\MSVC\14.44.35207\include\memory
注意: 包含文件:              C:\Program Files (x86)\Microsoft Visual Studio\2022\BuildTools\VC\Tools\MSVC\14.44.35207\include\typeinfo
注意: 包含文件:               C:\Program Files (x86)\Microsoft Visual Studio\2022\BuildTools\VC\Tools\MSVC\14.44.35207\include\vcruntime_typeinfo.h
注意: 包含文件:             C:\Program Files (x86)\Microsoft Visual Studio\2022\BuildTools\VC\Tools\MSVC\14.44.35207\include\xfacet
注意: 包含文件:             C:\Program Files (x86)\Microsoft Visual Studio\2022\BuildTools\VC\Tools\MSVC\14.44.35207\include\xlocinfo
注意: 包含文件:              C:\Program Files (x86)\Microsoft Visual Studio\2022\BuildTools\VC\Tools\MSVC\14.44.35207\include\__msvc_xlocinfo_types.hpp
注意: 包含文件:              C:\Program Files (x86)\Microsoft Visual Studio\2022\BuildTools\VC\Tools\MSVC\14.44.35207\include\clocale
注意: 包含文件:               C:\Program Files (x86)\Windows Kits\10\include\10.0.26100.0\ucrt\locale.h
注意: 包含文件:      C:\Program Files (x86)\Microsoft Visual Studio\2022\BuildTools\VC\Tools\MSVC\14.44.35207\include\ostream
注意: 包含文件:     C:\Program Files (x86)\Microsoft Visual Studio\2022\BuildTools\VC\Tools\MSVC\14.44.35207\include\functional
注意: 包含文件:     C:\Program Files (x86)\Microsoft Visual Studio\2022\BuildTools\VC\Tools\MSVC\14.44.35207\include\mutex
注意: 包含文件:      C:\Program Files (x86)\Microsoft Visual Studio\2022\BuildTools\VC\Tools\MSVC\14.44.35207\include\__msvc_chrono.hpp
注意: 包含文件:       C:\Program Files (x86)\Microsoft Visual Studio\2022\BuildTools\VC\Tools\MSVC\14.44.35207\include\ratio
注意: 包含文件:      C:\Program Files (x86)\Microsoft Visual Studio\2022\BuildTools\VC\Tools\MSVC\14.44.35207\include\thread
注意: 包含文件:       C:\Program Files (x86)\Windows Kits\10\include\10.0.26100.0\ucrt\process.h
注意: 包含文件:        C:\Program Files (x86)\Windows Kits\10\include\10.0.26100.0\ucrt\corecrt_startup.h
注意: 包含文件:         C:\Program Files (x86)\Windows Kits\10\include\10.0.26100.0\ucrt\math.h
注意: 包含文件:         C:\Program Files (x86)\Microsoft Visual Studio\2022\BuildTools\VC\Tools\MSVC\14.44.35207\include\vcruntime_startup.h
注意: 包含文件:     C:\Program Files (x86)\Microsoft Visual Studio\2022\BuildTools\VC\Tools\MSVC\14.44.35207\include\locale
注意: 包含文件:      C:\Program Files (x86)\Microsoft Visual Studio\2022\BuildTools\VC\Tools\MSVC\14.44.35207\include\xlocbuf
注意: 包含文件:      C:\Program Files (x86)\Microsoft Visual Studio\2022\BuildTools\VC\Tools\MSVC\14.44.35207\include\xlocmes
注意: 包含文件:      C:\Program Files (x86)\Microsoft Visual Studio\2022\BuildTools\VC\Tools\MSVC\14.44.35207\include\xlocmon
注意: 包含文件:      C:\Program Files (x86)\Microsoft Visual Studio\2022\BuildTools\VC\Tools\MSVC\14.44.35207\include\xloctime
注意: 包含文件:     C:\Program Files (x86)\Microsoft Visual Studio\2022\BuildTools\VC\Tools\MSVC\14.44.35207\include\codecvt
注意: 包含文件:     C:\Users\user\output\deepseek-v4部署\fastllm-master\include\devices/cpu/alivethreadpool.h
注意: 包含文件:      C:\Program Files (x86)\Windows Kits\10\\include\10.0.26100.0\\um\Windows.h
注意: 包含文件:       C:\Program Files (x86)\Windows Kits\10\\include\10.0.26100.0\\shared\winapifamily.h
注意: 包含文件:        C:\Program Files (x86)\Windows Kits\10\\include\10.0.26100.0\\shared\winpackagefamily.h
注意: 包含文件:       C:\Program Files (x86)\Windows Kits\10\\include\10.0.26100.0\\shared\sdkddkver.h
注意: 包含文件:       C:\Program Files (x86)\Microsoft Visual Studio\2022\BuildTools\VC\Tools\MSVC\14.44.35207\include\excpt.h
注意: 包含文件:       C:\Program Files (x86)\Microsoft Visual Studio\2022\BuildTools\VC\Tools\MSVC\14.44.35207\include\stdarg.h
注意: 包含文件:       C:\Program Files (x86)\Windows Kits\10\\include\10.0.26100.0\\shared\windef.h
注意: 包含文件:        C:\Program Files (x86)\Windows Kits\10\\include\10.0.26100.0\\shared\minwindef.h
注意: 包含文件:         C:\Program Files (x86)\Windows Kits\10\\include\10.0.26100.0\\shared\specstrings.h
注意: 包含文件:          C:\Program Files (x86)\Windows Kits\10\\include\10.0.26100.0\\shared\specstrings_strict.h
注意: 包含文件:           C:\Program Files (x86)\Windows Kits\10\\include\10.0.26100.0\\shared\specstrings_undef.h
注意: 包含文件:          C:\Program Files (x86)\Windows Kits\10\\include\10.0.26100.0\\shared\driverspecs.h
注意: 包含文件:           C:\Program Files (x86)\Windows Kits\10\include\10.0.26100.0\shared\sdv_driverspecs.h
注意: 包含文件:         C:\Program Files (x86)\Windows Kits\10\\include\10.0.26100.0\\um\winnt.h
注意: 包含文件:          C:\Program Files (x86)\Windows Kits\10\\include\10.0.26100.0\\shared\kernelspecs.h
注意: 包含文件:          C:\Program Files (x86)\Windows Kits\10\\include\10.0.26100.0\\shared\basetsd.h
注意: 包含文件:          C:\Program Files (x86)\Windows Kits\10\\include\10.0.26100.0\\shared\guiddef.h
注意: 包含文件:          C:\Program Files (x86)\Windows Kits\10\include\10.0.26100.0\shared\pshpack4.h
注意: 包含文件:          C:\Program Files (x86)\Windows Kits\10\include\10.0.26100.0\shared\poppack.h
注意: 包含文件:          C:\Program Files (x86)\Windows Kits\10\\include\10.0.26100.0\\shared\pshpack4.h
注意: 包含文件:          C:\Program Files (x86)\Windows Kits\10\\include\10.0.26100.0\\shared\poppack.h
注意: 包含文件:          C:\Program Files (x86)\Windows Kits\10\include\10.0.26100.0\shared\pshpack4.h
注意: 包含文件:          C:\Program Files (x86)\Windows Kits\10\include\10.0.26100.0\shared\pshpack2.h
注意: 包含文件:          C:\Program Files (x86)\Windows Kits\10\include\10.0.26100.0\shared\poppack.h
注意: 包含文件:          C:\Program Files (x86)\Windows Kits\10\include\10.0.26100.0\shared\pshpack2.h
注意: 包含文件:          C:\Program Files (x86)\Windows Kits\10\\include\10.0.26100.0\\shared\pshpack2.h
注意: 包含文件:          C:\Program Files (x86)\Windows Kits\10\\include\10.0.26100.0\\shared\poppack.h
注意: 包含文件:          C:\Program Files (x86)\Windows Kits\10\include\10.0.26100.0\shared\poppack.h
注意: 包含文件:          C:\Program Files (x86)\Windows Kits\10\include\10.0.26100.0\shared\pshpack8.h
注意: 包含文件:          C:\Program Files (x86)\Windows Kits\10\include\10.0.26100.0\shared\poppack.h
注意: 包含文件:          C:\Program Files (x86)\Windows Kits\10\include\10.0.26100.0\shared\pshpack1.h
注意: 包含文件:          C:\Program Files (x86)\Windows Kits\10\include\10.0.26100.0\shared\poppack.h
注意: 包含文件:          C:\Program Files (x86)\Windows Kits\10\include\10.0.26100.0\shared\pshpack1.h
注意: 包含文件:          C:\Program Files (x86)\Windows Kits\10\include\10.0.26100.0\shared\poppack.h
注意: 包含文件:          C:\Program Files (x86)\Windows Kits\10\include\10.0.26100.0\shared\poppack.h
注意: 包含文件:          C:\Program Files (x86)\Windows Kits\10\\include\10.0.26100.0\\shared\apiset.h
注意: 包含文件:          C:\Program Files (x86)\Windows Kits\10\\include\10.0.26100.0\\shared\ktmtypes.h
注意: 包含文件:       C:\Program Files (x86)\Windows Kits\10\\include\10.0.26100.0\\um\winbase.h
注意: 包含文件:        C:\Program Files (x86)\Windows Kits\10\\include\10.0.26100.0\\shared\apisetcconv.h
注意: 包含文件:        C:\Program Files (x86)\Windows Kits\10\\include\10.0.26100.0\\um\minwinbase.h
注意: 包含文件:        C:\Program Files (x86)\Windows Kits\10\\include\10.0.26100.0\\um\apiquery2.h
注意: 包含文件:        C:\Program Files (x86)\Windows Kits\10\\include\10.0.26100.0\\um\processenv.h
注意: 包含文件:        C:\Program Files (x86)\Windows Kits\10\\include\10.0.26100.0\\um\fileapifromapp.h
注意: 包含文件:         C:\Program Files (x86)\Windows Kits\10\\include\10.0.26100.0\\um\fileapi.h
注意: 包含文件:        C:\Program Files (x86)\Windows Kits\10\\include\10.0.26100.0\\um\debugapi.h
注意: 包含文件:        C:\Program Files (x86)\Windows Kits\10\\include\10.0.26100.0\\um\utilapiset.h
注意: 包含文件:        C:\Program Files (x86)\Windows Kits\10\\include\10.0.26100.0\\um\handleapi.h
注意: 包含文件:        C:\Program Files (x86)\Windows Kits\10\\include\10.0.26100.0\\um\errhandlingapi.h
注意: 包含文件:        C:\Program Files (x86)\Windows Kits\10\\include\10.0.26100.0\\um\fibersapi.h
注意: 包含文件:        C:\Program Files (x86)\Windows Kits\10\\include\10.0.26100.0\\um\namedpipeapi.h
注意: 包含文件:        C:\Program Files (x86)\Windows Kits\10\\include\10.0.26100.0\\um\profileapi.h
注意: 包含文件:        C:\Program Files (x86)\Windows Kits\10\\include\10.0.26100.0\\um\heapapi.h
注意: 包含文件:        C:\Program Files (x86)\Windows Kits\10\\include\10.0.26100.0\\um\ioapiset.h
注意: 包含文件:        C:\Program Files (x86)\Windows Kits\10\\include\10.0.26100.0\\um\synchapi.h
注意: 包含文件:        C:\Program Files (x86)\Windows Kits\10\\include\10.0.26100.0\\um\interlockedapi.h
注意: 包含文件:        C:\Program Files (x86)\Windows Kits\10\\include\10.0.26100.0\\um\processthreadsapi.h
注意: 包含文件:        C:\Program Files (x86)\Windows Kits\10\\include\10.0.26100.0\\um\sysinfoapi.h
注意: 包含文件:        C:\Program Files (x86)\Windows Kits\10\\include\10.0.26100.0\\um\memoryapi.h
注意: 包含文件:        C:\Program Files (x86)\Windows Kits\10\\include\10.0.26100.0\\um\enclaveapi.h
注意: 包含文件:        C:\Program Files (x86)\Windows Kits\10\\include\10.0.26100.0\\um\threadpoollegacyapiset.h
注意: 包含文件:        C:\Program Files (x86)\Windows Kits\10\\include\10.0.26100.0\\um\threadpoolapiset.h
注意: 包含文件:        C:\Program Files (x86)\Windows Kits\10\\include\10.0.26100.0\\um\jobapi.h
注意: 包含文件:        C:\Program Files (x86)\Windows Kits\10\\include\10.0.26100.0\\um\jobapi2.h
注意: 包含文件:        C:\Program Files (x86)\Windows Kits\10\\include\10.0.26100.0\\um\wow64apiset.h
注意: 包含文件:        C:\Program Files (x86)\Windows Kits\10\\include\10.0.26100.0\\um\libloaderapi.h
注意: 包含文件:        C:\Program Files (x86)\Windows Kits\10\\include\10.0.26100.0\\um\securitybaseapi.h
注意: 包含文件:        C:\Program Files (x86)\Windows Kits\10\\include\10.0.26100.0\\um\namespaceapi.h
注意: 包含文件:        C:\Program Files (x86)\Windows Kits\10\\include\10.0.26100.0\\um\systemtopologyapi.h
注意: 包含文件:        C:\Program Files (x86)\Windows Kits\10\\include\10.0.26100.0\\um\processtopologyapi.h
注意: 包含文件:        C:\Program Files (x86)\Windows Kits\10\\include\10.0.26100.0\\um\securityappcontainer.h
注意: 包含文件:        C:\Program Files (x86)\Windows Kits\10\\include\10.0.26100.0\\um\realtimeapiset.h
注意: 包含文件:        C:\Program Files (x86)\Windows Kits\10\\include\10.0.26100.0\\shared\winerror.h
注意: 包含文件:        C:\Program Files (x86)\Windows Kits\10\\include\10.0.26100.0\\um\timezoneapi.h
注意: 包含文件:       C:\Program Files (x86)\Windows Kits\10\\include\10.0.26100.0\\um\wingdi.h
注意: 包含文件:        C:\Program Files (x86)\Windows Kits\10\\include\10.0.26100.0\\shared\pshpack1.h
注意: 包含文件:        C:\Program Files (x86)\Windows Kits\10\\include\10.0.26100.0\\shared\poppack.h
注意: 包含文件:        C:\Program Files (x86)\Windows Kits\10\\include\10.0.26100.0\\shared\pshpack2.h
注意: 包含文件:        C:\Program Files (x86)\Windows Kits\10\\include\10.0.26100.0\\shared\poppack.h
注意: 包含文件:        C:\Program Files (x86)\Windows Kits\10\\include\10.0.26100.0\\shared\pshpack2.h
注意: 包含文件:        C:\Program Files (x86)\Windows Kits\10\\include\10.0.26100.0\\shared\poppack.h
注意: 包含文件:        C:\Program Files (x86)\Windows Kits\10\\include\10.0.26100.0\\shared\pshpack4.h
注意: 包含文件:        C:\Program Files (x86)\Windows Kits\10\\include\10.0.26100.0\\shared\poppack.h
注意: 包含文件:        C:\Program Files (x86)\Windows Kits\10\\include\10.0.26100.0\\shared\pshpack4.h
注意: 包含文件:        C:\Program Files (x86)\Windows Kits\10\\include\10.0.26100.0\\shared\poppack.h
注意: 包含文件:       C:\Program Files (x86)\Windows Kits\10\\include\10.0.26100.0\\um\winuser.h
注意: 包含文件:        C:\Program Files (x86)\Windows Kits\10\\include\10.0.26100.0\\shared\pshpack2.h
注意: 包含文件:        C:\Program Files (x86)\Windows Kits\10\\include\10.0.26100.0\\shared\poppack.h
注意: 包含文件:        C:\Program Files (x86)\Windows Kits\10\\include\10.0.26100.0\\shared\tvout.h
注意: 包含文件:       C:\Program Files (x86)\Windows Kits\10\\include\10.0.26100.0\\um\winnls.h
注意: 包含文件:        C:\Program Files (x86)\Windows Kits\10\\include\10.0.26100.0\\um\datetimeapi.h
注意: 包含文件:        C:\Program Files (x86)\Windows Kits\10\\include\10.0.26100.0\\um\stringapiset.h
注意: 包含文件:         C:\Program Files (x86)\Windows Kits\10\\include\10.0.26100.0\\um\winnls.h
注意: 包含文件:       C:\Program Files (x86)\Windows Kits\10\\include\10.0.26100.0\\um\wincon.h
注意: 包含文件:        C:\Program Files (x86)\Windows Kits\10\\include\10.0.26100.0\\um\wincontypes.h
注意: 包含文件:        C:\Program Files (x86)\Windows Kits\10\\include\10.0.26100.0\\um\consoleapi.h
注意: 包含文件:        C:\Program Files (x86)\Windows Kits\10\\include\10.0.26100.0\\um\consoleapi2.h
注意: 包含文件:        C:\Program Files (x86)\Windows Kits\10\\include\10.0.26100.0\\um\consoleapi3.h
注意: 包含文件:       C:\Program Files (x86)\Windows Kits\10\\include\10.0.26100.0\\um\winver.h
注意: 包含文件:        C:\Program Files (x86)\Windows Kits\10\\include\10.0.26100.0\\um\verrsrc.h
注意: 包含文件:       C:\Program Files (x86)\Windows Kits\10\\include\10.0.26100.0\\um\winreg.h
注意: 包含文件:        C:\Program Files (x86)\Windows Kits\10\\include\10.0.26100.0\\um\reason.h
注意: 包含文件:       C:\Program Files (x86)\Windows Kits\10\\include\10.0.26100.0\\um\winnetwk.h
注意: 包含文件:        C:\Program Files (x86)\Windows Kits\10\\include\10.0.26100.0\\shared\wnnc.h
注意: 包含文件:       C:\Program Files (x86)\Windows Kits\10\\include\10.0.26100.0\\shared\cderr.h
注意: 包含文件:       C:\Program Files (x86)\Windows Kits\10\\include\10.0.26100.0\\um\dde.h
注意: 包含文件:       C:\Program Files (x86)\Windows Kits\10\\include\10.0.26100.0\\um\ddeml.h
注意: 包含文件:       C:\Program Files (x86)\Windows Kits\10\\include\10.0.26100.0\\um\dlgs.h
注意: 包含文件:       C:\Program Files (x86)\Windows Kits\10\\include\10.0.26100.0\\um\lzexpand.h
注意: 包含文件:       C:\Program Files (x86)\Windows Kits\10\\include\10.0.26100.0\\um\mmsystem.h
注意: 包含文件:        C:\Program Files (x86)\Windows Kits\10\\include\10.0.26100.0\\um\mmsyscom.h
注意: 包含文件:         C:\Program Files (x86)\Windows Kits\10\\include\10.0.26100.0\\shared\pshpack1.h
注意: 包含文件:         C:\Program Files (x86)\Windows Kits\10\\include\10.0.26100.0\\shared\poppack.h
注意: 包含文件:        C:\Program Files (x86)\Windows Kits\10\\include\10.0.26100.0\\shared\pshpack1.h
注意: 包含文件:        C:\Program Files (x86)\Windows Kits\10\\include\10.0.26100.0\\um\mciapi.h
注意: 包含文件:         C:\Program Files (x86)\Windows Kits\10\\include\10.0.26100.0\\um\mmsyscom.h
注意: 包含文件:        C:\Program Files (x86)\Windows Kits\10\\include\10.0.26100.0\\um\mmiscapi.h
注意: 包含文件:         C:\Program Files (x86)\Windows Kits\10\\include\10.0.26100.0\\um\mmsyscom.h
注意: 包含文件:        C:\Program Files (x86)\Windows Kits\10\\include\10.0.26100.0\\um\mmiscapi2.h
注意: 包含文件:         C:\Program Files (x86)\Windows Kits\10\\include\10.0.26100.0\\um\mmsyscom.h
注意: 包含文件:        C:\Program Files (x86)\Windows Kits\10\\include\10.0.26100.0\\um\playsoundapi.h
注意: 包含文件:         C:\Program Files (x86)\Windows Kits\10\\include\10.0.26100.0\\um\mmsyscom.h
注意: 包含文件:        C:\Program Files (x86)\Windows Kits\10\\include\10.0.26100.0\\um\mmeapi.h
注意: 包含文件:         C:\Program Files (x86)\Windows Kits\10\\include\10.0.26100.0\\um\mmsyscom.h
注意: 包含文件:        C:\Program Files (x86)\Windows Kits\10\\include\10.0.26100.0\\um\timeapi.h
注意: 包含文件:         C:\Program Files (x86)\Windows Kits\10\\include\10.0.26100.0\\um\mmsyscom.h
注意: 包含文件:        C:\Program Files (x86)\Windows Kits\10\\include\10.0.26100.0\\um\joystickapi.h
注意: 包含文件:         C:\Program Files (x86)\Windows Kits\10\\include\10.0.26100.0\\um\mmsyscom.h
注意: 包含文件:        C:\Program Files (x86)\Windows Kits\10\\include\10.0.26100.0\\shared\poppack.h
注意: 包含文件:       C:\Program Files (x86)\Windows Kits\10\\include\10.0.26100.0\\um\nb30.h
注意: 包含文件:       C:\Program Files (x86)\Windows Kits\10\\include\10.0.26100.0\\shared\rpc.h
注意: 包含文件:        C:\Program Files (x86)\Windows Kits\10\\include\10.0.26100.0\\shared\pshpack8.h
注意: 包含文件:        C:\Program Files (x86)\Windows Kits\10\\include\10.0.26100.0\\shared\rpcdce.h
注意: 包含文件:         C:\Program Files (x86)\Windows Kits\10\\include\10.0.26100.0\\shared\rpcdcep.h
注意: 包含文件:        C:\Program Files (x86)\Windows Kits\10\\include\10.0.26100.0\\um\rpcnsi.h
注意: 包含文件:        C:\Program Files (x86)\Windows Kits\10\\include\10.0.26100.0\\shared\rpcnterr.h
注意: 包含文件:        C:\Program Files (x86)\Windows Kits\10\\include\10.0.26100.0\\shared\rpcasync.h
注意: 包含文件:         C:\Program Files (x86)\Windows Kits\10\\include\10.0.26100.0\\shared\pshpack8.h
注意: 包含文件:         C:\Program Files (x86)\Windows Kits\10\\include\10.0.26100.0\\shared\poppack.h
注意: 包含文件:        C:\Program Files (x86)\Windows Kits\10\\include\10.0.26100.0\\shared\poppack.h
注意: 包含文件:       C:\Program Files (x86)\Windows Kits\10\\include\10.0.26100.0\\um\shellapi.h
注意: 包含文件:       C:\Program Files (x86)\Windows Kits\10\\include\10.0.26100.0\\um\winperf.h
注意: 包含文件:        C:\Program Files (x86)\Windows Kits\10\\include\10.0.26100.0\\shared\pshpack8.h
注意: 包含文件:        C:\Program Files (x86)\Windows Kits\10\\include\10.0.26100.0\\shared\poppack.h
注意: 包含文件:       C:\Program Files (x86)\Windows Kits\10\\include\10.0.26100.0\\um\winsock.h
注意: 包含文件:        C:\Program Files (x86)\Windows Kits\10\\include\10.0.26100.0\\shared\inaddr.h
注意: 包含文件:       C:\Program Files (x86)\Windows Kits\10\\include\10.0.26100.0\\um\wincrypt.h
注意: 包含文件:        C:\Program Files (x86)\Windows Kits\10\\include\10.0.26100.0\\shared\bcrypt.h
注意: 包含文件:        C:\Program Files (x86)\Windows Kits\10\\include\10.0.26100.0\\um\ncrypt.h
注意: 包含文件:        C:\Program Files (x86)\Windows Kits\10\\include\10.0.26100.0\\um\dpapi.h
注意: 包含文件:       C:\Program Files (x86)\Windows Kits\10\\include\10.0.26100.0\\um\winefs.h
注意: 包含文件:       C:\Program Files (x86)\Windows Kits\10\\include\10.0.26100.0\\um\winscard.h
注意: 包含文件:        C:\Program Files (x86)\Windows Kits\10\\include\10.0.26100.0\\shared\wtypes.h
注意: 包含文件:         C:\Program Files (x86)\Windows Kits\10\include\10.0.26100.0\shared\rpcndr.h
注意: 包含文件:          C:\Program Files (x86)\Windows Kits\10\\include\10.0.26100.0\\shared\pshpack8.h
注意: 包含文件:          C:\Program Files (x86)\Windows Kits\10\\include\10.0.26100.0\\um\rpcnsip.h
注意: 包含文件:          C:\Program Files (x86)\Windows Kits\10\\include\10.0.26100.0\\shared\rpcsal.h
注意: 包含文件:          C:\Program Files (x86)\Windows Kits\10\\include\10.0.26100.0\\shared\poppack.h
注意: 包含文件:         C:\Program Files (x86)\Windows Kits\10\include\10.0.26100.0\shared\wtypesbase.h
注意: 包含文件:          C:\Program Files (x86)\Windows Kits\10\include\10.0.26100.0\shared\guiddef.h
注意: 包含文件:        C:\Program Files (x86)\Windows Kits\10\\include\10.0.26100.0\\um\winioctl.h
注意: 包含文件:         C:\Program Files (x86)\Windows Kits\10\\include\10.0.26100.0\\shared\pshpack1.h
注意: 包含文件:         C:\Program Files (x86)\Windows Kits\10\\include\10.0.26100.0\\shared\poppack.h
注意: 包含文件:         C:\Program Files (x86)\Windows Kits\10\\include\10.0.26100.0\\shared\pshpack1.h
注意: 包含文件:         C:\Program Files (x86)\Windows Kits\10\\include\10.0.26100.0\\shared\poppack.h
注意: 包含文件:         C:\Program Files (x86)\Windows Kits\10\\include\10.0.26100.0\\shared\pshpack1.h
注意: 包含文件:         C:\Program Files (x86)\Windows Kits\10\\include\10.0.26100.0\\shared\poppack.h
注意: 包含文件:         C:\Program Files (x86)\Windows Kits\10\\include\10.0.26100.0\\shared\pshpack1.h
注意: 包含文件:         C:\Program Files (x86)\Windows Kits\10\\include\10.0.26100.0\\shared\poppack.h
注意: 包含文件:         C:\Program Files (x86)\Windows Kits\10\\include\10.0.26100.0\\shared\pshpack1.h
注意: 包含文件:         C:\Program Files (x86)\Windows Kits\10\\include\10.0.26100.0\\shared\poppack.h
注意: 包含文件:         C:\Program Files (x86)\Windows Kits\10\\include\10.0.26100.0\\shared\pshpack1.h
注意: 包含文件:         C:\Program Files (x86)\Windows Kits\10\\include\10.0.26100.0\\shared\poppack.h
注意: 包含文件:         C:\Program Files (x86)\Windows Kits\10\\include\10.0.26100.0\\shared\pshpack1.h
注意: 包含文件:         C:\Program Files (x86)\Windows Kits\10\\include\10.0.26100.0\\shared\poppack.h
注意: 包含文件:        C:\Program Files (x86)\Windows Kits\10\\include\10.0.26100.0\\shared\winsmcrd.h
注意: 包含文件:       C:\Program Files (x86)\Windows Kits\10\\include\10.0.26100.0\\um\winspool.h
注意: 包含文件:        C:\Program Files (x86)\Windows Kits\10\\include\10.0.26100.0\\um\prsht.h
注意: 包含文件:         C:\Program Files (x86)\Windows Kits\10\\include\10.0.26100.0\\shared\pshpack8.h
注意: 包含文件:         C:\Program Files (x86)\Windows Kits\10\\include\10.0.26100.0\\shared\poppack.h
注意: 包含文件:       C:\Program Files (x86)\Windows Kits\10\\include\10.0.26100.0\\um\ole2.h
注意: 包含文件:        C:\Program Files (x86)\Windows Kits\10\\include\10.0.26100.0\\shared\pshpack8.h
注意: 包含文件:        C:\Program Files (x86)\Windows Kits\10\\include\10.0.26100.0\\um\objbase.h
注意: 包含文件:         C:\Program Files (x86)\Windows Kits\10\\include\10.0.26100.0\\shared\pshpack8.h
注意: 包含文件:         C:\Program Files (x86)\Windows Kits\10\\include\10.0.26100.0\\um\combaseapi.h
注意: 包含文件:          C:\Program Files (x86)\Windows Kits\10\\include\10.0.26100.0\\shared\pshpack8.h
注意: 包含文件:          C:\Program Files (x86)\Windows Kits\10\\include\10.0.26100.0\\um\unknwnbase.h
注意: 包含文件:          C:\Program Files (x86)\Windows Kits\10\\include\10.0.26100.0\\um\objidlbase.h
注意: 包含文件:          C:\Program Files (x86)\Windows Kits\10\\include\10.0.26100.0\\shared\guiddef.h
注意: 包含文件:          C:\Program Files (x86)\Windows Kits\10\\include\10.0.26100.0\\um\cguid.h
注意: 包含文件:          C:\Program Files (x86)\Windows Kits\10\\include\10.0.26100.0\\shared\poppack.h
注意: 包含文件:         C:\Program Files (x86)\Windows Kits\10\\include\10.0.26100.0\\um\coml2api.h
注意: 包含文件:          C:\Program Files (x86)\Windows Kits\10\\include\10.0.26100.0\\um\objidl.h
注意: 包含文件:           C:\Program Files (x86)\Windows Kits\10\include\10.0.26100.0\um\unknwn.h
注意: 包含文件:          C:\Program Files (x86)\Windows Kits\10\\include\10.0.26100.0\\um\propidlbase.h
注意: 包含文件:           C:\Program Files (x86)\Windows Kits\10\include\10.0.26100.0\um\oaidl.h
注意: 包含文件:         C:\Program Files (x86)\Windows Kits\10\\include\10.0.26100.0\\um\urlmon.h
注意: 包含文件:          C:\Program Files (x86)\Windows Kits\10\include\10.0.26100.0\um\oleidl.h
注意: 包含文件:          C:\Program Files (x86)\Windows Kits\10\include\10.0.26100.0\um\servprov.h
注意: 包含文件:          C:\Program Files (x86)\Windows Kits\10\include\10.0.26100.0\um\msxml.h
注意: 包含文件:         C:\Program Files (x86)\Windows Kits\10\\include\10.0.26100.0\\um\propidl.h
注意: 包含文件:         C:\Program Files (x86)\Windows Kits\10\\include\10.0.26100.0\\shared\poppack.h
注意: 包含文件:        C:\Program Files (x86)\Windows Kits\10\\include\10.0.26100.0\\um\oleauto.h
注意: 包含文件:         C:\Program Files (x86)\Windows Kits\10\\include\10.0.26100.0\\shared\pshpack8.h
注意: 包含文件:         C:\Program Files (x86)\Windows Kits\10\\include\10.0.26100.0\\shared\poppack.h
注意: 包含文件:        C:\Program Files (x86)\Windows Kits\10\\include\10.0.26100.0\\shared\poppack.h
注意: 包含文件:       C:\Program Files (x86)\Windows Kits\10\\include\10.0.26100.0\\um\commdlg.h
注意: 包含文件:        C:\Program Files (x86)\Windows Kits\10\\include\10.0.26100.0\\um\prsht.h
注意: 包含文件:       C:\Program Files (x86)\Windows Kits\10\\include\10.0.26100.0\\shared\stralign.h
注意: 包含文件:       C:\Program Files (x86)\Windows Kits\10\\include\10.0.26100.0\\um\winsvc.h
注意: 包含文件:       C:\Program Files (x86)\Windows Kits\10\\include\10.0.26100.0\\um\mcx.h
注意: 包含文件:       C:\Program Files (x86)\Windows Kits\10\\include\10.0.26100.0\\um\imm.h
注意: 包含文件:        C:\Program Files (x86)\Windows Kits\10\\include\10.0.26100.0\\um\ime_cmodes.h
C:\Users\user\output\deepseek-v4部署\fastllm-master\include\devices/cpu/alivethreadpool.h(58): error C2039: "system_clock": 不是 "std::chrono" 的成员
C:\Program Files (x86)\Microsoft Visual Studio\2022\BuildTools\VC\Tools\MSVC\14.44.35207\include\__msvc_chrono.hpp(286): note: 参见“std::chrono”的声明
C:\Users\user\output\deepseek-v4部署\fastllm-master\include\devices/cpu/alivethreadpool.h(58): error C3083: “system_clock”:“::”左侧的符号必须是一种类型
C:\Users\user\output\deepseek-v4部署\fastllm-master\include\devices/cpu/alivethreadpool.h(58): error C2039: "now": 不是 "std::chrono" 的成员
C:\Program Files (x86)\Microsoft Visual Studio\2022\BuildTools\VC\Tools\MSVC\14.44.35207\include\__msvc_chrono.hpp(286): note: 参见“std::chrono”的声明
C:\Users\user\output\deepseek-v4部署\fastllm-master\include\devices/cpu/alivethreadpool.h(58): error C3861: “now”: 找不到标识符
C:\Users\user\output\deepseek-v4部署\fastllm-master\include\devices/cpu/alivethreadpool.h(65): error C2039: "system_clock": 不是 "std::chrono" 的成员
C:\Program Files (x86)\Microsoft Visual Studio\2022\BuildTools\VC\Tools\MSVC\14.44.35207\include\__msvc_chrono.hpp(286): note: 参见“std::chrono”的声明
C:\Users\user\output\deepseek-v4部署\fastllm-master\include\devices/cpu/alivethreadpool.h(65): error C3083: “system_clock”:“::”左侧的符号必须是一种类型
C:\Users\user\output\deepseek-v4部署\fastllm-master\include\devices/cpu/alivethreadpool.h(65): error C2039: "now": 不是 "std::chrono" 的成员
C:\Program Files (x86)\Microsoft Visual Studio\2022\BuildTools\VC\Tools\MSVC\14.44.35207\include\__msvc_chrono.hpp(286): note: 参见“std::chrono”的声明
C:\Users\user\output\deepseek-v4部署\fastllm-master\include\devices/cpu/alivethreadpool.h(65): error C3861: “now”: 找不到标识符
C:\Users\user\output\deepseek-v4部署\fastllm-master\include\devices/cpu/alivethreadpool.h(70): error C2039: "system_clock": 不是 "std::chrono" 的成员
C:\Program Files (x86)\Microsoft Visual Studio\2022\BuildTools\VC\Tools\MSVC\14.44.35207\include\__msvc_chrono.hpp(286): note: 参见“std::chrono”的声明
C:\Users\user\output\deepseek-v4部署\fastllm-master\include\devices/cpu/alivethreadpool.h(70): error C3083: “system_clock”:“::”左侧的符号必须是一种类型
C:\Users\user\output\deepseek-v4部署\fastllm-master\include\devices/cpu/alivethreadpool.h(70): error C2039: "now": 不是 "std::chrono" 的成员
C:\Program Files (x86)\Microsoft Visual Studio\2022\BuildTools\VC\Tools\MSVC\14.44.35207\include\__msvc_chrono.hpp(286): note: 参见“std::chrono”的声明
C:\Users\user\output\deepseek-v4部署\fastllm-master\include\devices/cpu/alivethreadpool.h(70): error C3861: “now”: 找不到标识符
C:\Users\user\output\deepseek-v4部署\fastllm-master\include\devices/cpu/alivethreadpool.h(70): error C2672: “std::chrono::duration_cast”: 未找到匹配的重载函数
C:\Program Files (x86)\Microsoft Visual Studio\2022\BuildTools\VC\Tools\MSVC\14.44.35207\include\__msvc_chrono.hpp(87): note: 可能是“_To std::chrono::duration_cast(const std::chrono::duration<_Rep,_Period> &) noexcept(<expr>)”
C:\Users\user\output\deepseek-v4部署\fastllm-master\include\devices/cpu/alivethreadpool.h(71): error C3536: “duration”: 初始化之前无法使用
C:\Users\user\output\deepseek-v4部署\fastllm-master\include\devices/cpu/alivethreadpool.h(135): warning C4267: “初始化”: 从“size_t”转换到“int”，可能丢失数据
C:\Users\user\output\deepseek-v4部署\fastllm-master\include\devices/cpu/alivethreadpool.h(175): warning C4267: “初始化”: 从“size_t”转换到“int”，可能丢失数据
C:\Users\user\output\deepseek-v4部署\fastllm-master\include\devices/cpu/alivethreadpool.h(235): warning C4267: “初始化”: 从“size_t”转换到“int”，可能丢失数据
C:\Users\user\output\deepseek-v4部署\fastllm-master\include\devices/cpu/alivethreadpool.h(236): warning C4267: “初始化”: 从“size_t”转换到“int”，可能丢失数据
C:\Users\user\output\deepseek-v4部署\fastllm-master\include\devices/cpu/alivethreadpool.h(237): warning C4267: “初始化”: 从“size_t”转换到“int”，可能丢失数据
C:\Users\user\output\deepseek-v4部署\fastllm-master\include\devices/cpu/alivethreadpool.h(280): warning C4267: “初始化”: 从“size_t”转换到“int”，可能丢失数据
C:\Users\user\output\deepseek-v4部署\fastllm-master\include\devices/cpu/alivethreadpool.h(326): warning C4267: “初始化”: 从“size_t”转换到“int”，可能丢失数据
C:\Users\user\output\deepseek-v4部署\fastllm-master\include\devices/cpu/alivethreadpool.h(329): warning C4267: “初始化”: 从“size_t”转换到“int”，可能丢失数据
C:\Users\user\output\deepseek-v4部署\fastllm-master\include\devices/cpu/alivethreadpool.h(369): warning C4267: “初始化”: 从“size_t”转换到“int”，可能丢失数据
C:\Users\user\output\deepseek-v4部署\fastllm-master\include\devices/cpu/alivethreadpool.h(371): warning C4267: “初始化”: 从“size_t”转换到“int”，可能丢失数据
注意: 包含文件:     C:\Users\user\output\deepseek-v4部署\fastllm-master\third_party\json11\json11.hpp
C:\Users\user\output\deepseek-v4部署\fastllm-master\include\fastllm.h(222): warning C4244: “初始化”: 从“int”转换到“float”，可能丢失数据
C:\Users\user\output\deepseek-v4部署\fastllm-master\include\fastllm.h(222): warning C4244: “初始化”: 从“int”转换到“const float”，可能丢失数据
C:\Users\user\output\deepseek-v4部署\fastllm-master\include\fastllm.h(227): warning C4244: “=”: 从“float”转换到“uint8_t”，可能丢失数据
C:\Users\user\output\deepseek-v4部署\fastllm-master\include\fastllm.h(229): warning C4244: “=”: 从“const float”转换到“uint8_t”，可能丢失数据
C:\Users\user\output\deepseek-v4部署\fastllm-master\include\fastllm.h(687): warning C4996: 'std::codecvt_utf8<wchar_t,1114111,(std::codecvt_mode)0>': warning STL4017: std::wbuffer_convert, std::wstring_convert, and the <codecvt> header (containing std::codecvt_mode, std::codecvt_utf8, std::codecvt_utf16, and std::codecvt_utf8_utf16) are deprecated in C++17. (The std::codecvt class template is NOT deprecated.) The C++ Standard doesn't provide equivalent non-deprecated functionality; consider using MultiByteToWideChar() and WideCharToMultiByte() from <Windows.h> instead. You can define _SILENCE_CXX17_CODECVT_HEADER_DEPRECATION_WARNING or _SILENCE_ALL_CXX17_DEPRECATION_WARNINGS to suppress this warning.
C:\Program Files (x86)\Microsoft Visual Studio\2022\BuildTools\VC\Tools\MSVC\14.44.35207\include\codecvt(34): note: 参见“std::codecvt_utf8”的声明
C:\Users\user\output\deepseek-v4部署\fastllm-master\include\fastllm.h(687): warning C4996: 'std::wstring_convert<std::codecvt_utf8<wchar_t,1114111,(std::codecvt_mode)0>,wchar_t,std::allocator<wchar_t>,std::allocator<char>>': warning STL4017: std::wbuffer_convert, std::wstring_convert, and the <codecvt> header (containing std::codecvt_mode, std::codecvt_utf8, std::codecvt_utf16, and std::codecvt_utf8_utf16) are deprecated in C++17. (The std::codecvt class template is NOT deprecated.) The C++ Standard doesn't provide equivalent non-deprecated functionality; consider using MultiByteToWideChar() and WideCharToMultiByte() from <Windows.h> instead. You can define _SILENCE_CXX17_CODECVT_HEADER_DEPRECATION_WARNING or _SILENCE_ALL_CXX17_DEPRECATION_WARNINGS to suppress this warning.
C:\Program Files (x86)\Microsoft Visual Studio\2022\BuildTools\VC\Tools\MSVC\14.44.35207\include\xlocbuf(303): note: 参见“std::wstring_convert”的声明
注意: 包含文件:  C:\Users\user\output\deepseek-v4部署\fastllm-master\include\devices/cpu/computeutils.h
注意: 包含文件:  C:\Program Files (x86)\Microsoft Visual Studio\2022\BuildTools\VC\Tools\MSVC\14.44.35207\include\chrono
注意: 包含文件:   C:\Program Files (x86)\Microsoft Visual Studio\2022\BuildTools\VC\Tools\MSVC\14.44.35207\include\xfilesystem_abi.h
注意: 包含文件:  C:\Users\user\output\deepseek-v4部署\fastllm-master\include\utils\avxMath.h
C:\Users\user\output\deepseek-v4部署\fastllm-master\include\utils\avxMath.h(82): warning C4305: “初始化”: 从“double”到“const float”截断
C:\Users\user\output\deepseek-v4部署\fastllm-master\include\utils\avxMath.h(83): warning C4305: “初始化”: 从“double”到“const float”截断
C:\Users\user\output\deepseek-v4部署\fastllm-master\include\utils\avxMath.h(84): warning C4305: “初始化”: 从“double”到“const float”截断
C:\Users\user\output\deepseek-v4部署\fastllm-master\include\utils\avxMath.h(85): warning C4305: “初始化”: 从“double”到“const float”截断
C:\Users\user\output\deepseek-v4部署\fastllm-master\include\utils\avxMath.h(86): warning C4305: “初始化”: 从“double”到“const float”截断
C:\Users\user\output\deepseek-v4部署\fastllm-master\include\utils\avxMath.h(87): warning C4305: “初始化”: 从“double”到“const float”截断
C:\Users\user\output\deepseek-v4部署\fastllm-master\include\utils\avxMath.h(88): warning C4305: “初始化”: 从“double”到“const float”截断
C:\Users\user\output\deepseek-v4部署\fastllm-master\include\utils\avxMath.h(89): warning C4305: “初始化”: 从“double”到“const float”截断
C:\Users\user\output\deepseek-v4部署\fastllm-master\include\utils\avxMath.h(90): warning C4305: “初始化”: 从“double”到“const float”截断
C:\Users\user\output\deepseek-v4部署\fastllm-master\include\utils\avxMath.h(91): warning C4305: “初始化”: 从“double”到“const float”截断
C:\Users\user\output\deepseek-v4部署\fastllm-master\include\utils\avxMath.h(92): warning C4305: “初始化”: 从“double”到“const float”截断
C:\Users\user\output\deepseek-v4部署\fastllm-master\include\utils\avxMath.h(258): warning C4305: “初始化”: 从“double”到“const float”截断
C:\Users\user\output\deepseek-v4部署\fastllm-master\include\utils\avxMath.h(260): warning C4305: “初始化”: 从“double”到“const float”截断
C:\Users\user\output\deepseek-v4部署\fastllm-master\include\utils\avxMath.h(262): warning C4305: “初始化”: 从“double”到“const float”截断
C:\Users\user\output\deepseek-v4部署\fastllm-master\include\utils\avxMath.h(263): warning C4305: “初始化”: 从“double”到“const float”截断
C:\Users\user\output\deepseek-v4部署\fastllm-master\include\utils\avxMath.h(264): warning C4305: “初始化”: 从“double”到“const float”截断
C:\Users\user\output\deepseek-v4部署\fastllm-master\include\utils\avxMath.h(265): warning C4305: “初始化”: 从“double”到“const float”截断
C:\Users\user\output\deepseek-v4部署\fastllm-master\include\utils\avxMath.h(266): warning C4305: “初始化”: 从“double”到“const float”截断
C:\Users\user\output\deepseek-v4部署\fastllm-master\include\utils\avxMath.h(267): warning C4305: “初始化”: 从“double”到“const float”截断
C:\Users\user\output\deepseek-v4部署\fastllm-master\include\utils\avxMath.h(327): warning C4305: “初始化”: 从“double”到“const float”截断
C:\Users\user\output\deepseek-v4部署\fastllm-master\include\utils\avxMath.h(328): warning C4305: “初始化”: 从“double”到“const float”截断
C:\Users\user\output\deepseek-v4部署\fastllm-master\include\utils\avxMath.h(329): warning C4305: “初始化”: 从“double”到“const float”截断
C:\Users\user\output\deepseek-v4部署\fastllm-master\include\utils\avxMath.h(330): warning C4305: “初始化”: 从“double”到“const float”截断
C:\Users\user\output\deepseek-v4部署\fastllm-master\include\utils\avxMath.h(331): warning C4305: “初始化”: 从“double”到“const float”截断
C:\Users\user\output\deepseek-v4部署\fastllm-master\include\utils\avxMath.h(332): warning C4305: “初始化”: 从“double”到“const float”截断
C:\Users\user\output\deepseek-v4部署\fastllm-master\include\utils\avxMath.h(333): warning C4305: “初始化”: 从“double”到“const float”截断
C:\Users\user\output\deepseek-v4部署\fastllm-master\include\utils\avxMath.h(334): warning C4305: “初始化”: 从“double”到“const float”截断
注意: 包含文件:  C:\Users\user\output\deepseek-v4部署\fastllm-master\include\devices/cuda/fastllm-cuda.cuh
注意: 包含文件:  C:\Users\user\output\deepseek-v4部署\fastllm-master\include\utils\utils.h
注意: 包含文件:   C:\Program Files (x86)\Windows Kits\10\include\10.0.26100.0\ucrt\fcntl.h
注意: 包含文件:   C:\Program Files (x86)\Microsoft Visual Studio\2022\BuildTools\VC\Tools\MSVC\14.44.35207\include\array
注意: 包含文件:   C:\Program Files (x86)\Microsoft Visual Studio\2022\BuildTools\VC\Tools\MSVC\14.44.35207\include\filesystem
注意: 包含文件:    C:\Program Files (x86)\Microsoft Visual Studio\2022\BuildTools\VC\Tools\MSVC\14.44.35207\include\iomanip
C:\Users\user\output\deepseek-v4部署\fastllm-master\include\utils\utils.h(30): warning C4067: 预处理器指令后有意外标记 - 应输入换行符
注意: 包含文件:   C:\Program Files (x86)\Windows Kits\10\include\10.0.26100.0\ucrt\io.h
注意: 包含文件:    C:\Program Files (x86)\Windows Kits\10\include\10.0.26100.0\ucrt\corecrt_io.h
C:\Users\user\output\deepseek-v4部署\fastllm-master\include\utils\utils.h(109): warning C4996: '_wfopen': This function or variable may be unsafe. Consider using _wfopen_s instead. To disable deprecation, use _CRT_SECURE_NO_WARNINGS. See online help for details.
C:\Users\user\output\deepseek-v4部署\fastllm-master\include\utils\utils.h(118): warning C4996: '_wopen': This function or variable may be unsafe. Consider using _wsopen_s instead. To disable deprecation, use _CRT_SECURE_NO_WARNINGS. See online help for details.
C:\Users\user\output\deepseek-v4部署\fastllm-master\include\utils\utils.h(150): warning C4244: “return”: 从“double”转换到“float”，可能丢失数据
C:\Users\user\output\deepseek-v4部署\fastllm-master\include\utils\utils.h(355): warning C4267: “初始化”: 从“size_t”转换到“int”，可能丢失数据
C:\Users\user\output\deepseek-v4部署\fastllm-master\include\utils\utils.h(417): warning C4244: “+=”: 从“double”转换到“float”，可能丢失数据
注意: 包含文件:  C:\Users\user\output\deepseek-v4部署\fastllm-master\third_party\gguf\gguf.h
注意: 包含文件:   C:\Program Files (x86)\Microsoft Visual Studio\2022\BuildTools\VC\Tools\MSVC\14.44.35207\include\regex
注意: 包含文件:   C:\Users\user\output\deepseek-v4部署\fastllm-master\include\models\basellm.h
注意: 包含文件:    C:\Users\user\output\deepseek-v4部署\fastllm-master\include\blocks\baseblock.h
注意: 包含文件:    C:\Users\user\output\deepseek-v4部署\fastllm-master\include\template.h
注意: 包含文件:    C:\Program Files (x86)\Microsoft Visual Studio\2022\BuildTools\VC\Tools\MSVC\14.44.35207\include\condition_variable
C:\Users\user\output\deepseek-v4部署\fastllm-master\include\models\basellm.h(344): warning C4305: “初始化”: 从“double”到“float”截断
C:\Users\user\output\deepseek-v4部署\fastllm-master\include\models\basellm.h(348): warning C4244: “初始化”: 从“double”转换到“const float”，可能丢失数据
C:\Users\user\output\deepseek-v4部署\fastllm-master\src\devices\cpu\cpudevice.cpp(341): warning C4244: “初始化”: 从“uint64_t”转换到“int”，可能丢失数据
C:\Users\user\output\deepseek-v4部署\fastllm-master\src\devices\cpu\cpudevice.cpp(349): warning C4244: “初始化”: 从“uint64_t”转换到“int”，可能丢失数据
C:\Users\user\output\deepseek-v4部署\fastllm-master\src\devices\cpu\cpudevice.cpp(376): warning C4244: “初始化”: 从“uint64_t”转换到“int”，可能丢失数据
C:\Users\user\output\deepseek-v4部署\fastllm-master\src\devices\cpu\cpudevice.cpp(388): warning C4244: “初始化”: 从“uint64_t”转换到“int”，可能丢失数据
C:\Users\user\output\deepseek-v4部署\fastllm-master\src\devices\cpu\cpudevice.cpp(422): warning C4244: “参数”: 从“uint64_t”转换到“int”，可能丢失数据
C:\Users\user\output\deepseek-v4部署\fastllm-master\src\devices\cpu\cpudevice.cpp(424): warning C4244: “参数”: 从“uint64_t”转换到“int”，可能丢失数据
C:\Users\user\output\deepseek-v4部署\fastllm-master\src\devices\cpu\cpudevice.cpp(451): warning C4244: “参数”: 从“uint64_t”转换到“int”，可能丢失数据
C:\Users\user\output\deepseek-v4部署\fastllm-master\src\devices\cpu\cpudevice.cpp(455): warning C4244: “初始化”: 从“uint64_t”转换到“int”，可能丢失数据
C:\Users\user\output\deepseek-v4部署\fastllm-master\src\devices\cpu\cpudevice.cpp(483): warning C4244: “初始化”: 从“uint64_t”转换到“int”，可能丢失数据
C:\Users\user\output\deepseek-v4部署\fastllm-master\src\devices\cpu\cpudevice.cpp(489): warning C4244: “初始化”: 从“uint64_t”转换到“int”，可能丢失数据
C:\Users\user\output\deepseek-v4部署\fastllm-master\src\devices\cpu\cpudevice.cpp(519): warning C4244: “参数”: 从“uint64_t”转换到“int”，可能丢失数据
C:\Users\user\output\deepseek-v4部署\fastllm-master\src\devices\cpu\cpudevice.cpp(521): warning C4244: “参数”: 从“uint64_t”转换到“int”，可能丢失数据
C:\Users\user\output\deepseek-v4部署\fastllm-master\src\devices\cpu\cpudevice.cpp(673): warning C4244: “初始化”: 从“double”转换到“float”，可能丢失数据
C:\Users\user\output\deepseek-v4部署\fastllm-master\src\devices\cpu\cpudevice.cpp(685): warning C4244: “初始化”: 从“_Ty”转换到“int”，可能丢失数据
        with
        [
            _Ty=uint64_t
        ]
C:\Users\user\output\deepseek-v4部署\fastllm-master\src\devices\cpu\cpudevice.cpp(689): warning C4267: “初始化”: 从“size_t”转换到“int”，可能丢失数据
C:\Users\user\output\deepseek-v4部署\fastllm-master\src\devices\cpu\cpudevice.cpp(712): warning C4244: “初始化”: 从“_Ty”转换到“int”，可能丢失数据
        with
        [
            _Ty=uint64_t
        ]
C:\Users\user\output\deepseek-v4部署\fastllm-master\src\devices\cpu\cpudevice.cpp(716): warning C4267: “初始化”: 从“size_t”转换到“int”，可能丢失数据
C:\Users\user\output\deepseek-v4部署\fastllm-master\src\devices\cpu\cpudevice.cpp(750): warning C4267: “初始化”: 从“size_t”转换到“int”，可能丢失数据
C:\Users\user\output\deepseek-v4部署\fastllm-master\src\devices\cpu\cpudevice.cpp(751): warning C4267: “初始化”: 从“size_t”转换到“int”，可能丢失数据
C:\Users\user\output\deepseek-v4部署\fastllm-master\src\devices\cpu\cpudevice.cpp(811): warning C4244: “初始化”: 从“double”转换到“float”，可能丢失数据
C:\Users\user\output\deepseek-v4部署\fastllm-master\src\devices\cpu\cpudevice.cpp(851): warning C4244: “=”: 从“double”转换到“float”，可能丢失数据
C:\Users\user\output\deepseek-v4部署\fastllm-master\src\devices\cpu\cpudevice.cpp(910): warning C4244: “=”: 从“double”转换到“float”，可能丢失数据
C:\Users\user\output\deepseek-v4部署\fastllm-master\src\devices\cpu\cpudevice.cpp(945): warning C4244: “参数”: 从“double”转换到“const float”，可能丢失数据
C:\Users\user\output\deepseek-v4部署\fastllm-master\src\devices\cpu\cpudevice.cpp(1121): warning C4244: “=”: 从“double”转换到“float”，可能丢失数据
C:\Users\user\output\deepseek-v4部署\fastllm-master\src\devices\cpu\cpudevice.cpp(1475): warning C4267: “参数”: 从“size_t”转换到“long”，可能丢失数据
C:\Users\user\output\deepseek-v4部署\fastllm-master\src\devices\cpu\cpudevice.cpp(1474): warning C4267: “参数”: 从“size_t”转换到“long”，可能丢失数据
C:\Users\user\output\deepseek-v4部署\fastllm-master\src\devices\cpu\cpudevice.cpp(1473): warning C4267: “参数”: 从“size_t”转换到“long”，可能丢失数据
C:\Users\user\output\deepseek-v4部署\fastllm-master\src\devices\cpu\cpudevice.cpp(1489): warning C4267: “参数”: 从“size_t”转换到“long”，可能丢失数据
C:\Users\user\output\deepseek-v4部署\fastllm-master\src\devices\cpu\cpudevice.cpp(1488): warning C4267: “参数”: 从“size_t”转换到“long”，可能丢失数据
C:\Users\user\output\deepseek-v4部署\fastllm-master\src\devices\cpu\cpudevice.cpp(1487): warning C4267: “参数”: 从“size_t”转换到“long”，可能丢失数据
C:\Users\user\output\deepseek-v4部署\fastllm-master\src\devices\cpu\cpudevice.cpp(1504): warning C4267: “初始化”: 从“size_t”转换到“long”，可能丢失数据
C:\Users\user\output\deepseek-v4部署\fastllm-master\src\devices\cpu\cpudevice.cpp(1601): warning C4267: “初始化”: 从“size_t”转换到“int”，可能丢失数据
C:\Users\user\output\deepseek-v4部署\fastllm-master\src\devices\cpu\cpudevice.cpp(1686): warning C4244: “初始化”: 从“float”转换到“int”，可能丢失数据
C:\Users\user\output\deepseek-v4部署\fastllm-master\src\devices\cpu\cpudevice.cpp(1705): warning C4267: “参数”: 从“size_t”转换到“int”，可能丢失数据
C:\Users\user\output\deepseek-v4部署\fastllm-master\src\devices\cpu\cpudevice.cpp(1707): warning C4267: “参数”: 从“size_t”转换到“int”，可能丢失数据
C:\Users\user\output\deepseek-v4部署\fastllm-master\src\devices\cpu\cpudevice.cpp(1764): warning C4267: “初始化”: 从“size_t”转换到“int”，可能丢失数据
C:\Users\user\output\deepseek-v4部署\fastllm-master\src\devices\cpu\cpudevice.cpp(1841): warning C4267: “初始化”: 从“size_t”转换到“int”，可能丢失数据
C:\Users\user\output\deepseek-v4部署\fastllm-master\src\devices\cpu\cpudevice.cpp(1849): error C2956: 常用解除分配函数“void operator delete(void *,std::align_val_t) noexcept”会被选为位置解除分配函数。
predefined C++ types (compiler internal)(47): note: 参见“operator delete”的声明
C:\Users\user\output\deepseek-v4部署\fastllm-master\src\devices\cpu\cpudevice.cpp(1856): warning C4267: “初始化”: 从“size_t”转换到“int”，可能丢失数据
C:\Users\user\output\deepseek-v4部署\fastllm-master\src\devices\cpu\cpudevice.cpp(1876): warning C4267: “=”: 从“size_t”转换到“int”，可能丢失数据
C:\Users\user\output\deepseek-v4部署\fastllm-master\src\devices\cpu\cpudevice.cpp(1987): warning C4267: “初始化”: 从“size_t”转换到“int”，可能丢失数据
C:\Users\user\output\deepseek-v4部署\fastllm-master\src\devices\cpu\cpudevice.cpp(2027): warning C4244: “初始化”: 从“uint64_t”转换到“int”，可能丢失数据
C:\Users\user\output\deepseek-v4部署\fastllm-master\src\devices\cpu\cpudevice.cpp(2084): warning C4267: “初始化”: 从“size_t”转换到“int”，可能丢失数据
C:\Users\user\output\deepseek-v4部署\fastllm-master\src\devices\cpu\cpudevice.cpp(2305): warning C4244: “初始化”: 从“uint64_t”转换到“int”，可能丢失数据
C:\Users\user\output\deepseek-v4部署\fastllm-master\src\devices\cpu\cpudevice.cpp(2345): warning C4267: “初始化”: 从“size_t”转换到“int”，可能丢失数据
C:\Users\user\output\deepseek-v4部署\fastllm-master\src\devices\cpu\cpudevice.cpp(2511): warning C4244: “初始化”: 从“uint64_t”转换到“int”，可能丢失数据
C:\Users\user\output\deepseek-v4部署\fastllm-master\src\devices\cpu\cpudevice.cpp(2547): warning C4267: “初始化”: 从“size_t”转换到“int”，可能丢失数据
C:\Users\user\output\deepseek-v4部署\fastllm-master\src\devices\cpu\cpudevice.cpp(2744): warning C4267: “初始化”: 从“size_t”转换到“int”，可能丢失数据
C:\Users\user\output\deepseek-v4部署\fastllm-master\src\devices\cpu\cpudevice.cpp(2922): warning C4267: “+=”: 从“size_t”转换到“int”，可能丢失数据
C:\Users\user\output\deepseek-v4部署\fastllm-master\src\devices\cpu\cpudevice.cpp(2982): warning C4267: “初始化”: 从“size_t”转换到“int”，可能丢失数据
C:\Users\user\output\deepseek-v4部署\fastllm-master\src\devices\cpu\cpudevice.cpp(3009): warning C4267: “初始化”: 从“size_t”转换到“int”，可能丢失数据
C:\Users\user\output\deepseek-v4部署\fastllm-master\src\devices\cpu\cpudevice.cpp(3059): warning C4267: “初始化”: 从“size_t”转换到“int”，可能丢失数据
C:\Users\user\output\deepseek-v4部署\fastllm-master\src\devices\cpu\cpudevice.cpp(3092): warning C4267: “+=”: 从“size_t”转换到“int”，可能丢失数据
C:\Users\user\output\deepseek-v4部署\fastllm-master\src\devices\cpu\cpudevice.cpp(3149): warning C4244: “参数”: 从“uint64_t”转换到“int”，可能丢失数据
C:\Users\user\output\deepseek-v4部署\fastllm-master\src\devices\cpu\cpudevice.cpp(3151): warning C4244: “参数”: 从“uint64_t”转换到“int”，可能丢失数据
C:\Users\user\output\deepseek-v4部署\fastllm-master\src\devices\cpu\cpudevice.cpp(3273): warning C4244: “参数”: 从“uint64_t”转换到“int”，可能丢失数据
C:\Users\user\output\deepseek-v4部署\fastllm-master\src\devices\cpu\cpudevice.cpp(3277): warning C4244: “初始化”: 从“uint64_t”转换到“int”，可能丢失数据
C:\Users\user\output\deepseek-v4部署\fastllm-master\src\devices\cpu\cpudevice.cpp(3291): warning C4244: “参数”: 从“uint64_t”转换到“int”，可能丢失数据
C:\Users\user\output\deepseek-v4部署\fastllm-master\src\devices\cpu\cpudevice.cpp(3293): warning C4244: “参数”: 从“uint64_t”转换到“int”，可能丢失数据
C:\Users\user\output\deepseek-v4部署\fastllm-master\src\devices\cpu\cpudevice.cpp(1959): warning C4996: 'getenv': This function or variable may be unsafe. Consider using _dupenv_s instead. To disable deprecation, use _CRT_SECURE_NO_WARNINGS. See online help for details.
C:\Users\user\output\deepseek-v4部署\fastllm-master\src\devices\cpu\cpudevice.cpp(1960): warning C4996: 'getenv': This function or variable may be unsafe. Consider using _dupenv_s instead. To disable deprecation, use _CRT_SECURE_NO_WARNINGS. See online help for details.
C:\Users\user\output\deepseek-v4部署\fastllm-master\src\devices\cpu\cpudevice.cpp(1961): warning C4996: 'getenv': This function or variable may be unsafe. Consider using _dupenv_s instead. To disable deprecation, use _CRT_SECURE_NO_WARNINGS. See online help for details.
C:\Users\user\output\deepseek-v4部署\fastllm-master\src\devices\cpu\cpudevice.cpp(1962): warning C4996: 'getenv': This function or variable may be unsafe. Consider using _dupenv_s instead. To disable deprecation, use _CRT_SECURE_NO_WARNINGS. See online help for details.
C:\Users\user\output\deepseek-v4部署\fastllm-master\src\devices\cpu\cpudevice.cpp(1963): warning C4996: 'getenv': This function or variable may be unsafe. Consider using _dupenv_s instead. To disable deprecation, use _CRT_SECURE_NO_WARNINGS. See online help for details.
C:\Users\user\output\deepseek-v4部署\fastllm-master\src\devices\cpu\cpudevice.cpp(3730): error C2079: “oss”使用未定义的 class“std::basic_ostringstream<char,std::char_traits<char>,std::allocator<char>>”
C:\Users\user\output\deepseek-v4部署\fastllm-master\src\devices\cpu\cpudevice.cpp(3731): error C2297: “<<”: 无效，因为右操作数的类型为“const char [45]”
C:\Users\user\output\deepseek-v4部署\fastllm-master\src\devices\cpu\cpudevice.cpp(3732): error C2297: “<<”: 无效，因为右操作数的类型为“const char [11]”
C:\Users\user\output\deepseek-v4部署\fastllm-master\src\devices\cpu\cpudevice.cpp(3732): error C2297: “<<”: 无效，因为右操作数的类型为“float”
C:\Users\user\output\deepseek-v4部署\fastllm-master\src\devices\cpu\cpudevice.cpp(3733): error C2297: “<<”: 无效，因为右操作数的类型为“const char [15]”
C:\Users\user\output\deepseek-v4部署\fastllm-master\src\devices\cpu\cpudevice.cpp(3734): error C2297: “<<”: 无效，因为右操作数的类型为“const char [16]”
C:\Users\user\output\deepseek-v4部署\fastllm-master\src\devices\cpu\cpudevice.cpp(3735): error C2297: “<<”: 无效，因为右操作数的类型为“const char [16]”
C:\Users\user\output\deepseek-v4部署\fastllm-master\src\devices\cpu\cpudevice.cpp(3735): error C2297: “<<”: 无效，因为右操作数的类型为“const char [2]”
C:\Users\user\output\deepseek-v4部署\fastllm-master\src\devices\cpu\cpudevice.cpp(3735): warning C4552: ”<<“: 未使用表达式结果
C:\Users\user\output\deepseek-v4部署\fastllm-master\src\devices\cpu\cpudevice.cpp(3740): error C2079: “oss”使用未定义的 class“std::basic_ostringstream<char,std::char_traits<char>,std::allocator<char>>”
C:\Users\user\output\deepseek-v4部署\fastllm-master\src\devices\cpu\cpudevice.cpp(3741): error C2297: “<<”: 无效，因为右操作数的类型为“const char [44]”
C:\Users\user\output\deepseek-v4部署\fastllm-master\src\devices\cpu\cpudevice.cpp(3742): error C2297: “<<”: 无效，因为右操作数的类型为“const char [11]”
C:\Users\user\output\deepseek-v4部署\fastllm-master\src\devices\cpu\cpudevice.cpp(3743): error C2297: “<<”: 无效，因为右操作数的类型为“const char [15]”
C:\Users\user\output\deepseek-v4部署\fastllm-master\src\devices\cpu\cpudevice.cpp(3744): error C2297: “<<”: 无效，因为右操作数的类型为“const char [9]”
C:\Users\user\output\deepseek-v4部署\fastllm-master\src\devices\cpu\cpudevice.cpp(3744): error C2297: “<<”: 无效，因为右操作数的类型为“float”
C:\Users\user\output\deepseek-v4部署\fastllm-master\src\devices\cpu\cpudevice.cpp(3745): error C2297: “<<”: 无效，因为右操作数的类型为“const char [15]”
C:\Users\user\output\deepseek-v4部署\fastllm-master\src\devices\cpu\cpudevice.cpp(3746): error C2297: “<<”: 无效，因为右操作数的类型为“const char [16]”
C:\Users\user\output\deepseek-v4部署\fastllm-master\src\devices\cpu\cpudevice.cpp(3747): error C2297: “<<”: 无效，因为右操作数的类型为“const char [16]”
C:\Users\user\output\deepseek-v4部署\fastllm-master\src\devices\cpu\cpudevice.cpp(3747): error C2297: “<<”: 无效，因为右操作数的类型为“const char [2]”
C:\Users\user\output\deepseek-v4部署\fastllm-master\src\devices\cpu\cpudevice.cpp(3747): warning C4552: ”<<“: 未使用表达式结果
C:\Users\user\output\deepseek-v4部署\fastllm-master\src\devices\cpu\cpudevice.cpp(3759): warning C4067: 预处理器指令后有意外标记 - 应输入换行符
C:\Users\user\output\deepseek-v4部署\fastllm-master\src\devices\cpu\cpudevice.cpp(3764): warning C4267: “初始化”: 从“size_t”转换到“int”，可能丢失数据
C:\Users\user\output\deepseek-v4部署\fastllm-master\src\devices\cpu\cpudevice.cpp(3771): warning C4067: 预处理器指令后有意外标记 - 应输入换行符
C:\Users\user\output\deepseek-v4部署\fastllm-master\src\devices\cpu\cpudevice.cpp(3776): warning C4267: “初始化”: 从“size_t”转换到“int”，可能丢失数据
C:\Users\user\output\deepseek-v4部署\fastllm-master\src\devices\cpu\cpudevice.cpp(3852): warning C4067: 预处理器指令后有意外标记 - 应输入换行符
C:\Users\user\output\deepseek-v4部署\fastllm-master\src\devices\cpu\cpudevice.cpp(3857): warning C4267: “初始化”: 从“size_t”转换到“int”，可能丢失数据
C:\Users\user\output\deepseek-v4部署\fastllm-master\src\devices\cpu\cpudevice.cpp(3880): warning C4267: “初始化”: 从“size_t”转换到“int”，可能丢失数据
C:\Users\user\output\deepseek-v4部署\fastllm-master\src\devices\cpu\cpudevice.cpp(3883): warning C4244: “初始化”: 从“uint64_t”转换到“int”，可能丢失数据
C:\Users\user\output\deepseek-v4部署\fastllm-master\src\devices\cpu\cpudevice.cpp(3885): warning C4244: “初始化”: 从“_Ty”转换到“int”，可能丢失数据
        with
        [
            _Ty=uint64_t
        ]
C:\Users\user\output\deepseek-v4部署\fastllm-master\src\devices\cpu\cpudevice.cpp(3937): warning C4244: “=”: 从“double”转换到“float”，可能丢失数据
C:\Users\user\output\deepseek-v4部署\fastllm-master\src\devices\cpu\cpudevice.cpp(3979): warning C4244: “=”: 从“double”转换到“float”，可能丢失数据
C:\Users\user\output\deepseek-v4部署\fastllm-master\src\devices\cpu\cpudevice.cpp(4022): warning C4244: “初始化”: 从“double”转换到“float”，可能丢失数据
C:\Users\user\output\deepseek-v4部署\fastllm-master\src\devices\cpu\cpudevice.cpp(4047): warning C4267: “初始化”: 从“size_t”转换到“int”，可能丢失数据
C:\Users\user\output\deepseek-v4部署\fastllm-master\src\devices\cpu\cpudevice.cpp(4048): warning C4267: “初始化”: 从“size_t”转换到“int”，可能丢失数据
C:\Users\user\output\deepseek-v4部署\fastllm-master\src\devices\cpu\cpudevice.cpp(4072): warning C4244: “初始化”: 从“double”转换到“float”，可能丢失数据
C:\Users\user\output\deepseek-v4部署\fastllm-master\src\devices\cpu\cpudevice.cpp(4073): warning C4267: “初始化”: 从“size_t”转换到“int”，可能丢失数据
C:\Users\user\output\deepseek-v4部署\fastllm-master\src\devices\cpu\cpudevice.cpp(4075): warning C4244: “初始化”: 从“uint64_t”转换到“int”，可能丢失数据
C:\Users\user\output\deepseek-v4部署\fastllm-master\src\devices\cpu\cpudevice.cpp(4095): warning C4244: “初始化”: 从“double”转换到“float”，可能丢失数据
C:\Users\user\output\deepseek-v4部署\fastllm-master\src\devices\cpu\cpudevice.cpp(4116): warning C4244: “初始化”: 从“double”转换到“float”，可能丢失数据
C:\Users\user\output\deepseek-v4部署\fastllm-master\src\devices\cpu\cpudevice.cpp(4140): warning C4244: “初始化”: 从“double”转换到“float”，可能丢失数据
C:\Users\user\output\deepseek-v4部署\fastllm-master\src\devices\cpu\cpudevice.cpp(4143): warning C4267: “初始化”: 从“size_t”转换到“int”，可能丢失数据
C:\Users\user\output\deepseek-v4部署\fastllm-master\src\devices\cpu\cpudevice.cpp(4145): warning C4244: “初始化”: 从“uint64_t”转换到“int”，可能丢失数据
C:\Users\user\output\deepseek-v4部署\fastllm-master\src\devices\cpu\cpudevice.cpp(4162): warning C4244: “初始化”: 从“double”转换到“float”，可能丢失数据
C:\Users\user\output\deepseek-v4部署\fastllm-master\src\devices\cpu\cpudevice.cpp(4186): warning C4244: “初始化”: 从“double”转换到“float”，可能丢失数据
C:\Users\user\output\deepseek-v4部署\fastllm-master\src\devices\cpu\cpudevice.cpp(4210): warning C4244: “初始化”: 从“double”转换到“float”，可能丢失数据
C:\Users\user\output\deepseek-v4部署\fastllm-master\src\devices\cpu\cpudevice.cpp(4820): warning C4244: “=”: 从“double”转换到“float”，可能丢失数据
C:\Users\user\output\deepseek-v4部署\fastllm-master\src\devices\cpu\cpudevice.cpp(4839): warning C4267: “=”: 从“size_t”转换到“int”，可能丢失数据
C:\Users\user\output\deepseek-v4部署\fastllm-master\src\devices\cpu\cpudevice.cpp(4897): warning C4056: 浮点常量算术溢出
C:\Users\user\output\deepseek-v4部署\fastllm-master\src\devices\cpu\cpudevice.cpp(4898): warning C4056: 浮点常量算术溢出
C:\Users\user\output\deepseek-v4部署\fastllm-master\src\devices\cpu\cpudevice.cpp(4913): warning C4056: 浮点常量算术溢出
C:\Users\user\output\deepseek-v4部署\fastllm-master\src\devices\cpu\cpudevice.cpp(4914): warning C4056: 浮点常量算术溢出
C:\Users\user\output\deepseek-v4部署\fastllm-master\src\devices\cpu\cpudevice.cpp(5127): warning C4244: “=”: 从“int”转换到“float”，可能丢失数据
C:\Users\user\output\deepseek-v4部署\fastllm-master\src\devices\cpu\cpudevice.cpp(5153): warning C4244: “初始化”: 从“uint64_t”转换到“int”，可能丢失数据
C:\Users\user\output\deepseek-v4部署\fastllm-master\src\devices\cpu\cpudevice.cpp(5203): warning C4267: “初始化”: 从“size_t”转换到“int”，可能丢失数据
C:\Users\user\output\deepseek-v4部署\fastllm-master\src\devices\cpu\cpudevice.cpp(5348): warning C4267: “初始化”: 从“size_t”转换到“int”，可能丢失数据
C:\Users\user\output\deepseek-v4部署\fastllm-master\src\devices\cpu\cpudevice.cpp(5379): warning C4267: “初始化”: 从“size_t”转换到“int”，可能丢失数据
C:\Users\user\output\deepseek-v4部署\fastllm-master\src\devices\cpu\cpudevice.cpp(5380): warning C4267: “初始化”: 从“size_t”转换到“int”，可能丢失数据
C:\Users\user\output\deepseek-v4部署\fastllm-master\src\devices\cpu\cpudevice.cpp(5408): warning C4267: “初始化”: 从“size_t”转换到“int”，可能丢失数据
C:\Users\user\output\deepseek-v4部署\fastllm-master\src\devices\cpu\cpudevice.cpp(5413): warning C4244: “初始化”: 从“uint64_t”转换到“int”，可能丢失数据
C:\Users\user\output\deepseek-v4部署\fastllm-master\src\devices\cpu\cpudevice.cpp(5414): warning C4244: “初始化”: 从“uint64_t”转换到“int”，可能丢失数据
C:\Users\user\output\deepseek-v4部署\fastllm-master\src\devices\cpu\cpudevice.cpp(5415): warning C4244: “初始化”: 从“uint64_t”转换到“int”，可能丢失数据
C:\Users\user\output\deepseek-v4部署\fastllm-master\src\devices\cpu\cpudevice.cpp(5417): warning C4244: “初始化”: 从“_Ty”转换到“int”，可能丢失数据
        with
        [
            _Ty=uint64_t
        ]
C:\Users\user\output\deepseek-v4部署\fastllm-master\src\devices\cpu\cpudevice.cpp(5431): warning C4267: “初始化”: 从“size_t”转换到“int”，可能丢失数据
C:\Users\user\output\deepseek-v4部署\fastllm-master\src\devices\cpu\cpudevice.cpp(5447): warning C4267: “初始化”: 从“size_t”转换到“int”，可能丢失数据
C:\Users\user\output\deepseek-v4部署\fastllm-master\src\devices\cpu\cpudevice.cpp(5452): warning C4244: “初始化”: 从“uint64_t”转换到“int”，可能丢失数据
C:\Users\user\output\deepseek-v4部署\fastllm-master\src\devices\cpu\cpudevice.cpp(5453): warning C4244: “初始化”: 从“uint64_t”转换到“int”，可能丢失数据
C:\Users\user\output\deepseek-v4部署\fastllm-master\src\devices\cpu\cpudevice.cpp(5454): warning C4244: “初始化”: 从“uint64_t”转换到“int”，可能丢失数据
C:\Users\user\output\deepseek-v4部署\fastllm-master\src\devices\cpu\cpudevice.cpp(5456): warning C4244: “初始化”: 从“_Ty”转换到“int”，可能丢失数据
        with
        [
            _Ty=uint64_t
        ]
C:\Users\user\output\deepseek-v4部署\fastllm-master\src\devices\cpu\cpudevice.cpp(5491): warning C4267: “初始化”: 从“size_t”转换到“int”，可能丢失数据
C:\Users\user\output\deepseek-v4部署\fastllm-master\src\devices\cpu\cpudevice.cpp(5525): warning C4267: “初始化”: 从“size_t”转换到“int”，可能丢失数据
C:\Users\user\output\deepseek-v4部署\fastllm-master\src\devices\cpu\cpudevice.cpp(5528): warning C4244: “初始化”: 从“uint64_t”转换到“int”，可能丢失数据
C:\Users\user\output\deepseek-v4部署\fastllm-master\src\devices\cpu\cpudevice.cpp(5529): warning C4244: “初始化”: 从“uint64_t”转换到“int”，可能丢失数据
C:\Users\user\output\deepseek-v4部署\fastllm-master\src\devices\cpu\cpudevice.cpp(5530): warning C4244: “初始化”: 从“uint64_t”转换到“int”，可能丢失数据
C:\Users\user\output\deepseek-v4部署\fastllm-master\src\devices\cpu\cpudevice.cpp(5531): warning C4244: “初始化”: 从“uint64_t”转换到“int”，可能丢失数据
C:\Users\user\output\deepseek-v4部署\fastllm-master\src\devices\cpu\cpudevice.cpp(5532): warning C4244: “初始化”: 从“_Ty”转换到“int”，可能丢失数据
        with
        [
            _Ty=uint64_t
        ]
C:\Users\user\output\deepseek-v4部署\fastllm-master\src\devices\cpu\cpudevice.cpp(5560): warning C4267: “初始化”: 从“size_t”转换到“int”，可能丢失数据
C:\Users\user\output\deepseek-v4部署\fastllm-master\src\devices\cpu\cpudevice.cpp(5580): warning C4267: “初始化”: 从“size_t”转换到“int”，可能丢失数据
C:\Users\user\output\deepseek-v4部署\fastllm-master\src\devices\cpu\cpudevice.cpp(5586): warning C4244: “初始化”: 从“uint64_t”转换到“int”，可能丢失数据
C:\Users\user\output\deepseek-v4部署\fastllm-master\src\devices\cpu\cpudevice.cpp(5587): warning C4244: “初始化”: 从“uint64_t”转换到“int”，可能丢失数据
C:\Users\user\output\deepseek-v4部署\fastllm-master\src\devices\cpu\cpudevice.cpp(5588): warning C4244: “初始化”: 从“uint64_t”转换到“int”，可能丢失数据
C:\Users\user\output\deepseek-v4部署\fastllm-master\src\devices\cpu\cpudevice.cpp(5589): warning C4244: “初始化”: 从“_Ty”转换到“int”，可能丢失数据
        with
        [
            _Ty=uint64_t
        ]
C:\Users\user\output\deepseek-v4部署\fastllm-master\src\devices\cpu\cpudevice.cpp(5611): warning C4244: “初始化”: 从“uint64_t”转换到“int”，可能丢失数据
C:\Users\user\output\deepseek-v4部署\fastllm-master\src\devices\cpu\cpudevice.cpp(5612): warning C4244: “初始化”: 从“uint64_t”转换到“int”，可能丢失数据
C:\Users\user\output\deepseek-v4部署\fastllm-master\src\devices\cpu\cpudevice.cpp(5613): warning C4244: “初始化”: 从“uint64_t”转换到“int”，可能丢失数据
C:\Users\user\output\deepseek-v4部署\fastllm-master\src\devices\cpu\cpudevice.cpp(5614): warning C4244: “初始化”: 从“_Ty”转换到“int”，可能丢失数据
        with
        [
            _Ty=uint64_t
        ]
C:\Users\user\output\deepseek-v4部署\fastllm-master\src\devices\cpu\cpudevice.cpp(5629): warning C4244: “初始化”: 从“uint64_t”转换到“int”，可能丢失数据
C:\Users\user\output\deepseek-v4部署\fastllm-master\src\devices\cpu\cpudevice.cpp(5630): warning C4244: “初始化”: 从“uint64_t”转换到“int”，可能丢失数据
C:\Users\user\output\deepseek-v4部署\fastllm-master\src\devices\cpu\cpudevice.cpp(5631): warning C4244: “初始化”: 从“uint64_t”转换到“int”，可能丢失数据
C:\Users\user\output\deepseek-v4部署\fastllm-master\src\devices\cpu\cpudevice.cpp(5633): warning C4244: “初始化”: 从“_Ty”转换到“int”，可能丢失数据
        with
        [
            _Ty=uint64_t
        ]
C:\Users\user\output\deepseek-v4部署\fastllm-master\src\devices\cpu\cpudevice.cpp(5851): warning C4267: “参数”: 从“size_t”转换到“int”，可能丢失数据
C:\Users\user\output\deepseek-v4部署\fastllm-master\src\devices\cpu\cpudevice.cpp(5851): warning C4244: “初始化”: 从“uint64_t”转换到“int”，可能丢失数据
C:\Users\user\output\deepseek-v4部署\fastllm-master\src\devices\cpu\cpudevice.cpp(5852): warning C4267: “参数”: 从“size_t”转换到“int”，可能丢失数据
C:\Users\user\output\deepseek-v4部署\fastllm-master\src\devices\cpu\cpudevice.cpp(5852): warning C4244: “初始化”: 从“uint64_t”转换到“int”，可能丢失数据
C:\Users\user\output\deepseek-v4部署\fastllm-master\src\devices\cpu\cpudevice.cpp(5853): warning C4244: “初始化”: 从“uint64_t”转换到“int”，可能丢失数据
C:\Users\user\output\deepseek-v4部署\fastllm-master\src\devices\cpu\cpudevice.cpp(5854): warning C4244: “初始化”: 从“uint64_t”转换到“int”，可能丢失数据
C:\Users\user\output\deepseek-v4部署\fastllm-master\src\devices\cpu\cpudevice.cpp(5875): warning C4267: “参数”: 从“size_t”转换到“int”，可能丢失数据
C:\Users\user\output\deepseek-v4部署\fastllm-master\src\devices\cpu\cpudevice.cpp(5875): warning C4244: “初始化”: 从“uint64_t”转换到“int”，可能丢失数据
C:\Users\user\output\deepseek-v4部署\fastllm-master\src\devices\cpu\cpudevice.cpp(5876): warning C4267: “参数”: 从“size_t”转换到“int”，可能丢失数据
C:\Users\user\output\deepseek-v4部署\fastllm-master\src\devices\cpu\cpudevice.cpp(5876): warning C4244: “初始化”: 从“uint64_t”转换到“int”，可能丢失数据
C:\Users\user\output\deepseek-v4部署\fastllm-master\src\devices\cpu\cpudevice.cpp(5877): warning C4244: “初始化”: 从“_Ty”转换到“int”，可能丢失数据
        with
        [
            _Ty=uint64_t
        ]
C:\Users\user\output\deepseek-v4部署\fastllm-master\src\devices\cpu\cpudevice.cpp(5878): warning C4244: “初始化”: 从“_Ty”转换到“int”，可能丢失数据
        with
        [
            _Ty=uint64_t
        ]
C:\Users\user\output\deepseek-v4部署\fastllm-master\src\devices\cpu\cpudevice.cpp(5882): warning C4244: “初始化”: 从“uint64_t”转换到“int”，可能丢失数据
C:\Users\user\output\deepseek-v4部署\fastllm-master\src\devices\cpu\cpudevice.cpp(5883): warning C4244: “初始化”: 从“uint64_t”转换到“int”，可能丢失数据
C:\Users\user\output\deepseek-v4部署\fastllm-master\src\devices\cpu\cpudevice.cpp(5885): warning C4267: “参数”: 从“size_t”转换到“int”，可能丢失数据
C:\Users\user\output\deepseek-v4部署\fastllm-master\src\devices\cpu\cpudevice.cpp(5885): warning C4244: “初始化”: 从“uint64_t”转换到“int”，可能丢失数据
C:\Users\user\output\deepseek-v4部署\fastllm-master\src\devices\cpu\cpudevice.cpp(5899): warning C4267: “初始化”: 从“size_t”转换到“int”，可能丢失数据
C:\Users\user\output\deepseek-v4部署\fastllm-master\src\devices\cpu\cpudevice.cpp(5921): warning C4244: “参数”: 从“uint64_t”转换到“int”，可能丢失数据
C:\Users\user\output\deepseek-v4部署\fastllm-master\src\devices\cpu\cpudevice.cpp(5924): warning C4267: “初始化”: 从“size_t”转换到“int”，可能丢失数据
C:\Users\user\output\deepseek-v4部署\fastllm-master\src\devices\cpu\cpudevice.cpp(5941): warning C4244: “参数”: 从“uint64_t”转换到“int”，可能丢失数据
C:\Users\user\output\deepseek-v4部署\fastllm-master\src\devices\cpu\cpudevice.cpp(5944): warning C4267: “初始化”: 从“size_t”转换到“int”，可能丢失数据
C:\Users\user\output\deepseek-v4部署\fastllm-master\src\devices\cpu\cpudevice.cpp(5993): warning C4267: “参数”: 从“size_t”转换到“int”，可能丢失数据
C:\Users\user\output\deepseek-v4部署\fastllm-master\src\devices\cpu\cpudevice.cpp(5993): warning C4244: “初始化”: 从“uint64_t”转换到“int”，可能丢失数据
C:\Users\user\output\deepseek-v4部署\fastllm-master\src\devices\cpu\cpudevice.cpp(5994): warning C4267: “参数”: 从“size_t”转换到“int”，可能丢失数据
C:\Users\user\output\deepseek-v4部署\fastllm-master\src\devices\cpu\cpudevice.cpp(5994): warning C4244: “初始化”: 从“uint64_t”转换到“int”，可能丢失数据
C:\Users\user\output\deepseek-v4部署\fastllm-master\src\devices\cpu\cpudevice.cpp(5995): warning C4244: “初始化”: 从“uint64_t”转换到“int”，可能丢失数据
C:\Users\user\output\deepseek-v4部署\fastllm-master\src\devices\cpu\cpudevice.cpp(5996): warning C4244: “初始化”: 从“uint64_t”转换到“int”，可能丢失数据
C:\Users\user\output\deepseek-v4部署\fastllm-master\src\devices\cpu\cpudevice.cpp(6015): warning C4244: “初始化”: 从“double”转换到“float”，可能丢失数据
C:\Users\user\output\deepseek-v4部署\fastllm-master\src\devices\cpu\cpudevice.cpp(6017): warning C4267: “参数”: 从“size_t”转换到“int”，可能丢失数据
C:\Users\user\output\deepseek-v4部署\fastllm-master\src\devices\cpu\cpudevice.cpp(6017): warning C4244: “初始化”: 从“uint64_t”转换到“int”，可能丢失数据
C:\Users\user\output\deepseek-v4部署\fastllm-master\src\devices\cpu\cpudevice.cpp(6018): warning C4267: “参数”: 从“size_t”转换到“int”，可能丢失数据
C:\Users\user\output\deepseek-v4部署\fastllm-master\src\devices\cpu\cpudevice.cpp(6018): warning C4244: “初始化”: 从“uint64_t”转换到“int”，可能丢失数据
C:\Users\user\output\deepseek-v4部署\fastllm-master\src\devices\cpu\cpudevice.cpp(6019): warning C4244: “初始化”: 从“_Ty”转换到“int”，可能丢失数据
        with
        [
            _Ty=uint64_t
        ]
C:\Users\user\output\deepseek-v4部署\fastllm-master\src\devices\cpu\cpudevice.cpp(6020): warning C4244: “初始化”: 从“_Ty”转换到“int”，可能丢失数据
        with
        [
            _Ty=uint64_t
        ]
C:\Users\user\output\deepseek-v4部署\fastllm-master\src\devices\cpu\cpudevice.cpp(6024): warning C4244: “初始化”: 从“uint64_t”转换到“int”，可能丢失数据
C:\Users\user\output\deepseek-v4部署\fastllm-master\src\devices\cpu\cpudevice.cpp(6025): warning C4244: “初始化”: 从“uint64_t”转换到“int”，可能丢失数据
C:\Users\user\output\deepseek-v4部署\fastllm-master\src\devices\cpu\cpudevice.cpp(6027): warning C4267: “参数”: 从“size_t”转换到“int”，可能丢失数据
C:\Users\user\output\deepseek-v4部署\fastllm-master\src\devices\cpu\cpudevice.cpp(6027): warning C4244: “初始化”: 从“uint64_t”转换到“int”，可能丢失数据
C:\Users\user\output\deepseek-v4部署\fastllm-master\src\devices\cpu\cpudevice.cpp(6040): warning C4267: “初始化”: 从“size_t”转换到“int”，可能丢失数据
C:\Users\user\output\deepseek-v4部署\fastllm-master\src\devices\cpu\cpudevice.cpp(6061): warning C4244: “参数”: 从“uint64_t”转换到“int”，可能丢失数据
C:\Users\user\output\deepseek-v4部署\fastllm-master\src\devices\cpu\cpudevice.cpp(6064): warning C4267: “初始化”: 从“size_t”转换到“int”，可能丢失数据
C:\Users\user\output\deepseek-v4部署\fastllm-master\src\devices\cpu\cpudevice.cpp(6081): warning C4244: “参数”: 从“uint64_t”转换到“int”，可能丢失数据
C:\Users\user\output\deepseek-v4部署\fastllm-master\src\devices\cpu\cpudevice.cpp(6084): warning C4267: “初始化”: 从“size_t”转换到“int”，可能丢失数据
C:\Users\user\output\deepseek-v4部署\fastllm-master\src\devices\cpu\cpudevice.cpp(6128): warning C4267: “初始化”: 从“size_t”转换到“int”，可能丢失数据
C:\Users\user\output\deepseek-v4部署\fastllm-master\src\devices\cpu\cpudevice.cpp(6130): warning C4244: “初始化”: 从“uint64_t”转换到“int”，可能丢失数据
C:\Users\user\output\deepseek-v4部署\fastllm-master\src\devices\cpu\cpudevice.cpp(6132): warning C4244: “初始化”: 从“uint64_t”转换到“int”，可能丢失数据
C:\Users\user\output\deepseek-v4部署\fastllm-master\src\devices\cpu\cpudevice.cpp(6138): warning C4244: “初始化”: 从“uint64_t”转换到“int”，可能丢失数据
C:\Users\user\output\deepseek-v4部署\fastllm-master\src\devices\cpu\cpudevice.cpp(6185): warning C4244: “初始化”: 从“uint64_t”转换到“int”，可能丢失数据
C:\Users\user\output\deepseek-v4部署\fastllm-master\src\devices\cpu\cpudevice.cpp(6207): warning C4267: “初始化”: 从“size_t”转换到“int”，可能丢失数据
C:\Users\user\output\deepseek-v4部署\fastllm-master\src\devices\cpu\cpudevice.cpp(6209): warning C4244: “初始化”: 从“uint64_t”转换到“int”，可能丢失数据
C:\Users\user\output\deepseek-v4部署\fastllm-master\src\devices\cpu\cpudevice.cpp(6211): warning C4244: “初始化”: 从“uint64_t”转换到“int”，可能丢失数据
C:\Users\user\output\deepseek-v4部署\fastllm-master\src\devices\cpu\cpudevice.cpp(6217): warning C4244: “初始化”: 从“uint64_t”转换到“int”，可能丢失数据
C:\Users\user\output\deepseek-v4部署\fastllm-master\src\devices\cpu\cpudevice.cpp(6258): warning C4305: “=”: 从“double”到“float”截断
C:\Users\user\output\deepseek-v4部署\fastllm-master\src\devices\cpu\cpudevice.cpp(6301): warning C4244: “初始化”: 从“uint64_t”转换到“int”，可能丢失数据
C:\Users\user\output\deepseek-v4部署\fastllm-master\src\devices\cpu\cpudevice.cpp(6319): warning C4244: “初始化”: 从“double”转换到“float”，可能丢失数据
C:\Users\user\output\deepseek-v4部署\fastllm-master\src\devices\cpu\cpudevice.cpp(6331): warning C4244: “初始化”: 从“double”转换到“float”，可能丢失数据
C:\Users\user\output\deepseek-v4部署\fastllm-master\src\devices\cpu\cpudevice.cpp(6345): warning C4244: “初始化”: 从“uint64_t”转换到“int”，可能丢失数据
C:\Users\user\output\deepseek-v4部署\fastllm-master\src\devices\cpu\cpudevice.cpp(6368): warning C4244: “=”: 从“double”转换到“float”，可能丢失数据
C:\Users\user\output\deepseek-v4部署\fastllm-master\src\devices\cpu\cpudevice.cpp(6380): warning C4244: “初始化”: 从“double”转换到“float”，可能丢失数据
C:\Users\user\output\deepseek-v4部署\fastllm-master\src\devices\cpu\cpudevice.cpp(6380): warning C4305: “初始化”: 从“double”到“float”截断
C:\Users\user\output\deepseek-v4部署\fastllm-master\src\devices\cpu\cpudevice.cpp(6383): warning C4244: “初始化”: 从“uint64_t”转换到“int”，可能丢失数据
C:\Users\user\output\deepseek-v4部署\fastllm-master\src\devices\cpu\cpudevice.cpp(6432): warning C4244: “初始化”: 从“uint64_t”转换到“int”，可能丢失数据
C:\Users\user\output\deepseek-v4部署\fastllm-master\src\devices\cpu\cpudevice.cpp(6449): warning C4244: “初始化”: 从“uint64_t”转换到“int”，可能丢失数据
C:\Users\user\output\deepseek-v4部署\fastllm-master\src\devices\cpu\cpudevice.cpp(6462): warning C4244: “=”: 从“double”转换到“float”，可能丢失数据
C:\Users\user\output\deepseek-v4部署\fastllm-master\src\devices\cpu\cpudevice.cpp(6487): warning C4244: “初始化”: 从“uint64_t”转换到“int”，可能丢失数据
C:\Users\user\output\deepseek-v4部署\fastllm-master\src\devices\cpu\cpudevice.cpp(6520): warning C4244: “初始化”: 从“uint64_t”转换到“int”，可能丢失数据
C:\Users\user\output\deepseek-v4部署\fastllm-master\src\devices\cpu\cpudevice.cpp(6524): warning C4244: “参数”: 从“double”转换到“float”，可能丢失数据
C:\Users\user\output\deepseek-v4部署\fastllm-master\src\devices\cpu\cpudevice.cpp(6541): warning C4244: “初始化”: 从“uint64_t”转换到“int”，可能丢失数据
C:\Users\user\output\deepseek-v4部署\fastllm-master\src\devices\cpu\cpudevice.cpp(6642): warning C4267: “参数”: 从“size_t”转换到“int”，可能丢失数据
C:\Users\user\output\deepseek-v4部署\fastllm-master\src\devices\cpu\cpudevice.cpp(6642): warning C4244: “初始化”: 从“uint64_t”转换到“int”，可能丢失数据
C:\Users\user\output\deepseek-v4部署\fastllm-master\src\devices\cpu\cpudevice.cpp(6643): warning C4244: “初始化”: 从“uint64_t”转换到“int”，可能丢失数据
C:\Users\user\output\deepseek-v4部署\fastllm-master\src\devices\cpu\cpudevice.cpp(6666): warning C4267: “参数”: 从“size_t”转换到“int”，可能丢失数据
C:\Users\user\output\deepseek-v4部署\fastllm-master\src\devices\cpu\cpudevice.cpp(6666): warning C4244: “初始化”: 从“uint64_t”转换到“int”，可能丢失数据
C:\Users\user\output\deepseek-v4部署\fastllm-master\src\devices\cpu\cpudevice.cpp(6667): warning C4244: “初始化”: 从“uint64_t”转换到“int”，可能丢失数据
C:\Users\user\output\deepseek-v4部署\fastllm-master\src\devices\cpu\cpudevice.cpp(6700): warning C4267: “参数”: 从“size_t”转换到“int”，可能丢失数据
C:\Users\user\output\deepseek-v4部署\fastllm-master\src\devices\cpu\cpudevice.cpp(6700): warning C4244: “初始化”: 从“uint64_t”转换到“int”，可能丢失数据
C:\Users\user\output\deepseek-v4部署\fastllm-master\src\devices\cpu\cpudevice.cpp(6701): warning C4244: “初始化”: 从“uint64_t”转换到“int”，可能丢失数据
C:\Users\user\output\deepseek-v4部署\fastllm-master\src\devices\cpu\cpudevice.cpp(6727): warning C4267: “参数”: 从“size_t”转换到“int”，可能丢失数据
C:\Users\user\output\deepseek-v4部署\fastllm-master\src\devices\cpu\cpudevice.cpp(6727): warning C4244: “初始化”: 从“uint64_t”转换到“int”，可能丢失数据
C:\Users\user\output\deepseek-v4部署\fastllm-master\src\devices\cpu\cpudevice.cpp(6728): warning C4244: “初始化”: 从“uint64_t”转换到“int”，可能丢失数据
C:\Users\user\output\deepseek-v4部署\fastllm-master\src\devices\cpu\cpudevice.cpp(6765): warning C4267: “参数”: 从“size_t”转换到“int”，可能丢失数据
C:\Users\user\output\deepseek-v4部署\fastllm-master\src\devices\cpu\cpudevice.cpp(6765): warning C4244: “初始化”: 从“uint64_t”转换到“int”，可能丢失数据
C:\Users\user\output\deepseek-v4部署\fastllm-master\src\devices\cpu\cpudevice.cpp(6766): warning C4244: “初始化”: 从“uint64_t”转换到“int”，可能丢失数据
C:\Users\user\output\deepseek-v4部署\fastllm-master\src\devices\cpu\cpudevice.cpp(6798): warning C4267: “参数”: 从“size_t”转换到“int”，可能丢失数据
C:\Users\user\output\deepseek-v4部署\fastllm-master\src\devices\cpu\cpudevice.cpp(6798): warning C4244: “初始化”: 从“uint64_t”转换到“int”，可能丢失数据
C:\Users\user\output\deepseek-v4部署\fastllm-master\src\devices\cpu\cpudevice.cpp(6799): warning C4244: “初始化”: 从“uint64_t”转换到“int”，可能丢失数据
C:\Users\user\output\deepseek-v4部署\fastllm-master\src\devices\cpu\cpudevice.cpp(6828): warning C4267: “初始化”: 从“size_t”转换到“int”，可能丢失数据
C:\Users\user\output\deepseek-v4部署\fastllm-master\src\devices\cpu\cpudevice.cpp(6829): warning C4244: “初始化”: 从“uint64_t”转换到“int”，可能丢失数据
C:\Users\user\output\deepseek-v4部署\fastllm-master\src\devices\cpu\cpudevice.cpp(6863): warning C4244: “初始化”: 从“double”转换到“float”，可能丢失数据
C:\Users\user\output\deepseek-v4部署\fastllm-master\src\devices\cpu\cpudevice.cpp(6867): warning C4244: “初始化”: 从“uint64_t”转换到“int”，可能丢失数据
C:\Users\user\output\deepseek-v4部署\fastllm-master\src\devices\cpu\cpudevice.cpp(6890): warning C4244: “初始化”: 从“double”转换到“float”，可能丢失数据
C:\Users\user\output\deepseek-v4部署\fastllm-master\src\devices\cpu\cpudevice.cpp(6894): warning C4244: “初始化”: 从“uint64_t”转换到“int”，可能丢失数据
C:\Users\user\output\deepseek-v4部署\fastllm-master\src\devices\cpu\cpudevice.cpp(6915): warning C4244: “初始化”: 从“uint64_t”转换到“int”，可能丢失数据
C:\Users\user\output\deepseek-v4部署\fastllm-master\src\devices\cpu\cpudevice.cpp(6916): warning C4244: “初始化”: 从“uint64_t”转换到“int”，可能丢失数据
C:\Users\user\output\deepseek-v4部署\fastllm-master\src\devices\cpu\cpudevice.cpp(6919): warning C4244: “初始化”: 从“uint64_t”转换到“int”，可能丢失数据
C:\Users\user\output\deepseek-v4部署\fastllm-master\src\devices\cpu\cpudevice.cpp(6920): warning C4244: “初始化”: 从“uint64_t”转换到“int”，可能丢失数据
C:\Users\user\output\deepseek-v4部署\fastllm-master\src\devices\cpu\cpudevice.cpp(6989): warning C4267: “初始化”: 从“size_t”转换到“int”，可能丢失数据
C:\Users\user\output\deepseek-v4部署\fastllm-master\src\devices\cpu\cpudevice.cpp(6990): warning C4267: “初始化”: 从“size_t”转换到“int”，可能丢失数据
C:\Users\user\output\deepseek-v4部署\fastllm-master\src\devices\cpu\cpudevice.cpp(7011): warning C4244: “初始化”: 从“double”转换到“float”，可能丢失数据
C:\Users\user\output\deepseek-v4部署\fastllm-master\src\devices\cpu\cpudevice.cpp(7016): error C2079: “oss”使用未定义的 class“std::basic_ostringstream<char,std::char_traits<char>,std::allocator<char>>”
C:\Users\user\output\deepseek-v4部署\fastllm-master\src\devices\cpu\cpudevice.cpp(7017): error C2297: “<<”: 无效，因为右操作数的类型为“const char [107]”
C:\Users\user\output\deepseek-v4部署\fastllm-master\src\devices\cpu\cpudevice.cpp(7018): error C2297: “<<”: 无效，因为右操作数的类型为“const char [14]”
C:\Users\user\output\deepseek-v4部署\fastllm-master\src\devices\cpu\cpudevice.cpp(7018): error C2677: 二进制“<<”: 没有找到接受“std::string”类型的全局运算符(或没有可接受的转换)
C:\Program Files (x86)\Microsoft Visual Studio\2022\BuildTools\VC\Tools\MSVC\14.44.35207\include\cstddef(37): note: 可能是“std::byte std::operator <<(const std::byte,const _IntType) noexcept”
C:\Users\user\output\deepseek-v4部署\fastllm-master\src\devices\cpu\cpudevice.cpp(7018): note: “std::byte std::operator <<(const std::byte,const _IntType) noexcept”: 无法推导“__formal”的 模板 参数
C:\Program Files (x86)\Microsoft Visual Studio\2022\BuildTools\VC\Tools\MSVC\14.44.35207\include\cstddef(36): note: “std::enable_if_t<false,int>”: 未能使别名模板专用化
C:\Program Files (x86)\Microsoft Visual Studio\2022\BuildTools\VC\Tools\MSVC\14.44.35207\include\__msvc_string_view.hpp(1976): note: 或    “std::basic_ostream<_Elem,_Traits> &std::operator <<(std::basic_ostream<_Elem,_Traits> &,const std::basic_string_view<_Elem,_Traits>)”
C:\Users\user\output\deepseek-v4部署\fastllm-master\src\devices\cpu\cpudevice.cpp(7018): note: “std::basic_ostream<_Elem,_Traits> &std::operator <<(std::basic_ostream<_Elem,_Traits> &,const std::basic_string_view<_Elem,_Traits>)”: 无法从“<error type>”推导出“std::basic_ostream<_Elem,_Traits> &”的 模板 参数
C:\Program Files (x86)\Microsoft Visual Studio\2022\BuildTools\VC\Tools\MSVC\14.44.35207\include\xstring(3444): note: 或    “std::basic_ostream<_Elem,_Traits> &std::operator <<(std::basic_ostream<_Elem,_Traits> &,const std::basic_string<_Elem,_Traits,_Alloc> &)”
C:\Users\user\output\deepseek-v4部署\fastllm-master\src\devices\cpu\cpudevice.cpp(7018): note: “std::basic_ostream<_Elem,_Traits> &std::operator <<(std::basic_ostream<_Elem,_Traits> &,const std::basic_string<_Elem,_Traits,_Alloc> &)”: 无法从“<error type>”推导出“std::basic_ostream<_Elem,_Traits> &”的 模板 参数
C:\Program Files (x86)\Microsoft Visual Studio\2022\BuildTools\VC\Tools\MSVC\14.44.35207\include\memory(1984): note: 或    “std::basic_ostream<_Elem,_Traits> &std::operator <<(std::basic_ostream<_Elem,_Traits> &,const std::shared_ptr<_Ty> &)”
C:\Users\user\output\deepseek-v4部署\fastllm-master\src\devices\cpu\cpudevice.cpp(7018): note: “std::basic_ostream<_Elem,_Traits> &std::operator <<(std::basic_ostream<_Elem,_Traits> &,const std::shared_ptr<_Ty> &)”: 无法从“<error type>”推导出“std::basic_ostream<_Elem,_Traits> &”的 模板 参数
C:\Program Files (x86)\Microsoft Visual Studio\2022\BuildTools\VC\Tools\MSVC\14.44.35207\include\memory(3792): note: 或    “std::basic_ostream<_Elem,_Traits> &std::operator <<(std::basic_ostream<_Elem,_Traits> &,const std::unique_ptr<_Ty2,_Dx2> &)”
C:\Users\user\output\deepseek-v4部署\fastllm-master\src\devices\cpu\cpudevice.cpp(7018): note: “std::basic_ostream<_Elem,_Traits> &std::operator <<(std::basic_ostream<_Elem,_Traits> &,const std::unique_ptr<_Ty2,_Dx2> &)”: 无法从“<error type>”推导出“std::basic_ostream<_Elem,_Traits> &”的 模板 参数
C:\Program Files (x86)\Microsoft Visual Studio\2022\BuildTools\VC\Tools\MSVC\14.44.35207\include\__msvc_ostream.hpp(688): note: 或    “std::basic_ostream<_Elem,_Traits> &std::operator <<(std::basic_ostream<_Elem,_Traits> &,const char *)”
C:\Users\user\output\deepseek-v4部署\fastllm-master\src\devices\cpu\cpudevice.cpp(7018): note: “std::basic_ostream<_Elem,_Traits> &std::operator <<(std::basic_ostream<_Elem,_Traits> &,const char *)”: 无法从“<error type>”推导出“std::basic_ostream<_Elem,_Traits> &”的 模板 参数
C:\Program Files (x86)\Microsoft Visual Studio\2022\BuildTools\VC\Tools\MSVC\14.44.35207\include\__msvc_ostream.hpp(732): note: 或    “std::basic_ostream<_Elem,_Traits> &std::operator <<(std::basic_ostream<_Elem,_Traits> &,char)”
C:\Users\user\output\deepseek-v4部署\fastllm-master\src\devices\cpu\cpudevice.cpp(7018): note: “std::basic_ostream<_Elem,_Traits> &std::operator <<(std::basic_ostream<_Elem,_Traits> &,char)”: 无法从“<error type>”推导出“std::basic_ostream<_Elem,_Traits> &”的 模板 参数
C:\Program Files (x86)\Microsoft Visual Studio\2022\BuildTools\VC\Tools\MSVC\14.44.35207\include\__msvc_ostream.hpp(768): note: 或    “std::basic_ostream<char,_Traits> &std::operator <<(std::basic_ostream<char,_Traits> &,const char *)”
C:\Users\user\output\deepseek-v4部署\fastllm-master\src\devices\cpu\cpudevice.cpp(7018): note: “std::basic_ostream<char,_Traits> &std::operator <<(std::basic_ostream<char,_Traits> &,const char *)”: 无法从“<error type>”推导出“std::basic_ostream<char,_Traits> &”的 模板 参数
C:\Program Files (x86)\Microsoft Visual Studio\2022\BuildTools\VC\Tools\MSVC\14.44.35207\include\__msvc_ostream.hpp(813): note: 或    “std::basic_ostream<char,_Traits> &std::operator <<(std::basic_ostream<char,_Traits> &,char)”
C:\Users\user\output\deepseek-v4部署\fastllm-master\src\devices\cpu\cpudevice.cpp(7018): note: “std::basic_ostream<char,_Traits> &std::operator <<(std::basic_ostream<char,_Traits> &,char)”: 无法从“<error type>”推导出“std::basic_ostream<char,_Traits> &”的 模板 参数
C:\Program Files (x86)\Microsoft Visual Studio\2022\BuildTools\VC\Tools\MSVC\14.44.35207\include\__msvc_ostream.hpp(851): note: 或    “std::basic_ostream<_Elem,_Traits> &std::operator <<(std::basic_ostream<_Elem,_Traits> &,const _Elem *)”
C:\Users\user\output\deepseek-v4部署\fastllm-master\src\devices\cpu\cpudevice.cpp(7018): note: “std::basic_ostream<_Elem,_Traits> &std::operator <<(std::basic_ostream<_Elem,_Traits> &,const _Elem *)”: 无法从“<error type>”推导出“std::basic_ostream<_Elem,_Traits> &”的 模板 参数
C:\Program Files (x86)\Microsoft Visual Studio\2022\BuildTools\VC\Tools\MSVC\14.44.35207\include\__msvc_ostream.hpp(894): note: 或    “std::basic_ostream<_Elem,_Traits> &std::operator <<(std::basic_ostream<_Elem,_Traits> &,_Elem)”
C:\Users\user\output\deepseek-v4部署\fastllm-master\src\devices\cpu\cpudevice.cpp(7018): note: “std::basic_ostream<_Elem,_Traits> &std::operator <<(std::basic_ostream<_Elem,_Traits> &,_Elem)”: 无法从“<error type>”推导出“std::basic_ostream<_Elem,_Traits> &”的 模板 参数
C:\Program Files (x86)\Microsoft Visual Studio\2022\BuildTools\VC\Tools\MSVC\14.44.35207\include\__msvc_ostream.hpp(930): note: 或    “std::basic_ostream<char,_Traits> &std::operator <<(std::basic_ostream<char,_Traits> &,const signed char *)”
C:\Users\user\output\deepseek-v4部署\fastllm-master\src\devices\cpu\cpudevice.cpp(7018): note: “std::basic_ostream<char,_Traits> &std::operator <<(std::basic_ostream<char,_Traits> &,const signed char *)”: 无法从“<error type>”推导出“std::basic_ostream<char,_Traits> &”的 模板 参数
C:\Program Files (x86)\Microsoft Visual Studio\2022\BuildTools\VC\Tools\MSVC\14.44.35207\include\__msvc_ostream.hpp(936): note: 或    “std::basic_ostream<char,_Traits> &std::operator <<(std::basic_ostream<char,_Traits> &,signed char)”
C:\Users\user\output\deepseek-v4部署\fastllm-master\src\devices\cpu\cpudevice.cpp(7018): note: “std::basic_ostream<char,_Traits> &std::operator <<(std::basic_ostream<char,_Traits> &,signed char)”: 无法从“<error type>”推导出“std::basic_ostream<char,_Traits> &”的 模板 参数
C:\Program Files (x86)\Microsoft Visual Studio\2022\BuildTools\VC\Tools\MSVC\14.44.35207\include\__msvc_ostream.hpp(941): note: 或    “std::basic_ostream<char,_Traits> &std::operator <<(std::basic_ostream<char,_Traits> &,const unsigned char *)”
C:\Users\user\output\deepseek-v4部署\fastllm-master\src\devices\cpu\cpudevice.cpp(7018): note: “std::basic_ostream<char,_Traits> &std::operator <<(std::basic_ostream<char,_Traits> &,const unsigned char *)”: 无法从“<error type>”推导出“std::basic_ostream<char,_Traits> &”的 模板 参数
C:\Program Files (x86)\Microsoft Visual Studio\2022\BuildTools\VC\Tools\MSVC\14.44.35207\include\__msvc_ostream.hpp(947): note: 或    “std::basic_ostream<char,_Traits> &std::operator <<(std::basic_ostream<char,_Traits> &,unsigned char)”
C:\Users\user\output\deepseek-v4部署\fastllm-master\src\devices\cpu\cpudevice.cpp(7018): note: “std::basic_ostream<char,_Traits> &std::operator <<(std::basic_ostream<char,_Traits> &,unsigned char)”: 无法从“<error type>”推导出“std::basic_ostream<char,_Traits> &”的 模板 参数
C:\Program Files (x86)\Microsoft Visual Studio\2022\BuildTools\VC\Tools\MSVC\14.44.35207\include\__msvc_ostream.hpp(1005): note: 或    “_Ostr &&std::operator <<(_Ostr &&,const _Ty &)”
C:\Users\user\output\deepseek-v4部署\fastllm-master\src\devices\cpu\cpudevice.cpp(7018): note: “_Ostr &&std::operator <<(_Ostr &&,const _Ty &)”: 无法推导“__formal”的 模板 参数
C:\Program Files (x86)\Microsoft Visual Studio\2022\BuildTools\VC\Tools\MSVC\14.44.35207\include\__msvc_ostream.hpp(1004): note: “std::enable_if_t<false,int>”: 未能使别名模板专用化
C:\Program Files (x86)\Microsoft Visual Studio\2022\BuildTools\VC\Tools\MSVC\14.44.35207\include\__msvc_ostream.hpp(1031): note: 或    “std::basic_ostream<_Elem,_Traits> &std::operator <<(std::basic_ostream<_Elem,_Traits> &,const std::error_code &)”
C:\Users\user\output\deepseek-v4部署\fastllm-master\src\devices\cpu\cpudevice.cpp(7018): note: “std::basic_ostream<_Elem,_Traits> &std::operator <<(std::basic_ostream<_Elem,_Traits> &,const std::error_code &)”: 无法从“<error type>”推导出“std::basic_ostream<_Elem,_Traits> &”的 模板 参数
C:\Program Files (x86)\Microsoft Visual Studio\2022\BuildTools\VC\Tools\MSVC\14.44.35207\include\thread(251): note: 或    “std::basic_ostream<_Elem,_Traits> &std::operator <<(std::basic_ostream<_Elem,_Traits> &,std::thread::id)”
C:\Users\user\output\deepseek-v4部署\fastllm-master\src\devices\cpu\cpudevice.cpp(7018): note: “std::basic_ostream<_Elem,_Traits> &std::operator <<(std::basic_ostream<_Elem,_Traits> &,std::thread::id)”: 无法从“<error type>”推导出“std::basic_ostream<_Elem,_Traits> &”的 模板 参数
C:\Program Files (x86)\Microsoft Visual Studio\2022\BuildTools\VC\Tools\MSVC\14.44.35207\include\regex(973): note: 或    “std::basic_ostream<_Elem,_Traits> &std::operator <<(std::basic_ostream<_Elem,_Traits> &,const std::sub_match<_BidIt> &)”
C:\Users\user\output\deepseek-v4部署\fastllm-master\src\devices\cpu\cpudevice.cpp(7018): note: “std::basic_ostream<_Elem,_Traits> &std::operator <<(std::basic_ostream<_Elem,_Traits> &,const std::sub_match<_BidIt> &)”: 无法从“<error type>”推导出“std::basic_ostream<_Elem,_Traits> &”的 模板 参数
C:\Users\user\output\deepseek-v4部署\fastllm-master\src\devices\cpu\cpudevice.cpp(7026): error C2297: “<<”: 无效，因为右操作数的类型为“const char [2]”
C:\Users\user\output\deepseek-v4部署\fastllm-master\src\devices\cpu\cpudevice.cpp(7026): warning C4552: ”<<“: 未使用表达式结果
C:\Users\user\output\deepseek-v4部署\fastllm-master\src\devices\cpu\cpudevice.cpp(7027): warning C4552: ”<<“: 未使用表达式结果
C:\Users\user\output\deepseek-v4部署\fastllm-master\src\devices\cpu\cpudevice.cpp(7029): error C2297: “<<”: 无效，因为右操作数的类型为“const char [16]”
C:\Users\user\output\deepseek-v4部署\fastllm-master\src\devices\cpu\cpudevice.cpp(7029): warning C4552: ”<<“: 未使用表达式结果
C:\Users\user\output\deepseek-v4部署\fastllm-master\src\devices\cpu\cpudevice.cpp(7031): error C2297: “<<”: 无效，因为右操作数的类型为“const char [2]”
C:\Users\user\output\deepseek-v4部署\fastllm-master\src\devices\cpu\cpudevice.cpp(7031): warning C4552: ”<<“: 未使用表达式结果
C:\Users\user\output\deepseek-v4部署\fastllm-master\src\devices\cpu\cpudevice.cpp(7032): warning C4552: ”<<“: 未使用表达式结果
C:\Users\user\output\deepseek-v4部署\fastllm-master\src\devices\cpu\cpudevice.cpp(7034): error C2297: “<<”: 无效，因为右操作数的类型为“const char [9]”
C:\Users\user\output\deepseek-v4部署\fastllm-master\src\devices\cpu\cpudevice.cpp(7034): error C2297: “<<”: 无效，因为右操作数的类型为“float”
C:\Users\user\output\deepseek-v4部署\fastllm-master\src\devices\cpu\cpudevice.cpp(7034): warning C4552: ”<<“: 未使用表达式结果
C:\Users\user\output\deepseek-v4部署\fastllm-master\src\devices\cpu\cpudevice.cpp(7039): warning C4244: “初始化”: 从“uint64_t”转换到“int”，可能丢失数据
C:\Users\user\output\deepseek-v4部署\fastllm-master\src\devices\cpu\cpudevice.cpp(7183): warning C4267: “初始化”: 从“size_t”转换到“int”，可能丢失数据
C:\Users\user\output\deepseek-v4部署\fastllm-master\src\devices\cpu\cpudevice.cpp(7209): warning C4267: “初始化”: 从“size_t”转换到“int”，可能丢失数据
C:\Users\user\output\deepseek-v4部署\fastllm-master\src\devices\cpu\cpudevice.cpp(7210): warning C4244: “初始化”: 从“uint64_t”转换到“int”，可能丢失数据
C:\Users\user\output\deepseek-v4部署\fastllm-master\src\devices\cpu\cpudevice.cpp(7272): warning C4244: “初始化”: 从“uint64_t”转换到“int”，可能丢失数据
C:\Users\user\output\deepseek-v4部署\fastllm-master\src\devices\cpu\cpudevice.cpp(7284): warning C4244: “参数”: 从“uint64_t”转换到“int”，可能丢失数据
C:\Users\user\output\deepseek-v4部署\fastllm-master\src\devices\cpu\cpudevice.cpp(7285): warning C4244: “参数”: 从“uint64_t”转换到“int”，可能丢失数据
C:\Users\user\output\deepseek-v4部署\fastllm-master\src\devices\cpu\cpudevice.cpp(7291): warning C4244: “参数”: 从“uint64_t”转换到“int”，可能丢失数据
C:\Users\user\output\deepseek-v4部署\fastllm-master\src\devices\cpu\cpudevice.cpp(7292): warning C4244: “参数”: 从“uint64_t”转换到“int”，可能丢失数据
C:\Users\user\output\deepseek-v4部署\fastllm-master\src\devices\cpu\cpudevice.cpp(7307): warning C4244: “参数”: 从“uint64_t”转换到“int”，可能丢失数据
C:\Users\user\output\deepseek-v4部署\fastllm-master\src\devices\cpu\cpudevice.cpp(7309): warning C4244: “参数”: 从“uint64_t”转换到“int”，可能丢失数据
C:\Users\user\output\deepseek-v4部署\fastllm-master\src\devices\cpu\cpudevice.cpp(7317): warning C4244: “初始化”: 从“double”转换到“float”，可能丢失数据
C:\Users\user\output\deepseek-v4部署\fastllm-master\src\devices\cpu\cpudevice.cpp(7328): warning C4267: “初始化”: 从“size_t”转换到“int”，可能丢失数据
C:\Users\user\output\deepseek-v4部署\fastllm-master\src\devices\cpu\cpudevice.cpp(7329): warning C4244: “初始化”: 从“uint64_t”转换到“int”，可能丢失数据
C:\Users\user\output\deepseek-v4部署\fastllm-master\src\devices\cpu\cpudevice.cpp(7347): warning C4244: “初始化”: 从“double”转换到“float”，可能丢失数据
C:\Users\user\output\deepseek-v4部署\fastllm-master\src\devices\cpu\cpudevice.cpp(7348): warning C4244: “初始化”: 从“uint64_t”转换到“int”，可能丢失数据
C:\Users\user\output\deepseek-v4部署\fastllm-master\src\devices\cpu\cpudevice.cpp(7381): warning C4244: “参数”: 从“uint64_t”转换到“int”，可能丢失数据
C:\Users\user\output\deepseek-v4部署\fastllm-master\src\devices\cpu\cpudevice.cpp(7427): warning C4244: “初始化”: 从“double”转换到“float”，可能丢失数据
C:\Users\user\output\deepseek-v4部署\fastllm-master\src\devices\cpu\cpudevice.cpp(7432): warning C4244: “初始化”: 从“uint64_t”转换到“int”，可能丢失数据
C:\Users\user\output\deepseek-v4部署\fastllm-master\src\devices\cpu\cpudevice.cpp(7459): warning C4267: “初始化”: 从“size_t”转换到“int”，可能丢失数据
C:\Users\user\output\deepseek-v4部署\fastllm-master\src\devices\cpu\cpudevice.cpp(7474): warning C4267: “初始化”: 从“size_t”转换到“int”，可能丢失数据
C:\Users\user\output\deepseek-v4部署\fastllm-master\src\devices\cpu\cpudevice.cpp(7475): warning C4244: “初始化”: 从“uint64_t”转换到“int”，可能丢失数据
C:\Users\user\output\deepseek-v4部署\fastllm-master\src\devices\cpu\cpudevice.cpp(7483): warning C4056: 浮点常量算术溢出
C:\Users\user\output\deepseek-v4部署\fastllm-master\src\devices\cpu\cpudevice.cpp(7487): warning C4244: “=”: 从“int”转换到“float”，可能丢失数据
C:\Users\user\output\deepseek-v4部署\fastllm-master\src\devices\cpu\cpudevice.cpp(7511): warning C4244: “=”: 从“const _Ty2”转换到“float”，可能丢失数据
        with
        [
            _Ty2=int
        ]
C:\Users\user\output\deepseek-v4部署\fastllm-master\src\devices\cpu\cpudevice.cpp(7548): warning C4267: “初始化”: 从“size_t”转换到“int”，可能丢失数据
C:\Users\user\output\deepseek-v4部署\fastllm-master\src\devices\cpu\cpudevice.cpp(7549): warning C4244: “初始化”: 从“uint64_t”转换到“int”，可能丢失数据
C:\Users\user\output\deepseek-v4部署\fastllm-master\src\devices\cpu\cpudevice.cpp(7579): warning C4267: “初始化”: 从“size_t”转换到“int”，可能丢失数据
C:\Users\user\output\deepseek-v4部署\fastllm-master\src\devices\cpu\cpudevice.cpp(7580): warning C4244: “初始化”: 从“uint64_t”转换到“int”，可能丢失数据
C:\Users\user\output\deepseek-v4部署\fastllm-master\src\devices\cpu\cpudevice.cpp(7741): warning C4244: “初始化”: 从“uint64_t”转换到“int”，可能丢失数据
C:\Users\user\output\deepseek-v4部署\fastllm-master\src\devices\cpu\cpudevice.cpp(7785): warning C4244: “初始化”: 从“uint64_t”转换到“int”，可能丢失数据
C:\Users\user\output\deepseek-v4部署\fastllm-master\src\devices\cpu\cpudevice.cpp(7788): warning C4244: “参数”: 从“uint64_t”转换到“_Ty”，可能丢失数据
        with
        [
            _Ty=int
        ]
C:\Users\user\output\deepseek-v4部署\fastllm-master\src\devices\cpu\cpudevice.cpp(7789): warning C4244: “参数”: 从“uint64_t”转换到“_Ty”，可能丢失数据
        with
        [
            _Ty=int
        ]
C:\Users\user\output\deepseek-v4部署\fastllm-master\src\devices\cpu\cpudevice.cpp(7854): warning C4267: “初始化”: 从“size_t”转换到“int”，可能丢失数据
C:\Users\user\output\deepseek-v4部署\fastllm-master\src\devices\cpu\cpudevice.cpp(7855): warning C4244: “初始化”: 从“uint64_t”转换到“int”，可能丢失数据
C:\Users\user\output\deepseek-v4部署\fastllm-master\src\devices\cpu\cpudevice.cpp(7869): warning C4244: “参数”: 从“uint64_t”转换到“int”，可能丢失数据
C:\Users\user\output\deepseek-v4部署\fastllm-master\src\devices\cpu\cpudevice.cpp(7887): warning C4244: “参数”: 从“uint64_t”转换到“int”，可能丢失数据
C:\Users\user\output\deepseek-v4部署\fastllm-master\src\devices\cpu\cpudevice.cpp(7932): warning C4244: “初始化”: 从“uint64_t”转换到“int”，可能丢失数据
C:\Users\user\output\deepseek-v4部署\fastllm-master\src\devices\cpu\cpudevice.cpp(7966): warning C4244: “初始化”: 从“uint64_t”转换到“int”，可能丢失数据
C:\Users\user\output\deepseek-v4部署\fastllm-master\src\devices\cpu\cpudevice.cpp(8120): warning C4267: “初始化”: 从“size_t”转换到“int”，可能丢失数据
C:\Users\user\output\deepseek-v4部署\fastllm-master\src\devices\cpu\cpudevice.cpp(8121): warning C4267: “初始化”: 从“size_t”转换到“int”，可能丢失数据
C:\Users\user\output\deepseek-v4部署\fastllm-master\src\devices\cpu\cpudevice.cpp(8148): warning C4244: “初始化”: 从“uint64_t”转换到“int”，可能丢失数据
C:\Users\user\output\deepseek-v4部署\fastllm-master\src\devices\cpu\cpudevice.cpp(8163): warning C4267: “初始化”: 从“size_t”转换到“int”，可能丢失数据
C:\Users\user\output\deepseek-v4部署\fastllm-master\src\devices\cpu\cpudevice.cpp(8164): warning C4267: “初始化”: 从“size_t”转换到“int”，可能丢失数据
C:\Users\user\output\deepseek-v4部署\fastllm-master\src\devices\cpu\cpudevice.cpp(8192): warning C4244: “初始化”: 从“uint64_t”转换到“int”，可能丢失数据
C:\Users\user\output\deepseek-v4部署\fastllm-master\src\devices\cpu\cpudevice.cpp(8269): warning C4267: “初始化”: 从“size_t”转换到“int”，可能丢失数据
C:\Users\user\output\deepseek-v4部署\fastllm-master\src\devices\cpu\cpudevice.cpp(8270): warning C4267: “初始化”: 从“size_t”转换到“int”，可能丢失数据
C:\Users\user\output\deepseek-v4部署\fastllm-master\src\devices\cpu\cpudevice.cpp(8297): warning C4244: “初始化”: 从“uint64_t”转换到“int”，可能丢失数据
C:\Users\user\output\deepseek-v4部署\fastllm-master\src\devices\cpu\cpudevice.cpp(8388): warning C4267: “初始化”: 从“size_t”转换到“int”，可能丢失数据
C:\Users\user\output\deepseek-v4部署\fastllm-master\src\devices\cpu\cpudevice.cpp(8389): warning C4267: “初始化”: 从“size_t”转换到“int”，可能丢失数据
C:\Users\user\output\deepseek-v4部署\fastllm-master\src\devices\cpu\cpudevice.cpp(8427): warning C4244: “初始化”: 从“uint64_t”转换到“int”，可能丢失数据
C:\Users\user\output\deepseek-v4部署\fastllm-master\src\devices\cpu\cpudevice.cpp(8612): warning C4244: “初始化”: 从“uint64_t”转换到“int”，可能丢失数据
C:\Users\user\output\deepseek-v4部署\fastllm-master\src\devices\cpu\cpudevice.cpp(8640): warning C4244: “初始化”: 从“uint64_t”转换到“int”，可能丢失数据
C:\Users\user\output\deepseek-v4部署\fastllm-master\src\devices\cpu\cpudevice.cpp(8674): warning C4244: “初始化”: 从“uint64_t”转换到“int”，可能丢失数据
C:\Users\user\output\deepseek-v4部署\fastllm-master\src\devices\cpu\cpudevice.cpp(8707): warning C4267: “初始化”: 从“size_t”转换到“int”，可能丢失数据
C:\Users\user\output\deepseek-v4部署\fastllm-master\src\devices\cpu\cpudevice.cpp(8728): warning C4267: “初始化”: 从“size_t”转换到“int”，可能丢失数据
C:\Users\user\output\deepseek-v4部署\fastllm-master\src\devices\cpu\cpudevice.cpp(8749): warning C4267: “初始化”: 从“size_t”转换到“int”，可能丢失数据
C:\Users\user\output\deepseek-v4部署\fastllm-master\src\devices\cpu\cpudevice.cpp(8770): warning C4267: “初始化”: 从“size_t”转换到“int”，可能丢失数据
C:\Users\user\output\deepseek-v4部署\fastllm-master\src\devices\cpu\cpudevice.cpp(8791): warning C4267: “初始化”: 从“size_t”转换到“int”，可能丢失数据
C:\Users\user\output\deepseek-v4部署\fastllm-master\src\devices\cpu\cpudevice.cpp(8812): warning C4267: “初始化”: 从“size_t”转换到“int”，可能丢失数据
C:\Users\user\output\deepseek-v4部署\fastllm-master\src\devices\cpu\cpudevice.cpp(8833): warning C4267: “初始化”: 从“size_t”转换到“int”，可能丢失数据
C:\Users\user\output\deepseek-v4部署\fastllm-master\src\devices\cpu\cpudevice.cpp(8854): warning C4267: “初始化”: 从“size_t”转换到“int”，可能丢失数据
C:\Users\user\output\deepseek-v4部署\fastllm-master\src\devices\cpu\cpudevice.cpp(8875): warning C4267: “初始化”: 从“size_t”转换到“int”，可能丢失数据
C:\Users\user\output\deepseek-v4部署\fastllm-master\src\devices\cpu\cpudevice.cpp(8896): warning C4267: “初始化”: 从“size_t”转换到“int”，可能丢失数据
C:\Users\user\output\deepseek-v4部署\fastllm-master\src\devices\cpu\cpudevice.cpp(8920): warning C4267: “初始化”: 从“size_t”转换到“int”，可能丢失数据
C:\Users\user\output\deepseek-v4部署\fastllm-master\src\devices\cpu\cpudevice.cpp(8940): warning C4056: 浮点常量算术溢出
C:\Users\user\output\deepseek-v4部署\fastllm-master\src\devices\cpu\cpudevice.cpp(8975): warning C4244: “=”: 从“double”转换到“float”，可能丢失数据
C:\Users\user\output\deepseek-v4部署\fastllm-master\src\devices\cpu\cpudevice.cpp(9091): warning C4267: “=”: 从“size_t”转换到“int”，可能丢失数据
C:\Users\user\output\deepseek-v4部署\fastllm-master\src\devices\cpu\cpudevice.cpp(9656): warning C4244: “初始化”: 从“double”转换到“float”，可能丢失数据
C:\Users\user\output\deepseek-v4部署\fastllm-master\src\devices\cpu\cpudevice.cpp(9667): warning C4267: “=”: 从“size_t”转换到“int”，可能丢失数据
C:\Users\user\output\deepseek-v4部署\fastllm-master\src\devices\cpu\cpudevice.cpp(9692): warning C4244: “初始化”: 从“_Ty”转换到“int”，可能丢失数据
        with
        [
            _Ty=uint64_t
        ]
C:\Users\user\output\deepseek-v4部署\fastllm-master\src\devices\cpu\cpudevice.cpp(9697): warning C4267: “初始化”: 从“size_t”转换到“int”，可能丢失数据
C:\Users\user\output\deepseek-v4部署\fastllm-master\src\devices\cpu\cpudevice.cpp(9732): warning C4244: “初始化”: 从“_Ty”转换到“int”，可能丢失数据
        with
        [
            _Ty=uint64_t
        ]
C:\Users\user\output\deepseek-v4部署\fastllm-master\src\devices\cpu\cpudevice.cpp(9737): warning C4267: “初始化”: 从“size_t”转换到“int”，可能丢失数据
C:\Users\user\output\deepseek-v4部署\fastllm-master\src\devices\cpu\cpudevice.cpp(9773): warning C4244: “初始化”: 从“_Ty”转换到“int”，可能丢失数据
        with
        [
            _Ty=uint64_t
        ]
C:\Users\user\output\deepseek-v4部署\fastllm-master\src\devices\cpu\cpudevice.cpp(9781): warning C4267: “初始化”: 从“size_t”转换到“int”，可能丢失数据
C:\Users\user\output\deepseek-v4部署\fastllm-master\src\devices\cpu\cpudevice.cpp(9948): warning C4244: “初始化”: 从“double”转换到“float”，可能丢失数据
C:\Users\user\output\deepseek-v4部署\fastllm-master\src\devices\cpu\cpudevice.cpp(10054): warning C4267: “+=”: 从“size_t”转换到“int”，可能丢失数据
C:\Users\user\output\deepseek-v4部署\fastllm-master\src\devices\cpu\cpudevice.cpp(10100): warning C4267: “初始化”: 从“size_t”转换到“int”，可能丢失数据
[4/76] Building CXX object CMakeFiles\fastllm_tools.dir\src\models\moss.cpp.obj
注意: 包含文件:  C:\Users\user\output\deepseek-v4部署\fastllm-master\include\utils\utils.h
注意: 包含文件:   C:\Program Files (x86)\Microsoft Visual Studio\2022\BuildTools\VC\Tools\MSVC\14.44.35207\include\cmath
注意: 包含文件:    C:\Program Files (x86)\Microsoft Visual Studio\2022\BuildTools\VC\Tools\MSVC\14.44.35207\include\yvals.h
注意: 包含文件:     C:\Program Files (x86)\Microsoft Visual Studio\2022\BuildTools\VC\Tools\MSVC\14.44.35207\include\yvals_core.h
注意: 包含文件:      C:\Program Files (x86)\Microsoft Visual Studio\2022\BuildTools\VC\Tools\MSVC\14.44.35207\include\vcruntime.h
注意: 包含文件:       C:\Program Files (x86)\Microsoft Visual Studio\2022\BuildTools\VC\Tools\MSVC\14.44.35207\include\sal.h
注意: 包含文件:        C:\Program Files (x86)\Microsoft Visual Studio\2022\BuildTools\VC\Tools\MSVC\14.44.35207\include\concurrencysal.h
注意: 包含文件:       C:\Program Files (x86)\Microsoft Visual Studio\2022\BuildTools\VC\Tools\MSVC\14.44.35207\include\vadefs.h
注意: 包含文件:      C:\Program Files (x86)\Microsoft Visual Studio\2022\BuildTools\VC\Tools\MSVC\14.44.35207\include\xkeycheck.h
注意: 包含文件:     C:\Program Files (x86)\Windows Kits\10\include\10.0.26100.0\ucrt\crtdbg.h
注意: 包含文件:      C:\Program Files (x86)\Windows Kits\10\include\10.0.26100.0\ucrt\corecrt.h
注意: 包含文件:      C:\Program Files (x86)\Microsoft Visual Studio\2022\BuildTools\VC\Tools\MSVC\14.44.35207\include\vcruntime_new_debug.h
注意: 包含文件:       C:\Program Files (x86)\Microsoft Visual Studio\2022\BuildTools\VC\Tools\MSVC\14.44.35207\include\vcruntime_new.h
注意: 包含文件:     C:\Program Files (x86)\Microsoft Visual Studio\2022\BuildTools\VC\Tools\MSVC\14.44.35207\include\crtdefs.h
注意: 包含文件:     C:\Program Files (x86)\Microsoft Visual Studio\2022\BuildTools\VC\Tools\MSVC\14.44.35207\include\use_ansi.h
注意: 包含文件:    C:\Program Files (x86)\Microsoft Visual Studio\2022\BuildTools\VC\Tools\MSVC\14.44.35207\include\cstdlib
注意: 包含文件:     C:\Program Files (x86)\Windows Kits\10\include\10.0.26100.0\ucrt\math.h
注意: 包含文件:      C:\Program Files (x86)\Windows Kits\10\include\10.0.26100.0\ucrt\corecrt_math.h
注意: 包含文件:     C:\Program Files (x86)\Windows Kits\10\include\10.0.26100.0\ucrt\stdlib.h
注意: 包含文件:      C:\Program Files (x86)\Windows Kits\10\include\10.0.26100.0\ucrt\corecrt_malloc.h
注意: 包含文件:      C:\Program Files (x86)\Windows Kits\10\include\10.0.26100.0\ucrt\corecrt_search.h
注意: 包含文件:       C:\Program Files (x86)\Windows Kits\10\include\10.0.26100.0\ucrt\stddef.h
注意: 包含文件:      C:\Program Files (x86)\Windows Kits\10\include\10.0.26100.0\ucrt\corecrt_wstdlib.h
注意: 包含文件:      C:\Program Files (x86)\Microsoft Visual Studio\2022\BuildTools\VC\Tools\MSVC\14.44.35207\include\limits.h
注意: 包含文件:    C:\Program Files (x86)\Microsoft Visual Studio\2022\BuildTools\VC\Tools\MSVC\14.44.35207\include\xtr1common
注意: 包含文件:    C:\Program Files (x86)\Microsoft Visual Studio\2022\BuildTools\VC\Tools\MSVC\14.44.35207\include\intrin0.h
注意: 包含文件:     C:\Program Files (x86)\Microsoft Visual Studio\2022\BuildTools\VC\Tools\MSVC\14.44.35207\include\intrin0.inl.h
注意: 包含文件:   C:\Program Files (x86)\Microsoft Visual Studio\2022\BuildTools\VC\Tools\MSVC\14.44.35207\include\algorithm
注意: 包含文件:    C:\Program Files (x86)\Microsoft Visual Studio\2022\BuildTools\VC\Tools\MSVC\14.44.35207\include\__msvc_heap_algorithms.hpp
注意: 包含文件:     C:\Program Files (x86)\Microsoft Visual Studio\2022\BuildTools\VC\Tools\MSVC\14.44.35207\include\xutility
注意: 包含文件:      C:\Program Files (x86)\Microsoft Visual Studio\2022\BuildTools\VC\Tools\MSVC\14.44.35207\include\__msvc_iter_core.hpp
注意: 包含文件:       C:\Program Files (x86)\Microsoft Visual Studio\2022\BuildTools\VC\Tools\MSVC\14.44.35207\include\utility
注意: 包含文件:        C:\Program Files (x86)\Microsoft Visual Studio\2022\BuildTools\VC\Tools\MSVC\14.44.35207\include\initializer_list
注意: 包含文件:         C:\Program Files (x86)\Microsoft Visual Studio\2022\BuildTools\VC\Tools\MSVC\14.44.35207\include\cstddef
注意: 包含文件:        C:\Program Files (x86)\Microsoft Visual Studio\2022\BuildTools\VC\Tools\MSVC\14.44.35207\include\type_traits
注意: 包含文件:         C:\Program Files (x86)\Microsoft Visual Studio\2022\BuildTools\VC\Tools\MSVC\14.44.35207\include\cstdint
注意: 包含文件:          C:\Program Files (x86)\Microsoft Visual Studio\2022\BuildTools\VC\Tools\MSVC\14.44.35207\include\stdint.h
注意: 包含文件:         C:\Program Files (x86)\Microsoft Visual Studio\2022\BuildTools\VC\Tools\MSVC\14.44.35207\include\cstring
注意: 包含文件:          C:\Program Files (x86)\Windows Kits\10\include\10.0.26100.0\ucrt\string.h
注意: 包含文件:           C:\Program Files (x86)\Windows Kits\10\include\10.0.26100.0\ucrt\corecrt_memory.h
注意: 包含文件:            C:\Program Files (x86)\Windows Kits\10\include\10.0.26100.0\ucrt\corecrt_memcpy_s.h
注意: 包含文件:             C:\Program Files (x86)\Windows Kits\10\include\10.0.26100.0\ucrt\errno.h
注意: 包含文件:             C:\Program Files (x86)\Microsoft Visual Studio\2022\BuildTools\VC\Tools\MSVC\14.44.35207\include\vcruntime_string.h
注意: 包含文件:           C:\Program Files (x86)\Windows Kits\10\include\10.0.26100.0\ucrt\corecrt_wstring.h
注意: 包含文件:      C:\Program Files (x86)\Microsoft Visual Studio\2022\BuildTools\VC\Tools\MSVC\14.44.35207\include\climits
注意: 包含文件:      C:\Program Files (x86)\Microsoft Visual Studio\2022\BuildTools\VC\Tools\MSVC\14.44.35207\include\cwchar
注意: 包含文件:       C:\Program Files (x86)\Microsoft Visual Studio\2022\BuildTools\VC\Tools\MSVC\14.44.35207\include\cstdio
注意: 包含文件:        C:\Program Files (x86)\Windows Kits\10\include\10.0.26100.0\ucrt\stdio.h
注意: 包含文件:         C:\Program Files (x86)\Windows Kits\10\include\10.0.26100.0\ucrt\corecrt_wstdio.h
注意: 包含文件:          C:\Program Files (x86)\Windows Kits\10\include\10.0.26100.0\ucrt\corecrt_stdio_config.h
注意: 包含文件:       C:\Program Files (x86)\Windows Kits\10\include\10.0.26100.0\ucrt\wchar.h
注意: 包含文件:        C:\Program Files (x86)\Windows Kits\10\include\10.0.26100.0\ucrt\corecrt_wconio.h
注意: 包含文件:        C:\Program Files (x86)\Windows Kits\10\include\10.0.26100.0\ucrt\corecrt_wctype.h
注意: 包含文件:        C:\Program Files (x86)\Windows Kits\10\include\10.0.26100.0\ucrt\corecrt_wdirect.h
注意: 包含文件:        C:\Program Files (x86)\Windows Kits\10\include\10.0.26100.0\ucrt\corecrt_wio.h
注意: 包含文件:         C:\Program Files (x86)\Windows Kits\10\include\10.0.26100.0\ucrt\corecrt_share.h
注意: 包含文件:        C:\Program Files (x86)\Windows Kits\10\include\10.0.26100.0\ucrt\corecrt_wprocess.h
注意: 包含文件:        C:\Program Files (x86)\Windows Kits\10\include\10.0.26100.0\ucrt\corecrt_wtime.h
注意: 包含文件:        C:\Program Files (x86)\Windows Kits\10\include\10.0.26100.0\ucrt\sys/stat.h
注意: 包含文件:         C:\Program Files (x86)\Windows Kits\10\include\10.0.26100.0\ucrt\sys/types.h
注意: 包含文件:        C:\Program Files (x86)\Microsoft Visual Studio\2022\BuildTools\VC\Tools\MSVC\14.44.35207\include\intrin.h
注意: 包含文件:         C:\Program Files (x86)\Microsoft Visual Studio\2022\BuildTools\VC\Tools\MSVC\14.44.35207\include\setjmp.h
注意: 包含文件:         C:\Program Files (x86)\Microsoft Visual Studio\2022\BuildTools\VC\Tools\MSVC\14.44.35207\include\immintrin.h
注意: 包含文件:          C:\Program Files (x86)\Microsoft Visual Studio\2022\BuildTools\VC\Tools\MSVC\14.44.35207\include\wmmintrin.h
注意: 包含文件:           C:\Program Files (x86)\Microsoft Visual Studio\2022\BuildTools\VC\Tools\MSVC\14.44.35207\include\nmmintrin.h
注意: 包含文件:            C:\Program Files (x86)\Microsoft Visual Studio\2022\BuildTools\VC\Tools\MSVC\14.44.35207\include\smmintrin.h
注意: 包含文件:             C:\Program Files (x86)\Microsoft Visual Studio\2022\BuildTools\VC\Tools\MSVC\14.44.35207\include\tmmintrin.h
注意: 包含文件:              C:\Program Files (x86)\Microsoft Visual Studio\2022\BuildTools\VC\Tools\MSVC\14.44.35207\include\pmmintrin.h
注意: 包含文件:               C:\Program Files (x86)\Microsoft Visual Studio\2022\BuildTools\VC\Tools\MSVC\14.44.35207\include\emmintrin.h
注意: 包含文件:                C:\Program Files (x86)\Microsoft Visual Studio\2022\BuildTools\VC\Tools\MSVC\14.44.35207\include\xmmintrin.h
注意: 包含文件:                 C:\Program Files (x86)\Microsoft Visual Studio\2022\BuildTools\VC\Tools\MSVC\14.44.35207\include\mmintrin.h
注意: 包含文件:                 C:\Program Files (x86)\Windows Kits\10\include\10.0.26100.0\ucrt\malloc.h
注意: 包含文件:          C:\Program Files (x86)\Microsoft Visual Studio\2022\BuildTools\VC\Tools\MSVC\14.44.35207\include\zmmintrin.h
注意: 包含文件:         C:\Program Files (x86)\Microsoft Visual Studio\2022\BuildTools\VC\Tools\MSVC\14.44.35207\include\ammintrin.h
注意: 包含文件:    C:\Program Files (x86)\Microsoft Visual Studio\2022\BuildTools\VC\Tools\MSVC\14.44.35207\include\__msvc_minmax.hpp
注意: 包含文件:    C:\Program Files (x86)\Microsoft Visual Studio\2022\BuildTools\VC\Tools\MSVC\14.44.35207\include\xmemory
注意: 包含文件:     C:\Program Files (x86)\Microsoft Visual Studio\2022\BuildTools\VC\Tools\MSVC\14.44.35207\include\limits
注意: 包含文件:      C:\Program Files (x86)\Microsoft Visual Studio\2022\BuildTools\VC\Tools\MSVC\14.44.35207\include\cfloat
注意: 包含文件:       C:\Program Files (x86)\Windows Kits\10\include\10.0.26100.0\ucrt\float.h
注意: 包含文件:     C:\Program Files (x86)\Microsoft Visual Studio\2022\BuildTools\VC\Tools\MSVC\14.44.35207\include\new
注意: 包含文件:      C:\Program Files (x86)\Microsoft Visual Studio\2022\BuildTools\VC\Tools\MSVC\14.44.35207\include\exception
注意: 包含文件:       C:\Program Files (x86)\Microsoft Visual Studio\2022\BuildTools\VC\Tools\MSVC\14.44.35207\include\vcruntime_exception.h
注意: 包含文件:        C:\Program Files (x86)\Microsoft Visual Studio\2022\BuildTools\VC\Tools\MSVC\14.44.35207\include\eh.h
注意: 包含文件:         C:\Program Files (x86)\Windows Kits\10\include\10.0.26100.0\ucrt\corecrt_terminate.h
注意: 包含文件:     C:\Program Files (x86)\Microsoft Visual Studio\2022\BuildTools\VC\Tools\MSVC\14.44.35207\include\xatomic.h
注意: 包含文件:   C:\Program Files (x86)\Microsoft Visual Studio\2022\BuildTools\VC\Tools\MSVC\14.44.35207\include\map
注意: 包含文件:    C:\Program Files (x86)\Microsoft Visual Studio\2022\BuildTools\VC\Tools\MSVC\14.44.35207\include\tuple
注意: 包含文件:    C:\Program Files (x86)\Microsoft Visual Studio\2022\BuildTools\VC\Tools\MSVC\14.44.35207\include\xtree
注意: 包含文件:     C:\Program Files (x86)\Microsoft Visual Studio\2022\BuildTools\VC\Tools\MSVC\14.44.35207\include\xnode_handle.h
注意: 包含文件:    C:\Program Files (x86)\Microsoft Visual Studio\2022\BuildTools\VC\Tools\MSVC\14.44.35207\include\xpolymorphic_allocator.h
注意: 包含文件:   C:\Program Files (x86)\Microsoft Visual Studio\2022\BuildTools\VC\Tools\MSVC\14.44.35207\include\chrono
注意: 包含文件:    C:\Program Files (x86)\Microsoft Visual Studio\2022\BuildTools\VC\Tools\MSVC\14.44.35207\include\__msvc_chrono.hpp
注意: 包含文件:     C:\Program Files (x86)\Microsoft Visual Studio\2022\BuildTools\VC\Tools\MSVC\14.44.35207\include\ctime
注意: 包含文件:      C:\Program Files (x86)\Windows Kits\10\include\10.0.26100.0\ucrt\time.h
注意: 包含文件:     C:\Program Files (x86)\Microsoft Visual Studio\2022\BuildTools\VC\Tools\MSVC\14.44.35207\include\ratio
注意: 包含文件:     C:\Program Files (x86)\Microsoft Visual Studio\2022\BuildTools\VC\Tools\MSVC\14.44.35207\include\xtimec.h
注意: 包含文件:    C:\Program Files (x86)\Microsoft Visual Studio\2022\BuildTools\VC\Tools\MSVC\14.44.35207\include\system_error
注意: 包含文件:     C:\Program Files (x86)\Microsoft Visual Studio\2022\BuildTools\VC\Tools\MSVC\14.44.35207\include\__msvc_system_error_abi.hpp
注意: 包含文件:     C:\Program Files (x86)\Microsoft Visual Studio\2022\BuildTools\VC\Tools\MSVC\14.44.35207\include\cerrno
注意: 包含文件:     C:\Program Files (x86)\Microsoft Visual Studio\2022\BuildTools\VC\Tools\MSVC\14.44.35207\include\stdexcept
注意: 包含文件:      C:\Program Files (x86)\Microsoft Visual Studio\2022\BuildTools\VC\Tools\MSVC\14.44.35207\include\xstring
注意: 包含文件:       C:\Program Files (x86)\Microsoft Visual Studio\2022\BuildTools\VC\Tools\MSVC\14.44.35207\include\__msvc_sanitizer_annotate_container.hpp
注意: 包含文件:       C:\Program Files (x86)\Microsoft Visual Studio\2022\BuildTools\VC\Tools\MSVC\14.44.35207\include\__msvc_string_view.hpp
注意: 包含文件:        C:\Program Files (x86)\Microsoft Visual Studio\2022\BuildTools\VC\Tools\MSVC\14.44.35207\include\iosfwd
注意: 包含文件:     C:\Program Files (x86)\Microsoft Visual Studio\2022\BuildTools\VC\Tools\MSVC\14.44.35207\include\xcall_once.h
注意: 包含文件:     C:\Program Files (x86)\Microsoft Visual Studio\2022\BuildTools\VC\Tools\MSVC\14.44.35207\include\xerrc.h
注意: 包含文件:     C:\Program Files (x86)\Microsoft Visual Studio\2022\BuildTools\VC\Tools\MSVC\14.44.35207\include\atomic
注意: 包含文件:      C:\Program Files (x86)\Microsoft Visual Studio\2022\BuildTools\VC\Tools\MSVC\14.44.35207\include\xthreads.h
注意: 包含文件:       C:\Program Files (x86)\Microsoft Visual Studio\2022\BuildTools\VC\Tools\MSVC\14.44.35207\include\__msvc_threads_core.hpp
注意: 包含文件:    C:\Program Files (x86)\Microsoft Visual Studio\2022\BuildTools\VC\Tools\MSVC\14.44.35207\include\xfilesystem_abi.h
注意: 包含文件:   C:\Program Files (x86)\Microsoft Visual Studio\2022\BuildTools\VC\Tools\MSVC\14.44.35207\include\string
注意: 包含文件:    C:\Program Files (x86)\Microsoft Visual Studio\2022\BuildTools\VC\Tools\MSVC\14.44.35207\include\cctype
注意: 包含文件:     C:\Program Files (x86)\Windows Kits\10\include\10.0.26100.0\ucrt\ctype.h
注意: 包含文件:   C:\Program Files (x86)\Windows Kits\10\include\10.0.26100.0\ucrt\fcntl.h
注意: 包含文件:   C:\Program Files (x86)\Microsoft Visual Studio\2022\BuildTools\VC\Tools\MSVC\14.44.35207\include\thread
注意: 包含文件:    C:\Program Files (x86)\Microsoft Visual Studio\2022\BuildTools\VC\Tools\MSVC\14.44.35207\include\memory
注意: 包含文件:     C:\Program Files (x86)\Microsoft Visual Studio\2022\BuildTools\VC\Tools\MSVC\14.44.35207\include\typeinfo
注意: 包含文件:      C:\Program Files (x86)\Microsoft Visual Studio\2022\BuildTools\VC\Tools\MSVC\14.44.35207\include\vcruntime_typeinfo.h
注意: 包含文件:    C:\Program Files (x86)\Windows Kits\10\include\10.0.26100.0\ucrt\process.h
注意: 包含文件:     C:\Program Files (x86)\Windows Kits\10\include\10.0.26100.0\ucrt\corecrt_startup.h
注意: 包含文件:      C:\Program Files (x86)\Windows Kits\10\include\10.0.26100.0\ucrt\math.h
注意: 包含文件:      C:\Program Files (x86)\Microsoft Visual Studio\2022\BuildTools\VC\Tools\MSVC\14.44.35207\include\vcruntime_startup.h
注意: 包含文件:   C:\Program Files (x86)\Microsoft Visual Studio\2022\BuildTools\VC\Tools\MSVC\14.44.35207\include\vector
注意: 包含文件:    C:\Program Files (x86)\Microsoft Visual Studio\2022\BuildTools\VC\Tools\MSVC\14.44.35207\include\__msvc_bit_utils.hpp
注意: 包含文件:   C:\Program Files (x86)\Microsoft Visual Studio\2022\BuildTools\VC\Tools\MSVC\14.44.35207\include\deque
注意: 包含文件:   C:\Program Files (x86)\Microsoft Visual Studio\2022\BuildTools\VC\Tools\MSVC\14.44.35207\include\array
注意: 包含文件:   C:\Program Files (x86)\Microsoft Visual Studio\2022\BuildTools\VC\Tools\MSVC\14.44.35207\include\filesystem
注意: 包含文件:    C:\Program Files (x86)\Microsoft Visual Studio\2022\BuildTools\VC\Tools\MSVC\14.44.35207\include\iomanip
注意: 包含文件:     C:\Program Files (x86)\Microsoft Visual Studio\2022\BuildTools\VC\Tools\MSVC\14.44.35207\include\istream
注意: 包含文件:      C:\Program Files (x86)\Microsoft Visual Studio\2022\BuildTools\VC\Tools\MSVC\14.44.35207\include\__msvc_ostream.hpp
注意: 包含文件:       C:\Program Files (x86)\Microsoft Visual Studio\2022\BuildTools\VC\Tools\MSVC\14.44.35207\include\ios
注意: 包含文件:        C:\Program Files (x86)\Microsoft Visual Studio\2022\BuildTools\VC\Tools\MSVC\14.44.35207\include\xlocnum
注意: 包含文件:         C:\Program Files (x86)\Microsoft Visual Studio\2022\BuildTools\VC\Tools\MSVC\14.44.35207\include\iterator
注意: 包含文件:         C:\Program Files (x86)\Microsoft Visual Studio\2022\BuildTools\VC\Tools\MSVC\14.44.35207\include\streambuf
注意: 包含文件:          C:\Program Files (x86)\Microsoft Visual Studio\2022\BuildTools\VC\Tools\MSVC\14.44.35207\include\xiosbase
注意: 包含文件:           C:\Program Files (x86)\Windows Kits\10\include\10.0.26100.0\ucrt\share.h
注意: 包含文件:           C:\Program Files (x86)\Microsoft Visual Studio\2022\BuildTools\VC\Tools\MSVC\14.44.35207\include\xlocale
注意: 包含文件:            C:\Program Files (x86)\Microsoft Visual Studio\2022\BuildTools\VC\Tools\MSVC\14.44.35207\include\xfacet
注意: 包含文件:            C:\Program Files (x86)\Microsoft Visual Studio\2022\BuildTools\VC\Tools\MSVC\14.44.35207\include\xlocinfo
注意: 包含文件:             C:\Program Files (x86)\Microsoft Visual Studio\2022\BuildTools\VC\Tools\MSVC\14.44.35207\include\__msvc_xlocinfo_types.hpp
注意: 包含文件:             C:\Program Files (x86)\Microsoft Visual Studio\2022\BuildTools\VC\Tools\MSVC\14.44.35207\include\clocale
注意: 包含文件:              C:\Program Files (x86)\Windows Kits\10\include\10.0.26100.0\ucrt\locale.h
注意: 包含文件:     C:\Program Files (x86)\Microsoft Visual Studio\2022\BuildTools\VC\Tools\MSVC\14.44.35207\include\xlocmon
注意: 包含文件:     C:\Program Files (x86)\Microsoft Visual Studio\2022\BuildTools\VC\Tools\MSVC\14.44.35207\include\xloctime
注意: 包含文件:    C:\Program Files (x86)\Microsoft Visual Studio\2022\BuildTools\VC\Tools\MSVC\14.44.35207\include\locale
注意: 包含文件:     C:\Program Files (x86)\Microsoft Visual Studio\2022\BuildTools\VC\Tools\MSVC\14.44.35207\include\xlocbuf
注意: 包含文件:     C:\Program Files (x86)\Microsoft Visual Studio\2022\BuildTools\VC\Tools\MSVC\14.44.35207\include\xlocmes
C:\Users\user\output\deepseek-v4部署\fastllm-master\include\utils\utils.h(30): warning C4067: 预处理器指令后有意外标记 - 应输入换行符
注意: 包含文件:   C:\Program Files (x86)\Windows Kits\10\\include\10.0.26100.0\\um\Windows.h
注意: 包含文件:    C:\Program Files (x86)\Windows Kits\10\\include\10.0.26100.0\\shared\winapifamily.h
注意: 包含文件:     C:\Program Files (x86)\Windows Kits\10\\include\10.0.26100.0\\shared\winpackagefamily.h
注意: 包含文件:    C:\Program Files (x86)\Windows Kits\10\\include\10.0.26100.0\\shared\sdkddkver.h
注意: 包含文件:    C:\Program Files (x86)\Microsoft Visual Studio\2022\BuildTools\VC\Tools\MSVC\14.44.35207\include\excpt.h
注意: 包含文件:    C:\Program Files (x86)\Microsoft Visual Studio\2022\BuildTools\VC\Tools\MSVC\14.44.35207\include\stdarg.h
注意: 包含文件:    C:\Program Files (x86)\Windows Kits\10\\include\10.0.26100.0\\shared\windef.h
注意: 包含文件:     C:\Program Files (x86)\Windows Kits\10\\include\10.0.26100.0\\shared\minwindef.h
注意: 包含文件:      C:\Program Files (x86)\Windows Kits\10\\include\10.0.26100.0\\shared\specstrings.h
注意: 包含文件:       C:\Program Files (x86)\Windows Kits\10\\include\10.0.26100.0\\shared\specstrings_strict.h
注意: 包含文件:        C:\Program Files (x86)\Windows Kits\10\\include\10.0.26100.0\\shared\specstrings_undef.h
注意: 包含文件:       C:\Program Files (x86)\Windows Kits\10\\include\10.0.26100.0\\shared\driverspecs.h
注意: 包含文件:        C:\Program Files (x86)\Windows Kits\10\include\10.0.26100.0\shared\sdv_driverspecs.h
注意: 包含文件:      C:\Program Files (x86)\Windows Kits\10\\include\10.0.26100.0\\um\winnt.h
注意: 包含文件:       C:\Program Files (x86)\Windows Kits\10\\include\10.0.26100.0\\shared\kernelspecs.h
注意: 包含文件:       C:\Program Files (x86)\Windows Kits\10\\include\10.0.26100.0\\shared\basetsd.h
注意: 包含文件:       C:\Program Files (x86)\Windows Kits\10\\include\10.0.26100.0\\shared\guiddef.h
注意: 包含文件:       C:\Program Files (x86)\Windows Kits\10\include\10.0.26100.0\shared\pshpack4.h
注意: 包含文件:       C:\Program Files (x86)\Windows Kits\10\include\10.0.26100.0\shared\poppack.h
注意: 包含文件:       C:\Program Files (x86)\Windows Kits\10\\include\10.0.26100.0\\shared\pshpack4.h
注意: 包含文件:       C:\Program Files (x86)\Windows Kits\10\\include\10.0.26100.0\\shared\poppack.h
注意: 包含文件:       C:\Program Files (x86)\Windows Kits\10\include\10.0.26100.0\shared\pshpack4.h
注意: 包含文件:       C:\Program Files (x86)\Windows Kits\10\include\10.0.26100.0\shared\pshpack2.h
注意: 包含文件:       C:\Program Files (x86)\Windows Kits\10\include\10.0.26100.0\shared\poppack.h
注意: 包含文件:       C:\Program Files (x86)\Windows Kits\10\include\10.0.26100.0\shared\pshpack2.h
注意: 包含文件:       C:\Program Files (x86)\Windows Kits\10\\include\10.0.26100.0\\shared\pshpack2.h
注意: 包含文件:       C:\Program Files (x86)\Windows Kits\10\\include\10.0.26100.0\\shared\poppack.h
注意: 包含文件:       C:\Program Files (x86)\Windows Kits\10\include\10.0.26100.0\shared\poppack.h
注意: 包含文件:       C:\Program Files (x86)\Windows Kits\10\include\10.0.26100.0\shared\pshpack8.h
注意: 包含文件:       C:\Program Files (x86)\Windows Kits\10\include\10.0.26100.0\shared\poppack.h
注意: 包含文件:       C:\Program Files (x86)\Windows Kits\10\include\10.0.26100.0\shared\pshpack1.h
注意: 包含文件:       C:\Program Files (x86)\Windows Kits\10\include\10.0.26100.0\shared\poppack.h
注意: 包含文件:       C:\Program Files (x86)\Windows Kits\10\include\10.0.26100.0\shared\pshpack1.h
注意: 包含文件:       C:\Program Files (x86)\Windows Kits\10\include\10.0.26100.0\shared\poppack.h
注意: 包含文件:       C:\Program Files (x86)\Windows Kits\10\include\10.0.26100.0\shared\poppack.h
注意: 包含文件:       C:\Program Files (x86)\Windows Kits\10\\include\10.0.26100.0\\shared\apiset.h
注意: 包含文件:       C:\Program Files (x86)\Windows Kits\10\\include\10.0.26100.0\\shared\ktmtypes.h
注意: 包含文件:    C:\Program Files (x86)\Windows Kits\10\\include\10.0.26100.0\\um\winbase.h
注意: 包含文件:     C:\Program Files (x86)\Windows Kits\10\\include\10.0.26100.0\\shared\apisetcconv.h
注意: 包含文件:     C:\Program Files (x86)\Windows Kits\10\\include\10.0.26100.0\\um\minwinbase.h
注意: 包含文件:     C:\Program Files (x86)\Windows Kits\10\\include\10.0.26100.0\\um\apiquery2.h
注意: 包含文件:     C:\Program Files (x86)\Windows Kits\10\\include\10.0.26100.0\\um\processenv.h
注意: 包含文件:     C:\Program Files (x86)\Windows Kits\10\\include\10.0.26100.0\\um\fileapifromapp.h
注意: 包含文件:      C:\Program Files (x86)\Windows Kits\10\\include\10.0.26100.0\\um\fileapi.h
注意: 包含文件:     C:\Program Files (x86)\Windows Kits\10\\include\10.0.26100.0\\um\debugapi.h
注意: 包含文件:     C:\Program Files (x86)\Windows Kits\10\\include\10.0.26100.0\\um\utilapiset.h
注意: 包含文件:     C:\Program Files (x86)\Windows Kits\10\\include\10.0.26100.0\\um\handleapi.h
注意: 包含文件:     C:\Program Files (x86)\Windows Kits\10\\include\10.0.26100.0\\um\errhandlingapi.h
注意: 包含文件:     C:\Program Files (x86)\Windows Kits\10\\include\10.0.26100.0\\um\fibersapi.h
注意: 包含文件:     C:\Program Files (x86)\Windows Kits\10\\include\10.0.26100.0\\um\namedpipeapi.h
注意: 包含文件:     C:\Program Files (x86)\Windows Kits\10\\include\10.0.26100.0\\um\profileapi.h
注意: 包含文件:     C:\Program Files (x86)\Windows Kits\10\\include\10.0.26100.0\\um\heapapi.h
注意: 包含文件:     C:\Program Files (x86)\Windows Kits\10\\include\10.0.26100.0\\um\ioapiset.h
注意: 包含文件:     C:\Program Files (x86)\Windows Kits\10\\include\10.0.26100.0\\um\synchapi.h
注意: 包含文件:     C:\Program Files (x86)\Windows Kits\10\\include\10.0.26100.0\\um\interlockedapi.h
注意: 包含文件:     C:\Program Files (x86)\Windows Kits\10\\include\10.0.26100.0\\um\processthreadsapi.h
注意: 包含文件:     C:\Program Files (x86)\Windows Kits\10\\include\10.0.26100.0\\um\sysinfoapi.h
注意: 包含文件:     C:\Program Files (x86)\Windows Kits\10\\include\10.0.26100.0\\um\memoryapi.h
注意: 包含文件:     C:\Program Files (x86)\Windows Kits\10\\include\10.0.26100.0\\um\enclaveapi.h
注意: 包含文件:     C:\Program Files (x86)\Windows Kits\10\\include\10.0.26100.0\\um\threadpoollegacyapiset.h
注意: 包含文件:     C:\Program Files (x86)\Windows Kits\10\\include\10.0.26100.0\\um\threadpoolapiset.h
注意: 包含文件:     C:\Program Files (x86)\Windows Kits\10\\include\10.0.26100.0\\um\jobapi.h
注意: 包含文件:     C:\Program Files (x86)\Windows Kits\10\\include\10.0.26100.0\\um\jobapi2.h
注意: 包含文件:     C:\Program Files (x86)\Windows Kits\10\\include\10.0.26100.0\\um\wow64apiset.h
注意: 包含文件:     C:\Program Files (x86)\Windows Kits\10\\include\10.0.26100.0\\um\libloaderapi.h
注意: 包含文件:     C:\Program Files (x86)\Windows Kits\10\\include\10.0.26100.0\\um\securitybaseapi.h
注意: 包含文件:     C:\Program Files (x86)\Windows Kits\10\\include\10.0.26100.0\\um\namespaceapi.h
注意: 包含文件:     C:\Program Files (x86)\Windows Kits\10\\include\10.0.26100.0\\um\systemtopologyapi.h
注意: 包含文件:     C:\Program Files (x86)\Windows Kits\10\\include\10.0.26100.0\\um\processtopologyapi.h
注意: 包含文件:     C:\Program Files (x86)\Windows Kits\10\\include\10.0.26100.0\\um\securityappcontainer.h
注意: 包含文件:     C:\Program Files (x86)\Windows Kits\10\\include\10.0.26100.0\\um\realtimeapiset.h
注意: 包含文件:     C:\Program Files (x86)\Windows Kits\10\\include\10.0.26100.0\\shared\winerror.h
注意: 包含文件:     C:\Program Files (x86)\Windows Kits\10\\include\10.0.26100.0\\um\timezoneapi.h
注意: 包含文件:    C:\Program Files (x86)\Windows Kits\10\\include\10.0.26100.0\\um\wingdi.h
注意: 包含文件:     C:\Program Files (x86)\Windows Kits\10\\include\10.0.26100.0\\shared\pshpack1.h
注意: 包含文件:     C:\Program Files (x86)\Windows Kits\10\\include\10.0.26100.0\\shared\poppack.h
注意: 包含文件:     C:\Program Files (x86)\Windows Kits\10\\include\10.0.26100.0\\shared\pshpack2.h
注意: 包含文件:     C:\Program Files (x86)\Windows Kits\10\\include\10.0.26100.0\\shared\poppack.h
注意: 包含文件:     C:\Program Files (x86)\Windows Kits\10\\include\10.0.26100.0\\shared\pshpack2.h
注意: 包含文件:     C:\Program Files (x86)\Windows Kits\10\\include\10.0.26100.0\\shared\poppack.h
注意: 包含文件:     C:\Program Files (x86)\Windows Kits\10\\include\10.0.26100.0\\shared\pshpack4.h
注意: 包含文件:     C:\Program Files (x86)\Windows Kits\10\\include\10.0.26100.0\\shared\poppack.h
注意: 包含文件:     C:\Program Files (x86)\Windows Kits\10\\include\10.0.26100.0\\shared\pshpack4.h
注意: 包含文件:     C:\Program Files (x86)\Windows Kits\10\\include\10.0.26100.0\\shared\poppack.h
注意: 包含文件:    C:\Program Files (x86)\Windows Kits\10\\include\10.0.26100.0\\um\winuser.h
注意: 包含文件:     C:\Program Files (x86)\Windows Kits\10\\include\10.0.26100.0\\shared\pshpack2.h
注意: 包含文件:     C:\Program Files (x86)\Windows Kits\10\\include\10.0.26100.0\\shared\poppack.h
注意: 包含文件:     C:\Program Files (x86)\Windows Kits\10\\include\10.0.26100.0\\shared\tvout.h
注意: 包含文件:    C:\Program Files (x86)\Windows Kits\10\\include\10.0.26100.0\\um\winnls.h
注意: 包含文件:     C:\Program Files (x86)\Windows Kits\10\\include\10.0.26100.0\\um\datetimeapi.h
注意: 包含文件:     C:\Program Files (x86)\Windows Kits\10\\include\10.0.26100.0\\um\stringapiset.h
注意: 包含文件:      C:\Program Files (x86)\Windows Kits\10\\include\10.0.26100.0\\um\winnls.h
注意: 包含文件:    C:\Program Files (x86)\Windows Kits\10\\include\10.0.26100.0\\um\wincon.h
注意: 包含文件:     C:\Program Files (x86)\Windows Kits\10\\include\10.0.26100.0\\um\wincontypes.h
注意: 包含文件:     C:\Program Files (x86)\Windows Kits\10\\include\10.0.26100.0\\um\consoleapi.h
注意: 包含文件:     C:\Program Files (x86)\Windows Kits\10\\include\10.0.26100.0\\um\consoleapi2.h
注意: 包含文件:     C:\Program Files (x86)\Windows Kits\10\\include\10.0.26100.0\\um\consoleapi3.h
注意: 包含文件:    C:\Program Files (x86)\Windows Kits\10\\include\10.0.26100.0\\um\winver.h
注意: 包含文件:     C:\Program Files (x86)\Windows Kits\10\\include\10.0.26100.0\\um\verrsrc.h
注意: 包含文件:    C:\Program Files (x86)\Windows Kits\10\\include\10.0.26100.0\\um\winreg.h
注意: 包含文件:     C:\Program Files (x86)\Windows Kits\10\\include\10.0.26100.0\\um\reason.h
注意: 包含文件:    C:\Program Files (x86)\Windows Kits\10\\include\10.0.26100.0\\um\winnetwk.h
注意: 包含文件:     C:\Program Files (x86)\Windows Kits\10\\include\10.0.26100.0\\shared\wnnc.h
注意: 包含文件:    C:\Program Files (x86)\Windows Kits\10\\include\10.0.26100.0\\shared\cderr.h
注意: 包含文件:    C:\Program Files (x86)\Windows Kits\10\\include\10.0.26100.0\\um\dde.h
注意: 包含文件:    C:\Program Files (x86)\Windows Kits\10\\include\10.0.26100.0\\um\ddeml.h
注意: 包含文件:    C:\Program Files (x86)\Windows Kits\10\\include\10.0.26100.0\\um\dlgs.h
注意: 包含文件:    C:\Program Files (x86)\Windows Kits\10\\include\10.0.26100.0\\um\lzexpand.h
注意: 包含文件:    C:\Program Files (x86)\Windows Kits\10\\include\10.0.26100.0\\um\mmsystem.h
注意: 包含文件:     C:\Program Files (x86)\Windows Kits\10\\include\10.0.26100.0\\um\mmsyscom.h
注意: 包含文件:      C:\Program Files (x86)\Windows Kits\10\\include\10.0.26100.0\\shared\pshpack1.h
注意: 包含文件:      C:\Program Files (x86)\Windows Kits\10\\include\10.0.26100.0\\shared\poppack.h
注意: 包含文件:     C:\Program Files (x86)\Windows Kits\10\\include\10.0.26100.0\\shared\pshpack1.h
注意: 包含文件:     C:\Program Files (x86)\Windows Kits\10\\include\10.0.26100.0\\um\mciapi.h
注意: 包含文件:      C:\Program Files (x86)\Windows Kits\10\\include\10.0.26100.0\\um\mmsyscom.h
注意: 包含文件:     C:\Program Files (x86)\Windows Kits\10\\include\10.0.26100.0\\um\mmiscapi.h
注意: 包含文件:      C:\Program Files (x86)\Windows Kits\10\\include\10.0.26100.0\\um\mmsyscom.h
注意: 包含文件:     C:\Program Files (x86)\Windows Kits\10\\include\10.0.26100.0\\um\mmiscapi2.h
注意: 包含文件:      C:\Program Files (x86)\Windows Kits\10\\include\10.0.26100.0\\um\mmsyscom.h
注意: 包含文件:     C:\Program Files (x86)\Windows Kits\10\\include\10.0.26100.0\\um\playsoundapi.h
注意: 包含文件:      C:\Program Files (x86)\Windows Kits\10\\include\10.0.26100.0\\um\mmsyscom.h
注意: 包含文件:     C:\Program Files (x86)\Windows Kits\10\\include\10.0.26100.0\\um\mmeapi.h
注意: 包含文件:      C:\Program Files (x86)\Windows Kits\10\\include\10.0.26100.0\\um\mmsyscom.h
注意: 包含文件:     C:\Program Files (x86)\Windows Kits\10\\include\10.0.26100.0\\um\timeapi.h
注意: 包含文件:      C:\Program Files (x86)\Windows Kits\10\\include\10.0.26100.0\\um\mmsyscom.h
注意: 包含文件:     C:\Program Files (x86)\Windows Kits\10\\include\10.0.26100.0\\um\joystickapi.h
注意: 包含文件:      C:\Program Files (x86)\Windows Kits\10\\include\10.0.26100.0\\um\mmsyscom.h
注意: 包含文件:     C:\Program Files (x86)\Windows Kits\10\\include\10.0.26100.0\\shared\poppack.h
注意: 包含文件:    C:\Program Files (x86)\Windows Kits\10\\include\10.0.26100.0\\um\nb30.h
注意: 包含文件:    C:\Program Files (x86)\Windows Kits\10\\include\10.0.26100.0\\shared\rpc.h
注意: 包含文件:     C:\Program Files (x86)\Windows Kits\10\\include\10.0.26100.0\\shared\pshpack8.h
注意: 包含文件:     C:\Program Files (x86)\Windows Kits\10\\include\10.0.26100.0\\shared\rpcdce.h
注意: 包含文件:      C:\Program Files (x86)\Windows Kits\10\\include\10.0.26100.0\\shared\rpcdcep.h
注意: 包含文件:     C:\Program Files (x86)\Windows Kits\10\\include\10.0.26100.0\\um\rpcnsi.h
注意: 包含文件:     C:\Program Files (x86)\Windows Kits\10\\include\10.0.26100.0\\shared\rpcnterr.h
注意: 包含文件:     C:\Program Files (x86)\Windows Kits\10\\include\10.0.26100.0\\shared\rpcasync.h
注意: 包含文件:      C:\Program Files (x86)\Windows Kits\10\\include\10.0.26100.0\\shared\pshpack8.h
注意: 包含文件:      C:\Program Files (x86)\Windows Kits\10\\include\10.0.26100.0\\shared\poppack.h
注意: 包含文件:     C:\Program Files (x86)\Windows Kits\10\\include\10.0.26100.0\\shared\poppack.h
注意: 包含文件:    C:\Program Files (x86)\Windows Kits\10\\include\10.0.26100.0\\um\shellapi.h
注意: 包含文件:    C:\Program Files (x86)\Windows Kits\10\\include\10.0.26100.0\\um\winperf.h
注意: 包含文件:     C:\Program Files (x86)\Windows Kits\10\\include\10.0.26100.0\\shared\pshpack8.h
注意: 包含文件:     C:\Program Files (x86)\Windows Kits\10\\include\10.0.26100.0\\shared\poppack.h
注意: 包含文件:    C:\Program Files (x86)\Windows Kits\10\\include\10.0.26100.0\\um\winsock.h
注意: 包含文件:     C:\Program Files (x86)\Windows Kits\10\\include\10.0.26100.0\\shared\inaddr.h
注意: 包含文件:    C:\Program Files (x86)\Windows Kits\10\\include\10.0.26100.0\\um\wincrypt.h
注意: 包含文件:     C:\Program Files (x86)\Windows Kits\10\\include\10.0.26100.0\\shared\bcrypt.h
注意: 包含文件:     C:\Program Files (x86)\Windows Kits\10\\include\10.0.26100.0\\um\ncrypt.h
注意: 包含文件:     C:\Program Files (x86)\Windows Kits\10\\include\10.0.26100.0\\um\dpapi.h
注意: 包含文件:    C:\Program Files (x86)\Windows Kits\10\\include\10.0.26100.0\\um\winefs.h
注意: 包含文件:    C:\Program Files (x86)\Windows Kits\10\\include\10.0.26100.0\\um\winscard.h
注意: 包含文件:     C:\Program Files (x86)\Windows Kits\10\\include\10.0.26100.0\\shared\wtypes.h
注意: 包含文件:      C:\Program Files (x86)\Windows Kits\10\include\10.0.26100.0\shared\rpcndr.h
注意: 包含文件:       C:\Program Files (x86)\Windows Kits\10\\include\10.0.26100.0\\shared\pshpack8.h
注意: 包含文件:       C:\Program Files (x86)\Windows Kits\10\\include\10.0.26100.0\\um\rpcnsip.h
注意: 包含文件:       C:\Program Files (x86)\Windows Kits\10\\include\10.0.26100.0\\shared\rpcsal.h
注意: 包含文件:       C:\Program Files (x86)\Windows Kits\10\\include\10.0.26100.0\\shared\poppack.h
注意: 包含文件:      C:\Program Files (x86)\Windows Kits\10\include\10.0.26100.0\shared\wtypesbase.h
注意: 包含文件:       C:\Program Files (x86)\Windows Kits\10\include\10.0.26100.0\shared\guiddef.h
注意: 包含文件:     C:\Program Files (x86)\Windows Kits\10\\include\10.0.26100.0\\um\winioctl.h
注意: 包含文件:      C:\Program Files (x86)\Windows Kits\10\\include\10.0.26100.0\\shared\pshpack1.h
注意: 包含文件:      C:\Program Files (x86)\Windows Kits\10\\include\10.0.26100.0\\shared\poppack.h
注意: 包含文件:      C:\Program Files (x86)\Windows Kits\10\\include\10.0.26100.0\\shared\pshpack1.h
注意: 包含文件:      C:\Program Files (x86)\Windows Kits\10\\include\10.0.26100.0\\shared\poppack.h
注意: 包含文件:      C:\Program Files (x86)\Windows Kits\10\\include\10.0.26100.0\\shared\pshpack1.h
注意: 包含文件:      C:\Program Files (x86)\Windows Kits\10\\include\10.0.26100.0\\shared\poppack.h
注意: 包含文件:      C:\Program Files (x86)\Windows Kits\10\\include\10.0.26100.0\\shared\pshpack1.h
注意: 包含文件:      C:\Program Files (x86)\Windows Kits\10\\include\10.0.26100.0\\shared\poppack.h
注意: 包含文件:      C:\Program Files (x86)\Windows Kits\10\\include\10.0.26100.0\\shared\pshpack1.h
注意: 包含文件:      C:\Program Files (x86)\Windows Kits\10\\include\10.0.26100.0\\shared\poppack.h
注意: 包含文件:      C:\Program Files (x86)\Windows Kits\10\\include\10.0.26100.0\\shared\pshpack1.h
注意: 包含文件:      C:\Program Files (x86)\Windows Kits\10\\include\10.0.26100.0\\shared\poppack.h
注意: 包含文件:      C:\Program Files (x86)\Windows Kits\10\\include\10.0.26100.0\\shared\pshpack1.h
注意: 包含文件:      C:\Program Files (x86)\Windows Kits\10\\include\10.0.26100.0\\shared\poppack.h
注意: 包含文件:     C:\Program Files (x86)\Windows Kits\10\\include\10.0.26100.0\\shared\winsmcrd.h
注意: 包含文件:    C:\Program Files (x86)\Windows Kits\10\\include\10.0.26100.0\\um\winspool.h
注意: 包含文件:     C:\Program Files (x86)\Windows Kits\10\\include\10.0.26100.0\\um\prsht.h
注意: 包含文件:      C:\Program Files (x86)\Windows Kits\10\\include\10.0.26100.0\\shared\pshpack8.h
注意: 包含文件:      C:\Program Files (x86)\Windows Kits\10\\include\10.0.26100.0\\shared\poppack.h
注意: 包含文件:    C:\Program Files (x86)\Windows Kits\10\\include\10.0.26100.0\\um\ole2.h
注意: 包含文件:     C:\Program Files (x86)\Windows Kits\10\\include\10.0.26100.0\\shared\pshpack8.h
注意: 包含文件:     C:\Program Files (x86)\Windows Kits\10\\include\10.0.26100.0\\um\objbase.h
注意: 包含文件:      C:\Program Files (x86)\Windows Kits\10\\include\10.0.26100.0\\shared\pshpack8.h
注意: 包含文件:      C:\Program Files (x86)\Windows Kits\10\\include\10.0.26100.0\\um\combaseapi.h
注意: 包含文件:       C:\Program Files (x86)\Windows Kits\10\\include\10.0.26100.0\\shared\pshpack8.h
注意: 包含文件:       C:\Program Files (x86)\Windows Kits\10\\include\10.0.26100.0\\um\unknwnbase.h
注意: 包含文件:       C:\Program Files (x86)\Windows Kits\10\\include\10.0.26100.0\\um\objidlbase.h
注意: 包含文件:       C:\Program Files (x86)\Windows Kits\10\\include\10.0.26100.0\\shared\guiddef.h
注意: 包含文件:       C:\Program Files (x86)\Windows Kits\10\\include\10.0.26100.0\\um\cguid.h
注意: 包含文件:       C:\Program Files (x86)\Windows Kits\10\\include\10.0.26100.0\\shared\poppack.h
注意: 包含文件:      C:\Program Files (x86)\Windows Kits\10\\include\10.0.26100.0\\um\coml2api.h
注意: 包含文件:       C:\Program Files (x86)\Windows Kits\10\\include\10.0.26100.0\\um\objidl.h
注意: 包含文件:        C:\Program Files (x86)\Windows Kits\10\include\10.0.26100.0\um\unknwn.h
注意: 包含文件:       C:\Program Files (x86)\Windows Kits\10\\include\10.0.26100.0\\um\propidlbase.h
注意: 包含文件:        C:\Program Files (x86)\Windows Kits\10\include\10.0.26100.0\um\oaidl.h
注意: 包含文件:      C:\Program Files (x86)\Windows Kits\10\\include\10.0.26100.0\\um\urlmon.h
注意: 包含文件:       C:\Program Files (x86)\Windows Kits\10\include\10.0.26100.0\um\oleidl.h
注意: 包含文件:       C:\Program Files (x86)\Windows Kits\10\include\10.0.26100.0\um\servprov.h
注意: 包含文件:       C:\Program Files (x86)\Windows Kits\10\include\10.0.26100.0\um\msxml.h
注意: 包含文件:      C:\Program Files (x86)\Windows Kits\10\\include\10.0.26100.0\\um\propidl.h
注意: 包含文件:      C:\Program Files (x86)\Windows Kits\10\\include\10.0.26100.0\\shared\poppack.h
注意: 包含文件:     C:\Program Files (x86)\Windows Kits\10\\include\10.0.26100.0\\um\oleauto.h
注意: 包含文件:      C:\Program Files (x86)\Windows Kits\10\\include\10.0.26100.0\\shared\pshpack8.h
注意: 包含文件:      C:\Program Files (x86)\Windows Kits\10\\include\10.0.26100.0\\shared\poppack.h
注意: 包含文件:     C:\Program Files (x86)\Windows Kits\10\\include\10.0.26100.0\\shared\poppack.h
注意: 包含文件:    C:\Program Files (x86)\Windows Kits\10\\include\10.0.26100.0\\um\commdlg.h
注意: 包含文件:     C:\Program Files (x86)\Windows Kits\10\\include\10.0.26100.0\\um\prsht.h
注意: 包含文件:    C:\Program Files (x86)\Windows Kits\10\\include\10.0.26100.0\\shared\stralign.h
注意: 包含文件:    C:\Program Files (x86)\Windows Kits\10\\include\10.0.26100.0\\um\winsvc.h
注意: 包含文件:    C:\Program Files (x86)\Windows Kits\10\\include\10.0.26100.0\\um\mcx.h
注意: 包含文件:    C:\Program Files (x86)\Windows Kits\10\\include\10.0.26100.0\\um\imm.h
注意: 包含文件:     C:\Program Files (x86)\Windows Kits\10\\include\10.0.26100.0\\um\ime_cmodes.h
注意: 包含文件:   C:\Program Files (x86)\Windows Kits\10\include\10.0.26100.0\ucrt\io.h
注意: 包含文件:    C:\Program Files (x86)\Windows Kits\10\include\10.0.26100.0\ucrt\corecrt_io.h
C:\Users\user\output\deepseek-v4部署\fastllm-master\include\utils\utils.h(109): warning C4996: '_wfopen': This function or variable may be unsafe. Consider using _wfopen_s instead. To disable deprecation, use _CRT_SECURE_NO_WARNINGS. See online help for details.
C:\Users\user\output\deepseek-v4部署\fastllm-master\include\utils\utils.h(118): warning C4996: '_wopen': This function or variable may be unsafe. Consider using _wsopen_s instead. To disable deprecation, use _CRT_SECURE_NO_WARNINGS. See online help for details.
C:\Users\user\output\deepseek-v4部署\fastllm-master\include\utils\utils.h(150): warning C4244: “return”: 从“double”转换到“float”，可能丢失数据
C:\Users\user\output\deepseek-v4部署\fastllm-master\include\utils\utils.h(355): warning C4267: “初始化”: 从“size_t”转换到“int”，可能丢失数据
C:\Users\user\output\deepseek-v4部署\fastllm-master\include\utils\utils.h(417): warning C4244: “+=”: 从“double”转换到“float”，可能丢失数据
注意: 包含文件:  C:\Users\user\output\deepseek-v4部署\fastllm-master\include\models\moss.h
注意: 包含文件:   C:\Users\user\output\deepseek-v4部署\fastllm-master\include\models\basellm.h
注意: 包含文件:    C:\Users\user\output\deepseek-v4部署\fastllm-master\include\fastllm.h
注意: 包含文件:     C:\Program Files (x86)\Microsoft Visual Studio\2022\BuildTools\VC\Tools\MSVC\14.44.35207\include\set
注意: 包含文件:     C:\Program Files (x86)\Microsoft Visual Studio\2022\BuildTools\VC\Tools\MSVC\14.44.35207\include\queue
注意: 包含文件:     C:\Program Files (x86)\Microsoft Visual Studio\2022\BuildTools\VC\Tools\MSVC\14.44.35207\include\unordered_map
注意: 包含文件:      C:\Program Files (x86)\Microsoft Visual Studio\2022\BuildTools\VC\Tools\MSVC\14.44.35207\include\xhash
注意: 包含文件:       C:\Program Files (x86)\Microsoft Visual Studio\2022\BuildTools\VC\Tools\MSVC\14.44.35207\include\list
注意: 包含文件:       C:\Program Files (x86)\Microsoft Visual Studio\2022\BuildTools\VC\Tools\MSVC\14.44.35207\include\xbit_ops.h
注意: 包含文件:     C:\Program Files (x86)\Microsoft Visual Studio\2022\BuildTools\VC\Tools\MSVC\14.44.35207\include\unordered_set
注意: 包含文件:     C:\Program Files (x86)\Microsoft Visual Studio\2022\BuildTools\VC\Tools\MSVC\14.44.35207\include\iostream
注意: 包含文件:      C:\Program Files (x86)\Microsoft Visual Studio\2022\BuildTools\VC\Tools\MSVC\14.44.35207\include\ostream
注意: 包含文件:     C:\Program Files (x86)\Microsoft Visual Studio\2022\BuildTools\VC\Tools\MSVC\14.44.35207\include\functional
注意: 包含文件:     C:\Program Files (x86)\Microsoft Visual Studio\2022\BuildTools\VC\Tools\MSVC\14.44.35207\include\mutex
注意: 包含文件:     C:\Program Files (x86)\Microsoft Visual Studio\2022\BuildTools\VC\Tools\MSVC\14.44.35207\include\codecvt
注意: 包含文件:     C:\Users\user\output\deepseek-v4部署\fastllm-master\include\devices/cpu/alivethreadpool.h
C:\Users\user\output\deepseek-v4部署\fastllm-master\include\devices/cpu/alivethreadpool.h(135): warning C4267: “初始化”: 从“size_t”转换到“int”，可能丢失数据
C:\Users\user\output\deepseek-v4部署\fastllm-master\include\devices/cpu/alivethreadpool.h(175): warning C4267: “初始化”: 从“size_t”转换到“int”，可能丢失数据
C:\Users\user\output\deepseek-v4部署\fastllm-master\include\devices/cpu/alivethreadpool.h(235): warning C4267: “初始化”: 从“size_t”转换到“int”，可能丢失数据
C:\Users\user\output\deepseek-v4部署\fastllm-master\include\devices/cpu/alivethreadpool.h(236): warning C4267: “初始化”: 从“size_t”转换到“int”，可能丢失数据
C:\Users\user\output\deepseek-v4部署\fastllm-master\include\devices/cpu/alivethreadpool.h(237): warning C4267: “初始化”: 从“size_t”转换到“int”，可能丢失数据
C:\Users\user\output\deepseek-v4部署\fastllm-master\include\devices/cpu/alivethreadpool.h(280): warning C4267: “初始化”: 从“size_t”转换到“int”，可能丢失数据
C:\Users\user\output\deepseek-v4部署\fastllm-master\include\devices/cpu/alivethreadpool.h(326): warning C4267: “初始化”: 从“size_t”转换到“int”，可能丢失数据
C:\Users\user\output\deepseek-v4部署\fastllm-master\include\devices/cpu/alivethreadpool.h(329): warning C4267: “初始化”: 从“size_t”转换到“int”，可能丢失数据
C:\Users\user\output\deepseek-v4部署\fastllm-master\include\devices/cpu/alivethreadpool.h(369): warning C4267: “初始化”: 从“size_t”转换到“int”，可能丢失数据
C:\Users\user\output\deepseek-v4部署\fastllm-master\include\devices/cpu/alivethreadpool.h(371): warning C4267: “初始化”: 从“size_t”转换到“int”，可能丢失数据
注意: 包含文件:     C:\Users\user\output\deepseek-v4部署\fastllm-master\third_party\json11\json11.hpp
C:\Users\user\output\deepseek-v4部署\fastllm-master\include\fastllm.h(222): warning C4244: “初始化”: 从“int”转换到“float”，可能丢失数据
C:\Users\user\output\deepseek-v4部署\fastllm-master\include\fastllm.h(222): warning C4244: “初始化”: 从“int”转换到“const float”，可能丢失数据
C:\Users\user\output\deepseek-v4部署\fastllm-master\include\fastllm.h(227): warning C4244: “=”: 从“float”转换到“uint8_t”，可能丢失数据
C:\Users\user\output\deepseek-v4部署\fastllm-master\include\fastllm.h(229): warning C4244: “=”: 从“const float”转换到“uint8_t”，可能丢失数据
C:\Users\user\output\deepseek-v4部署\fastllm-master\include\fastllm.h(687): warning C4996: 'std::codecvt_utf8<wchar_t,1114111,(std::codecvt_mode)0>': warning STL4017: std::wbuffer_convert, std::wstring_convert, and the <codecvt> header (containing std::codecvt_mode, std::codecvt_utf8, std::codecvt_utf16, and std::codecvt_utf8_utf16) are deprecated in C++17. (The std::codecvt class template is NOT deprecated.) The C++ Standard doesn't provide equivalent non-deprecated functionality; consider using MultiByteToWideChar() and WideCharToMultiByte() from <Windows.h> instead. You can define _SILENCE_CXX17_CODECVT_HEADER_DEPRECATION_WARNING or _SILENCE_ALL_CXX17_DEPRECATION_WARNINGS to suppress this warning.
C:\Program Files (x86)\Microsoft Visual Studio\2022\BuildTools\VC\Tools\MSVC\14.44.35207\include\codecvt(34): note: 参见“std::codecvt_utf8”的声明
C:\Users\user\output\deepseek-v4部署\fastllm-master\include\fastllm.h(687): warning C4996: 'std::wstring_convert<std::codecvt_utf8<wchar_t,1114111,(std::codecvt_mode)0>,wchar_t,std::allocator<wchar_t>,std::allocator<char>>': warning STL4017: std::wbuffer_convert, std::wstring_convert, and the <codecvt> header (containing std::codecvt_mode, std::codecvt_utf8, std::codecvt_utf16, and std::codecvt_utf8_utf16) are deprecated in C++17. (The std::codecvt class template is NOT deprecated.) The C++ Standard doesn't provide equivalent non-deprecated functionality; consider using MultiByteToWideChar() and WideCharToMultiByte() from <Windows.h> instead. You can define _SILENCE_CXX17_CODECVT_HEADER_DEPRECATION_WARNING or _SILENCE_ALL_CXX17_DEPRECATION_WARNINGS to suppress this warning.
C:\Program Files (x86)\Microsoft Visual Studio\2022\BuildTools\VC\Tools\MSVC\14.44.35207\include\xlocbuf(303): note: 参见“std::wstring_convert”的声明
注意: 包含文件:    C:\Users\user\output\deepseek-v4部署\fastllm-master\include\blocks\baseblock.h
注意: 包含文件:    C:\Users\user\output\deepseek-v4部署\fastllm-master\include\template.h
注意: 包含文件:    C:\Program Files (x86)\Microsoft Visual Studio\2022\BuildTools\VC\Tools\MSVC\14.44.35207\include\condition_variable
C:\Users\user\output\deepseek-v4部署\fastllm-master\include\models\basellm.h(344): warning C4305: “初始化”: 从“double”到“float”截断
C:\Users\user\output\deepseek-v4部署\fastllm-master\include\models\basellm.h(348): warning C4244: “初始化”: 从“double”转换到“const float”，可能丢失数据
注意: 包含文件:  C:\Program Files (x86)\Microsoft Visual Studio\2022\BuildTools\VC\Tools\MSVC\14.44.35207\include\sstream
C:\Users\user\output\deepseek-v4部署\fastllm-master\src\models\moss.cpp(39): warning C4244: “参数”: 从“double”转换到“_Ty”，可能丢失数据
        with
        [
            _Ty=float
        ]
C:\Users\user\output\deepseek-v4部署\fastllm-master\src\models\moss.cpp(54): warning C4244: “初始化”: 从“uint64_t”转换到“int”，可能丢失数据
C:\Users\user\output\deepseek-v4部署\fastllm-master\src\models\moss.cpp(68): warning C4244: “初始化”: 从“uint64_t”转换到“int”，可能丢失数据
C:\Users\user\output\deepseek-v4部署\fastllm-master\src\models\moss.cpp(142): warning C4244: “参数”: 从“double”转换到“float”，可能丢失数据
C:\Users\user\output\deepseek-v4部署\fastllm-master\src\models\moss.cpp(201): warning C4244: “初始化”: 从“double”转换到“float”，可能丢失数据
C:\Users\user\output\deepseek-v4部署\fastllm-master\src\models\moss.cpp(227): warning C4244: “=”: 从“int”转换到“float”，可能丢失数据
C:\Users\user\output\deepseek-v4部署\fastllm-master\src\models\moss.cpp(241): warning C4244: “参数”: 从“int”转换到“_Ty”，可能丢失数据
        with
        [
            _Ty=float
        ]
C:\Users\user\output\deepseek-v4部署\fastllm-master\src\models\moss.cpp(329): warning C4267: “初始化”: 从“size_t”转换到“int”，可能丢失数据
C:\Users\user\output\deepseek-v4部署\fastllm-master\src\models\moss.cpp(333): warning C4244: “=”: 从“int”转换到“_Ty”，可能丢失数据
        with
        [
            _Ty=float
        ]
[5/76] Building CXX object CMakeFiles\fastllm_tools.dir\src\models\graphllm.cpp.obj
注意: 包含文件:  C:\Users\user\output\deepseek-v4部署\fastllm-master\include\utils\utils.h
注意: 包含文件:   C:\Program Files (x86)\Microsoft Visual Studio\2022\BuildTools\VC\Tools\MSVC\14.44.35207\include\cmath
注意: 包含文件:    C:\Program Files (x86)\Microsoft Visual Studio\2022\BuildTools\VC\Tools\MSVC\14.44.35207\include\yvals.h
注意: 包含文件:     C:\Program Files (x86)\Microsoft Visual Studio\2022\BuildTools\VC\Tools\MSVC\14.44.35207\include\yvals_core.h
注意: 包含文件:      C:\Program Files (x86)\Microsoft Visual Studio\2022\BuildTools\VC\Tools\MSVC\14.44.35207\include\vcruntime.h
注意: 包含文件:       C:\Program Files (x86)\Microsoft Visual Studio\2022\BuildTools\VC\Tools\MSVC\14.44.35207\include\sal.h
注意: 包含文件:        C:\Program Files (x86)\Microsoft Visual Studio\2022\BuildTools\VC\Tools\MSVC\14.44.35207\include\concurrencysal.h
注意: 包含文件:       C:\Program Files (x86)\Microsoft Visual Studio\2022\BuildTools\VC\Tools\MSVC\14.44.35207\include\vadefs.h
注意: 包含文件:      C:\Program Files (x86)\Microsoft Visual Studio\2022\BuildTools\VC\Tools\MSVC\14.44.35207\include\xkeycheck.h
注意: 包含文件:     C:\Program Files (x86)\Windows Kits\10\include\10.0.26100.0\ucrt\crtdbg.h
注意: 包含文件:      C:\Program Files (x86)\Windows Kits\10\include\10.0.26100.0\ucrt\corecrt.h
注意: 包含文件:      C:\Program Files (x86)\Microsoft Visual Studio\2022\BuildTools\VC\Tools\MSVC\14.44.35207\include\vcruntime_new_debug.h
注意: 包含文件:       C:\Program Files (x86)\Microsoft Visual Studio\2022\BuildTools\VC\Tools\MSVC\14.44.35207\include\vcruntime_new.h
注意: 包含文件:     C:\Program Files (x86)\Microsoft Visual Studio\2022\BuildTools\VC\Tools\MSVC\14.44.35207\include\crtdefs.h
注意: 包含文件:     C:\Program Files (x86)\Microsoft Visual Studio\2022\BuildTools\VC\Tools\MSVC\14.44.35207\include\use_ansi.h
注意: 包含文件:    C:\Program Files (x86)\Microsoft Visual Studio\2022\BuildTools\VC\Tools\MSVC\14.44.35207\include\cstdlib
注意: 包含文件:     C:\Program Files (x86)\Windows Kits\10\include\10.0.26100.0\ucrt\math.h
注意: 包含文件:      C:\Program Files (x86)\Windows Kits\10\include\10.0.26100.0\ucrt\corecrt_math.h
注意: 包含文件:     C:\Program Files (x86)\Windows Kits\10\include\10.0.26100.0\ucrt\stdlib.h
注意: 包含文件:      C:\Program Files (x86)\Windows Kits\10\include\10.0.26100.0\ucrt\corecrt_malloc.h
注意: 包含文件:      C:\Program Files (x86)\Windows Kits\10\include\10.0.26100.0\ucrt\corecrt_search.h
注意: 包含文件:       C:\Program Files (x86)\Windows Kits\10\include\10.0.26100.0\ucrt\stddef.h
注意: 包含文件:      C:\Program Files (x86)\Windows Kits\10\include\10.0.26100.0\ucrt\corecrt_wstdlib.h
注意: 包含文件:      C:\Program Files (x86)\Microsoft Visual Studio\2022\BuildTools\VC\Tools\MSVC\14.44.35207\include\limits.h
注意: 包含文件:    C:\Program Files (x86)\Microsoft Visual Studio\2022\BuildTools\VC\Tools\MSVC\14.44.35207\include\xtr1common
注意: 包含文件:    C:\Program Files (x86)\Microsoft Visual Studio\2022\BuildTools\VC\Tools\MSVC\14.44.35207\include\intrin0.h
注意: 包含文件:     C:\Program Files (x86)\Microsoft Visual Studio\2022\BuildTools\VC\Tools\MSVC\14.44.35207\include\intrin0.inl.h
注意: 包含文件:   C:\Program Files (x86)\Microsoft Visual Studio\2022\BuildTools\VC\Tools\MSVC\14.44.35207\include\algorithm
注意: 包含文件:    C:\Program Files (x86)\Microsoft Visual Studio\2022\BuildTools\VC\Tools\MSVC\14.44.35207\include\__msvc_heap_algorithms.hpp
注意: 包含文件:     C:\Program Files (x86)\Microsoft Visual Studio\2022\BuildTools\VC\Tools\MSVC\14.44.35207\include\xutility
注意: 包含文件:      C:\Program Files (x86)\Microsoft Visual Studio\2022\BuildTools\VC\Tools\MSVC\14.44.35207\include\__msvc_iter_core.hpp
注意: 包含文件:       C:\Program Files (x86)\Microsoft Visual Studio\2022\BuildTools\VC\Tools\MSVC\14.44.35207\include\utility
注意: 包含文件:        C:\Program Files (x86)\Microsoft Visual Studio\2022\BuildTools\VC\Tools\MSVC\14.44.35207\include\initializer_list
注意: 包含文件:         C:\Program Files (x86)\Microsoft Visual Studio\2022\BuildTools\VC\Tools\MSVC\14.44.35207\include\cstddef
注意: 包含文件:        C:\Program Files (x86)\Microsoft Visual Studio\2022\BuildTools\VC\Tools\MSVC\14.44.35207\include\type_traits
注意: 包含文件:         C:\Program Files (x86)\Microsoft Visual Studio\2022\BuildTools\VC\Tools\MSVC\14.44.35207\include\cstdint
注意: 包含文件:          C:\Program Files (x86)\Microsoft Visual Studio\2022\BuildTools\VC\Tools\MSVC\14.44.35207\include\stdint.h
注意: 包含文件:         C:\Program Files (x86)\Microsoft Visual Studio\2022\BuildTools\VC\Tools\MSVC\14.44.35207\include\cstring
注意: 包含文件:          C:\Program Files (x86)\Windows Kits\10\include\10.0.26100.0\ucrt\string.h
注意: 包含文件:           C:\Program Files (x86)\Windows Kits\10\include\10.0.26100.0\ucrt\corecrt_memory.h
注意: 包含文件:            C:\Program Files (x86)\Windows Kits\10\include\10.0.26100.0\ucrt\corecrt_memcpy_s.h
注意: 包含文件:             C:\Program Files (x86)\Windows Kits\10\include\10.0.26100.0\ucrt\errno.h
注意: 包含文件:             C:\Program Files (x86)\Microsoft Visual Studio\2022\BuildTools\VC\Tools\MSVC\14.44.35207\include\vcruntime_string.h
注意: 包含文件:           C:\Program Files (x86)\Windows Kits\10\include\10.0.26100.0\ucrt\corecrt_wstring.h
注意: 包含文件:      C:\Program Files (x86)\Microsoft Visual Studio\2022\BuildTools\VC\Tools\MSVC\14.44.35207\include\climits
注意: 包含文件:      C:\Program Files (x86)\Microsoft Visual Studio\2022\BuildTools\VC\Tools\MSVC\14.44.35207\include\cwchar
注意: 包含文件:       C:\Program Files (x86)\Microsoft Visual Studio\2022\BuildTools\VC\Tools\MSVC\14.44.35207\include\cstdio
注意: 包含文件:        C:\Program Files (x86)\Windows Kits\10\include\10.0.26100.0\ucrt\stdio.h
注意: 包含文件:         C:\Program Files (x86)\Windows Kits\10\include\10.0.26100.0\ucrt\corecrt_wstdio.h
注意: 包含文件:          C:\Program Files (x86)\Windows Kits\10\include\10.0.26100.0\ucrt\corecrt_stdio_config.h
注意: 包含文件:       C:\Program Files (x86)\Windows Kits\10\include\10.0.26100.0\ucrt\wchar.h
注意: 包含文件:        C:\Program Files (x86)\Windows Kits\10\include\10.0.26100.0\ucrt\corecrt_wconio.h
注意: 包含文件:        C:\Program Files (x86)\Windows Kits\10\include\10.0.26100.0\ucrt\corecrt_wctype.h
注意: 包含文件:        C:\Program Files (x86)\Windows Kits\10\include\10.0.26100.0\ucrt\corecrt_wdirect.h
注意: 包含文件:        C:\Program Files (x86)\Windows Kits\10\include\10.0.26100.0\ucrt\corecrt_wio.h
注意: 包含文件:         C:\Program Files (x86)\Windows Kits\10\include\10.0.26100.0\ucrt\corecrt_share.h
注意: 包含文件:        C:\Program Files (x86)\Windows Kits\10\include\10.0.26100.0\ucrt\corecrt_wprocess.h
注意: 包含文件:        C:\Program Files (x86)\Windows Kits\10\include\10.0.26100.0\ucrt\corecrt_wtime.h
注意: 包含文件:        C:\Program Files (x86)\Windows Kits\10\include\10.0.26100.0\ucrt\sys/stat.h
注意: 包含文件:         C:\Program Files (x86)\Windows Kits\10\include\10.0.26100.0\ucrt\sys/types.h
注意: 包含文件:        C:\Program Files (x86)\Microsoft Visual Studio\2022\BuildTools\VC\Tools\MSVC\14.44.35207\include\intrin.h
注意: 包含文件:         C:\Program Files (x86)\Microsoft Visual Studio\2022\BuildTools\VC\Tools\MSVC\14.44.35207\include\setjmp.h
注意: 包含文件:         C:\Program Files (x86)\Microsoft Visual Studio\2022\BuildTools\VC\Tools\MSVC\14.44.35207\include\immintrin.h
注意: 包含文件:          C:\Program Files (x86)\Microsoft Visual Studio\2022\BuildTools\VC\Tools\MSVC\14.44.35207\include\wmmintrin.h
注意: 包含文件:           C:\Program Files (x86)\Microsoft Visual Studio\2022\BuildTools\VC\Tools\MSVC\14.44.35207\include\nmmintrin.h
注意: 包含文件:            C:\Program Files (x86)\Microsoft Visual Studio\2022\BuildTools\VC\Tools\MSVC\14.44.35207\include\smmintrin.h
注意: 包含文件:             C:\Program Files (x86)\Microsoft Visual Studio\2022\BuildTools\VC\Tools\MSVC\14.44.35207\include\tmmintrin.h
注意: 包含文件:              C:\Program Files (x86)\Microsoft Visual Studio\2022\BuildTools\VC\Tools\MSVC\14.44.35207\include\pmmintrin.h
注意: 包含文件:               C:\Program Files (x86)\Microsoft Visual Studio\2022\BuildTools\VC\Tools\MSVC\14.44.35207\include\emmintrin.h
注意: 包含文件:                C:\Program Files (x86)\Microsoft Visual Studio\2022\BuildTools\VC\Tools\MSVC\14.44.35207\include\xmmintrin.h
注意: 包含文件:                 C:\Program Files (x86)\Microsoft Visual Studio\2022\BuildTools\VC\Tools\MSVC\14.44.35207\include\mmintrin.h
注意: 包含文件:                 C:\Program Files (x86)\Windows Kits\10\include\10.0.26100.0\ucrt\malloc.h
注意: 包含文件:          C:\Program Files (x86)\Microsoft Visual Studio\2022\BuildTools\VC\Tools\MSVC\14.44.35207\include\zmmintrin.h
注意: 包含文件:         C:\Program Files (x86)\Microsoft Visual Studio\2022\BuildTools\VC\Tools\MSVC\14.44.35207\include\ammintrin.h
注意: 包含文件:    C:\Program Files (x86)\Microsoft Visual Studio\2022\BuildTools\VC\Tools\MSVC\14.44.35207\include\__msvc_minmax.hpp
注意: 包含文件:    C:\Program Files (x86)\Microsoft Visual Studio\2022\BuildTools\VC\Tools\MSVC\14.44.35207\include\xmemory
注意: 包含文件:     C:\Program Files (x86)\Microsoft Visual Studio\2022\BuildTools\VC\Tools\MSVC\14.44.35207\include\limits
注意: 包含文件:      C:\Program Files (x86)\Microsoft Visual Studio\2022\BuildTools\VC\Tools\MSVC\14.44.35207\include\cfloat
注意: 包含文件:       C:\Program Files (x86)\Windows Kits\10\include\10.0.26100.0\ucrt\float.h
注意: 包含文件:     C:\Program Files (x86)\Microsoft Visual Studio\2022\BuildTools\VC\Tools\MSVC\14.44.35207\include\new
注意: 包含文件:      C:\Program Files (x86)\Microsoft Visual Studio\2022\BuildTools\VC\Tools\MSVC\14.44.35207\include\exception
注意: 包含文件:       C:\Program Files (x86)\Microsoft Visual Studio\2022\BuildTools\VC\Tools\MSVC\14.44.35207\include\vcruntime_exception.h
注意: 包含文件:        C:\Program Files (x86)\Microsoft Visual Studio\2022\BuildTools\VC\Tools\MSVC\14.44.35207\include\eh.h
注意: 包含文件:         C:\Program Files (x86)\Windows Kits\10\include\10.0.26100.0\ucrt\corecrt_terminate.h
注意: 包含文件:     C:\Program Files (x86)\Microsoft Visual Studio\2022\BuildTools\VC\Tools\MSVC\14.44.35207\include\xatomic.h
注意: 包含文件:   C:\Program Files (x86)\Microsoft Visual Studio\2022\BuildTools\VC\Tools\MSVC\14.44.35207\include\map
注意: 包含文件:    C:\Program Files (x86)\Microsoft Visual Studio\2022\BuildTools\VC\Tools\MSVC\14.44.35207\include\tuple
注意: 包含文件:    C:\Program Files (x86)\Microsoft Visual Studio\2022\BuildTools\VC\Tools\MSVC\14.44.35207\include\xtree
注意: 包含文件:     C:\Program Files (x86)\Microsoft Visual Studio\2022\BuildTools\VC\Tools\MSVC\14.44.35207\include\xnode_handle.h
注意: 包含文件:    C:\Program Files (x86)\Microsoft Visual Studio\2022\BuildTools\VC\Tools\MSVC\14.44.35207\include\xpolymorphic_allocator.h
注意: 包含文件:   C:\Program Files (x86)\Microsoft Visual Studio\2022\BuildTools\VC\Tools\MSVC\14.44.35207\include\chrono
注意: 包含文件:    C:\Program Files (x86)\Microsoft Visual Studio\2022\BuildTools\VC\Tools\MSVC\14.44.35207\include\__msvc_chrono.hpp
注意: 包含文件:     C:\Program Files (x86)\Microsoft Visual Studio\2022\BuildTools\VC\Tools\MSVC\14.44.35207\include\ctime
注意: 包含文件:      C:\Program Files (x86)\Windows Kits\10\include\10.0.26100.0\ucrt\time.h
注意: 包含文件:     C:\Program Files (x86)\Microsoft Visual Studio\2022\BuildTools\VC\Tools\MSVC\14.44.35207\include\ratio
注意: 包含文件:     C:\Program Files (x86)\Microsoft Visual Studio\2022\BuildTools\VC\Tools\MSVC\14.44.35207\include\xtimec.h
注意: 包含文件:    C:\Program Files (x86)\Microsoft Visual Studio\2022\BuildTools\VC\Tools\MSVC\14.44.35207\include\system_error
注意: 包含文件:     C:\Program Files (x86)\Microsoft Visual Studio\2022\BuildTools\VC\Tools\MSVC\14.44.35207\include\__msvc_system_error_abi.hpp
注意: 包含文件:     C:\Program Files (x86)\Microsoft Visual Studio\2022\BuildTools\VC\Tools\MSVC\14.44.35207\include\cerrno
注意: 包含文件:     C:\Program Files (x86)\Microsoft Visual Studio\2022\BuildTools\VC\Tools\MSVC\14.44.35207\include\stdexcept
注意: 包含文件:      C:\Program Files (x86)\Microsoft Visual Studio\2022\BuildTools\VC\Tools\MSVC\14.44.35207\include\xstring
注意: 包含文件:       C:\Program Files (x86)\Microsoft Visual Studio\2022\BuildTools\VC\Tools\MSVC\14.44.35207\include\__msvc_sanitizer_annotate_container.hpp
注意: 包含文件:       C:\Program Files (x86)\Microsoft Visual Studio\2022\BuildTools\VC\Tools\MSVC\14.44.35207\include\__msvc_string_view.hpp
注意: 包含文件:        C:\Program Files (x86)\Microsoft Visual Studio\2022\BuildTools\VC\Tools\MSVC\14.44.35207\include\iosfwd
注意: 包含文件:     C:\Program Files (x86)\Microsoft Visual Studio\2022\BuildTools\VC\Tools\MSVC\14.44.35207\include\xcall_once.h
注意: 包含文件:     C:\Program Files (x86)\Microsoft Visual Studio\2022\BuildTools\VC\Tools\MSVC\14.44.35207\include\xerrc.h
注意: 包含文件:     C:\Program Files (x86)\Microsoft Visual Studio\2022\BuildTools\VC\Tools\MSVC\14.44.35207\include\atomic
注意: 包含文件:      C:\Program Files (x86)\Microsoft Visual Studio\2022\BuildTools\VC\Tools\MSVC\14.44.35207\include\xthreads.h
注意: 包含文件:       C:\Program Files (x86)\Microsoft Visual Studio\2022\BuildTools\VC\Tools\MSVC\14.44.35207\include\__msvc_threads_core.hpp
注意: 包含文件:    C:\Program Files (x86)\Microsoft Visual Studio\2022\BuildTools\VC\Tools\MSVC\14.44.35207\include\xfilesystem_abi.h
注意: 包含文件:   C:\Program Files (x86)\Microsoft Visual Studio\2022\BuildTools\VC\Tools\MSVC\14.44.35207\include\string
注意: 包含文件:    C:\Program Files (x86)\Microsoft Visual Studio\2022\BuildTools\VC\Tools\MSVC\14.44.35207\include\cctype
注意: 包含文件:     C:\Program Files (x86)\Windows Kits\10\include\10.0.26100.0\ucrt\ctype.h
注意: 包含文件:   C:\Program Files (x86)\Windows Kits\10\include\10.0.26100.0\ucrt\fcntl.h
注意: 包含文件:   C:\Program Files (x86)\Microsoft Visual Studio\2022\BuildTools\VC\Tools\MSVC\14.44.35207\include\thread
注意: 包含文件:    C:\Program Files (x86)\Microsoft Visual Studio\2022\BuildTools\VC\Tools\MSVC\14.44.35207\include\memory
注意: 包含文件:     C:\Program Files (x86)\Microsoft Visual Studio\2022\BuildTools\VC\Tools\MSVC\14.44.35207\include\typeinfo
注意: 包含文件:      C:\Program Files (x86)\Microsoft Visual Studio\2022\BuildTools\VC\Tools\MSVC\14.44.35207\include\vcruntime_typeinfo.h
注意: 包含文件:    C:\Program Files (x86)\Windows Kits\10\include\10.0.26100.0\ucrt\process.h
注意: 包含文件:     C:\Program Files (x86)\Windows Kits\10\include\10.0.26100.0\ucrt\corecrt_startup.h
注意: 包含文件:      C:\Program Files (x86)\Windows Kits\10\include\10.0.26100.0\ucrt\math.h
注意: 包含文件:      C:\Program Files (x86)\Microsoft Visual Studio\2022\BuildTools\VC\Tools\MSVC\14.44.35207\include\vcruntime_startup.h
注意: 包含文件:   C:\Program Files (x86)\Microsoft Visual Studio\2022\BuildTools\VC\Tools\MSVC\14.44.35207\include\vector
注意: 包含文件:    C:\Program Files (x86)\Microsoft Visual Studio\2022\BuildTools\VC\Tools\MSVC\14.44.35207\include\__msvc_bit_utils.hpp
注意: 包含文件:   C:\Program Files (x86)\Microsoft Visual Studio\2022\BuildTools\VC\Tools\MSVC\14.44.35207\include\deque
注意: 包含文件:   C:\Program Files (x86)\Microsoft Visual Studio\2022\BuildTools\VC\Tools\MSVC\14.44.35207\include\array
注意: 包含文件:   C:\Program Files (x86)\Microsoft Visual Studio\2022\BuildTools\VC\Tools\MSVC\14.44.35207\include\filesystem
注意: 包含文件:    C:\Program Files (x86)\Microsoft Visual Studio\2022\BuildTools\VC\Tools\MSVC\14.44.35207\include\iomanip
注意: 包含文件:     C:\Program Files (x86)\Microsoft Visual Studio\2022\BuildTools\VC\Tools\MSVC\14.44.35207\include\istream
注意: 包含文件:      C:\Program Files (x86)\Microsoft Visual Studio\2022\BuildTools\VC\Tools\MSVC\14.44.35207\include\__msvc_ostream.hpp
注意: 包含文件:       C:\Program Files (x86)\Microsoft Visual Studio\2022\BuildTools\VC\Tools\MSVC\14.44.35207\include\ios
注意: 包含文件:        C:\Program Files (x86)\Microsoft Visual Studio\2022\BuildTools\VC\Tools\MSVC\14.44.35207\include\xlocnum
注意: 包含文件:         C:\Program Files (x86)\Microsoft Visual Studio\2022\BuildTools\VC\Tools\MSVC\14.44.35207\include\iterator
注意: 包含文件:         C:\Program Files (x86)\Microsoft Visual Studio\2022\BuildTools\VC\Tools\MSVC\14.44.35207\include\streambuf
注意: 包含文件:          C:\Program Files (x86)\Microsoft Visual Studio\2022\BuildTools\VC\Tools\MSVC\14.44.35207\include\xiosbase
注意: 包含文件:           C:\Program Files (x86)\Windows Kits\10\include\10.0.26100.0\ucrt\share.h
注意: 包含文件:           C:\Program Files (x86)\Microsoft Visual Studio\2022\BuildTools\VC\Tools\MSVC\14.44.35207\include\xlocale
注意: 包含文件:            C:\Program Files (x86)\Microsoft Visual Studio\2022\BuildTools\VC\Tools\MSVC\14.44.35207\include\xfacet
注意: 包含文件:            C:\Program Files (x86)\Microsoft Visual Studio\2022\BuildTools\VC\Tools\MSVC\14.44.35207\include\xlocinfo
注意: 包含文件:             C:\Program Files (x86)\Microsoft Visual Studio\2022\BuildTools\VC\Tools\MSVC\14.44.35207\include\__msvc_xlocinfo_types.hpp
注意: 包含文件:             C:\Program Files (x86)\Microsoft Visual Studio\2022\BuildTools\VC\Tools\MSVC\14.44.35207\include\clocale
注意: 包含文件:              C:\Program Files (x86)\Windows Kits\10\include\10.0.26100.0\ucrt\locale.h
注意: 包含文件:     C:\Program Files (x86)\Microsoft Visual Studio\2022\BuildTools\VC\Tools\MSVC\14.44.35207\include\xlocmon
注意: 包含文件:     C:\Program Files (x86)\Microsoft Visual Studio\2022\BuildTools\VC\Tools\MSVC\14.44.35207\include\xloctime
注意: 包含文件:    C:\Program Files (x86)\Microsoft Visual Studio\2022\BuildTools\VC\Tools\MSVC\14.44.35207\include\locale
注意: 包含文件:     C:\Program Files (x86)\Microsoft Visual Studio\2022\BuildTools\VC\Tools\MSVC\14.44.35207\include\xlocbuf
注意: 包含文件:     C:\Program Files (x86)\Microsoft Visual Studio\2022\BuildTools\VC\Tools\MSVC\14.44.35207\include\xlocmes
C:\Users\user\output\deepseek-v4部署\fastllm-master\include\utils\utils.h(30): warning C4067: 预处理器指令后有意外标记 - 应输入换行符
注意: 包含文件:   C:\Program Files (x86)\Windows Kits\10\\include\10.0.26100.0\\um\Windows.h
注意: 包含文件:    C:\Program Files (x86)\Windows Kits\10\\include\10.0.26100.0\\shared\winapifamily.h
注意: 包含文件:     C:\Program Files (x86)\Windows Kits\10\\include\10.0.26100.0\\shared\winpackagefamily.h
注意: 包含文件:    C:\Program Files (x86)\Windows Kits\10\\include\10.0.26100.0\\shared\sdkddkver.h
注意: 包含文件:    C:\Program Files (x86)\Microsoft Visual Studio\2022\BuildTools\VC\Tools\MSVC\14.44.35207\include\excpt.h
注意: 包含文件:    C:\Program Files (x86)\Microsoft Visual Studio\2022\BuildTools\VC\Tools\MSVC\14.44.35207\include\stdarg.h
注意: 包含文件:    C:\Program Files (x86)\Windows Kits\10\\include\10.0.26100.0\\shared\windef.h
注意: 包含文件:     C:\Program Files (x86)\Windows Kits\10\\include\10.0.26100.0\\shared\minwindef.h
注意: 包含文件:      C:\Program Files (x86)\Windows Kits\10\\include\10.0.26100.0\\shared\specstrings.h
注意: 包含文件:       C:\Program Files (x86)\Windows Kits\10\\include\10.0.26100.0\\shared\specstrings_strict.h
注意: 包含文件:        C:\Program Files (x86)\Windows Kits\10\\include\10.0.26100.0\\shared\specstrings_undef.h
注意: 包含文件:       C:\Program Files (x86)\Windows Kits\10\\include\10.0.26100.0\\shared\driverspecs.h
注意: 包含文件:        C:\Program Files (x86)\Windows Kits\10\include\10.0.26100.0\shared\sdv_driverspecs.h
注意: 包含文件:      C:\Program Files (x86)\Windows Kits\10\\include\10.0.26100.0\\um\winnt.h
注意: 包含文件:       C:\Program Files (x86)\Windows Kits\10\\include\10.0.26100.0\\shared\kernelspecs.h
注意: 包含文件:       C:\Program Files (x86)\Windows Kits\10\\include\10.0.26100.0\\shared\basetsd.h
注意: 包含文件:       C:\Program Files (x86)\Windows Kits\10\\include\10.0.26100.0\\shared\guiddef.h
注意: 包含文件:       C:\Program Files (x86)\Windows Kits\10\include\10.0.26100.0\shared\pshpack4.h
注意: 包含文件:       C:\Program Files (x86)\Windows Kits\10\include\10.0.26100.0\shared\poppack.h
注意: 包含文件:       C:\Program Files (x86)\Windows Kits\10\\include\10.0.26100.0\\shared\pshpack4.h
注意: 包含文件:       C:\Program Files (x86)\Windows Kits\10\\include\10.0.26100.0\\shared\poppack.h
注意: 包含文件:       C:\Program Files (x86)\Windows Kits\10\include\10.0.26100.0\shared\pshpack4.h
注意: 包含文件:       C:\Program Files (x86)\Windows Kits\10\include\10.0.26100.0\shared\pshpack2.h
注意: 包含文件:       C:\Program Files (x86)\Windows Kits\10\include\10.0.26100.0\shared\poppack.h
注意: 包含文件:       C:\Program Files (x86)\Windows Kits\10\include\10.0.26100.0\shared\pshpack2.h
注意: 包含文件:       C:\Program Files (x86)\Windows Kits\10\\include\10.0.26100.0\\shared\pshpack2.h
注意: 包含文件:       C:\Program Files (x86)\Windows Kits\10\\include\10.0.26100.0\\shared\poppack.h
注意: 包含文件:       C:\Program Files (x86)\Windows Kits\10\include\10.0.26100.0\shared\poppack.h
注意: 包含文件:       C:\Program Files (x86)\Windows Kits\10\include\10.0.26100.0\shared\pshpack8.h
注意: 包含文件:       C:\Program Files (x86)\Windows Kits\10\include\10.0.26100.0\shared\poppack.h
注意: 包含文件:       C:\Program Files (x86)\Windows Kits\10\include\10.0.26100.0\shared\pshpack1.h
注意: 包含文件:       C:\Program Files (x86)\Windows Kits\10\include\10.0.26100.0\shared\poppack.h
注意: 包含文件:       C:\Program Files (x86)\Windows Kits\10\include\10.0.26100.0\shared\pshpack1.h
注意: 包含文件:       C:\Program Files (x86)\Windows Kits\10\include\10.0.26100.0\shared\poppack.h
注意: 包含文件:       C:\Program Files (x86)\Windows Kits\10\include\10.0.26100.0\shared\poppack.h
注意: 包含文件:       C:\Program Files (x86)\Windows Kits\10\\include\10.0.26100.0\\shared\apiset.h
注意: 包含文件:       C:\Program Files (x86)\Windows Kits\10\\include\10.0.26100.0\\shared\ktmtypes.h
注意: 包含文件:    C:\Program Files (x86)\Windows Kits\10\\include\10.0.26100.0\\um\winbase.h
注意: 包含文件:     C:\Program Files (x86)\Windows Kits\10\\include\10.0.26100.0\\shared\apisetcconv.h
注意: 包含文件:     C:\Program Files (x86)\Windows Kits\10\\include\10.0.26100.0\\um\minwinbase.h
注意: 包含文件:     C:\Program Files (x86)\Windows Kits\10\\include\10.0.26100.0\\um\apiquery2.h
注意: 包含文件:     C:\Program Files (x86)\Windows Kits\10\\include\10.0.26100.0\\um\processenv.h
注意: 包含文件:     C:\Program Files (x86)\Windows Kits\10\\include\10.0.26100.0\\um\fileapifromapp.h
注意: 包含文件:      C:\Program Files (x86)\Windows Kits\10\\include\10.0.26100.0\\um\fileapi.h
注意: 包含文件:     C:\Program Files (x86)\Windows Kits\10\\include\10.0.26100.0\\um\debugapi.h
注意: 包含文件:     C:\Program Files (x86)\Windows Kits\10\\include\10.0.26100.0\\um\utilapiset.h
注意: 包含文件:     C:\Program Files (x86)\Windows Kits\10\\include\10.0.26100.0\\um\handleapi.h
注意: 包含文件:     C:\Program Files (x86)\Windows Kits\10\\include\10.0.26100.0\\um\errhandlingapi.h
注意: 包含文件:     C:\Program Files (x86)\Windows Kits\10\\include\10.0.26100.0\\um\fibersapi.h
注意: 包含文件:     C:\Program Files (x86)\Windows Kits\10\\include\10.0.26100.0\\um\namedpipeapi.h
注意: 包含文件:     C:\Program Files (x86)\Windows Kits\10\\include\10.0.26100.0\\um\profileapi.h
注意: 包含文件:     C:\Program Files (x86)\Windows Kits\10\\include\10.0.26100.0\\um\heapapi.h
注意: 包含文件:     C:\Program Files (x86)\Windows Kits\10\\include\10.0.26100.0\\um\ioapiset.h
注意: 包含文件:     C:\Program Files (x86)\Windows Kits\10\\include\10.0.26100.0\\um\synchapi.h
注意: 包含文件:     C:\Program Files (x86)\Windows Kits\10\\include\10.0.26100.0\\um\interlockedapi.h
注意: 包含文件:     C:\Program Files (x86)\Windows Kits\10\\include\10.0.26100.0\\um\processthreadsapi.h
注意: 包含文件:     C:\Program Files (x86)\Windows Kits\10\\include\10.0.26100.0\\um\sysinfoapi.h
注意: 包含文件:     C:\Program Files (x86)\Windows Kits\10\\include\10.0.26100.0\\um\memoryapi.h
注意: 包含文件:     C:\Program Files (x86)\Windows Kits\10\\include\10.0.26100.0\\um\enclaveapi.h
注意: 包含文件:     C:\Program Files (x86)\Windows Kits\10\\include\10.0.26100.0\\um\threadpoollegacyapiset.h
注意: 包含文件:     C:\Program Files (x86)\Windows Kits\10\\include\10.0.26100.0\\um\threadpoolapiset.h
注意: 包含文件:     C:\Program Files (x86)\Windows Kits\10\\include\10.0.26100.0\\um\jobapi.h
注意: 包含文件:     C:\Program Files (x86)\Windows Kits\10\\include\10.0.26100.0\\um\jobapi2.h
注意: 包含文件:     C:\Program Files (x86)\Windows Kits\10\\include\10.0.26100.0\\um\wow64apiset.h
注意: 包含文件:     C:\Program Files (x86)\Windows Kits\10\\include\10.0.26100.0\\um\libloaderapi.h
注意: 包含文件:     C:\Program Files (x86)\Windows Kits\10\\include\10.0.26100.0\\um\securitybaseapi.h
注意: 包含文件:     C:\Program Files (x86)\Windows Kits\10\\include\10.0.26100.0\\um\namespaceapi.h
注意: 包含文件:     C:\Program Files (x86)\Windows Kits\10\\include\10.0.26100.0\\um\systemtopologyapi.h
注意: 包含文件:     C:\Program Files (x86)\Windows Kits\10\\include\10.0.26100.0\\um\processtopologyapi.h
注意: 包含文件:     C:\Program Files (x86)\Windows Kits\10\\include\10.0.26100.0\\um\securityappcontainer.h
注意: 包含文件:     C:\Program Files (x86)\Windows Kits\10\\include\10.0.26100.0\\um\realtimeapiset.h
注意: 包含文件:     C:\Program Files (x86)\Windows Kits\10\\include\10.0.26100.0\\shared\winerror.h
注意: 包含文件:     C:\Program Files (x86)\Windows Kits\10\\include\10.0.26100.0\\um\timezoneapi.h
注意: 包含文件:    C:\Program Files (x86)\Windows Kits\10\\include\10.0.26100.0\\um\wingdi.h
注意: 包含文件:     C:\Program Files (x86)\Windows Kits\10\\include\10.0.26100.0\\shared\pshpack1.h
注意: 包含文件:     C:\Program Files (x86)\Windows Kits\10\\include\10.0.26100.0\\shared\poppack.h
注意: 包含文件:     C:\Program Files (x86)\Windows Kits\10\\include\10.0.26100.0\\shared\pshpack2.h
注意: 包含文件:     C:\Program Files (x86)\Windows Kits\10\\include\10.0.26100.0\\shared\poppack.h
注意: 包含文件:     C:\Program Files (x86)\Windows Kits\10\\include\10.0.26100.0\\shared\pshpack2.h
注意: 包含文件:     C:\Program Files (x86)\Windows Kits\10\\include\10.0.26100.0\\shared\poppack.h
注意: 包含文件:     C:\Program Files (x86)\Windows Kits\10\\include\10.0.26100.0\\shared\pshpack4.h
注意: 包含文件:     C:\Program Files (x86)\Windows Kits\10\\include\10.0.26100.0\\shared\poppack.h
注意: 包含文件:     C:\Program Files (x86)\Windows Kits\10\\include\10.0.26100.0\\shared\pshpack4.h
注意: 包含文件:     C:\Program Files (x86)\Windows Kits\10\\include\10.0.26100.0\\shared\poppack.h
注意: 包含文件:    C:\Program Files (x86)\Windows Kits\10\\include\10.0.26100.0\\um\winuser.h
注意: 包含文件:     C:\Program Files (x86)\Windows Kits\10\\include\10.0.26100.0\\shared\pshpack2.h
注意: 包含文件:     C:\Program Files (x86)\Windows Kits\10\\include\10.0.26100.0\\shared\poppack.h
注意: 包含文件:     C:\Program Files (x86)\Windows Kits\10\\include\10.0.26100.0\\shared\tvout.h
注意: 包含文件:    C:\Program Files (x86)\Windows Kits\10\\include\10.0.26100.0\\um\winnls.h
注意: 包含文件:     C:\Program Files (x86)\Windows Kits\10\\include\10.0.26100.0\\um\datetimeapi.h
注意: 包含文件:     C:\Program Files (x86)\Windows Kits\10\\include\10.0.26100.0\\um\stringapiset.h
注意: 包含文件:      C:\Program Files (x86)\Windows Kits\10\\include\10.0.26100.0\\um\winnls.h
注意: 包含文件:    C:\Program Files (x86)\Windows Kits\10\\include\10.0.26100.0\\um\wincon.h
注意: 包含文件:     C:\Program Files (x86)\Windows Kits\10\\include\10.0.26100.0\\um\wincontypes.h
注意: 包含文件:     C:\Program Files (x86)\Windows Kits\10\\include\10.0.26100.0\\um\consoleapi.h
注意: 包含文件:     C:\Program Files (x86)\Windows Kits\10\\include\10.0.26100.0\\um\consoleapi2.h
注意: 包含文件:     C:\Program Files (x86)\Windows Kits\10\\include\10.0.26100.0\\um\consoleapi3.h
注意: 包含文件:    C:\Program Files (x86)\Windows Kits\10\\include\10.0.26100.0\\um\winver.h
注意: 包含文件:     C:\Program Files (x86)\Windows Kits\10\\include\10.0.26100.0\\um\verrsrc.h
注意: 包含文件:    C:\Program Files (x86)\Windows Kits\10\\include\10.0.26100.0\\um\winreg.h
注意: 包含文件:     C:\Program Files (x86)\Windows Kits\10\\include\10.0.26100.0\\um\reason.h
注意: 包含文件:    C:\Program Files (x86)\Windows Kits\10\\include\10.0.26100.0\\um\winnetwk.h
注意: 包含文件:     C:\Program Files (x86)\Windows Kits\10\\include\10.0.26100.0\\shared\wnnc.h
注意: 包含文件:    C:\Program Files (x86)\Windows Kits\10\\include\10.0.26100.0\\shared\cderr.h
注意: 包含文件:    C:\Program Files (x86)\Windows Kits\10\\include\10.0.26100.0\\um\dde.h
注意: 包含文件:    C:\Program Files (x86)\Windows Kits\10\\include\10.0.26100.0\\um\ddeml.h
注意: 包含文件:    C:\Program Files (x86)\Windows Kits\10\\include\10.0.26100.0\\um\dlgs.h
注意: 包含文件:    C:\Program Files (x86)\Windows Kits\10\\include\10.0.26100.0\\um\lzexpand.h
注意: 包含文件:    C:\Program Files (x86)\Windows Kits\10\\include\10.0.26100.0\\um\mmsystem.h
注意: 包含文件:     C:\Program Files (x86)\Windows Kits\10\\include\10.0.26100.0\\um\mmsyscom.h
注意: 包含文件:      C:\Program Files (x86)\Windows Kits\10\\include\10.0.26100.0\\shared\pshpack1.h
注意: 包含文件:      C:\Program Files (x86)\Windows Kits\10\\include\10.0.26100.0\\shared\poppack.h
注意: 包含文件:     C:\Program Files (x86)\Windows Kits\10\\include\10.0.26100.0\\shared\pshpack1.h
注意: 包含文件:     C:\Program Files (x86)\Windows Kits\10\\include\10.0.26100.0\\um\mciapi.h
注意: 包含文件:      C:\Program Files (x86)\Windows Kits\10\\include\10.0.26100.0\\um\mmsyscom.h
注意: 包含文件:     C:\Program Files (x86)\Windows Kits\10\\include\10.0.26100.0\\um\mmiscapi.h
注意: 包含文件:      C:\Program Files (x86)\Windows Kits\10\\include\10.0.26100.0\\um\mmsyscom.h
注意: 包含文件:     C:\Program Files (x86)\Windows Kits\10\\include\10.0.26100.0\\um\mmiscapi2.h
注意: 包含文件:      C:\Program Files (x86)\Windows Kits\10\\include\10.0.26100.0\\um\mmsyscom.h
注意: 包含文件:     C:\Program Files (x86)\Windows Kits\10\\include\10.0.26100.0\\um\playsoundapi.h
注意: 包含文件:      C:\Program Files (x86)\Windows Kits\10\\include\10.0.26100.0\\um\mmsyscom.h
注意: 包含文件:     C:\Program Files (x86)\Windows Kits\10\\include\10.0.26100.0\\um\mmeapi.h
注意: 包含文件:      C:\Program Files (x86)\Windows Kits\10\\include\10.0.26100.0\\um\mmsyscom.h
注意: 包含文件:     C:\Program Files (x86)\Windows Kits\10\\include\10.0.26100.0\\um\timeapi.h
注意: 包含文件:      C:\Program Files (x86)\Windows Kits\10\\include\10.0.26100.0\\um\mmsyscom.h
注意: 包含文件:     C:\Program Files (x86)\Windows Kits\10\\include\10.0.26100.0\\um\joystickapi.h
注意: 包含文件:      C:\Program Files (x86)\Windows Kits\10\\include\10.0.26100.0\\um\mmsyscom.h
注意: 包含文件:     C:\Program Files (x86)\Windows Kits\10\\include\10.0.26100.0\\shared\poppack.h
注意: 包含文件:    C:\Program Files (x86)\Windows Kits\10\\include\10.0.26100.0\\um\nb30.h
注意: 包含文件:    C:\Program Files (x86)\Windows Kits\10\\include\10.0.26100.0\\shared\rpc.h
注意: 包含文件:     C:\Program Files (x86)\Windows Kits\10\\include\10.0.26100.0\\shared\pshpack8.h
注意: 包含文件:     C:\Program Files (x86)\Windows Kits\10\\include\10.0.26100.0\\shared\rpcdce.h
注意: 包含文件:      C:\Program Files (x86)\Windows Kits\10\\include\10.0.26100.0\\shared\rpcdcep.h
注意: 包含文件:     C:\Program Files (x86)\Windows Kits\10\\include\10.0.26100.0\\um\rpcnsi.h
注意: 包含文件:     C:\Program Files (x86)\Windows Kits\10\\include\10.0.26100.0\\shared\rpcnterr.h
注意: 包含文件:     C:\Program Files (x86)\Windows Kits\10\\include\10.0.26100.0\\shared\rpcasync.h
注意: 包含文件:      C:\Program Files (x86)\Windows Kits\10\\include\10.0.26100.0\\shared\pshpack8.h
注意: 包含文件:      C:\Program Files (x86)\Windows Kits\10\\include\10.0.26100.0\\shared\poppack.h
注意: 包含文件:     C:\Program Files (x86)\Windows Kits\10\\include\10.0.26100.0\\shared\poppack.h
注意: 包含文件:    C:\Program Files (x86)\Windows Kits\10\\include\10.0.26100.0\\um\shellapi.h
注意: 包含文件:    C:\Program Files (x86)\Windows Kits\10\\include\10.0.26100.0\\um\winperf.h
注意: 包含文件:     C:\Program Files (x86)\Windows Kits\10\\include\10.0.26100.0\\shared\pshpack8.h
注意: 包含文件:     C:\Program Files (x86)\Windows Kits\10\\include\10.0.26100.0\\shared\poppack.h
注意: 包含文件:    C:\Program Files (x86)\Windows Kits\10\\include\10.0.26100.0\\um\winsock.h
注意: 包含文件:     C:\Program Files (x86)\Windows Kits\10\\include\10.0.26100.0\\shared\inaddr.h
注意: 包含文件:    C:\Program Files (x86)\Windows Kits\10\\include\10.0.26100.0\\um\wincrypt.h
注意: 包含文件:     C:\Program Files (x86)\Windows Kits\10\\include\10.0.26100.0\\shared\bcrypt.h
注意: 包含文件:     C:\Program Files (x86)\Windows Kits\10\\include\10.0.26100.0\\um\ncrypt.h
注意: 包含文件:     C:\Program Files (x86)\Windows Kits\10\\include\10.0.26100.0\\um\dpapi.h
注意: 包含文件:    C:\Program Files (x86)\Windows Kits\10\\include\10.0.26100.0\\um\winefs.h
注意: 包含文件:    C:\Program Files (x86)\Windows Kits\10\\include\10.0.26100.0\\um\winscard.h
注意: 包含文件:     C:\Program Files (x86)\Windows Kits\10\\include\10.0.26100.0\\shared\wtypes.h
注意: 包含文件:      C:\Program Files (x86)\Windows Kits\10\include\10.0.26100.0\shared\rpcndr.h
注意: 包含文件:       C:\Program Files (x86)\Windows Kits\10\\include\10.0.26100.0\\shared\pshpack8.h
注意: 包含文件:       C:\Program Files (x86)\Windows Kits\10\\include\10.0.26100.0\\um\rpcnsip.h
注意: 包含文件:       C:\Program Files (x86)\Windows Kits\10\\include\10.0.26100.0\\shared\rpcsal.h
注意: 包含文件:       C:\Program Files (x86)\Windows Kits\10\\include\10.0.26100.0\\shared\poppack.h
注意: 包含文件:      C:\Program Files (x86)\Windows Kits\10\include\10.0.26100.0\shared\wtypesbase.h
注意: 包含文件:       C:\Program Files (x86)\Windows Kits\10\include\10.0.26100.0\shared\guiddef.h
注意: 包含文件:     C:\Program Files (x86)\Windows Kits\10\\include\10.0.26100.0\\um\winioctl.h
注意: 包含文件:      C:\Program Files (x86)\Windows Kits\10\\include\10.0.26100.0\\shared\pshpack1.h
注意: 包含文件:      C:\Program Files (x86)\Windows Kits\10\\include\10.0.26100.0\\shared\poppack.h
注意: 包含文件:      C:\Program Files (x86)\Windows Kits\10\\include\10.0.26100.0\\shared\pshpack1.h
注意: 包含文件:      C:\Program Files (x86)\Windows Kits\10\\include\10.0.26100.0\\shared\poppack.h
注意: 包含文件:      C:\Program Files (x86)\Windows Kits\10\\include\10.0.26100.0\\shared\pshpack1.h
注意: 包含文件:      C:\Program Files (x86)\Windows Kits\10\\include\10.0.26100.0\\shared\poppack.h
注意: 包含文件:      C:\Program Files (x86)\Windows Kits\10\\include\10.0.26100.0\\shared\pshpack1.h
注意: 包含文件:      C:\Program Files (x86)\Windows Kits\10\\include\10.0.26100.0\\shared\poppack.h
注意: 包含文件:      C:\Program Files (x86)\Windows Kits\10\\include\10.0.26100.0\\shared\pshpack1.h
注意: 包含文件:      C:\Program Files (x86)\Windows Kits\10\\include\10.0.26100.0\\shared\poppack.h
注意: 包含文件:      C:\Program Files (x86)\Windows Kits\10\\include\10.0.26100.0\\shared\pshpack1.h
注意: 包含文件:      C:\Program Files (x86)\Windows Kits\10\\include\10.0.26100.0\\shared\poppack.h
注意: 包含文件:      C:\Program Files (x86)\Windows Kits\10\\include\10.0.26100.0\\shared\pshpack1.h
注意: 包含文件:      C:\Program Files (x86)\Windows Kits\10\\include\10.0.26100.0\\shared\poppack.h
注意: 包含文件:     C:\Program Files (x86)\Windows Kits\10\\include\10.0.26100.0\\shared\winsmcrd.h
注意: 包含文件:    C:\Program Files (x86)\Windows Kits\10\\include\10.0.26100.0\\um\winspool.h
注意: 包含文件:     C:\Program Files (x86)\Windows Kits\10\\include\10.0.26100.0\\um\prsht.h
注意: 包含文件:      C:\Program Files (x86)\Windows Kits\10\\include\10.0.26100.0\\shared\pshpack8.h
注意: 包含文件:      C:\Program Files (x86)\Windows Kits\10\\include\10.0.26100.0\\shared\poppack.h
注意: 包含文件:    C:\Program Files (x86)\Windows Kits\10\\include\10.0.26100.0\\um\ole2.h
注意: 包含文件:     C:\Program Files (x86)\Windows Kits\10\\include\10.0.26100.0\\shared\pshpack8.h
注意: 包含文件:     C:\Program Files (x86)\Windows Kits\10\\include\10.0.26100.0\\um\objbase.h
注意: 包含文件:      C:\Program Files (x86)\Windows Kits\10\\include\10.0.26100.0\\shared\pshpack8.h
注意: 包含文件:      C:\Program Files (x86)\Windows Kits\10\\include\10.0.26100.0\\um\combaseapi.h
注意: 包含文件:       C:\Program Files (x86)\Windows Kits\10\\include\10.0.26100.0\\shared\pshpack8.h
注意: 包含文件:       C:\Program Files (x86)\Windows Kits\10\\include\10.0.26100.0\\um\unknwnbase.h
注意: 包含文件:       C:\Program Files (x86)\Windows Kits\10\\include\10.0.26100.0\\um\objidlbase.h
注意: 包含文件:       C:\Program Files (x86)\Windows Kits\10\\include\10.0.26100.0\\shared\guiddef.h
注意: 包含文件:       C:\Program Files (x86)\Windows Kits\10\\include\10.0.26100.0\\um\cguid.h
注意: 包含文件:       C:\Program Files (x86)\Windows Kits\10\\include\10.0.26100.0\\shared\poppack.h
注意: 包含文件:      C:\Program Files (x86)\Windows Kits\10\\include\10.0.26100.0\\um\coml2api.h
注意: 包含文件:       C:\Program Files (x86)\Windows Kits\10\\include\10.0.26100.0\\um\objidl.h
注意: 包含文件:        C:\Program Files (x86)\Windows Kits\10\include\10.0.26100.0\um\unknwn.h
注意: 包含文件:       C:\Program Files (x86)\Windows Kits\10\\include\10.0.26100.0\\um\propidlbase.h
注意: 包含文件:        C:\Program Files (x86)\Windows Kits\10\include\10.0.26100.0\um\oaidl.h
注意: 包含文件:      C:\Program Files (x86)\Windows Kits\10\\include\10.0.26100.0\\um\urlmon.h
注意: 包含文件:       C:\Program Files (x86)\Windows Kits\10\include\10.0.26100.0\um\oleidl.h
注意: 包含文件:       C:\Program Files (x86)\Windows Kits\10\include\10.0.26100.0\um\servprov.h
注意: 包含文件:       C:\Program Files (x86)\Windows Kits\10\include\10.0.26100.0\um\msxml.h
注意: 包含文件:      C:\Program Files (x86)\Windows Kits\10\\include\10.0.26100.0\\um\propidl.h
注意: 包含文件:      C:\Program Files (x86)\Windows Kits\10\\include\10.0.26100.0\\shared\poppack.h
注意: 包含文件:     C:\Program Files (x86)\Windows Kits\10\\include\10.0.26100.0\\um\oleauto.h
注意: 包含文件:      C:\Program Files (x86)\Windows Kits\10\\include\10.0.26100.0\\shared\pshpack8.h
注意: 包含文件:      C:\Program Files (x86)\Windows Kits\10\\include\10.0.26100.0\\shared\poppack.h
注意: 包含文件:     C:\Program Files (x86)\Windows Kits\10\\include\10.0.26100.0\\shared\poppack.h
注意: 包含文件:    C:\Program Files (x86)\Windows Kits\10\\include\10.0.26100.0\\um\commdlg.h
注意: 包含文件:     C:\Program Files (x86)\Windows Kits\10\\include\10.0.26100.0\\um\prsht.h
注意: 包含文件:    C:\Program Files (x86)\Windows Kits\10\\include\10.0.26100.0\\shared\stralign.h
注意: 包含文件:    C:\Program Files (x86)\Windows Kits\10\\include\10.0.26100.0\\um\winsvc.h
注意: 包含文件:    C:\Program Files (x86)\Windows Kits\10\\include\10.0.26100.0\\um\mcx.h
注意: 包含文件:    C:\Program Files (x86)\Windows Kits\10\\include\10.0.26100.0\\um\imm.h
注意: 包含文件:     C:\Program Files (x86)\Windows Kits\10\\include\10.0.26100.0\\um\ime_cmodes.h
注意: 包含文件:   C:\Program Files (x86)\Windows Kits\10\include\10.0.26100.0\ucrt\io.h
注意: 包含文件:    C:\Program Files (x86)\Windows Kits\10\include\10.0.26100.0\ucrt\corecrt_io.h
C:\Users\user\output\deepseek-v4部署\fastllm-master\include\utils\utils.h(109): warning C4996: '_wfopen': This function or variable may be unsafe. Consider using _wfopen_s instead. To disable deprecation, use _CRT_SECURE_NO_WARNINGS. See online help for details.
C:\Users\user\output\deepseek-v4部署\fastllm-master\include\utils\utils.h(118): warning C4996: '_wopen': This function or variable may be unsafe. Consider using _wsopen_s instead. To disable deprecation, use _CRT_SECURE_NO_WARNINGS. See online help for details.
C:\Users\user\output\deepseek-v4部署\fastllm-master\include\utils\utils.h(150): warning C4244: “return”: 从“double”转换到“float”，可能丢失数据
C:\Users\user\output\deepseek-v4部署\fastllm-master\include\utils\utils.h(355): warning C4267: “初始化”: 从“size_t”转换到“int”，可能丢失数据
C:\Users\user\output\deepseek-v4部署\fastllm-master\include\utils\utils.h(417): warning C4244: “+=”: 从“double”转换到“float”，可能丢失数据
注意: 包含文件:  C:\Users\user\output\deepseek-v4部署\fastllm-master\include\models\graphllm.h
注意: 包含文件:   C:\Users\user\output\deepseek-v4部署\fastllm-master\include\models\basellm.h
注意: 包含文件:    C:\Users\user\output\deepseek-v4部署\fastllm-master\include\fastllm.h
注意: 包含文件:     C:\Program Files (x86)\Microsoft Visual Studio\2022\BuildTools\VC\Tools\MSVC\14.44.35207\include\set
注意: 包含文件:     C:\Program Files (x86)\Microsoft Visual Studio\2022\BuildTools\VC\Tools\MSVC\14.44.35207\include\queue
注意: 包含文件:     C:\Program Files (x86)\Microsoft Visual Studio\2022\BuildTools\VC\Tools\MSVC\14.44.35207\include\unordered_map
注意: 包含文件:      C:\Program Files (x86)\Microsoft Visual Studio\2022\BuildTools\VC\Tools\MSVC\14.44.35207\include\xhash
注意: 包含文件:       C:\Program Files (x86)\Microsoft Visual Studio\2022\BuildTools\VC\Tools\MSVC\14.44.35207\include\list
注意: 包含文件:       C:\Program Files (x86)\Microsoft Visual Studio\2022\BuildTools\VC\Tools\MSVC\14.44.35207\include\xbit_ops.h
注意: 包含文件:     C:\Program Files (x86)\Microsoft Visual Studio\2022\BuildTools\VC\Tools\MSVC\14.44.35207\include\unordered_set
注意: 包含文件:     C:\Program Files (x86)\Microsoft Visual Studio\2022\BuildTools\VC\Tools\MSVC\14.44.35207\include\iostream
注意: 包含文件:      C:\Program Files (x86)\Microsoft Visual Studio\2022\BuildTools\VC\Tools\MSVC\14.44.35207\include\ostream
注意: 包含文件:     C:\Program Files (x86)\Microsoft Visual Studio\2022\BuildTools\VC\Tools\MSVC\14.44.35207\include\functional
注意: 包含文件:     C:\Program Files (x86)\Microsoft Visual Studio\2022\BuildTools\VC\Tools\MSVC\14.44.35207\include\mutex
注意: 包含文件:     C:\Program Files (x86)\Microsoft Visual Studio\2022\BuildTools\VC\Tools\MSVC\14.44.35207\include\codecvt
注意: 包含文件:     C:\Users\user\output\deepseek-v4部署\fastllm-master\include\devices/cpu/alivethreadpool.h
C:\Users\user\output\deepseek-v4部署\fastllm-master\include\devices/cpu/alivethreadpool.h(135): warning C4267: “初始化”: 从“size_t”转换到“int”，可能丢失数据
C:\Users\user\output\deepseek-v4部署\fastllm-master\include\devices/cpu/alivethreadpool.h(175): warning C4267: “初始化”: 从“size_t”转换到“int”，可能丢失数据
C:\Users\user\output\deepseek-v4部署\fastllm-master\include\devices/cpu/alivethreadpool.h(235): warning C4267: “初始化”: 从“size_t”转换到“int”，可能丢失数据
C:\Users\user\output\deepseek-v4部署\fastllm-master\include\devices/cpu/alivethreadpool.h(236): warning C4267: “初始化”: 从“size_t”转换到“int”，可能丢失数据
C:\Users\user\output\deepseek-v4部署\fastllm-master\include\devices/cpu/alivethreadpool.h(237): warning C4267: “初始化”: 从“size_t”转换到“int”，可能丢失数据
C:\Users\user\output\deepseek-v4部署\fastllm-master\include\devices/cpu/alivethreadpool.h(280): warning C4267: “初始化”: 从“size_t”转换到“int”，可能丢失数据
C:\Users\user\output\deepseek-v4部署\fastllm-master\include\devices/cpu/alivethreadpool.h(326): warning C4267: “初始化”: 从“size_t”转换到“int”，可能丢失数据
C:\Users\user\output\deepseek-v4部署\fastllm-master\include\devices/cpu/alivethreadpool.h(329): warning C4267: “初始化”: 从“size_t”转换到“int”，可能丢失数据
C:\Users\user\output\deepseek-v4部署\fastllm-master\include\devices/cpu/alivethreadpool.h(369): warning C4267: “初始化”: 从“size_t”转换到“int”，可能丢失数据
C:\Users\user\output\deepseek-v4部署\fastllm-master\include\devices/cpu/alivethreadpool.h(371): warning C4267: “初始化”: 从“size_t”转换到“int”，可能丢失数据
注意: 包含文件:     C:\Users\user\output\deepseek-v4部署\fastllm-master\third_party\json11\json11.hpp
C:\Users\user\output\deepseek-v4部署\fastllm-master\include\fastllm.h(222): warning C4244: “初始化”: 从“int”转换到“float”，可能丢失数据
C:\Users\user\output\deepseek-v4部署\fastllm-master\include\fastllm.h(222): warning C4244: “初始化”: 从“int”转换到“const float”，可能丢失数据
C:\Users\user\output\deepseek-v4部署\fastllm-master\include\fastllm.h(227): warning C4244: “=”: 从“float”转换到“uint8_t”，可能丢失数据
C:\Users\user\output\deepseek-v4部署\fastllm-master\include\fastllm.h(229): warning C4244: “=”: 从“const float”转换到“uint8_t”，可能丢失数据
C:\Users\user\output\deepseek-v4部署\fastllm-master\include\fastllm.h(687): warning C4996: 'std::codecvt_utf8<wchar_t,1114111,(std::codecvt_mode)0>': warning STL4017: std::wbuffer_convert, std::wstring_convert, and the <codecvt> header (containing std::codecvt_mode, std::codecvt_utf8, std::codecvt_utf16, and std::codecvt_utf8_utf16) are deprecated in C++17. (The std::codecvt class template is NOT deprecated.) The C++ Standard doesn't provide equivalent non-deprecated functionality; consider using MultiByteToWideChar() and WideCharToMultiByte() from <Windows.h> instead. You can define _SILENCE_CXX17_CODECVT_HEADER_DEPRECATION_WARNING or _SILENCE_ALL_CXX17_DEPRECATION_WARNINGS to suppress this warning.
C:\Program Files (x86)\Microsoft Visual Studio\2022\BuildTools\VC\Tools\MSVC\14.44.35207\include\codecvt(34): note: 参见“std::codecvt_utf8”的声明
C:\Users\user\output\deepseek-v4部署\fastllm-master\include\fastllm.h(687): warning C4996: 'std::wstring_convert<std::codecvt_utf8<wchar_t,1114111,(std::codecvt_mode)0>,wchar_t,std::allocator<wchar_t>,std::allocator<char>>': warning STL4017: std::wbuffer_convert, std::wstring_convert, and the <codecvt> header (containing std::codecvt_mode, std::codecvt_utf8, std::codecvt_utf16, and std::codecvt_utf8_utf16) are deprecated in C++17. (The std::codecvt class template is NOT deprecated.) The C++ Standard doesn't provide equivalent non-deprecated functionality; consider using MultiByteToWideChar() and WideCharToMultiByte() from <Windows.h> instead. You can define _SILENCE_CXX17_CODECVT_HEADER_DEPRECATION_WARNING or _SILENCE_ALL_CXX17_DEPRECATION_WARNINGS to suppress this warning.
C:\Program Files (x86)\Microsoft Visual Studio\2022\BuildTools\VC\Tools\MSVC\14.44.35207\include\xlocbuf(303): note: 参见“std::wstring_convert”的声明
注意: 包含文件:    C:\Users\user\output\deepseek-v4部署\fastllm-master\include\blocks\baseblock.h
注意: 包含文件:    C:\Users\user\output\deepseek-v4部署\fastllm-master\include\template.h
注意: 包含文件:    C:\Program Files (x86)\Microsoft Visual Studio\2022\BuildTools\VC\Tools\MSVC\14.44.35207\include\condition_variable
C:\Users\user\output\deepseek-v4部署\fastllm-master\include\models\basellm.h(344): warning C4305: “初始化”: 从“double”到“float”截断
C:\Users\user\output\deepseek-v4部署\fastllm-master\include\models\basellm.h(348): warning C4244: “初始化”: 从“double”转换到“const float”，可能丢失数据
注意: 包含文件:   C:\Users\user\output\deepseek-v4部署\fastllm-master\include\graph.h
注意: 包含文件:    C:\Users\user\output\deepseek-v4部署\fastllm-master\include\executor.h
注意: 包含文件:     C:\Users\user\output\deepseek-v4部署\fastllm-master\include\device.h
C:\Users\user\output\deepseek-v4部署\fastllm-master\include\models\graphllm.h(78): warning C4305: “初始化”: 从“double”到“float”截断
注意: 包含文件:  C:\Program Files (x86)\Microsoft Visual Studio\2022\BuildTools\VC\Tools\MSVC\14.44.35207\include\sstream
注意: 包含文件:  C:\Users\user\output\deepseek-v4部署\fastllm-master\include\devices\cuda\fastllm-cuda.cuh
C:\Users\user\output\deepseek-v4部署\fastllm-master\src\models\graphllm.cpp(45): warning C4244: “=”: 从“double”转换到“float”，可能丢失数据
C:\Users\user\output\deepseek-v4部署\fastllm-master\src\models\graphllm.cpp(48): warning C4244: “=”: 从“double”转换到“float”，可能丢失数据
C:\Users\user\output\deepseek-v4部署\fastllm-master\src\models\graphllm.cpp(58): warning C4244: “=”: 从“double”转换到“float”，可能丢失数据
C:\Users\user\output\deepseek-v4部署\fastllm-master\src\models\graphllm.cpp(61): warning C4244: “=”: 从“double”转换到“float”，可能丢失数据
C:\Users\user\output\deepseek-v4部署\fastllm-master\src\models\graphllm.cpp(77): warning C4244: “参数”: 从“double”转换到“_Ty”，可能丢失数据
        with
        [
            _Ty=float
        ]
C:\Users\user\output\deepseek-v4部署\fastllm-master\src\models\graphllm.cpp(79): warning C4244: “初始化”: 从“double”转换到“float”，可能丢失数据
C:\Users\user\output\deepseek-v4部署\fastllm-master\src\models\graphllm.cpp(194): warning C4244: “+=”: 从“uint64_t”转换到“int”，可能丢失数据
C:\Users\user\output\deepseek-v4部署\fastllm-master\src\models\graphllm.cpp(330): warning C4244: “=”: 从“int”转换到“_Ty”，可能丢失数据
        with
        [
            _Ty=float
        ]
C:\Program Files (x86)\Microsoft Visual Studio\2022\BuildTools\VC\Tools\MSVC\14.44.35207\include\xutility(5310): warning C4244: “=”: 从“const _Ty”转换到“_Ty”，可能丢失数据
        with
        [
            _Ty=double
        ]
        and
        [
            _Ty=float
        ]
C:\Program Files (x86)\Microsoft Visual Studio\2022\BuildTools\VC\Tools\MSVC\14.44.35207\include\xutility(5310): note: 模板实例化上下文(最早的实例化上下文)为
C:\Users\user\output\deepseek-v4部署\fastllm-master\src\models\graphllm.cpp(264): note: 查看对正在编译的函数 模板 实例化“void std::fill<_Ty*,double>(const _FwdIt,const _FwdIt,const double &)”的引用
        with
        [
            _Ty=float,
            _FwdIt=float *
        ]
[6/76] Building CXX object CMakeFiles\fastllm_tools.dir\src\models\chatglm.cpp.obj
注意: 包含文件:  C:\Users\user\output\deepseek-v4部署\fastllm-master\include\utils\utils.h
注意: 包含文件:   C:\Program Files (x86)\Microsoft Visual Studio\2022\BuildTools\VC\Tools\MSVC\14.44.35207\include\cmath
注意: 包含文件:    C:\Program Files (x86)\Microsoft Visual Studio\2022\BuildTools\VC\Tools\MSVC\14.44.35207\include\yvals.h
注意: 包含文件:     C:\Program Files (x86)\Microsoft Visual Studio\2022\BuildTools\VC\Tools\MSVC\14.44.35207\include\yvals_core.h
注意: 包含文件:      C:\Program Files (x86)\Microsoft Visual Studio\2022\BuildTools\VC\Tools\MSVC\14.44.35207\include\vcruntime.h
注意: 包含文件:       C:\Program Files (x86)\Microsoft Visual Studio\2022\BuildTools\VC\Tools\MSVC\14.44.35207\include\sal.h
注意: 包含文件:        C:\Program Files (x86)\Microsoft Visual Studio\2022\BuildTools\VC\Tools\MSVC\14.44.35207\include\concurrencysal.h
注意: 包含文件:       C:\Program Files (x86)\Microsoft Visual Studio\2022\BuildTools\VC\Tools\MSVC\14.44.35207\include\vadefs.h
注意: 包含文件:      C:\Program Files (x86)\Microsoft Visual Studio\2022\BuildTools\VC\Tools\MSVC\14.44.35207\include\xkeycheck.h
注意: 包含文件:     C:\Program Files (x86)\Windows Kits\10\include\10.0.26100.0\ucrt\crtdbg.h
注意: 包含文件:      C:\Program Files (x86)\Windows Kits\10\include\10.0.26100.0\ucrt\corecrt.h
注意: 包含文件:      C:\Program Files (x86)\Microsoft Visual Studio\2022\BuildTools\VC\Tools\MSVC\14.44.35207\include\vcruntime_new_debug.h
注意: 包含文件:       C:\Program Files (x86)\Microsoft Visual Studio\2022\BuildTools\VC\Tools\MSVC\14.44.35207\include\vcruntime_new.h
注意: 包含文件:     C:\Program Files (x86)\Microsoft Visual Studio\2022\BuildTools\VC\Tools\MSVC\14.44.35207\include\crtdefs.h
注意: 包含文件:     C:\Program Files (x86)\Microsoft Visual Studio\2022\BuildTools\VC\Tools\MSVC\14.44.35207\include\use_ansi.h
注意: 包含文件:    C:\Program Files (x86)\Microsoft Visual Studio\2022\BuildTools\VC\Tools\MSVC\14.44.35207\include\cstdlib
注意: 包含文件:     C:\Program Files (x86)\Windows Kits\10\include\10.0.26100.0\ucrt\math.h
注意: 包含文件:      C:\Program Files (x86)\Windows Kits\10\include\10.0.26100.0\ucrt\corecrt_math.h
注意: 包含文件:     C:\Program Files (x86)\Windows Kits\10\include\10.0.26100.0\ucrt\stdlib.h
注意: 包含文件:      C:\Program Files (x86)\Windows Kits\10\include\10.0.26100.0\ucrt\corecrt_malloc.h
注意: 包含文件:      C:\Program Files (x86)\Windows Kits\10\include\10.0.26100.0\ucrt\corecrt_search.h
注意: 包含文件:       C:\Program Files (x86)\Windows Kits\10\include\10.0.26100.0\ucrt\stddef.h
注意: 包含文件:      C:\Program Files (x86)\Windows Kits\10\include\10.0.26100.0\ucrt\corecrt_wstdlib.h
注意: 包含文件:      C:\Program Files (x86)\Microsoft Visual Studio\2022\BuildTools\VC\Tools\MSVC\14.44.35207\include\limits.h
注意: 包含文件:    C:\Program Files (x86)\Microsoft Visual Studio\2022\BuildTools\VC\Tools\MSVC\14.44.35207\include\xtr1common
注意: 包含文件:    C:\Program Files (x86)\Microsoft Visual Studio\2022\BuildTools\VC\Tools\MSVC\14.44.35207\include\intrin0.h
注意: 包含文件:     C:\Program Files (x86)\Microsoft Visual Studio\2022\BuildTools\VC\Tools\MSVC\14.44.35207\include\intrin0.inl.h
注意: 包含文件:   C:\Program Files (x86)\Microsoft Visual Studio\2022\BuildTools\VC\Tools\MSVC\14.44.35207\include\algorithm
注意: 包含文件:    C:\Program Files (x86)\Microsoft Visual Studio\2022\BuildTools\VC\Tools\MSVC\14.44.35207\include\__msvc_heap_algorithms.hpp
注意: 包含文件:     C:\Program Files (x86)\Microsoft Visual Studio\2022\BuildTools\VC\Tools\MSVC\14.44.35207\include\xutility
注意: 包含文件:      C:\Program Files (x86)\Microsoft Visual Studio\2022\BuildTools\VC\Tools\MSVC\14.44.35207\include\__msvc_iter_core.hpp
注意: 包含文件:       C:\Program Files (x86)\Microsoft Visual Studio\2022\BuildTools\VC\Tools\MSVC\14.44.35207\include\utility
注意: 包含文件:        C:\Program Files (x86)\Microsoft Visual Studio\2022\BuildTools\VC\Tools\MSVC\14.44.35207\include\initializer_list
注意: 包含文件:         C:\Program Files (x86)\Microsoft Visual Studio\2022\BuildTools\VC\Tools\MSVC\14.44.35207\include\cstddef
注意: 包含文件:        C:\Program Files (x86)\Microsoft Visual Studio\2022\BuildTools\VC\Tools\MSVC\14.44.35207\include\type_traits
注意: 包含文件:         C:\Program Files (x86)\Microsoft Visual Studio\2022\BuildTools\VC\Tools\MSVC\14.44.35207\include\cstdint
注意: 包含文件:          C:\Program Files (x86)\Microsoft Visual Studio\2022\BuildTools\VC\Tools\MSVC\14.44.35207\include\stdint.h
注意: 包含文件:         C:\Program Files (x86)\Microsoft Visual Studio\2022\BuildTools\VC\Tools\MSVC\14.44.35207\include\cstring
注意: 包含文件:          C:\Program Files (x86)\Windows Kits\10\include\10.0.26100.0\ucrt\string.h
注意: 包含文件:           C:\Program Files (x86)\Windows Kits\10\include\10.0.26100.0\ucrt\corecrt_memory.h
注意: 包含文件:            C:\Program Files (x86)\Windows Kits\10\include\10.0.26100.0\ucrt\corecrt_memcpy_s.h
注意: 包含文件:             C:\Program Files (x86)\Windows Kits\10\include\10.0.26100.0\ucrt\errno.h
注意: 包含文件:             C:\Program Files (x86)\Microsoft Visual Studio\2022\BuildTools\VC\Tools\MSVC\14.44.35207\include\vcruntime_string.h
注意: 包含文件:           C:\Program Files (x86)\Windows Kits\10\include\10.0.26100.0\ucrt\corecrt_wstring.h
注意: 包含文件:      C:\Program Files (x86)\Microsoft Visual Studio\2022\BuildTools\VC\Tools\MSVC\14.44.35207\include\climits
注意: 包含文件:      C:\Program Files (x86)\Microsoft Visual Studio\2022\BuildTools\VC\Tools\MSVC\14.44.35207\include\cwchar
注意: 包含文件:       C:\Program Files (x86)\Microsoft Visual Studio\2022\BuildTools\VC\Tools\MSVC\14.44.35207\include\cstdio
注意: 包含文件:        C:\Program Files (x86)\Windows Kits\10\include\10.0.26100.0\ucrt\stdio.h
注意: 包含文件:         C:\Program Files (x86)\Windows Kits\10\include\10.0.26100.0\ucrt\corecrt_wstdio.h
注意: 包含文件:          C:\Program Files (x86)\Windows Kits\10\include\10.0.26100.0\ucrt\corecrt_stdio_config.h
注意: 包含文件:       C:\Program Files (x86)\Windows Kits\10\include\10.0.26100.0\ucrt\wchar.h
注意: 包含文件:        C:\Program Files (x86)\Windows Kits\10\include\10.0.26100.0\ucrt\corecrt_wconio.h
注意: 包含文件:        C:\Program Files (x86)\Windows Kits\10\include\10.0.26100.0\ucrt\corecrt_wctype.h
注意: 包含文件:        C:\Program Files (x86)\Windows Kits\10\include\10.0.26100.0\ucrt\corecrt_wdirect.h
注意: 包含文件:        C:\Program Files (x86)\Windows Kits\10\include\10.0.26100.0\ucrt\corecrt_wio.h
注意: 包含文件:         C:\Program Files (x86)\Windows Kits\10\include\10.0.26100.0\ucrt\corecrt_share.h
注意: 包含文件:        C:\Program Files (x86)\Windows Kits\10\include\10.0.26100.0\ucrt\corecrt_wprocess.h
注意: 包含文件:        C:\Program Files (x86)\Windows Kits\10\include\10.0.26100.0\ucrt\corecrt_wtime.h
注意: 包含文件:        C:\Program Files (x86)\Windows Kits\10\include\10.0.26100.0\ucrt\sys/stat.h
注意: 包含文件:         C:\Program Files (x86)\Windows Kits\10\include\10.0.26100.0\ucrt\sys/types.h
注意: 包含文件:        C:\Program Files (x86)\Microsoft Visual Studio\2022\BuildTools\VC\Tools\MSVC\14.44.35207\include\intrin.h
注意: 包含文件:         C:\Program Files (x86)\Microsoft Visual Studio\2022\BuildTools\VC\Tools\MSVC\14.44.35207\include\setjmp.h
注意: 包含文件:         C:\Program Files (x86)\Microsoft Visual Studio\2022\BuildTools\VC\Tools\MSVC\14.44.35207\include\immintrin.h
注意: 包含文件:          C:\Program Files (x86)\Microsoft Visual Studio\2022\BuildTools\VC\Tools\MSVC\14.44.35207\include\wmmintrin.h
注意: 包含文件:           C:\Program Files (x86)\Microsoft Visual Studio\2022\BuildTools\VC\Tools\MSVC\14.44.35207\include\nmmintrin.h
注意: 包含文件:            C:\Program Files (x86)\Microsoft Visual Studio\2022\BuildTools\VC\Tools\MSVC\14.44.35207\include\smmintrin.h
注意: 包含文件:             C:\Program Files (x86)\Microsoft Visual Studio\2022\BuildTools\VC\Tools\MSVC\14.44.35207\include\tmmintrin.h
注意: 包含文件:              C:\Program Files (x86)\Microsoft Visual Studio\2022\BuildTools\VC\Tools\MSVC\14.44.35207\include\pmmintrin.h
注意: 包含文件:               C:\Program Files (x86)\Microsoft Visual Studio\2022\BuildTools\VC\Tools\MSVC\14.44.35207\include\emmintrin.h
注意: 包含文件:                C:\Program Files (x86)\Microsoft Visual Studio\2022\BuildTools\VC\Tools\MSVC\14.44.35207\include\xmmintrin.h
注意: 包含文件:                 C:\Program Files (x86)\Microsoft Visual Studio\2022\BuildTools\VC\Tools\MSVC\14.44.35207\include\mmintrin.h
注意: 包含文件:                 C:\Program Files (x86)\Windows Kits\10\include\10.0.26100.0\ucrt\malloc.h
注意: 包含文件:          C:\Program Files (x86)\Microsoft Visual Studio\2022\BuildTools\VC\Tools\MSVC\14.44.35207\include\zmmintrin.h
注意: 包含文件:         C:\Program Files (x86)\Microsoft Visual Studio\2022\BuildTools\VC\Tools\MSVC\14.44.35207\include\ammintrin.h
注意: 包含文件:    C:\Program Files (x86)\Microsoft Visual Studio\2022\BuildTools\VC\Tools\MSVC\14.44.35207\include\__msvc_minmax.hpp
注意: 包含文件:    C:\Program Files (x86)\Microsoft Visual Studio\2022\BuildTools\VC\Tools\MSVC\14.44.35207\include\xmemory
注意: 包含文件:     C:\Program Files (x86)\Microsoft Visual Studio\2022\BuildTools\VC\Tools\MSVC\14.44.35207\include\limits
注意: 包含文件:      C:\Program Files (x86)\Microsoft Visual Studio\2022\BuildTools\VC\Tools\MSVC\14.44.35207\include\cfloat
注意: 包含文件:       C:\Program Files (x86)\Windows Kits\10\include\10.0.26100.0\ucrt\float.h
注意: 包含文件:     C:\Program Files (x86)\Microsoft Visual Studio\2022\BuildTools\VC\Tools\MSVC\14.44.35207\include\new
注意: 包含文件:      C:\Program Files (x86)\Microsoft Visual Studio\2022\BuildTools\VC\Tools\MSVC\14.44.35207\include\exception
注意: 包含文件:       C:\Program Files (x86)\Microsoft Visual Studio\2022\BuildTools\VC\Tools\MSVC\14.44.35207\include\vcruntime_exception.h
注意: 包含文件:        C:\Program Files (x86)\Microsoft Visual Studio\2022\BuildTools\VC\Tools\MSVC\14.44.35207\include\eh.h
注意: 包含文件:         C:\Program Files (x86)\Windows Kits\10\include\10.0.26100.0\ucrt\corecrt_terminate.h
注意: 包含文件:     C:\Program Files (x86)\Microsoft Visual Studio\2022\BuildTools\VC\Tools\MSVC\14.44.35207\include\xatomic.h
注意: 包含文件:   C:\Program Files (x86)\Microsoft Visual Studio\2022\BuildTools\VC\Tools\MSVC\14.44.35207\include\map
注意: 包含文件:    C:\Program Files (x86)\Microsoft Visual Studio\2022\BuildTools\VC\Tools\MSVC\14.44.35207\include\tuple
注意: 包含文件:    C:\Program Files (x86)\Microsoft Visual Studio\2022\BuildTools\VC\Tools\MSVC\14.44.35207\include\xtree
注意: 包含文件:     C:\Program Files (x86)\Microsoft Visual Studio\2022\BuildTools\VC\Tools\MSVC\14.44.35207\include\xnode_handle.h
注意: 包含文件:    C:\Program Files (x86)\Microsoft Visual Studio\2022\BuildTools\VC\Tools\MSVC\14.44.35207\include\xpolymorphic_allocator.h
注意: 包含文件:   C:\Program Files (x86)\Microsoft Visual Studio\2022\BuildTools\VC\Tools\MSVC\14.44.35207\include\chrono
注意: 包含文件:    C:\Program Files (x86)\Microsoft Visual Studio\2022\BuildTools\VC\Tools\MSVC\14.44.35207\include\__msvc_chrono.hpp
注意: 包含文件:     C:\Program Files (x86)\Microsoft Visual Studio\2022\BuildTools\VC\Tools\MSVC\14.44.35207\include\ctime
注意: 包含文件:      C:\Program Files (x86)\Windows Kits\10\include\10.0.26100.0\ucrt\time.h
注意: 包含文件:     C:\Program Files (x86)\Microsoft Visual Studio\2022\BuildTools\VC\Tools\MSVC\14.44.35207\include\ratio
注意: 包含文件:     C:\Program Files (x86)\Microsoft Visual Studio\2022\BuildTools\VC\Tools\MSVC\14.44.35207\include\xtimec.h
注意: 包含文件:    C:\Program Files (x86)\Microsoft Visual Studio\2022\BuildTools\VC\Tools\MSVC\14.44.35207\include\system_error
注意: 包含文件:     C:\Program Files (x86)\Microsoft Visual Studio\2022\BuildTools\VC\Tools\MSVC\14.44.35207\include\__msvc_system_error_abi.hpp
注意: 包含文件:     C:\Program Files (x86)\Microsoft Visual Studio\2022\BuildTools\VC\Tools\MSVC\14.44.35207\include\cerrno
注意: 包含文件:     C:\Program Files (x86)\Microsoft Visual Studio\2022\BuildTools\VC\Tools\MSVC\14.44.35207\include\stdexcept
注意: 包含文件:      C:\Program Files (x86)\Microsoft Visual Studio\2022\BuildTools\VC\Tools\MSVC\14.44.35207\include\xstring
注意: 包含文件:       C:\Program Files (x86)\Microsoft Visual Studio\2022\BuildTools\VC\Tools\MSVC\14.44.35207\include\__msvc_sanitizer_annotate_container.hpp
注意: 包含文件:       C:\Program Files (x86)\Microsoft Visual Studio\2022\BuildTools\VC\Tools\MSVC\14.44.35207\include\__msvc_string_view.hpp
注意: 包含文件:        C:\Program Files (x86)\Microsoft Visual Studio\2022\BuildTools\VC\Tools\MSVC\14.44.35207\include\iosfwd
注意: 包含文件:     C:\Program Files (x86)\Microsoft Visual Studio\2022\BuildTools\VC\Tools\MSVC\14.44.35207\include\xcall_once.h
注意: 包含文件:     C:\Program Files (x86)\Microsoft Visual Studio\2022\BuildTools\VC\Tools\MSVC\14.44.35207\include\xerrc.h
注意: 包含文件:     C:\Program Files (x86)\Microsoft Visual Studio\2022\BuildTools\VC\Tools\MSVC\14.44.35207\include\atomic
注意: 包含文件:      C:\Program Files (x86)\Microsoft Visual Studio\2022\BuildTools\VC\Tools\MSVC\14.44.35207\include\xthreads.h
注意: 包含文件:       C:\Program Files (x86)\Microsoft Visual Studio\2022\BuildTools\VC\Tools\MSVC\14.44.35207\include\__msvc_threads_core.hpp
注意: 包含文件:    C:\Program Files (x86)\Microsoft Visual Studio\2022\BuildTools\VC\Tools\MSVC\14.44.35207\include\xfilesystem_abi.h
注意: 包含文件:   C:\Program Files (x86)\Microsoft Visual Studio\2022\BuildTools\VC\Tools\MSVC\14.44.35207\include\string
注意: 包含文件:    C:\Program Files (x86)\Microsoft Visual Studio\2022\BuildTools\VC\Tools\MSVC\14.44.35207\include\cctype
注意: 包含文件:     C:\Program Files (x86)\Windows Kits\10\include\10.0.26100.0\ucrt\ctype.h
注意: 包含文件:   C:\Program Files (x86)\Windows Kits\10\include\10.0.26100.0\ucrt\fcntl.h
注意: 包含文件:   C:\Program Files (x86)\Microsoft Visual Studio\2022\BuildTools\VC\Tools\MSVC\14.44.35207\include\thread
注意: 包含文件:    C:\Program Files (x86)\Microsoft Visual Studio\2022\BuildTools\VC\Tools\MSVC\14.44.35207\include\memory
注意: 包含文件:     C:\Program Files (x86)\Microsoft Visual Studio\2022\BuildTools\VC\Tools\MSVC\14.44.35207\include\typeinfo
注意: 包含文件:      C:\Program Files (x86)\Microsoft Visual Studio\2022\BuildTools\VC\Tools\MSVC\14.44.35207\include\vcruntime_typeinfo.h
注意: 包含文件:    C:\Program Files (x86)\Windows Kits\10\include\10.0.26100.0\ucrt\process.h
注意: 包含文件:     C:\Program Files (x86)\Windows Kits\10\include\10.0.26100.0\ucrt\corecrt_startup.h
注意: 包含文件:      C:\Program Files (x86)\Windows Kits\10\include\10.0.26100.0\ucrt\math.h
注意: 包含文件:      C:\Program Files (x86)\Microsoft Visual Studio\2022\BuildTools\VC\Tools\MSVC\14.44.35207\include\vcruntime_startup.h
注意: 包含文件:   C:\Program Files (x86)\Microsoft Visual Studio\2022\BuildTools\VC\Tools\MSVC\14.44.35207\include\vector
注意: 包含文件:    C:\Program Files (x86)\Microsoft Visual Studio\2022\BuildTools\VC\Tools\MSVC\14.44.35207\include\__msvc_bit_utils.hpp
注意: 包含文件:   C:\Program Files (x86)\Microsoft Visual Studio\2022\BuildTools\VC\Tools\MSVC\14.44.35207\include\deque
注意: 包含文件:   C:\Program Files (x86)\Microsoft Visual Studio\2022\BuildTools\VC\Tools\MSVC\14.44.35207\include\array
注意: 包含文件:   C:\Program Files (x86)\Microsoft Visual Studio\2022\BuildTools\VC\Tools\MSVC\14.44.35207\include\filesystem
注意: 包含文件:    C:\Program Files (x86)\Microsoft Visual Studio\2022\BuildTools\VC\Tools\MSVC\14.44.35207\include\iomanip
注意: 包含文件:     C:\Program Files (x86)\Microsoft Visual Studio\2022\BuildTools\VC\Tools\MSVC\14.44.35207\include\istream
注意: 包含文件:      C:\Program Files (x86)\Microsoft Visual Studio\2022\BuildTools\VC\Tools\MSVC\14.44.35207\include\__msvc_ostream.hpp
注意: 包含文件:       C:\Program Files (x86)\Microsoft Visual Studio\2022\BuildTools\VC\Tools\MSVC\14.44.35207\include\ios
注意: 包含文件:        C:\Program Files (x86)\Microsoft Visual Studio\2022\BuildTools\VC\Tools\MSVC\14.44.35207\include\xlocnum
注意: 包含文件:         C:\Program Files (x86)\Microsoft Visual Studio\2022\BuildTools\VC\Tools\MSVC\14.44.35207\include\iterator
注意: 包含文件:         C:\Program Files (x86)\Microsoft Visual Studio\2022\BuildTools\VC\Tools\MSVC\14.44.35207\include\streambuf
注意: 包含文件:          C:\Program Files (x86)\Microsoft Visual Studio\2022\BuildTools\VC\Tools\MSVC\14.44.35207\include\xiosbase
注意: 包含文件:           C:\Program Files (x86)\Windows Kits\10\include\10.0.26100.0\ucrt\share.h
注意: 包含文件:           C:\Program Files (x86)\Microsoft Visual Studio\2022\BuildTools\VC\Tools\MSVC\14.44.35207\include\xlocale
注意: 包含文件:            C:\Program Files (x86)\Microsoft Visual Studio\2022\BuildTools\VC\Tools\MSVC\14.44.35207\include\xfacet
注意: 包含文件:            C:\Program Files (x86)\Microsoft Visual Studio\2022\BuildTools\VC\Tools\MSVC\14.44.35207\include\xlocinfo
注意: 包含文件:             C:\Program Files (x86)\Microsoft Visual Studio\2022\BuildTools\VC\Tools\MSVC\14.44.35207\include\__msvc_xlocinfo_types.hpp
注意: 包含文件:             C:\Program Files (x86)\Microsoft Visual Studio\2022\BuildTools\VC\Tools\MSVC\14.44.35207\include\clocale
注意: 包含文件:              C:\Program Files (x86)\Windows Kits\10\include\10.0.26100.0\ucrt\locale.h
注意: 包含文件:     C:\Program Files (x86)\Microsoft Visual Studio\2022\BuildTools\VC\Tools\MSVC\14.44.35207\include\xlocmon
注意: 包含文件:     C:\Program Files (x86)\Microsoft Visual Studio\2022\BuildTools\VC\Tools\MSVC\14.44.35207\include\xloctime
注意: 包含文件:    C:\Program Files (x86)\Microsoft Visual Studio\2022\BuildTools\VC\Tools\MSVC\14.44.35207\include\locale
注意: 包含文件:     C:\Program Files (x86)\Microsoft Visual Studio\2022\BuildTools\VC\Tools\MSVC\14.44.35207\include\xlocbuf
注意: 包含文件:     C:\Program Files (x86)\Microsoft Visual Studio\2022\BuildTools\VC\Tools\MSVC\14.44.35207\include\xlocmes
C:\Users\user\output\deepseek-v4部署\fastllm-master\include\utils\utils.h(30): warning C4067: 预处理器指令后有意外标记 - 应输入换行符
注意: 包含文件:   C:\Program Files (x86)\Windows Kits\10\\include\10.0.26100.0\\um\Windows.h
注意: 包含文件:    C:\Program Files (x86)\Windows Kits\10\\include\10.0.26100.0\\shared\winapifamily.h
注意: 包含文件:     C:\Program Files (x86)\Windows Kits\10\\include\10.0.26100.0\\shared\winpackagefamily.h
注意: 包含文件:    C:\Program Files (x86)\Windows Kits\10\\include\10.0.26100.0\\shared\sdkddkver.h
注意: 包含文件:    C:\Program Files (x86)\Microsoft Visual Studio\2022\BuildTools\VC\Tools\MSVC\14.44.35207\include\excpt.h
注意: 包含文件:    C:\Program Files (x86)\Microsoft Visual Studio\2022\BuildTools\VC\Tools\MSVC\14.44.35207\include\stdarg.h
注意: 包含文件:    C:\Program Files (x86)\Windows Kits\10\\include\10.0.26100.0\\shared\windef.h
注意: 包含文件:     C:\Program Files (x86)\Windows Kits\10\\include\10.0.26100.0\\shared\minwindef.h
注意: 包含文件:      C:\Program Files (x86)\Windows Kits\10\\include\10.0.26100.0\\shared\specstrings.h
注意: 包含文件:       C:\Program Files (x86)\Windows Kits\10\\include\10.0.26100.0\\shared\specstrings_strict.h
注意: 包含文件:        C:\Program Files (x86)\Windows Kits\10\\include\10.0.26100.0\\shared\specstrings_undef.h
注意: 包含文件:       C:\Program Files (x86)\Windows Kits\10\\include\10.0.26100.0\\shared\driverspecs.h
注意: 包含文件:        C:\Program Files (x86)\Windows Kits\10\include\10.0.26100.0\shared\sdv_driverspecs.h
注意: 包含文件:      C:\Program Files (x86)\Windows Kits\10\\include\10.0.26100.0\\um\winnt.h
注意: 包含文件:       C:\Program Files (x86)\Windows Kits\10\\include\10.0.26100.0\\shared\kernelspecs.h
注意: 包含文件:       C:\Program Files (x86)\Windows Kits\10\\include\10.0.26100.0\\shared\basetsd.h
注意: 包含文件:       C:\Program Files (x86)\Windows Kits\10\\include\10.0.26100.0\\shared\guiddef.h
注意: 包含文件:       C:\Program Files (x86)\Windows Kits\10\include\10.0.26100.0\shared\pshpack4.h
注意: 包含文件:       C:\Program Files (x86)\Windows Kits\10\include\10.0.26100.0\shared\poppack.h
注意: 包含文件:       C:\Program Files (x86)\Windows Kits\10\\include\10.0.26100.0\\shared\pshpack4.h
注意: 包含文件:       C:\Program Files (x86)\Windows Kits\10\\include\10.0.26100.0\\shared\poppack.h
注意: 包含文件:       C:\Program Files (x86)\Windows Kits\10\include\10.0.26100.0\shared\pshpack4.h
注意: 包含文件:       C:\Program Files (x86)\Windows Kits\10\include\10.0.26100.0\shared\pshpack2.h
注意: 包含文件:       C:\Program Files (x86)\Windows Kits\10\include\10.0.26100.0\shared\poppack.h
注意: 包含文件:       C:\Program Files (x86)\Windows Kits\10\include\10.0.26100.0\shared\pshpack2.h
注意: 包含文件:       C:\Program Files (x86)\Windows Kits\10\\include\10.0.26100.0\\shared\pshpack2.h
注意: 包含文件:       C:\Program Files (x86)\Windows Kits\10\\include\10.0.26100.0\\shared\poppack.h
注意: 包含文件:       C:\Program Files (x86)\Windows Kits\10\include\10.0.26100.0\shared\poppack.h
注意: 包含文件:       C:\Program Files (x86)\Windows Kits\10\include\10.0.26100.0\shared\pshpack8.h
注意: 包含文件:       C:\Program Files (x86)\Windows Kits\10\include\10.0.26100.0\shared\poppack.h
注意: 包含文件:       C:\Program Files (x86)\Windows Kits\10\include\10.0.26100.0\shared\pshpack1.h
注意: 包含文件:       C:\Program Files (x86)\Windows Kits\10\include\10.0.26100.0\shared\poppack.h
注意: 包含文件:       C:\Program Files (x86)\Windows Kits\10\include\10.0.26100.0\shared\pshpack1.h
注意: 包含文件:       C:\Program Files (x86)\Windows Kits\10\include\10.0.26100.0\shared\poppack.h
注意: 包含文件:       C:\Program Files (x86)\Windows Kits\10\include\10.0.26100.0\shared\poppack.h
注意: 包含文件:       C:\Program Files (x86)\Windows Kits\10\\include\10.0.26100.0\\shared\apiset.h
注意: 包含文件:       C:\Program Files (x86)\Windows Kits\10\\include\10.0.26100.0\\shared\ktmtypes.h
注意: 包含文件:    C:\Program Files (x86)\Windows Kits\10\\include\10.0.26100.0\\um\winbase.h
注意: 包含文件:     C:\Program Files (x86)\Windows Kits\10\\include\10.0.26100.0\\shared\apisetcconv.h
注意: 包含文件:     C:\Program Files (x86)\Windows Kits\10\\include\10.0.26100.0\\um\minwinbase.h
注意: 包含文件:     C:\Program Files (x86)\Windows Kits\10\\include\10.0.26100.0\\um\apiquery2.h
注意: 包含文件:     C:\Program Files (x86)\Windows Kits\10\\include\10.0.26100.0\\um\processenv.h
注意: 包含文件:     C:\Program Files (x86)\Windows Kits\10\\include\10.0.26100.0\\um\fileapifromapp.h
注意: 包含文件:      C:\Program Files (x86)\Windows Kits\10\\include\10.0.26100.0\\um\fileapi.h
注意: 包含文件:     C:\Program Files (x86)\Windows Kits\10\\include\10.0.26100.0\\um\debugapi.h
注意: 包含文件:     C:\Program Files (x86)\Windows Kits\10\\include\10.0.26100.0\\um\utilapiset.h
注意: 包含文件:     C:\Program Files (x86)\Windows Kits\10\\include\10.0.26100.0\\um\handleapi.h
注意: 包含文件:     C:\Program Files (x86)\Windows Kits\10\\include\10.0.26100.0\\um\errhandlingapi.h
注意: 包含文件:     C:\Program Files (x86)\Windows Kits\10\\include\10.0.26100.0\\um\fibersapi.h
注意: 包含文件:     C:\Program Files (x86)\Windows Kits\10\\include\10.0.26100.0\\um\namedpipeapi.h
注意: 包含文件:     C:\Program Files (x86)\Windows Kits\10\\include\10.0.26100.0\\um\profileapi.h
注意: 包含文件:     C:\Program Files (x86)\Windows Kits\10\\include\10.0.26100.0\\um\heapapi.h
注意: 包含文件:     C:\Program Files (x86)\Windows Kits\10\\include\10.0.26100.0\\um\ioapiset.h
注意: 包含文件:     C:\Program Files (x86)\Windows Kits\10\\include\10.0.26100.0\\um\synchapi.h
注意: 包含文件:     C:\Program Files (x86)\Windows Kits\10\\include\10.0.26100.0\\um\interlockedapi.h
注意: 包含文件:     C:\Program Files (x86)\Windows Kits\10\\include\10.0.26100.0\\um\processthreadsapi.h
注意: 包含文件:     C:\Program Files (x86)\Windows Kits\10\\include\10.0.26100.0\\um\sysinfoapi.h
注意: 包含文件:     C:\Program Files (x86)\Windows Kits\10\\include\10.0.26100.0\\um\memoryapi.h
注意: 包含文件:     C:\Program Files (x86)\Windows Kits\10\\include\10.0.26100.0\\um\enclaveapi.h
注意: 包含文件:     C:\Program Files (x86)\Windows Kits\10\\include\10.0.26100.0\\um\threadpoollegacyapiset.h
注意: 包含文件:     C:\Program Files (x86)\Windows Kits\10\\include\10.0.26100.0\\um\threadpoolapiset.h
注意: 包含文件:     C:\Program Files (x86)\Windows Kits\10\\include\10.0.26100.0\\um\jobapi.h
注意: 包含文件:     C:\Program Files (x86)\Windows Kits\10\\include\10.0.26100.0\\um\jobapi2.h
注意: 包含文件:     C:\Program Files (x86)\Windows Kits\10\\include\10.0.26100.0\\um\wow64apiset.h
注意: 包含文件:     C:\Program Files (x86)\Windows Kits\10\\include\10.0.26100.0\\um\libloaderapi.h
注意: 包含文件:     C:\Program Files (x86)\Windows Kits\10\\include\10.0.26100.0\\um\securitybaseapi.h
注意: 包含文件:     C:\Program Files (x86)\Windows Kits\10\\include\10.0.26100.0\\um\namespaceapi.h
注意: 包含文件:     C:\Program Files (x86)\Windows Kits\10\\include\10.0.26100.0\\um\systemtopologyapi.h
注意: 包含文件:     C:\Program Files (x86)\Windows Kits\10\\include\10.0.26100.0\\um\processtopologyapi.h
注意: 包含文件:     C:\Program Files (x86)\Windows Kits\10\\include\10.0.26100.0\\um\securityappcontainer.h
注意: 包含文件:     C:\Program Files (x86)\Windows Kits\10\\include\10.0.26100.0\\um\realtimeapiset.h
注意: 包含文件:     C:\Program Files (x86)\Windows Kits\10\\include\10.0.26100.0\\shared\winerror.h
注意: 包含文件:     C:\Program Files (x86)\Windows Kits\10\\include\10.0.26100.0\\um\timezoneapi.h
注意: 包含文件:    C:\Program Files (x86)\Windows Kits\10\\include\10.0.26100.0\\um\wingdi.h
注意: 包含文件:     C:\Program Files (x86)\Windows Kits\10\\include\10.0.26100.0\\shared\pshpack1.h
注意: 包含文件:     C:\Program Files (x86)\Windows Kits\10\\include\10.0.26100.0\\shared\poppack.h
注意: 包含文件:     C:\Program Files (x86)\Windows Kits\10\\include\10.0.26100.0\\shared\pshpack2.h
注意: 包含文件:     C:\Program Files (x86)\Windows Kits\10\\include\10.0.26100.0\\shared\poppack.h
注意: 包含文件:     C:\Program Files (x86)\Windows Kits\10\\include\10.0.26100.0\\shared\pshpack2.h
注意: 包含文件:     C:\Program Files (x86)\Windows Kits\10\\include\10.0.26100.0\\shared\poppack.h
注意: 包含文件:     C:\Program Files (x86)\Windows Kits\10\\include\10.0.26100.0\\shared\pshpack4.h
注意: 包含文件:     C:\Program Files (x86)\Windows Kits\10\\include\10.0.26100.0\\shared\poppack.h
注意: 包含文件:     C:\Program Files (x86)\Windows Kits\10\\include\10.0.26100.0\\shared\pshpack4.h
注意: 包含文件:     C:\Program Files (x86)\Windows Kits\10\\include\10.0.26100.0\\shared\poppack.h
注意: 包含文件:    C:\Program Files (x86)\Windows Kits\10\\include\10.0.26100.0\\um\winuser.h
注意: 包含文件:     C:\Program Files (x86)\Windows Kits\10\\include\10.0.26100.0\\shared\pshpack2.h
注意: 包含文件:     C:\Program Files (x86)\Windows Kits\10\\include\10.0.26100.0\\shared\poppack.h
注意: 包含文件:     C:\Program Files (x86)\Windows Kits\10\\include\10.0.26100.0\\shared\tvout.h
注意: 包含文件:    C:\Program Files (x86)\Windows Kits\10\\include\10.0.26100.0\\um\winnls.h
注意: 包含文件:     C:\Program Files (x86)\Windows Kits\10\\include\10.0.26100.0\\um\datetimeapi.h
注意: 包含文件:     C:\Program Files (x86)\Windows Kits\10\\include\10.0.26100.0\\um\stringapiset.h
注意: 包含文件:      C:\Program Files (x86)\Windows Kits\10\\include\10.0.26100.0\\um\winnls.h
注意: 包含文件:    C:\Program Files (x86)\Windows Kits\10\\include\10.0.26100.0\\um\wincon.h
注意: 包含文件:     C:\Program Files (x86)\Windows Kits\10\\include\10.0.26100.0\\um\wincontypes.h
注意: 包含文件:     C:\Program Files (x86)\Windows Kits\10\\include\10.0.26100.0\\um\consoleapi.h
注意: 包含文件:     C:\Program Files (x86)\Windows Kits\10\\include\10.0.26100.0\\um\consoleapi2.h
注意: 包含文件:     C:\Program Files (x86)\Windows Kits\10\\include\10.0.26100.0\\um\consoleapi3.h
注意: 包含文件:    C:\Program Files (x86)\Windows Kits\10\\include\10.0.26100.0\\um\winver.h
注意: 包含文件:     C:\Program Files (x86)\Windows Kits\10\\include\10.0.26100.0\\um\verrsrc.h
注意: 包含文件:    C:\Program Files (x86)\Windows Kits\10\\include\10.0.26100.0\\um\winreg.h
注意: 包含文件:     C:\Program Files (x86)\Windows Kits\10\\include\10.0.26100.0\\um\reason.h
注意: 包含文件:    C:\Program Files (x86)\Windows Kits\10\\include\10.0.26100.0\\um\winnetwk.h
注意: 包含文件:     C:\Program Files (x86)\Windows Kits\10\\include\10.0.26100.0\\shared\wnnc.h
注意: 包含文件:    C:\Program Files (x86)\Windows Kits\10\\include\10.0.26100.0\\shared\cderr.h
注意: 包含文件:    C:\Program Files (x86)\Windows Kits\10\\include\10.0.26100.0\\um\dde.h
注意: 包含文件:    C:\Program Files (x86)\Windows Kits\10\\include\10.0.26100.0\\um\ddeml.h
注意: 包含文件:    C:\Program Files (x86)\Windows Kits\10\\include\10.0.26100.0\\um\dlgs.h
注意: 包含文件:    C:\Program Files (x86)\Windows Kits\10\\include\10.0.26100.0\\um\lzexpand.h
注意: 包含文件:    C:\Program Files (x86)\Windows Kits\10\\include\10.0.26100.0\\um\mmsystem.h
注意: 包含文件:     C:\Program Files (x86)\Windows Kits\10\\include\10.0.26100.0\\um\mmsyscom.h
注意: 包含文件:      C:\Program Files (x86)\Windows Kits\10\\include\10.0.26100.0\\shared\pshpack1.h
注意: 包含文件:      C:\Program Files (x86)\Windows Kits\10\\include\10.0.26100.0\\shared\poppack.h
注意: 包含文件:     C:\Program Files (x86)\Windows Kits\10\\include\10.0.26100.0\\shared\pshpack1.h
注意: 包含文件:     C:\Program Files (x86)\Windows Kits\10\\include\10.0.26100.0\\um\mciapi.h
注意: 包含文件:      C:\Program Files (x86)\Windows Kits\10\\include\10.0.26100.0\\um\mmsyscom.h
注意: 包含文件:     C:\Program Files (x86)\Windows Kits\10\\include\10.0.26100.0\\um\mmiscapi.h
注意: 包含文件:      C:\Program Files (x86)\Windows Kits\10\\include\10.0.26100.0\\um\mmsyscom.h
注意: 包含文件:     C:\Program Files (x86)\Windows Kits\10\\include\10.0.26100.0\\um\mmiscapi2.h
注意: 包含文件:      C:\Program Files (x86)\Windows Kits\10\\include\10.0.26100.0\\um\mmsyscom.h
注意: 包含文件:     C:\Program Files (x86)\Windows Kits\10\\include\10.0.26100.0\\um\playsoundapi.h
注意: 包含文件:      C:\Program Files (x86)\Windows Kits\10\\include\10.0.26100.0\\um\mmsyscom.h
注意: 包含文件:     C:\Program Files (x86)\Windows Kits\10\\include\10.0.26100.0\\um\mmeapi.h
注意: 包含文件:      C:\Program Files (x86)\Windows Kits\10\\include\10.0.26100.0\\um\mmsyscom.h
注意: 包含文件:     C:\Program Files (x86)\Windows Kits\10\\include\10.0.26100.0\\um\timeapi.h
注意: 包含文件:      C:\Program Files (x86)\Windows Kits\10\\include\10.0.26100.0\\um\mmsyscom.h
注意: 包含文件:     C:\Program Files (x86)\Windows Kits\10\\include\10.0.26100.0\\um\joystickapi.h
注意: 包含文件:      C:\Program Files (x86)\Windows Kits\10\\include\10.0.26100.0\\um\mmsyscom.h
注意: 包含文件:     C:\Program Files (x86)\Windows Kits\10\\include\10.0.26100.0\\shared\poppack.h
注意: 包含文件:    C:\Program Files (x86)\Windows Kits\10\\include\10.0.26100.0\\um\nb30.h
注意: 包含文件:    C:\Program Files (x86)\Windows Kits\10\\include\10.0.26100.0\\shared\rpc.h
注意: 包含文件:     C:\Program Files (x86)\Windows Kits\10\\include\10.0.26100.0\\shared\pshpack8.h
注意: 包含文件:     C:\Program Files (x86)\Windows Kits\10\\include\10.0.26100.0\\shared\rpcdce.h
注意: 包含文件:      C:\Program Files (x86)\Windows Kits\10\\include\10.0.26100.0\\shared\rpcdcep.h
注意: 包含文件:     C:\Program Files (x86)\Windows Kits\10\\include\10.0.26100.0\\um\rpcnsi.h
注意: 包含文件:     C:\Program Files (x86)\Windows Kits\10\\include\10.0.26100.0\\shared\rpcnterr.h
注意: 包含文件:     C:\Program Files (x86)\Windows Kits\10\\include\10.0.26100.0\\shared\rpcasync.h
注意: 包含文件:      C:\Program Files (x86)\Windows Kits\10\\include\10.0.26100.0\\shared\pshpack8.h
注意: 包含文件:      C:\Program Files (x86)\Windows Kits\10\\include\10.0.26100.0\\shared\poppack.h
注意: 包含文件:     C:\Program Files (x86)\Windows Kits\10\\include\10.0.26100.0\\shared\poppack.h
注意: 包含文件:    C:\Program Files (x86)\Windows Kits\10\\include\10.0.26100.0\\um\shellapi.h
注意: 包含文件:    C:\Program Files (x86)\Windows Kits\10\\include\10.0.26100.0\\um\winperf.h
注意: 包含文件:     C:\Program Files (x86)\Windows Kits\10\\include\10.0.26100.0\\shared\pshpack8.h
注意: 包含文件:     C:\Program Files (x86)\Windows Kits\10\\include\10.0.26100.0\\shared\poppack.h
注意: 包含文件:    C:\Program Files (x86)\Windows Kits\10\\include\10.0.26100.0\\um\winsock.h
注意: 包含文件:     C:\Program Files (x86)\Windows Kits\10\\include\10.0.26100.0\\shared\inaddr.h
注意: 包含文件:    C:\Program Files (x86)\Windows Kits\10\\include\10.0.26100.0\\um\wincrypt.h
注意: 包含文件:     C:\Program Files (x86)\Windows Kits\10\\include\10.0.26100.0\\shared\bcrypt.h
注意: 包含文件:     C:\Program Files (x86)\Windows Kits\10\\include\10.0.26100.0\\um\ncrypt.h
注意: 包含文件:     C:\Program Files (x86)\Windows Kits\10\\include\10.0.26100.0\\um\dpapi.h
注意: 包含文件:    C:\Program Files (x86)\Windows Kits\10\\include\10.0.26100.0\\um\winefs.h
注意: 包含文件:    C:\Program Files (x86)\Windows Kits\10\\include\10.0.26100.0\\um\winscard.h
注意: 包含文件:     C:\Program Files (x86)\Windows Kits\10\\include\10.0.26100.0\\shared\wtypes.h
注意: 包含文件:      C:\Program Files (x86)\Windows Kits\10\include\10.0.26100.0\shared\rpcndr.h
注意: 包含文件:       C:\Program Files (x86)\Windows Kits\10\\include\10.0.26100.0\\shared\pshpack8.h
注意: 包含文件:       C:\Program Files (x86)\Windows Kits\10\\include\10.0.26100.0\\um\rpcnsip.h
注意: 包含文件:       C:\Program Files (x86)\Windows Kits\10\\include\10.0.26100.0\\shared\rpcsal.h
注意: 包含文件:       C:\Program Files (x86)\Windows Kits\10\\include\10.0.26100.0\\shared\poppack.h
注意: 包含文件:      C:\Program Files (x86)\Windows Kits\10\include\10.0.26100.0\shared\wtypesbase.h
注意: 包含文件:       C:\Program Files (x86)\Windows Kits\10\include\10.0.26100.0\shared\guiddef.h
注意: 包含文件:     C:\Program Files (x86)\Windows Kits\10\\include\10.0.26100.0\\um\winioctl.h
注意: 包含文件:      C:\Program Files (x86)\Windows Kits\10\\include\10.0.26100.0\\shared\pshpack1.h
注意: 包含文件:      C:\Program Files (x86)\Windows Kits\10\\include\10.0.26100.0\\shared\poppack.h
注意: 包含文件:      C:\Program Files (x86)\Windows Kits\10\\include\10.0.26100.0\\shared\pshpack1.h
注意: 包含文件:      C:\Program Files (x86)\Windows Kits\10\\include\10.0.26100.0\\shared\poppack.h
注意: 包含文件:      C:\Program Files (x86)\Windows Kits\10\\include\10.0.26100.0\\shared\pshpack1.h
注意: 包含文件:      C:\Program Files (x86)\Windows Kits\10\\include\10.0.26100.0\\shared\poppack.h
注意: 包含文件:      C:\Program Files (x86)\Windows Kits\10\\include\10.0.26100.0\\shared\pshpack1.h
注意: 包含文件:      C:\Program Files (x86)\Windows Kits\10\\include\10.0.26100.0\\shared\poppack.h
注意: 包含文件:      C:\Program Files (x86)\Windows Kits\10\\include\10.0.26100.0\\shared\pshpack1.h
注意: 包含文件:      C:\Program Files (x86)\Windows Kits\10\\include\10.0.26100.0\\shared\poppack.h
注意: 包含文件:      C:\Program Files (x86)\Windows Kits\10\\include\10.0.26100.0\\shared\pshpack1.h
注意: 包含文件:      C:\Program Files (x86)\Windows Kits\10\\include\10.0.26100.0\\shared\poppack.h
注意: 包含文件:      C:\Program Files (x86)\Windows Kits\10\\include\10.0.26100.0\\shared\pshpack1.h
注意: 包含文件:      C:\Program Files (x86)\Windows Kits\10\\include\10.0.26100.0\\shared\poppack.h
注意: 包含文件:     C:\Program Files (x86)\Windows Kits\10\\include\10.0.26100.0\\shared\winsmcrd.h
注意: 包含文件:    C:\Program Files (x86)\Windows Kits\10\\include\10.0.26100.0\\um\winspool.h
注意: 包含文件:     C:\Program Files (x86)\Windows Kits\10\\include\10.0.26100.0\\um\prsht.h
注意: 包含文件:      C:\Program Files (x86)\Windows Kits\10\\include\10.0.26100.0\\shared\pshpack8.h
注意: 包含文件:      C:\Program Files (x86)\Windows Kits\10\\include\10.0.26100.0\\shared\poppack.h
注意: 包含文件:    C:\Program Files (x86)\Windows Kits\10\\include\10.0.26100.0\\um\ole2.h
注意: 包含文件:     C:\Program Files (x86)\Windows Kits\10\\include\10.0.26100.0\\shared\pshpack8.h
注意: 包含文件:     C:\Program Files (x86)\Windows Kits\10\\include\10.0.26100.0\\um\objbase.h
注意: 包含文件:      C:\Program Files (x86)\Windows Kits\10\\include\10.0.26100.0\\shared\pshpack8.h
注意: 包含文件:      C:\Program Files (x86)\Windows Kits\10\\include\10.0.26100.0\\um\combaseapi.h
注意: 包含文件:       C:\Program Files (x86)\Windows Kits\10\\include\10.0.26100.0\\shared\pshpack8.h
注意: 包含文件:       C:\Program Files (x86)\Windows Kits\10\\include\10.0.26100.0\\um\unknwnbase.h
注意: 包含文件:       C:\Program Files (x86)\Windows Kits\10\\include\10.0.26100.0\\um\objidlbase.h
注意: 包含文件:       C:\Program Files (x86)\Windows Kits\10\\include\10.0.26100.0\\shared\guiddef.h
注意: 包含文件:       C:\Program Files (x86)\Windows Kits\10\\include\10.0.26100.0\\um\cguid.h
注意: 包含文件:       C:\Program Files (x86)\Windows Kits\10\\include\10.0.26100.0\\shared\poppack.h
注意: 包含文件:      C:\Program Files (x86)\Windows Kits\10\\include\10.0.26100.0\\um\coml2api.h
注意: 包含文件:       C:\Program Files (x86)\Windows Kits\10\\include\10.0.26100.0\\um\objidl.h
注意: 包含文件:        C:\Program Files (x86)\Windows Kits\10\include\10.0.26100.0\um\unknwn.h
注意: 包含文件:       C:\Program Files (x86)\Windows Kits\10\\include\10.0.26100.0\\um\propidlbase.h
注意: 包含文件:        C:\Program Files (x86)\Windows Kits\10\include\10.0.26100.0\um\oaidl.h
注意: 包含文件:      C:\Program Files (x86)\Windows Kits\10\\include\10.0.26100.0\\um\urlmon.h
注意: 包含文件:       C:\Program Files (x86)\Windows Kits\10\include\10.0.26100.0\um\oleidl.h
注意: 包含文件:       C:\Program Files (x86)\Windows Kits\10\include\10.0.26100.0\um\servprov.h
注意: 包含文件:       C:\Program Files (x86)\Windows Kits\10\include\10.0.26100.0\um\msxml.h
注意: 包含文件:      C:\Program Files (x86)\Windows Kits\10\\include\10.0.26100.0\\um\propidl.h
注意: 包含文件:      C:\Program Files (x86)\Windows Kits\10\\include\10.0.26100.0\\shared\poppack.h
注意: 包含文件:     C:\Program Files (x86)\Windows Kits\10\\include\10.0.26100.0\\um\oleauto.h
注意: 包含文件:      C:\Program Files (x86)\Windows Kits\10\\include\10.0.26100.0\\shared\pshpack8.h
注意: 包含文件:      C:\Program Files (x86)\Windows Kits\10\\include\10.0.26100.0\\shared\poppack.h
注意: 包含文件:     C:\Program Files (x86)\Windows Kits\10\\include\10.0.26100.0\\shared\poppack.h
注意: 包含文件:    C:\Program Files (x86)\Windows Kits\10\\include\10.0.26100.0\\um\commdlg.h
注意: 包含文件:     C:\Program Files (x86)\Windows Kits\10\\include\10.0.26100.0\\um\prsht.h
注意: 包含文件:    C:\Program Files (x86)\Windows Kits\10\\include\10.0.26100.0\\shared\stralign.h
注意: 包含文件:    C:\Program Files (x86)\Windows Kits\10\\include\10.0.26100.0\\um\winsvc.h
注意: 包含文件:    C:\Program Files (x86)\Windows Kits\10\\include\10.0.26100.0\\um\mcx.h
注意: 包含文件:    C:\Program Files (x86)\Windows Kits\10\\include\10.0.26100.0\\um\imm.h
注意: 包含文件:     C:\Program Files (x86)\Windows Kits\10\\include\10.0.26100.0\\um\ime_cmodes.h
注意: 包含文件:   C:\Program Files (x86)\Windows Kits\10\include\10.0.26100.0\ucrt\io.h
注意: 包含文件:    C:\Program Files (x86)\Windows Kits\10\include\10.0.26100.0\ucrt\corecrt_io.h
C:\Users\user\output\deepseek-v4部署\fastllm-master\include\utils\utils.h(109): warning C4996: '_wfopen': This function or variable may be unsafe. Consider using _wfopen_s instead. To disable deprecation, use _CRT_SECURE_NO_WARNINGS. See online help for details.
C:\Users\user\output\deepseek-v4部署\fastllm-master\include\utils\utils.h(118): warning C4996: '_wopen': This function or variable may be unsafe. Consider using _wsopen_s instead. To disable deprecation, use _CRT_SECURE_NO_WARNINGS. See online help for details.
C:\Users\user\output\deepseek-v4部署\fastllm-master\include\utils\utils.h(150): warning C4244: “return”: 从“double”转换到“float”，可能丢失数据
C:\Users\user\output\deepseek-v4部署\fastllm-master\include\utils\utils.h(355): warning C4267: “初始化”: 从“size_t”转换到“int”，可能丢失数据
C:\Users\user\output\deepseek-v4部署\fastllm-master\include\utils\utils.h(417): warning C4244: “+=”: 从“double”转换到“float”，可能丢失数据
注意: 包含文件:  C:\Users\user\output\deepseek-v4部署\fastllm-master\include\models\chatglm.h
注意: 包含文件:   C:\Users\user\output\deepseek-v4部署\fastllm-master\include\models\basellm.h
注意: 包含文件:    C:\Users\user\output\deepseek-v4部署\fastllm-master\include\fastllm.h
注意: 包含文件:     C:\Program Files (x86)\Microsoft Visual Studio\2022\BuildTools\VC\Tools\MSVC\14.44.35207\include\set
注意: 包含文件:     C:\Program Files (x86)\Microsoft Visual Studio\2022\BuildTools\VC\Tools\MSVC\14.44.35207\include\queue
注意: 包含文件:     C:\Program Files (x86)\Microsoft Visual Studio\2022\BuildTools\VC\Tools\MSVC\14.44.35207\include\unordered_map
注意: 包含文件:      C:\Program Files (x86)\Microsoft Visual Studio\2022\BuildTools\VC\Tools\MSVC\14.44.35207\include\xhash
注意: 包含文件:       C:\Program Files (x86)\Microsoft Visual Studio\2022\BuildTools\VC\Tools\MSVC\14.44.35207\include\list
注意: 包含文件:       C:\Program Files (x86)\Microsoft Visual Studio\2022\BuildTools\VC\Tools\MSVC\14.44.35207\include\xbit_ops.h
注意: 包含文件:     C:\Program Files (x86)\Microsoft Visual Studio\2022\BuildTools\VC\Tools\MSVC\14.44.35207\include\unordered_set
注意: 包含文件:     C:\Program Files (x86)\Microsoft Visual Studio\2022\BuildTools\VC\Tools\MSVC\14.44.35207\include\iostream
注意: 包含文件:      C:\Program Files (x86)\Microsoft Visual Studio\2022\BuildTools\VC\Tools\MSVC\14.44.35207\include\ostream
注意: 包含文件:     C:\Program Files (x86)\Microsoft Visual Studio\2022\BuildTools\VC\Tools\MSVC\14.44.35207\include\functional
注意: 包含文件:     C:\Program Files (x86)\Microsoft Visual Studio\2022\BuildTools\VC\Tools\MSVC\14.44.35207\include\mutex
注意: 包含文件:     C:\Program Files (x86)\Microsoft Visual Studio\2022\BuildTools\VC\Tools\MSVC\14.44.35207\include\codecvt
注意: 包含文件:     C:\Users\user\output\deepseek-v4部署\fastllm-master\include\devices/cpu/alivethreadpool.h
C:\Users\user\output\deepseek-v4部署\fastllm-master\include\devices/cpu/alivethreadpool.h(135): warning C4267: “初始化”: 从“size_t”转换到“int”，可能丢失数据
C:\Users\user\output\deepseek-v4部署\fastllm-master\include\devices/cpu/alivethreadpool.h(175): warning C4267: “初始化”: 从“size_t”转换到“int”，可能丢失数据
C:\Users\user\output\deepseek-v4部署\fastllm-master\include\devices/cpu/alivethreadpool.h(235): warning C4267: “初始化”: 从“size_t”转换到“int”，可能丢失数据
C:\Users\user\output\deepseek-v4部署\fastllm-master\include\devices/cpu/alivethreadpool.h(236): warning C4267: “初始化”: 从“size_t”转换到“int”，可能丢失数据
C:\Users\user\output\deepseek-v4部署\fastllm-master\include\devices/cpu/alivethreadpool.h(237): warning C4267: “初始化”: 从“size_t”转换到“int”，可能丢失数据
C:\Users\user\output\deepseek-v4部署\fastllm-master\include\devices/cpu/alivethreadpool.h(280): warning C4267: “初始化”: 从“size_t”转换到“int”，可能丢失数据
C:\Users\user\output\deepseek-v4部署\fastllm-master\include\devices/cpu/alivethreadpool.h(326): warning C4267: “初始化”: 从“size_t”转换到“int”，可能丢失数据
C:\Users\user\output\deepseek-v4部署\fastllm-master\include\devices/cpu/alivethreadpool.h(329): warning C4267: “初始化”: 从“size_t”转换到“int”，可能丢失数据
C:\Users\user\output\deepseek-v4部署\fastllm-master\include\devices/cpu/alivethreadpool.h(369): warning C4267: “初始化”: 从“size_t”转换到“int”，可能丢失数据
C:\Users\user\output\deepseek-v4部署\fastllm-master\include\devices/cpu/alivethreadpool.h(371): warning C4267: “初始化”: 从“size_t”转换到“int”，可能丢失数据
注意: 包含文件:     C:\Users\user\output\deepseek-v4部署\fastllm-master\third_party\json11\json11.hpp
C:\Users\user\output\deepseek-v4部署\fastllm-master\include\fastllm.h(222): warning C4244: “初始化”: 从“int”转换到“float”，可能丢失数据
C:\Users\user\output\deepseek-v4部署\fastllm-master\include\fastllm.h(222): warning C4244: “初始化”: 从“int”转换到“const float”，可能丢失数据
C:\Users\user\output\deepseek-v4部署\fastllm-master\include\fastllm.h(227): warning C4244: “=”: 从“float”转换到“uint8_t”，可能丢失数据
C:\Users\user\output\deepseek-v4部署\fastllm-master\include\fastllm.h(229): warning C4244: “=”: 从“const float”转换到“uint8_t”，可能丢失数据
C:\Users\user\output\deepseek-v4部署\fastllm-master\include\fastllm.h(687): warning C4996: 'std::codecvt_utf8<wchar_t,1114111,(std::codecvt_mode)0>': warning STL4017: std::wbuffer_convert, std::wstring_convert, and the <codecvt> header (containing std::codecvt_mode, std::codecvt_utf8, std::codecvt_utf16, and std::codecvt_utf8_utf16) are deprecated in C++17. (The std::codecvt class template is NOT deprecated.) The C++ Standard doesn't provide equivalent non-deprecated functionality; consider using MultiByteToWideChar() and WideCharToMultiByte() from <Windows.h> instead. You can define _SILENCE_CXX17_CODECVT_HEADER_DEPRECATION_WARNING or _SILENCE_ALL_CXX17_DEPRECATION_WARNINGS to suppress this warning.
C:\Program Files (x86)\Microsoft Visual Studio\2022\BuildTools\VC\Tools\MSVC\14.44.35207\include\codecvt(34): note: 参见“std::codecvt_utf8”的声明
C:\Users\user\output\deepseek-v4部署\fastllm-master\include\fastllm.h(687): warning C4996: 'std::wstring_convert<std::codecvt_utf8<wchar_t,1114111,(std::codecvt_mode)0>,wchar_t,std::allocator<wchar_t>,std::allocator<char>>': warning STL4017: std::wbuffer_convert, std::wstring_convert, and the <codecvt> header (containing std::codecvt_mode, std::codecvt_utf8, std::codecvt_utf16, and std::codecvt_utf8_utf16) are deprecated in C++17. (The std::codecvt class template is NOT deprecated.) The C++ Standard doesn't provide equivalent non-deprecated functionality; consider using MultiByteToWideChar() and WideCharToMultiByte() from <Windows.h> instead. You can define _SILENCE_CXX17_CODECVT_HEADER_DEPRECATION_WARNING or _SILENCE_ALL_CXX17_DEPRECATION_WARNINGS to suppress this warning.
C:\Program Files (x86)\Microsoft Visual Studio\2022\BuildTools\VC\Tools\MSVC\14.44.35207\include\xlocbuf(303): note: 参见“std::wstring_convert”的声明
注意: 包含文件:    C:\Users\user\output\deepseek-v4部署\fastllm-master\include\blocks\baseblock.h
注意: 包含文件:    C:\Users\user\output\deepseek-v4部署\fastllm-master\include\template.h
注意: 包含文件:    C:\Program Files (x86)\Microsoft Visual Studio\2022\BuildTools\VC\Tools\MSVC\14.44.35207\include\condition_variable
C:\Users\user\output\deepseek-v4部署\fastllm-master\include\models\basellm.h(344): warning C4305: “初始化”: 从“double”到“float”截断
C:\Users\user\output\deepseek-v4部署\fastllm-master\include\models\basellm.h(348): warning C4244: “初始化”: 从“double”转换到“const float”，可能丢失数据
C:\Users\user\output\deepseek-v4部署\fastllm-master\include\models\chatglm.h(79): warning C4305: “初始化”: 从“double”到“float”截断
注意: 包含文件:  C:\Program Files (x86)\Microsoft Visual Studio\2022\BuildTools\VC\Tools\MSVC\14.44.35207\include\sstream
注意: 包含文件:  C:\Users\user\output\deepseek-v4部署\fastllm-master\include\devices\cuda\fastllm-cuda.cuh
C:\Users\user\output\deepseek-v4部署\fastllm-master\src\models\chatglm.cpp(37): warning C4244: “初始化”: 从“float”转换到“int”，可能丢失数据
C:\Users\user\output\deepseek-v4部署\fastllm-master\src\models\chatglm.cpp(38): warning C4244: “参数”: 从“double”转换到“_Ty”，可能丢失数据
        with
        [
            _Ty=float
        ]
C:\Users\user\output\deepseek-v4部署\fastllm-master\src\models\chatglm.cpp(100): warning C4244: “=”: 从“double”转换到“float”，可能丢失数据
C:\Users\user\output\deepseek-v4部署\fastllm-master\src\models\chatglm.cpp(106): warning C4244: “参数”: 从“double”转换到“float”，可能丢失数据
C:\Users\user\output\deepseek-v4部署\fastllm-master\src\models\chatglm.cpp(265): warning C4244: “参数”: 从“double”转换到“float”，可能丢失数据
C:\Users\user\output\deepseek-v4部署\fastllm-master\src\models\chatglm.cpp(299): warning C4244: “初始化”: 从“double”转换到“float”，可能丢失数据
C:\Users\user\output\deepseek-v4部署\fastllm-master\src\models\chatglm.cpp(601): warning C4244: “参数”: 从“double”转换到“float”，可能丢失数据
C:\Users\user\output\deepseek-v4部署\fastllm-master\src\models\chatglm.cpp(615): warning C4244: “参数”: 从“double”转换到“float”，可能丢失数据
C:\Users\user\output\deepseek-v4部署\fastllm-master\src\models\chatglm.cpp(617): warning C4244: “参数”: 从“double”转换到“float”，可能丢失数据
C:\Users\user\output\deepseek-v4部署\fastllm-master\src\models\chatglm.cpp(628): warning C4244: “初始化”: 从“double”转换到“float”，可能丢失数据
C:\Users\user\output\deepseek-v4部署\fastllm-master\src\models\chatglm.cpp(709): warning C4244: “=”: 从“int”转换到“_Ty”，可能丢失数据
        with
        [
            _Ty=float
        ]
C:\Users\user\output\deepseek-v4部署\fastllm-master\src\models\chatglm.cpp(763): warning C4244: “参数”: 从“int”转换到“_Ty”，可能丢失数据
        with
        [
            _Ty=float
        ]
C:\Users\user\output\deepseek-v4部署\fastllm-master\src\models\chatglm.cpp(764): warning C4244: “参数”: 从“int”转换到“_Ty”，可能丢失数据
        with
        [
            _Ty=float
        ]
C:\Users\user\output\deepseek-v4部署\fastllm-master\src\models\chatglm.cpp(769): warning C4244: “参数”: 从“int”转换到“_Ty”，可能丢失数据
        with
        [
            _Ty=float
        ]
C:\Users\user\output\deepseek-v4部署\fastllm-master\src\models\chatglm.cpp(770): warning C4244: “参数”: 从“int”转换到“_Ty”，可能丢失数据
        with
        [
            _Ty=float
        ]
C:\Users\user\output\deepseek-v4部署\fastllm-master\src\models\chatglm.cpp(778): warning C4267: “初始化”: 从“size_t”转换到“int”，可能丢失数据
C:\Users\user\output\deepseek-v4部署\fastllm-master\src\models\chatglm.cpp(781): warning C4244: “=”: 从“int”转换到“_Ty”，可能丢失数据
        with
        [
            _Ty=float
        ]
C:\Users\user\output\deepseek-v4部署\fastllm-master\src\models\chatglm.cpp(783): warning C4244: “=”: 从“int”转换到“_Ty”，可能丢失数据
        with
        [
            _Ty=float
        ]
C:\Users\user\output\deepseek-v4部署\fastllm-master\src\models\chatglm.cpp(788): warning C4244: “=”: 从“int”转换到“_Ty”，可能丢失数据
        with
        [
            _Ty=float
        ]
C:\Users\user\output\deepseek-v4部署\fastllm-master\src\models\chatglm.cpp(796): warning C4244: “=”: 从“int”转换到“_Ty”，可能丢失数据
        with
        [
            _Ty=float
        ]
C:\Users\user\output\deepseek-v4部署\fastllm-master\src\models\chatglm.cpp(835): warning C4267: “初始化”: 从“size_t”转换到“int”，可能丢失数据
C:\Users\user\output\deepseek-v4部署\fastllm-master\src\models\chatglm.cpp(857): warning C4267: “初始化”: 从“size_t”转换到“int”，可能丢失数据
C:\Users\user\output\deepseek-v4部署\fastllm-master\src\models\chatglm.cpp(862): warning C4244: “=”: 从“int”转换到“_Ty”，可能丢失数据
        with
        [
            _Ty=float
        ]
C:\Users\user\output\deepseek-v4部署\fastllm-master\src\models\chatglm.cpp(863): warning C4244: “=”: 从“int”转换到“_Ty”，可能丢失数据
        with
        [
            _Ty=float
        ]
C:\Users\user\output\deepseek-v4部署\fastllm-master\src\models\chatglm.cpp(867): warning C4244: “=”: 从“int”转换到“_Ty”，可能丢失数据
        with
        [
            _Ty=float
        ]
C:\Users\user\output\deepseek-v4部署\fastllm-master\src\models\chatglm.cpp(869): warning C4244: “=”: 从“int”转换到“_Ty”，可能丢失数据
        with
        [
            _Ty=float
        ]
C:\Users\user\output\deepseek-v4部署\fastllm-master\src\models\chatglm.cpp(882): warning C4267: “初始化”: 从“size_t”转换到“int”，可能丢失数据
C:\Users\user\output\deepseek-v4部署\fastllm-master\src\models\chatglm.cpp(884): warning C4244: “=”: 从“int”转换到“_Ty”，可能丢失数据
        with
        [
            _Ty=float
        ]
C:\Users\user\output\deepseek-v4部署\fastllm-master\src\models\chatglm.cpp(885): warning C4244: “=”: 从“int”转换到“_Ty”，可能丢失数据
        with
        [
            _Ty=float
        ]
C:\Users\user\output\deepseek-v4部署\fastllm-master\src\models\chatglm.cpp(892): warning C4244: “=”: 从“int”转换到“_Ty”，可能丢失数据
        with
        [
            _Ty=float
        ]
C:\Users\user\output\deepseek-v4部署\fastllm-master\src\models\chatglm.cpp(922): warning C4244: “=”: 从“int”转换到“_Ty”，可能丢失数据
        with
        [
            _Ty=float
        ]
C:\Users\user\output\deepseek-v4部署\fastllm-master\src\models\chatglm.cpp(924): warning C4244: “=”: 从“int”转换到“_Ty”，可能丢失数据
        with
        [
            _Ty=float
        ]
C:\Users\user\output\deepseek-v4部署\fastllm-master\src\models\chatglm.cpp(926): warning C4244: “=”: 从“int”转换到“_Ty”，可能丢失数据
        with
        [
            _Ty=float
        ]
C:\Users\user\output\deepseek-v4部署\fastllm-master\src\models\chatglm.cpp(970): warning C4067: 预处理器指令后有意外标记 - 应输入换行符
C:\Users\user\output\deepseek-v4部署\fastllm-master\src\models\chatglm.cpp(986): warning C4067: 预处理器指令后有意外标记 - 应输入换行符
C:\Program Files (x86)\Microsoft Visual Studio\2022\BuildTools\VC\Tools\MSVC\14.44.35207\include\xutility(5310): warning C4244: “=”: 从“const _Ty”转换到“_Ty”，可能丢失数据
        with
        [
            _Ty=double
        ]
        and
        [
            _Ty=float
        ]
C:\Program Files (x86)\Microsoft Visual Studio\2022\BuildTools\VC\Tools\MSVC\14.44.35207\include\xutility(5310): note: 模板实例化上下文(最早的实例化上下文)为
C:\Users\user\output\deepseek-v4部署\fastllm-master\src\models\chatglm.cpp(871): note: 查看对正在编译的函数 模板 实例化“void std::fill<_Ty*,double>(const _FwdIt,const _FwdIt,const double &)”的引用
        with
        [
            _Ty=float,
            _FwdIt=float *
        ]
ninja: build stopped: subcommand failed.
