**********************************************************************
** Visual Studio 2022 Developer Command Prompt v17.14.31
** Copyright (c) 2025 Microsoft Corporation
**********************************************************************
CMake Deprecation Warning at CMakeLists.txt:1 (cmake_minimum_required):
  Compatibility with CMake < 3.10 will be removed from a future version of
  CMake.

  Update the VERSION argument <min> value.  Or, use the <min>...<max> syntax
  to tell CMake that the project requires at least <min> but has been updated
  to work with policies introduced by <max> or earlier.


-- The CXX compiler identification is MSVC 19.44.35226.0
-- Detecting CXX compiler ABI info
-- Detecting CXX compiler ABI info - done
-- Check for working CXX compiler: C:/Program Files (x86)/Microsoft Visual Studio/2022/BuildTools/VC/Tools/MSVC/14.44.35207/bin/Hostx64/x64/cl.exe - skipped
-- Detecting CXX compile features
-- Detecting CXX compile features - done
-- USE_NUMAS: OFF
-- USE_CUDA: ON
-- USE_ROCM: OFF
-- CUDA_ARCH: 89
-- USE_TFACC: OFF
-- For legacy CUDA GPUs: OFF
-- CUDA_MEM_DEBUG: OFF
-- PYTHON_API: OFF
-- BUILD_CLI: OFF
-- USE_SENTENCEPIECE: OFF
-- USE_IVCOREX: OFF
-- MAKE_WHL_X86: 
-- CMAKE_CXX_FLAGS: /DWIN32 /D_WINDOWS /W3 /GR /EHsc -DNOMINMAX /std:c++17 /arch:AVX2 /source-charset:utf-8
-- The CUDA compiler identification is NVIDIA 12.4.131 with host compiler MSVC 19.44.35226.0
-- Detecting CUDA compiler ABI info
-- Detecting CUDA compiler ABI info - done
-- Check for working CUDA compiler: C:/Users/user/output/deepseek-v4部署/cuda-12.4-toolkit/bin/nvcc.exe - skipped
-- Detecting CUDA compile features
-- Detecting CUDA compile features - done
-- Configuring done (9.9s)
-- Generating done (0.1s)
CMake Warning:
  Manually-specified variables were not used by the project:

    CMAKE_C_COMPILER
    CUDAToolkit_ROOT


-- Build files have been written to: C:/Users/user/output/deepseek-v4部署/fastllm-master/build-cuda-ninja
[1/81] Building CXX object CMakeFiles\fastllm_tools.dir\src\device.cpp.obj
C:\Users\user\output\deepseek-v4部署\fastllm-master\include\utils\utils.h(30): warning C4067: 预处理器指令后有意外标记 - 应输入换行符
C:\Users\user\output\deepseek-v4部署\fastllm-master\include\utils\utils.h(109): warning C4996: '_wfopen': This function or variable may be unsafe. Consider using _wfopen_s instead. To disable deprecation, use _CRT_SECURE_NO_WARNINGS. See online help for details.
C:\Users\user\output\deepseek-v4部署\fastllm-master\include\utils\utils.h(118): warning C4996: '_wopen': This function or variable may be unsafe. Consider using _wsopen_s instead. To disable deprecation, use _CRT_SECURE_NO_WARNINGS. See online help for details.
C:\Users\user\output\deepseek-v4部署\fastllm-master\include\utils\utils.h(150): warning C4244: “return”: 从“double”转换到“float”，可能丢失数据
C:\Users\user\output\deepseek-v4部署\fastllm-master\include\utils\utils.h(355): warning C4267: “初始化”: 从“size_t”转换到“int”，可能丢失数据
C:\Users\user\output\deepseek-v4部署\fastllm-master\include\utils\utils.h(417): warning C4244: “+=”: 从“double”转换到“float”，可能丢失数据
C:\Users\user\output\deepseek-v4部署\fastllm-master\include\devices/cpu/alivethreadpool.h(136): warning C4267: “初始化”: 从“size_t”转换到“int”，可能丢失数据
C:\Users\user\output\deepseek-v4部署\fastllm-master\include\devices/cpu/alivethreadpool.h(176): warning C4267: “初始化”: 从“size_t”转换到“int”，可能丢失数据
C:\Users\user\output\deepseek-v4部署\fastllm-master\include\devices/cpu/alivethreadpool.h(236): warning C4267: “初始化”: 从“size_t”转换到“int”，可能丢失数据
C:\Users\user\output\deepseek-v4部署\fastllm-master\include\devices/cpu/alivethreadpool.h(237): warning C4267: “初始化”: 从“size_t”转换到“int”，可能丢失数据
C:\Users\user\output\deepseek-v4部署\fastllm-master\include\devices/cpu/alivethreadpool.h(238): warning C4267: “初始化”: 从“size_t”转换到“int”，可能丢失数据
C:\Users\user\output\deepseek-v4部署\fastllm-master\include\devices/cpu/alivethreadpool.h(281): warning C4267: “初始化”: 从“size_t”转换到“int”，可能丢失数据
C:\Users\user\output\deepseek-v4部署\fastllm-master\include\devices/cpu/alivethreadpool.h(327): warning C4267: “初始化”: 从“size_t”转换到“int”，可能丢失数据
C:\Users\user\output\deepseek-v4部署\fastllm-master\include\devices/cpu/alivethreadpool.h(330): warning C4267: “初始化”: 从“size_t”转换到“int”，可能丢失数据
C:\Users\user\output\deepseek-v4部署\fastllm-master\include\devices/cpu/alivethreadpool.h(370): warning C4267: “初始化”: 从“size_t”转换到“int”，可能丢失数据
C:\Users\user\output\deepseek-v4部署\fastllm-master\include\devices/cpu/alivethreadpool.h(372): warning C4267: “初始化”: 从“size_t”转换到“int”，可能丢失数据
C:\Users\user\output\deepseek-v4部署\fastllm-master\include\fastllm.h(222): warning C4244: “初始化”: 从“int”转换到“float”，可能丢失数据
C:\Users\user\output\deepseek-v4部署\fastllm-master\include\fastllm.h(222): warning C4244: “初始化”: 从“int”转换到“const float”，可能丢失数据
C:\Users\user\output\deepseek-v4部署\fastllm-master\include\fastllm.h(227): warning C4244: “=”: 从“float”转换到“uint8_t”，可能丢失数据
C:\Users\user\output\deepseek-v4部署\fastllm-master\include\fastllm.h(229): warning C4244: “=”: 从“const float”转换到“uint8_t”，可能丢失数据
C:\Users\user\output\deepseek-v4部署\fastllm-master\include\fastllm.h(687): warning C4996: 'std::codecvt_utf8<wchar_t,1114111,(std::codecvt_mode)0>': warning STL4017: std::wbuffer_convert, std::wstring_convert, and the <codecvt> header (containing std::codecvt_mode, std::codecvt_utf8, std::codecvt_utf16, and std::codecvt_utf8_utf16) are deprecated in C++17. (The std::codecvt class template is NOT deprecated.) The C++ Standard doesn't provide equivalent non-deprecated functionality; consider using MultiByteToWideChar() and WideCharToMultiByte() from <Windows.h> instead. You can define _SILENCE_CXX17_CODECVT_HEADER_DEPRECATION_WARNING or _SILENCE_ALL_CXX17_DEPRECATION_WARNINGS to suppress this warning.
C:\Program Files (x86)\Microsoft Visual Studio\2022\BuildTools\VC\Tools\MSVC\14.44.35207\include\codecvt(34): note: 参见“std::codecvt_utf8”的声明
C:\Users\user\output\deepseek-v4部署\fastllm-master\include\fastllm.h(687): warning C4996: 'std::wstring_convert<std::codecvt_utf8<wchar_t,1114111,(std::codecvt_mode)0>,wchar_t,std::allocator<wchar_t>,std::allocator<char>>': warning STL4017: std::wbuffer_convert, std::wstring_convert, and the <codecvt> header (containing std::codecvt_mode, std::codecvt_utf8, std::codecvt_utf16, and std::codecvt_utf8_utf16) are deprecated in C++17. (The std::codecvt class template is NOT deprecated.) The C++ Standard doesn't provide equivalent non-deprecated functionality; consider using MultiByteToWideChar() and WideCharToMultiByte() from <Windows.h> instead. You can define _SILENCE_CXX17_CODECVT_HEADER_DEPRECATION_WARNING or _SILENCE_ALL_CXX17_DEPRECATION_WARNINGS to suppress this warning.
C:\Program Files (x86)\Microsoft Visual Studio\2022\BuildTools\VC\Tools\MSVC\14.44.35207\include\xlocbuf(303): note: 参见“std::wstring_convert”的声明
[2/81] Building CXX object CMakeFiles\fastllm_tools.dir\src\executor.cpp.obj
C:\Users\user\output\deepseek-v4部署\fastllm-master\include\utils\utils.h(30): warning C4067: 预处理器指令后有意外标记 - 应输入换行符
C:\Users\user\output\deepseek-v4部署\fastllm-master\include\utils\utils.h(109): warning C4996: '_wfopen': This function or variable may be unsafe. Consider using _wfopen_s instead. To disable deprecation, use _CRT_SECURE_NO_WARNINGS. See online help for details.
C:\Users\user\output\deepseek-v4部署\fastllm-master\include\utils\utils.h(118): warning C4996: '_wopen': This function or variable may be unsafe. Consider using _wsopen_s instead. To disable deprecation, use _CRT_SECURE_NO_WARNINGS. See online help for details.
C:\Users\user\output\deepseek-v4部署\fastllm-master\include\utils\utils.h(150): warning C4244: “return”: 从“double”转换到“float”，可能丢失数据
C:\Users\user\output\deepseek-v4部署\fastllm-master\include\utils\utils.h(355): warning C4267: “初始化”: 从“size_t”转换到“int”，可能丢失数据
C:\Users\user\output\deepseek-v4部署\fastllm-master\include\utils\utils.h(417): warning C4244: “+=”: 从“double”转换到“float”，可能丢失数据
C:\Users\user\output\deepseek-v4部署\fastllm-master\include\devices/cpu/alivethreadpool.h(136): warning C4267: “初始化”: 从“size_t”转换到“int”，可能丢失数据
C:\Users\user\output\deepseek-v4部署\fastllm-master\include\devices/cpu/alivethreadpool.h(176): warning C4267: “初始化”: 从“size_t”转换到“int”，可能丢失数据
C:\Users\user\output\deepseek-v4部署\fastllm-master\include\devices/cpu/alivethreadpool.h(236): warning C4267: “初始化”: 从“size_t”转换到“int”，可能丢失数据
C:\Users\user\output\deepseek-v4部署\fastllm-master\include\devices/cpu/alivethreadpool.h(237): warning C4267: “初始化”: 从“size_t”转换到“int”，可能丢失数据
C:\Users\user\output\deepseek-v4部署\fastllm-master\include\devices/cpu/alivethreadpool.h(238): warning C4267: “初始化”: 从“size_t”转换到“int”，可能丢失数据
C:\Users\user\output\deepseek-v4部署\fastllm-master\include\devices/cpu/alivethreadpool.h(281): warning C4267: “初始化”: 从“size_t”转换到“int”，可能丢失数据
C:\Users\user\output\deepseek-v4部署\fastllm-master\include\devices/cpu/alivethreadpool.h(327): warning C4267: “初始化”: 从“size_t”转换到“int”，可能丢失数据
C:\Users\user\output\deepseek-v4部署\fastllm-master\include\devices/cpu/alivethreadpool.h(330): warning C4267: “初始化”: 从“size_t”转换到“int”，可能丢失数据
C:\Users\user\output\deepseek-v4部署\fastllm-master\include\devices/cpu/alivethreadpool.h(370): warning C4267: “初始化”: 从“size_t”转换到“int”，可能丢失数据
C:\Users\user\output\deepseek-v4部署\fastllm-master\include\devices/cpu/alivethreadpool.h(372): warning C4267: “初始化”: 从“size_t”转换到“int”，可能丢失数据
C:\Users\user\output\deepseek-v4部署\fastllm-master\include\fastllm.h(222): warning C4244: “初始化”: 从“int”转换到“float”，可能丢失数据
C:\Users\user\output\deepseek-v4部署\fastllm-master\include\fastllm.h(222): warning C4244: “初始化”: 从“int”转换到“const float”，可能丢失数据
C:\Users\user\output\deepseek-v4部署\fastllm-master\include\fastllm.h(227): warning C4244: “=”: 从“float”转换到“uint8_t”，可能丢失数据
C:\Users\user\output\deepseek-v4部署\fastllm-master\include\fastllm.h(229): warning C4244: “=”: 从“const float”转换到“uint8_t”，可能丢失数据
C:\Users\user\output\deepseek-v4部署\fastllm-master\include\fastllm.h(687): warning C4996: 'std::codecvt_utf8<wchar_t,1114111,(std::codecvt_mode)0>': warning STL4017: std::wbuffer_convert, std::wstring_convert, and the <codecvt> header (containing std::codecvt_mode, std::codecvt_utf8, std::codecvt_utf16, and std::codecvt_utf8_utf16) are deprecated in C++17. (The std::codecvt class template is NOT deprecated.) The C++ Standard doesn't provide equivalent non-deprecated functionality; consider using MultiByteToWideChar() and WideCharToMultiByte() from <Windows.h> instead. You can define _SILENCE_CXX17_CODECVT_HEADER_DEPRECATION_WARNING or _SILENCE_ALL_CXX17_DEPRECATION_WARNINGS to suppress this warning.
C:\Program Files (x86)\Microsoft Visual Studio\2022\BuildTools\VC\Tools\MSVC\14.44.35207\include\codecvt(34): note: 参见“std::codecvt_utf8”的声明
C:\Users\user\output\deepseek-v4部署\fastllm-master\include\fastllm.h(687): warning C4996: 'std::wstring_convert<std::codecvt_utf8<wchar_t,1114111,(std::codecvt_mode)0>,wchar_t,std::allocator<wchar_t>,std::allocator<char>>': warning STL4017: std::wbuffer_convert, std::wstring_convert, and the <codecvt> header (containing std::codecvt_mode, std::codecvt_utf8, std::codecvt_utf16, and std::codecvt_utf8_utf16) are deprecated in C++17. (The std::codecvt class template is NOT deprecated.) The C++ Standard doesn't provide equivalent non-deprecated functionality; consider using MultiByteToWideChar() and WideCharToMultiByte() from <Windows.h> instead. You can define _SILENCE_CXX17_CODECVT_HEADER_DEPRECATION_WARNING or _SILENCE_ALL_CXX17_DEPRECATION_WARNINGS to suppress this warning.
C:\Program Files (x86)\Microsoft Visual Studio\2022\BuildTools\VC\Tools\MSVC\14.44.35207\include\xlocbuf(303): note: 参见“std::wstring_convert”的声明
C:\Users\user\output\deepseek-v4部署\fastllm-master\src\executor.cpp(173): warning C4804: “>”: 在操作中使用类型“bool”不安全
C:\Users\user\output\deepseek-v4部署\fastllm-master\src\executor.cpp(213): warning C4244: “初始化”: 从“double”转换到“float”，可能丢失数据
C:\Users\user\output\deepseek-v4部署\fastllm-master\src\executor.cpp(246): warning C4804: “>”: 在操作中使用类型“bool”不安全
C:\Users\user\output\deepseek-v4部署\fastllm-master\src\executor.cpp(285): warning C4244: “初始化”: 从“double”转换到“float”，可能丢失数据
[3/81] Building CXX object CMakeFiles\fastllm_tools.dir\src\template.cpp.obj
C:\Users\user\output\deepseek-v4部署\fastllm-master\include\utils/utils.h(30): warning C4067: 预处理器指令后有意外标记 - 应输入换行符
C:\Users\user\output\deepseek-v4部署\fastllm-master\include\utils/utils.h(109): warning C4996: '_wfopen': This function or variable may be unsafe. Consider using _wfopen_s instead. To disable deprecation, use _CRT_SECURE_NO_WARNINGS. See online help for details.
C:\Users\user\output\deepseek-v4部署\fastllm-master\include\utils/utils.h(118): warning C4996: '_wopen': This function or variable may be unsafe. Consider using _wsopen_s instead. To disable deprecation, use _CRT_SECURE_NO_WARNINGS. See online help for details.
C:\Users\user\output\deepseek-v4部署\fastllm-master\include\utils/utils.h(150): warning C4244: “return”: 从“double”转换到“float”，可能丢失数据
C:\Users\user\output\deepseek-v4部署\fastllm-master\include\utils/utils.h(355): warning C4267: “初始化”: 从“size_t”转换到“int”，可能丢失数据
C:\Users\user\output\deepseek-v4部署\fastllm-master\include\utils/utils.h(417): warning C4244: “+=”: 从“double”转换到“float”，可能丢失数据
C:\Users\user\output\deepseek-v4部署\fastllm-master\src\template.cpp(30): warning C4018: “<”: 有符号/无符号不匹配
C:\Users\user\output\deepseek-v4部署\fastllm-master\src\template.cpp(107): warning C4267: “初始化”: 从“size_t”转换到“int”，可能丢失数据
C:\Users\user\output\deepseek-v4部署\fastllm-master\src\template.cpp(474): warning C4267: “=”: 从“size_t”转换到“int”，可能丢失数据
C:\Users\user\output\deepseek-v4部署\fastllm-master\src\template.cpp(475): warning C4267: “=”: 从“size_t”转换到“int”，可能丢失数据
C:\Users\user\output\deepseek-v4部署\fastllm-master\src\template.cpp(733): warning C4018: “>”: 有符号/无符号不匹配
C:\Users\user\output\deepseek-v4部署\fastllm-master\src\template.cpp(736): warning C4018: “<”: 有符号/无符号不匹配
C:\Users\user\output\deepseek-v4部署\fastllm-master\src\template.cpp(757): warning C4267: “参数”: 从“size_t”转换到“int”，可能丢失数据
C:\Users\user\output\deepseek-v4部署\fastllm-master\src\template.cpp(781): warning C4267: “参数”: 从“size_t”转换到“int”，可能丢失数据
C:\Users\user\output\deepseek-v4部署\fastllm-master\src\template.cpp(836): warning C4267: “参数”: 从“size_t”转换到“int”，可能丢失数据
C:\Users\user\output\deepseek-v4部署\fastllm-master\src\template.cpp(859): warning C4267: “参数”: 从“size_t”转换到“int”，可能丢失数据
C:\Users\user\output\deepseek-v4部署\fastllm-master\src\template.cpp(865): warning C4267: “参数”: 从“size_t”转换到“int”，可能丢失数据
C:\Users\user\output\deepseek-v4部署\fastllm-master\src\template.cpp(877): warning C4267: “参数”: 从“size_t”转换到“int”，可能丢失数据
[4/81] Building CXX object CMakeFiles\fastllm_tools.dir\src\graph.cpp.obj
C:\Users\user\output\deepseek-v4部署\fastllm-master\include\utils\utils.h(30): warning C4067: 预处理器指令后有意外标记 - 应输入换行符
C:\Users\user\output\deepseek-v4部署\fastllm-master\include\utils\utils.h(109): warning C4996: '_wfopen': This function or variable may be unsafe. Consider using _wfopen_s instead. To disable deprecation, use _CRT_SECURE_NO_WARNINGS. See online help for details.
C:\Users\user\output\deepseek-v4部署\fastllm-master\include\utils\utils.h(118): warning C4996: '_wopen': This function or variable may be unsafe. Consider using _wsopen_s instead. To disable deprecation, use _CRT_SECURE_NO_WARNINGS. See online help for details.
C:\Users\user\output\deepseek-v4部署\fastllm-master\include\utils\utils.h(150): warning C4244: “return”: 从“double”转换到“float”，可能丢失数据
C:\Users\user\output\deepseek-v4部署\fastllm-master\include\utils\utils.h(355): warning C4267: “初始化”: 从“size_t”转换到“int”，可能丢失数据
C:\Users\user\output\deepseek-v4部署\fastllm-master\include\utils\utils.h(417): warning C4244: “+=”: 从“double”转换到“float”，可能丢失数据
C:\Users\user\output\deepseek-v4部署\fastllm-master\include\devices/cpu/alivethreadpool.h(136): warning C4267: “初始化”: 从“size_t”转换到“int”，可能丢失数据
C:\Users\user\output\deepseek-v4部署\fastllm-master\include\devices/cpu/alivethreadpool.h(176): warning C4267: “初始化”: 从“size_t”转换到“int”，可能丢失数据
C:\Users\user\output\deepseek-v4部署\fastllm-master\include\devices/cpu/alivethreadpool.h(236): warning C4267: “初始化”: 从“size_t”转换到“int”，可能丢失数据
C:\Users\user\output\deepseek-v4部署\fastllm-master\include\devices/cpu/alivethreadpool.h(237): warning C4267: “初始化”: 从“size_t”转换到“int”，可能丢失数据
C:\Users\user\output\deepseek-v4部署\fastllm-master\include\devices/cpu/alivethreadpool.h(238): warning C4267: “初始化”: 从“size_t”转换到“int”，可能丢失数据
C:\Users\user\output\deepseek-v4部署\fastllm-master\include\devices/cpu/alivethreadpool.h(281): warning C4267: “初始化”: 从“size_t”转换到“int”，可能丢失数据
C:\Users\user\output\deepseek-v4部署\fastllm-master\include\devices/cpu/alivethreadpool.h(327): warning C4267: “初始化”: 从“size_t”转换到“int”，可能丢失数据
C:\Users\user\output\deepseek-v4部署\fastllm-master\include\devices/cpu/alivethreadpool.h(330): warning C4267: “初始化”: 从“size_t”转换到“int”，可能丢失数据
C:\Users\user\output\deepseek-v4部署\fastllm-master\include\devices/cpu/alivethreadpool.h(370): warning C4267: “初始化”: 从“size_t”转换到“int”，可能丢失数据
C:\Users\user\output\deepseek-v4部署\fastllm-master\include\devices/cpu/alivethreadpool.h(372): warning C4267: “初始化”: 从“size_t”转换到“int”，可能丢失数据
C:\Users\user\output\deepseek-v4部署\fastllm-master\include\fastllm.h(222): warning C4244: “初始化”: 从“int”转换到“float”，可能丢失数据
C:\Users\user\output\deepseek-v4部署\fastllm-master\include\fastllm.h(222): warning C4244: “初始化”: 从“int”转换到“const float”，可能丢失数据
C:\Users\user\output\deepseek-v4部署\fastllm-master\include\fastllm.h(227): warning C4244: “=”: 从“float”转换到“uint8_t”，可能丢失数据
C:\Users\user\output\deepseek-v4部署\fastllm-master\include\fastllm.h(229): warning C4244: “=”: 从“const float”转换到“uint8_t”，可能丢失数据
C:\Users\user\output\deepseek-v4部署\fastllm-master\include\fastllm.h(687): warning C4996: 'std::codecvt_utf8<wchar_t,1114111,(std::codecvt_mode)0>': warning STL4017: std::wbuffer_convert, std::wstring_convert, and the <codecvt> header (containing std::codecvt_mode, std::codecvt_utf8, std::codecvt_utf16, and std::codecvt_utf8_utf16) are deprecated in C++17. (The std::codecvt class template is NOT deprecated.) The C++ Standard doesn't provide equivalent non-deprecated functionality; consider using MultiByteToWideChar() and WideCharToMultiByte() from <Windows.h> instead. You can define _SILENCE_CXX17_CODECVT_HEADER_DEPRECATION_WARNING or _SILENCE_ALL_CXX17_DEPRECATION_WARNINGS to suppress this warning.
C:\Program Files (x86)\Microsoft Visual Studio\2022\BuildTools\VC\Tools\MSVC\14.44.35207\include\codecvt(34): note: 参见“std::codecvt_utf8”的声明
C:\Users\user\output\deepseek-v4部署\fastllm-master\include\fastllm.h(687): warning C4996: 'std::wstring_convert<std::codecvt_utf8<wchar_t,1114111,(std::codecvt_mode)0>,wchar_t,std::allocator<wchar_t>,std::allocator<char>>': warning STL4017: std::wbuffer_convert, std::wstring_convert, and the <codecvt> header (containing std::codecvt_mode, std::codecvt_utf8, std::codecvt_utf16, and std::codecvt_utf8_utf16) are deprecated in C++17. (The std::codecvt class template is NOT deprecated.) The C++ Standard doesn't provide equivalent non-deprecated functionality; consider using MultiByteToWideChar() and WideCharToMultiByte() from <Windows.h> instead. You can define _SILENCE_CXX17_CODECVT_HEADER_DEPRECATION_WARNING or _SILENCE_ALL_CXX17_DEPRECATION_WARNINGS to suppress this warning.
C:\Program Files (x86)\Microsoft Visual Studio\2022\BuildTools\VC\Tools\MSVC\14.44.35207\include\xlocbuf(303): note: 参见“std::wstring_convert”的声明
C:\Users\user\output\deepseek-v4部署\fastllm-master\src\graph.cpp(94): warning C4244: “参数”: 从“__int64”转换到“int”，可能丢失数据
C:\Users\user\output\deepseek-v4部署\fastllm-master\src\graph.cpp(94): warning C4244: “参数”: 从“__int64”转换到“int”，可能丢失数据
C:\Users\user\output\deepseek-v4部署\fastllm-master\src\graph.cpp(268): warning C4267: “初始化”: 从“size_t”转换到“int”，可能丢失数据
C:\Users\user\output\deepseek-v4部署\fastllm-master\src\graph.cpp(423): warning C4244: “参数”: 从“double”转换到“float”，可能丢失数据
C:\Users\user\output\deepseek-v4部署\fastllm-master\src\graph.cpp(568): warning C4267: “=”: 从“size_t”转换到“_Ty”，可能丢失数据
        with
        [
            _Ty=int
        ]
C:\Users\user\output\deepseek-v4部署\fastllm-master\src\graph.cpp(593): warning C4267: “=”: 从“size_t”转换到“_Ty”，可能丢失数据
        with
        [
            _Ty=int
        ]
[5/81] Building CXX object CMakeFiles\fastllm_tools.dir\src\fastllm.cpp.obj
C:\Users\user\output\deepseek-v4部署\fastllm-master\include\utils\utils.h(30): warning C4067: 预处理器指令后有意外标记 - 应输入换行符
C:\Users\user\output\deepseek-v4部署\fastllm-master\include\utils\utils.h(109): warning C4996: '_wfopen': This function or variable may be unsafe. Consider using _wfopen_s instead. To disable deprecation, use _CRT_SECURE_NO_WARNINGS. See online help for details.
C:\Users\user\output\deepseek-v4部署\fastllm-master\include\utils\utils.h(118): warning C4996: '_wopen': This function or variable may be unsafe. Consider using _wsopen_s instead. To disable deprecation, use _CRT_SECURE_NO_WARNINGS. See online help for details.
C:\Users\user\output\deepseek-v4部署\fastllm-master\include\utils\utils.h(150): warning C4244: “return”: 从“double”转换到“float”，可能丢失数据
C:\Users\user\output\deepseek-v4部署\fastllm-master\include\utils\utils.h(355): warning C4267: “初始化”: 从“size_t”转换到“int”，可能丢失数据
C:\Users\user\output\deepseek-v4部署\fastllm-master\include\utils\utils.h(417): warning C4244: “+=”: 从“double”转换到“float”，可能丢失数据
C:\Users\user\output\deepseek-v4部署\fastllm-master\include\devices/cpu/alivethreadpool.h(136): warning C4267: “初始化”: 从“size_t”转换到“int”，可能丢失数据
C:\Users\user\output\deepseek-v4部署\fastllm-master\include\devices/cpu/alivethreadpool.h(176): warning C4267: “初始化”: 从“size_t”转换到“int”，可能丢失数据
C:\Users\user\output\deepseek-v4部署\fastllm-master\include\devices/cpu/alivethreadpool.h(236): warning C4267: “初始化”: 从“size_t”转换到“int”，可能丢失数据
C:\Users\user\output\deepseek-v4部署\fastllm-master\include\devices/cpu/alivethreadpool.h(237): warning C4267: “初始化”: 从“size_t”转换到“int”，可能丢失数据
C:\Users\user\output\deepseek-v4部署\fastllm-master\include\devices/cpu/alivethreadpool.h(238): warning C4267: “初始化”: 从“size_t”转换到“int”，可能丢失数据
C:\Users\user\output\deepseek-v4部署\fastllm-master\include\devices/cpu/alivethreadpool.h(281): warning C4267: “初始化”: 从“size_t”转换到“int”，可能丢失数据
C:\Users\user\output\deepseek-v4部署\fastllm-master\include\devices/cpu/alivethreadpool.h(327): warning C4267: “初始化”: 从“size_t”转换到“int”，可能丢失数据
C:\Users\user\output\deepseek-v4部署\fastllm-master\include\devices/cpu/alivethreadpool.h(330): warning C4267: “初始化”: 从“size_t”转换到“int”，可能丢失数据
C:\Users\user\output\deepseek-v4部署\fastllm-master\include\devices/cpu/alivethreadpool.h(370): warning C4267: “初始化”: 从“size_t”转换到“int”，可能丢失数据
C:\Users\user\output\deepseek-v4部署\fastllm-master\include\devices/cpu/alivethreadpool.h(372): warning C4267: “初始化”: 从“size_t”转换到“int”，可能丢失数据
C:\Users\user\output\deepseek-v4部署\fastllm-master\include\fastllm.h(222): warning C4244: “初始化”: 从“int”转换到“float”，可能丢失数据
C:\Users\user\output\deepseek-v4部署\fastllm-master\include\fastllm.h(222): warning C4244: “初始化”: 从“int”转换到“const float”，可能丢失数据
C:\Users\user\output\deepseek-v4部署\fastllm-master\include\fastllm.h(227): warning C4244: “=”: 从“float”转换到“uint8_t”，可能丢失数据
C:\Users\user\output\deepseek-v4部署\fastllm-master\include\fastllm.h(229): warning C4244: “=”: 从“const float”转换到“uint8_t”，可能丢失数据
C:\Users\user\output\deepseek-v4部署\fastllm-master\include\fastllm.h(687): warning C4996: 'std::codecvt_utf8<wchar_t,1114111,(std::codecvt_mode)0>': warning STL4017: std::wbuffer_convert, std::wstring_convert, and the <codecvt> header (containing std::codecvt_mode, std::codecvt_utf8, std::codecvt_utf16, and std::codecvt_utf8_utf16) are deprecated in C++17. (The std::codecvt class template is NOT deprecated.) The C++ Standard doesn't provide equivalent non-deprecated functionality; consider using MultiByteToWideChar() and WideCharToMultiByte() from <Windows.h> instead. You can define _SILENCE_CXX17_CODECVT_HEADER_DEPRECATION_WARNING or _SILENCE_ALL_CXX17_DEPRECATION_WARNINGS to suppress this warning.
C:\Program Files (x86)\Microsoft Visual Studio\2022\BuildTools\VC\Tools\MSVC\14.44.35207\include\codecvt(34): note: 参见“std::codecvt_utf8”的声明
C:\Users\user\output\deepseek-v4部署\fastllm-master\include\fastllm.h(687): warning C4996: 'std::wstring_convert<std::codecvt_utf8<wchar_t,1114111,(std::codecvt_mode)0>,wchar_t,std::allocator<wchar_t>,std::allocator<char>>': warning STL4017: std::wbuffer_convert, std::wstring_convert, and the <codecvt> header (containing std::codecvt_mode, std::codecvt_utf8, std::codecvt_utf16, and std::codecvt_utf8_utf16) are deprecated in C++17. (The std::codecvt class template is NOT deprecated.) The C++ Standard doesn't provide equivalent non-deprecated functionality; consider using MultiByteToWideChar() and WideCharToMultiByte() from <Windows.h> instead. You can define _SILENCE_CXX17_CODECVT_HEADER_DEPRECATION_WARNING or _SILENCE_ALL_CXX17_DEPRECATION_WARNINGS to suppress this warning.
C:\Program Files (x86)\Microsoft Visual Studio\2022\BuildTools\VC\Tools\MSVC\14.44.35207\include\xlocbuf(303): note: 参见“std::wstring_convert”的声明
C:\Users\user\output\deepseek-v4部署\fastllm-master\include\models\basellm.h(344): warning C4305: “初始化”: 从“double”到“float”截断
C:\Users\user\output\deepseek-v4部署\fastllm-master\include\models\basellm.h(348): warning C4244: “初始化”: 从“double”转换到“const float”，可能丢失数据
C:\Users\user\output\deepseek-v4部署\fastllm-master\src\fastllm.cpp(129): warning C4244: “=”: 从“int32_t”转换到“_Ty”，可能丢失数据
        with
        [
            _Ty=float
        ]
C:\Users\user\output\deepseek-v4部署\fastllm-master\src\fastllm.cpp(231): warning C4996: 'getenv': This function or variable may be unsafe. Consider using _dupenv_s instead. To disable deprecation, use _CRT_SECURE_NO_WARNINGS. See online help for details.
C:\Users\user\output\deepseek-v4部署\fastllm-master\src\fastllm.cpp(235): warning C4996: 'getenv': This function or variable may be unsafe. Consider using _dupenv_s instead. To disable deprecation, use _CRT_SECURE_NO_WARNINGS. See online help for details.
C:\Users\user\output\deepseek-v4部署\fastllm-master\src\fastllm.cpp(243): warning C4996: 'getenv': This function or variable may be unsafe. Consider using _dupenv_s instead. To disable deprecation, use _CRT_SECURE_NO_WARNINGS. See online help for details.
C:\Users\user\output\deepseek-v4部署\fastllm-master\src\fastllm.cpp(251): warning C4996: 'getenv': This function or variable may be unsafe. Consider using _dupenv_s instead. To disable deprecation, use _CRT_SECURE_NO_WARNINGS. See online help for details.
C:\Users\user\output\deepseek-v4部署\fastllm-master\src\fastllm.cpp(254): warning C4996: 'getenv': This function or variable may be unsafe. Consider using _dupenv_s instead. To disable deprecation, use _CRT_SECURE_NO_WARNINGS. See online help for details.
C:\Users\user\output\deepseek-v4部署\fastllm-master\src\fastllm.cpp(255): warning C4996: 'getenv': This function or variable may be unsafe. Consider using _dupenv_s instead. To disable deprecation, use _CRT_SECURE_NO_WARNINGS. See online help for details.
C:\Users\user\output\deepseek-v4部署\fastllm-master\src\fastllm.cpp(257): warning C4996: 'getenv': This function or variable may be unsafe. Consider using _dupenv_s instead. To disable deprecation, use _CRT_SECURE_NO_WARNINGS. See online help for details.
C:\Users\user\output\deepseek-v4部署\fastllm-master\src\fastllm.cpp(262): warning C4996: 'getenv': This function or variable may be unsafe. Consider using _dupenv_s instead. To disable deprecation, use _CRT_SECURE_NO_WARNINGS. See online help for details.
C:\Users\user\output\deepseek-v4部署\fastllm-master\src\fastllm.cpp(267): warning C4996: 'getenv': This function or variable may be unsafe. Consider using _dupenv_s instead. To disable deprecation, use _CRT_SECURE_NO_WARNINGS. See online help for details.
C:\Users\user\output\deepseek-v4部署\fastllm-master\src\fastllm.cpp(339): warning C4267: “=”: 从“size_t”转换到“int”，可能丢失数据
C:\Users\user\output\deepseek-v4部署\fastllm-master\src\fastllm.cpp(456): warning C4267: “初始化”: 从“size_t”转换到“int”，可能丢失数据
C:\Users\user\output\deepseek-v4部署\fastllm-master\src\fastllm.cpp(469): warning C4267: “初始化”: 从“size_t”转换到“int”，可能丢失数据
C:\Users\user\output\deepseek-v4部署\fastllm-master\src\fastllm.cpp(1130): warning C4244: “初始化”: 从“uint64_t”转换到“int”，可能丢失数据
C:\Users\user\output\deepseek-v4部署\fastllm-master\src\fastllm.cpp(1138): warning C4244: “初始化”: 从“uint64_t”转换到“int”，可能丢失数据
C:\Users\user\output\deepseek-v4部署\fastllm-master\src\fastllm.cpp(1377): warning C4267: “初始化”: 从“size_t”转换到“int”，可能丢失数据
C:\Users\user\output\deepseek-v4部署\fastllm-master\src\fastllm.cpp(1431): warning C4244: “=”: 从“uint64_t”转换到“_Ty”，可能丢失数据
        with
        [
            _Ty=int
        ]
C:\Users\user\output\deepseek-v4部署\fastllm-master\src\fastllm.cpp(1660): warning C4267: “初始化”: 从“size_t”转换到“int”，可能丢失数据
C:\Users\user\output\deepseek-v4部署\fastllm-master\src\fastllm.cpp(1682): warning C4244: “初始化”: 从“uint64_t”转换到“int”，可能丢失数据
C:\Users\user\output\deepseek-v4部署\fastllm-master\src\fastllm.cpp(1686): warning C4267: “初始化”: 从“size_t”转换到“int”，可能丢失数据
C:\Users\user\output\deepseek-v4部署\fastllm-master\src\fastllm.cpp(1694): warning C4244: “初始化”: 从“uint64_t”转换到“int”，可能丢失数据
C:\Users\user\output\deepseek-v4部署\fastllm-master\src\fastllm.cpp(1695): warning C4244: “初始化”: 从“uint64_t”转换到“int”，可能丢失数据
C:\Users\user\output\deepseek-v4部署\fastllm-master\src\fastllm.cpp(1696): warning C4244: “初始化”: 从“_Ty”转换到“int”，可能丢失数据
        with
        [
            _Ty=uint64_t
        ]
C:\Users\user\output\deepseek-v4部署\fastllm-master\src\fastllm.cpp(1708): warning C4244: “初始化”: 从“uint64_t”转换到“int”，可能丢失数据
C:\Users\user\output\deepseek-v4部署\fastllm-master\src\fastllm.cpp(1709): warning C4244: “初始化”: 从“uint64_t”转换到“int”，可能丢失数据
C:\Users\user\output\deepseek-v4部署\fastllm-master\src\fastllm.cpp(1710): warning C4244: “初始化”: 从“_Ty”转换到“int”，可能丢失数据
        with
        [
            _Ty=uint64_t
        ]
C:\Users\user\output\deepseek-v4部署\fastllm-master\src\fastllm.cpp(2183): warning C4267: “初始化”: 从“size_t”转换到“int”，可能丢失数据
C:\Users\user\output\deepseek-v4部署\fastllm-master\src\fastllm.cpp(2256): warning C4244: “初始化”: 从“int64_t”转换到“int”，可能丢失数据
C:\Users\user\output\deepseek-v4部署\fastllm-master\src\fastllm.cpp(2256): warning C4244: “初始化”: 从“int64_t”转换到“int”，可能丢失数据
C:\Users\user\output\deepseek-v4部署\fastllm-master\src\fastllm.cpp(2511): warning C4244: “参数”: 从“time_t”转换到“unsigned int”，可能丢失数据
C:\Users\user\output\deepseek-v4部署\fastllm-master\src\fastllm.cpp(2515): warning C4244: “return”: 从“double”转换到“float”，可能丢失数据
C:\Users\user\output\deepseek-v4部署\fastllm-master\src\fastllm.cpp(2599): warning C4244: “return”: 从“float”转换到“int”，可能丢失数据
C:\Users\user\output\deepseek-v4部署\fastllm-master\src\fastllm.cpp(2688): warning C4067: 预处理器指令后有意外标记 - 应输入换行符
C:\Users\user\output\deepseek-v4部署\fastllm-master\src\fastllm.cpp(2700): warning C4244: “参数”: 从“uint64_t”转换到“long”，可能丢失数据
C:\Users\user\output\deepseek-v4部署\fastllm-master\src\fastllm.cpp(2822): warning C4267: “初始化”: 从“size_t”转换到“int”，可能丢失数据
C:\Users\user\output\deepseek-v4部署\fastllm-master\src\fastllm.cpp(2884): warning C4244: “初始化”: 从“uint64_t”转换到“int”，可能丢失数据
C:\Users\user\output\deepseek-v4部署\fastllm-master\src\fastllm.cpp(2895): warning C4244: “初始化”: 从“uint64_t”转换到“int”，可能丢失数据
C:\Users\user\output\deepseek-v4部署\fastllm-master\src\fastllm.cpp(2906): warning C4267: “初始化”: 从“size_t”转换到“int”，可能丢失数据
C:\Users\user\output\deepseek-v4部署\fastllm-master\src\fastllm.cpp(2971): warning C4267: “初始化”: 从“size_t”转换到“int”，可能丢失数据
C:\Users\user\output\deepseek-v4部署\fastllm-master\src\fastllm.cpp(2971): warning C4267: “初始化”: 从“size_t”转换到“int”，可能丢失数据
C:\Users\user\output\deepseek-v4部署\fastllm-master\src\fastllm.cpp(3025): warning C4244: “参数”: 从“double”转换到“float”，可能丢失数据
C:\Users\user\output\deepseek-v4部署\fastllm-master\src\fastllm.cpp(3041): warning C4244: “参数”: 从“double”转换到“float”，可能丢失数据
C:\Users\user\output\deepseek-v4部署\fastllm-master\src\fastllm.cpp(3089): warning C4244: “初始化”: 从“uint64_t”转换到“int”，可能丢失数据
C:\Users\user\output\deepseek-v4部署\fastllm-master\src\fastllm.cpp(3099): warning C4267: “初始化”: 从“size_t”转换到“int”，可能丢失数据
C:\Users\user\output\deepseek-v4部署\fastllm-master\src\fastllm.cpp(3153): warning C4267: “初始化”: 从“size_t”转换到“int”，可能丢失数据
C:\Users\user\output\deepseek-v4部署\fastllm-master\src\fastllm.cpp(4049): warning C4244: “初始化”: 从“double”转换到“float”，可能丢失数据
C:\Users\user\output\deepseek-v4部署\fastllm-master\src\fastllm.cpp(4050): warning C4244: “初始化”: 从“double”转换到“float”，可能丢失数据
[6/81] Building CXX object CMakeFiles\fastllm_tools.dir\src\tokenizer.cpp.obj
C:\Users\user\output\deepseek-v4部署\fastllm-master\include\utils\utils.h(30): warning C4067: 预处理器指令后有意外标记 - 应输入换行符
C:\Users\user\output\deepseek-v4部署\fastllm-master\include\utils\utils.h(109): warning C4996: '_wfopen': This function or variable may be unsafe. Consider using _wfopen_s instead. To disable deprecation, use _CRT_SECURE_NO_WARNINGS. See online help for details.
C:\Users\user\output\deepseek-v4部署\fastllm-master\include\utils\utils.h(118): warning C4996: '_wopen': This function or variable may be unsafe. Consider using _wsopen_s instead. To disable deprecation, use _CRT_SECURE_NO_WARNINGS. See online help for details.
C:\Users\user\output\deepseek-v4部署\fastllm-master\include\utils\utils.h(150): warning C4244: “return”: 从“double”转换到“float”，可能丢失数据
C:\Users\user\output\deepseek-v4部署\fastllm-master\include\utils\utils.h(355): warning C4267: “初始化”: 从“size_t”转换到“int”，可能丢失数据
C:\Users\user\output\deepseek-v4部署\fastllm-master\include\utils\utils.h(417): warning C4244: “+=”: 从“double”转换到“float”，可能丢失数据
C:\Users\user\output\deepseek-v4部署\fastllm-master\include\devices/cpu/alivethreadpool.h(136): warning C4267: “初始化”: 从“size_t”转换到“int”，可能丢失数据
C:\Users\user\output\deepseek-v4部署\fastllm-master\include\devices/cpu/alivethreadpool.h(176): warning C4267: “初始化”: 从“size_t”转换到“int”，可能丢失数据
C:\Users\user\output\deepseek-v4部署\fastllm-master\include\devices/cpu/alivethreadpool.h(236): warning C4267: “初始化”: 从“size_t”转换到“int”，可能丢失数据
C:\Users\user\output\deepseek-v4部署\fastllm-master\include\devices/cpu/alivethreadpool.h(237): warning C4267: “初始化”: 从“size_t”转换到“int”，可能丢失数据
C:\Users\user\output\deepseek-v4部署\fastllm-master\include\devices/cpu/alivethreadpool.h(238): warning C4267: “初始化”: 从“size_t”转换到“int”，可能丢失数据
C:\Users\user\output\deepseek-v4部署\fastllm-master\include\devices/cpu/alivethreadpool.h(281): warning C4267: “初始化”: 从“size_t”转换到“int”，可能丢失数据
C:\Users\user\output\deepseek-v4部署\fastllm-master\include\devices/cpu/alivethreadpool.h(327): warning C4267: “初始化”: 从“size_t”转换到“int”，可能丢失数据
C:\Users\user\output\deepseek-v4部署\fastllm-master\include\devices/cpu/alivethreadpool.h(330): warning C4267: “初始化”: 从“size_t”转换到“int”，可能丢失数据
C:\Users\user\output\deepseek-v4部署\fastllm-master\include\devices/cpu/alivethreadpool.h(370): warning C4267: “初始化”: 从“size_t”转换到“int”，可能丢失数据
C:\Users\user\output\deepseek-v4部署\fastllm-master\include\devices/cpu/alivethreadpool.h(372): warning C4267: “初始化”: 从“size_t”转换到“int”，可能丢失数据
C:\Users\user\output\deepseek-v4部署\fastllm-master\include\fastllm.h(222): warning C4244: “初始化”: 从“int”转换到“float”，可能丢失数据
C:\Users\user\output\deepseek-v4部署\fastllm-master\include\fastllm.h(222): warning C4244: “初始化”: 从“int”转换到“const float”，可能丢失数据
C:\Users\user\output\deepseek-v4部署\fastllm-master\include\fastllm.h(227): warning C4244: “=”: 从“float”转换到“uint8_t”，可能丢失数据
C:\Users\user\output\deepseek-v4部署\fastllm-master\include\fastllm.h(229): warning C4244: “=”: 从“const float”转换到“uint8_t”，可能丢失数据
C:\Users\user\output\deepseek-v4部署\fastllm-master\include\fastllm.h(687): warning C4996: 'std::codecvt_utf8<wchar_t,1114111,(std::codecvt_mode)0>': warning STL4017: std::wbuffer_convert, std::wstring_convert, and the <codecvt> header (containing std::codecvt_mode, std::codecvt_utf8, std::codecvt_utf16, and std::codecvt_utf8_utf16) are deprecated in C++17. (The std::codecvt class template is NOT deprecated.) The C++ Standard doesn't provide equivalent non-deprecated functionality; consider using MultiByteToWideChar() and WideCharToMultiByte() from <Windows.h> instead. You can define _SILENCE_CXX17_CODECVT_HEADER_DEPRECATION_WARNING or _SILENCE_ALL_CXX17_DEPRECATION_WARNINGS to suppress this warning.
C:\Program Files (x86)\Microsoft Visual Studio\2022\BuildTools\VC\Tools\MSVC\14.44.35207\include\codecvt(34): note: 参见“std::codecvt_utf8”的声明
C:\Users\user\output\deepseek-v4部署\fastllm-master\include\fastllm.h(687): warning C4996: 'std::wstring_convert<std::codecvt_utf8<wchar_t,1114111,(std::codecvt_mode)0>,wchar_t,std::allocator<wchar_t>,std::allocator<char>>': warning STL4017: std::wbuffer_convert, std::wstring_convert, and the <codecvt> header (containing std::codecvt_mode, std::codecvt_utf8, std::codecvt_utf16, and std::codecvt_utf8_utf16) are deprecated in C++17. (The std::codecvt class template is NOT deprecated.) The C++ Standard doesn't provide equivalent non-deprecated functionality; consider using MultiByteToWideChar() and WideCharToMultiByte() from <Windows.h> instead. You can define _SILENCE_CXX17_CODECVT_HEADER_DEPRECATION_WARNING or _SILENCE_ALL_CXX17_DEPRECATION_WARNINGS to suppress this warning.
C:\Program Files (x86)\Microsoft Visual Studio\2022\BuildTools\VC\Tools\MSVC\14.44.35207\include\xlocbuf(303): note: 参见“std::wstring_convert”的声明
C:\Users\user\output\deepseek-v4部署\fastllm-master\src\tokenizer.cpp(26): warning C4996: 'std::wstring_convert<std::codecvt_utf8<wchar_t,1114111,(std::codecvt_mode)0>,wchar_t,std::allocator<wchar_t>,std::allocator<char>>::wstring_convert': warning STL4017: std::wbuffer_convert, std::wstring_convert, and the <codecvt> header (containing std::codecvt_mode, std::codecvt_utf8, std::codecvt_utf16, and std::codecvt_utf8_utf16) are deprecated in C++17. (The std::codecvt class template is NOT deprecated.) The C++ Standard doesn't provide equivalent non-deprecated functionality; consider using MultiByteToWideChar() and WideCharToMultiByte() from <Windows.h> instead. You can define _SILENCE_CXX17_CODECVT_HEADER_DEPRECATION_WARNING or _SILENCE_ALL_CXX17_DEPRECATION_WARNINGS to suppress this warning.
C:\Users\user\output\deepseek-v4部署\fastllm-master\src\tokenizer.cpp(42): warning C4996: 'std::wstring_convert<std::codecvt_utf8<wchar_t,1114111,(std::codecvt_mode)0>,wchar_t,std::allocator<wchar_t>,std::allocator<char>>::~wstring_convert': warning STL4017: std::wbuffer_convert, std::wstring_convert, and the <codecvt> header (containing std::codecvt_mode, std::codecvt_utf8, std::codecvt_utf16, and std::codecvt_utf8_utf16) are deprecated in C++17. (The std::codecvt class template is NOT deprecated.) The C++ Standard doesn't provide equivalent non-deprecated functionality; consider using MultiByteToWideChar() and WideCharToMultiByte() from <Windows.h> instead. You can define _SILENCE_CXX17_CODECVT_HEADER_DEPRECATION_WARNING or _SILENCE_ALL_CXX17_DEPRECATION_WARNINGS to suppress this warning.
C:\Users\user\output\deepseek-v4部署\fastllm-master\src\tokenizer.cpp(58): warning C4267: “初始化”: 从“size_t”转换到“int”，可能丢失数据
C:\Users\user\output\deepseek-v4部署\fastllm-master\src\tokenizer.cpp(186): warning C4309: “参数”: 截断常量值
C:\Users\user\output\deepseek-v4部署\fastllm-master\src\tokenizer.cpp(186): warning C4309: “参数”: 截断常量值
C:\Users\user\output\deepseek-v4部署\fastllm-master\src\tokenizer.cpp(186): warning C4309: “参数”: 截断常量值
C:\Users\user\output\deepseek-v4部署\fastllm-master\src\tokenizer.cpp(172): warning C4996: 'std::wstring_convert<std::codecvt_utf8<wchar_t,1114111,(std::codecvt_mode)0>,wchar_t,std::allocator<wchar_t>,std::allocator<char>>::to_bytes': warning STL4017: std::wbuffer_convert, std::wstring_convert, and the <codecvt> header (containing std::codecvt_mode, std::codecvt_utf8, std::codecvt_utf16, and std::codecvt_utf8_utf16) are deprecated in C++17. (The std::codecvt class template is NOT deprecated.) The C++ Standard doesn't provide equivalent non-deprecated functionality; consider using MultiByteToWideChar() and WideCharToMultiByte() from <Windows.h> instead. You can define _SILENCE_CXX17_CODECVT_HEADER_DEPRECATION_WARNING or _SILENCE_ALL_CXX17_DEPRECATION_WARNINGS to suppress this warning.
C:\Users\user\output\deepseek-v4部署\fastllm-master\src\tokenizer.cpp(224): warning C4305: “=”: 从“double”到“float”截断
C:\Users\user\output\deepseek-v4部署\fastllm-master\src\tokenizer.cpp(282): warning C4267: “参数”: 从“size_t”转换到“int”，可能丢失数据
C:\Users\user\output\deepseek-v4部署\fastllm-master\src\tokenizer.cpp(298): warning C4267: “初始化”: 从“size_t”转换到“int”，可能丢失数据
C:\Users\user\output\deepseek-v4部署\fastllm-master\src\tokenizer.cpp(302): warning C4244: “参数”: 从“int”转换到“_Ty”，可能丢失数据
        with
        [
            _Ty=float
        ]
C:\Users\user\output\deepseek-v4部署\fastllm-master\src\tokenizer.cpp(400): warning C4244: “参数”: 从“int”转换到“_Ty”，可能丢失数据
        with
        [
            _Ty=float
        ]
C:\Users\user\output\deepseek-v4部署\fastllm-master\src\tokenizer.cpp(403): warning C4244: “参数”: 从“int”转换到“_Ty”，可能丢失数据
        with
        [
            _Ty=float
        ]
C:\Users\user\output\deepseek-v4部署\fastllm-master\src\tokenizer.cpp(411): warning C4244: “参数”: 从“int”转换到“_Ty”，可能丢失数据
        with
        [
            _Ty=float
        ]
C:\Users\user\output\deepseek-v4部署\fastllm-master\src\tokenizer.cpp(435): warning C4267: “初始化”: 从“size_t”转换到“int”，可能丢失数据
C:\Users\user\output\deepseek-v4部署\fastllm-master\src\tokenizer.cpp(439): warning C4267: “=”: 从“size_t”转换到“int”，可能丢失数据
C:\Users\user\output\deepseek-v4部署\fastllm-master\src\tokenizer.cpp(445): warning C4267: “=”: 从“size_t”转换到“int”，可能丢失数据
C:\Users\user\output\deepseek-v4部署\fastllm-master\src\tokenizer.cpp(467): warning C4244: “参数”: 从“int”转换到“_Ty”，可能丢失数据
        with
        [
            _Ty=float
        ]
C:\Users\user\output\deepseek-v4部署\fastllm-master\src\tokenizer.cpp(500): warning C4267: “=”: 从“size_t”转换到“int”，可能丢失数据
C:\Users\user\output\deepseek-v4部署\fastllm-master\src\tokenizer.cpp(502): warning C4267: “+=”: 从“size_t”转换到“int”，可能丢失数据
C:\Users\user\output\deepseek-v4部署\fastllm-master\src\tokenizer.cpp(571): warning C4244: “参数”: 从“int”转换到“_Ty”，可能丢失数据
        with
        [
            _Ty=float
        ]
C:\Users\user\output\deepseek-v4部署\fastllm-master\src\tokenizer.cpp(627): warning C4244: “参数”: 从“int”转换到“_Ty”，可能丢失数据
        with
        [
            _Ty=float
        ]
C:\Users\user\output\deepseek-v4部署\fastllm-master\src\tokenizer.cpp(650): warning C4244: “参数”: 从“int”转换到“_Ty”，可能丢失数据
        with
        [
            _Ty=float
        ]
C:\Users\user\output\deepseek-v4部署\fastllm-master\src\tokenizer.cpp(686): warning C4309: “参数”: 截断常量值
C:\Users\user\output\deepseek-v4部署\fastllm-master\src\tokenizer.cpp(686): warning C4309: “参数”: 截断常量值
C:\Users\user\output\deepseek-v4部署\fastllm-master\src\tokenizer.cpp(686): warning C4309: “参数”: 截断常量值
C:\Users\user\output\deepseek-v4部署\fastllm-master\src\tokenizer.cpp(704): warning C4267: “初始化”: 从“size_t”转换到“int”，可能丢失数据
C:\Users\user\output\deepseek-v4部署\fastllm-master\src\tokenizer.cpp(694): warning C4996: 'std::wstring_convert<std::codecvt_utf8<wchar_t,1114111,(std::codecvt_mode)0>,wchar_t,std::allocator<wchar_t>,std::allocator<char>>::from_bytes': warning STL4017: std::wbuffer_convert, std::wstring_convert, and the <codecvt> header (containing std::codecvt_mode, std::codecvt_utf8, std::codecvt_utf16, and std::codecvt_utf8_utf16) are deprecated in C++17. (The std::codecvt class template is NOT deprecated.) The C++ Standard doesn't provide equivalent non-deprecated functionality; consider using MultiByteToWideChar() and WideCharToMultiByte() from <Windows.h> instead. You can define _SILENCE_CXX17_CODECVT_HEADER_DEPRECATION_WARNING or _SILENCE_ALL_CXX17_DEPRECATION_WARNINGS to suppress this warning.
C:\Program Files (x86)\Microsoft Visual Studio\2022\BuildTools\VC\Tools\MSVC\14.44.35207\include\utility(274): warning C4267: “初始化”: 从“size_t”转换到“_Ty2”，可能丢失数据
        with
        [
            _Ty2=int
        ]
C:\Program Files (x86)\Microsoft Visual Studio\2022\BuildTools\VC\Tools\MSVC\14.44.35207\include\utility(274): note: 模板实例化上下文(最早的实例化上下文)为
C:\Users\user\output\deepseek-v4部署\fastllm-master\src\tokenizer.cpp(501): note: 查看对正在编译的函数 模板 实例化“std::pair<int,int>::pair<int&,unsigned __int64,0>(_Other1,_Other2 &&) noexcept”的引用
        with
        [
            _Other1=int &,
            _Other2=unsigned __int64
        ]
C:\Users\user\output\deepseek-v4部署\fastllm-master\src\tokenizer.cpp(501): note: 请参阅 "fastllm::Tokenizer::Encode" 中对 "std::pair<int,int>::pair" 的第一个引用
C:\Program Files (x86)\Microsoft Visual Studio\2022\BuildTools\VC\Tools\MSVC\14.44.35207\include\utility(274): warning C4267: “初始化”: 从“size_t”转换到“_Ty1”，可能丢失数据
        with
        [
            _Ty1=int
        ]
C:\Program Files (x86)\Microsoft Visual Studio\2022\BuildTools\VC\Tools\MSVC\14.44.35207\include\utility(274): note: 模板实例化上下文(最早的实例化上下文)为
C:\Users\user\output\deepseek-v4部署\fastllm-master\src\tokenizer.cpp(505): note: 查看对正在编译的函数 模板 实例化“std::pair<int,int>::pair<unsigned __int64,int,0>(_Other1 &&,_Other2 &&) noexcept”的引用
        with
        [
            _Other1=unsigned __int64,
            _Other2=int
        ]
C:\Users\user\output\deepseek-v4部署\fastllm-master\src\tokenizer.cpp(505): note: 请参阅 "fastllm::Tokenizer::Encode" 中对 "std::pair<int,int>::pair" 的第一个引用
[7/81] Building CXX object CMakeFiles\fastllm_tools.dir\src\devices\cpu\cpudevicebatch.cpp.obj
C:\Users\user\output\deepseek-v4部署\fastllm-master\include\devices/cpu/alivethreadpool.h(136): warning C4267: “初始化”: 从“size_t”转换到“int”，可能丢失数据
C:\Users\user\output\deepseek-v4部署\fastllm-master\include\devices/cpu/alivethreadpool.h(176): warning C4267: “初始化”: 从“size_t”转换到“int”，可能丢失数据
C:\Users\user\output\deepseek-v4部署\fastllm-master\include\devices/cpu/alivethreadpool.h(236): warning C4267: “初始化”: 从“size_t”转换到“int”，可能丢失数据
C:\Users\user\output\deepseek-v4部署\fastllm-master\include\devices/cpu/alivethreadpool.h(237): warning C4267: “初始化”: 从“size_t”转换到“int”，可能丢失数据
C:\Users\user\output\deepseek-v4部署\fastllm-master\include\devices/cpu/alivethreadpool.h(238): warning C4267: “初始化”: 从“size_t”转换到“int”，可能丢失数据
C:\Users\user\output\deepseek-v4部署\fastllm-master\include\devices/cpu/alivethreadpool.h(281): warning C4267: “初始化”: 从“size_t”转换到“int”，可能丢失数据
C:\Users\user\output\deepseek-v4部署\fastllm-master\include\devices/cpu/alivethreadpool.h(327): warning C4267: “初始化”: 从“size_t”转换到“int”，可能丢失数据
C:\Users\user\output\deepseek-v4部署\fastllm-master\include\devices/cpu/alivethreadpool.h(330): warning C4267: “初始化”: 从“size_t”转换到“int”，可能丢失数据
C:\Users\user\output\deepseek-v4部署\fastllm-master\include\devices/cpu/alivethreadpool.h(370): warning C4267: “初始化”: 从“size_t”转换到“int”，可能丢失数据
C:\Users\user\output\deepseek-v4部署\fastllm-master\include\devices/cpu/alivethreadpool.h(372): warning C4267: “初始化”: 从“size_t”转换到“int”，可能丢失数据
C:\Users\user\output\deepseek-v4部署\fastllm-master\include\fastllm.h(222): warning C4244: “初始化”: 从“int”转换到“float”，可能丢失数据
C:\Users\user\output\deepseek-v4部署\fastllm-master\include\fastllm.h(222): warning C4244: “初始化”: 从“int”转换到“const float”，可能丢失数据
C:\Users\user\output\deepseek-v4部署\fastllm-master\include\fastllm.h(227): warning C4244: “=”: 从“float”转换到“uint8_t”，可能丢失数据
C:\Users\user\output\deepseek-v4部署\fastllm-master\include\fastllm.h(229): warning C4244: “=”: 从“const float”转换到“uint8_t”，可能丢失数据
C:\Users\user\output\deepseek-v4部署\fastllm-master\include\fastllm.h(687): warning C4996: 'std::codecvt_utf8<wchar_t,1114111,(std::codecvt_mode)0>': warning STL4017: std::wbuffer_convert, std::wstring_convert, and the <codecvt> header (containing std::codecvt_mode, std::codecvt_utf8, std::codecvt_utf16, and std::codecvt_utf8_utf16) are deprecated in C++17. (The std::codecvt class template is NOT deprecated.) The C++ Standard doesn't provide equivalent non-deprecated functionality; consider using MultiByteToWideChar() and WideCharToMultiByte() from <Windows.h> instead. You can define _SILENCE_CXX17_CODECVT_HEADER_DEPRECATION_WARNING or _SILENCE_ALL_CXX17_DEPRECATION_WARNINGS to suppress this warning.
C:\Program Files (x86)\Microsoft Visual Studio\2022\BuildTools\VC\Tools\MSVC\14.44.35207\include\codecvt(34): note: 参见“std::codecvt_utf8”的声明
C:\Users\user\output\deepseek-v4部署\fastllm-master\include\fastllm.h(687): warning C4996: 'std::wstring_convert<std::codecvt_utf8<wchar_t,1114111,(std::codecvt_mode)0>,wchar_t,std::allocator<wchar_t>,std::allocator<char>>': warning STL4017: std::wbuffer_convert, std::wstring_convert, and the <codecvt> header (containing std::codecvt_mode, std::codecvt_utf8, std::codecvt_utf16, and std::codecvt_utf8_utf16) are deprecated in C++17. (The std::codecvt class template is NOT deprecated.) The C++ Standard doesn't provide equivalent non-deprecated functionality; consider using MultiByteToWideChar() and WideCharToMultiByte() from <Windows.h> instead. You can define _SILENCE_CXX17_CODECVT_HEADER_DEPRECATION_WARNING or _SILENCE_ALL_CXX17_DEPRECATION_WARNINGS to suppress this warning.
C:\Program Files (x86)\Microsoft Visual Studio\2022\BuildTools\VC\Tools\MSVC\14.44.35207\include\xlocbuf(303): note: 参见“std::wstring_convert”的声明
C:\Users\user\output\deepseek-v4部署\fastllm-master\include\utils\utils.h(30): warning C4067: 预处理器指令后有意外标记 - 应输入换行符
C:\Users\user\output\deepseek-v4部署\fastllm-master\include\utils\utils.h(109): warning C4996: '_wfopen': This function or variable may be unsafe. Consider using _wfopen_s instead. To disable deprecation, use _CRT_SECURE_NO_WARNINGS. See online help for details.
C:\Users\user\output\deepseek-v4部署\fastllm-master\include\utils\utils.h(118): warning C4996: '_wopen': This function or variable may be unsafe. Consider using _wsopen_s instead. To disable deprecation, use _CRT_SECURE_NO_WARNINGS. See online help for details.
C:\Users\user\output\deepseek-v4部署\fastllm-master\include\utils\utils.h(150): warning C4244: “return”: 从“double”转换到“float”，可能丢失数据
C:\Users\user\output\deepseek-v4部署\fastllm-master\include\utils\utils.h(355): warning C4267: “初始化”: 从“size_t”转换到“int”，可能丢失数据
C:\Users\user\output\deepseek-v4部署\fastllm-master\include\utils\utils.h(417): warning C4244: “+=”: 从“double”转换到“float”，可能丢失数据
C:\Users\user\output\deepseek-v4部署\fastllm-master\src\devices\cpu\cpudevicebatch.cpp(27): warning C4267: “初始化”: 从“size_t”转换到“int”，可能丢失数据
C:\Users\user\output\deepseek-v4部署\fastllm-master\src\devices\cpu\cpudevicebatch.cpp(43): warning C4267: “初始化”: 从“size_t”转换到“int”，可能丢失数据
C:\Users\user\output\deepseek-v4部署\fastllm-master\src\devices\cpu\cpudevicebatch.cpp(47): warning C4244: “初始化”: 从“uint64_t”转换到“int”，可能丢失数据
C:\Users\user\output\deepseek-v4部署\fastllm-master\src\devices\cpu\cpudevicebatch.cpp(48): warning C4244: “初始化”: 从“uint64_t”转换到“int”，可能丢失数据
C:\Users\user\output\deepseek-v4部署\fastllm-master\src\devices\cpu\cpudevicebatch.cpp(49): warning C4244: “初始化”: 从“uint64_t”转换到“int”，可能丢失数据
C:\Users\user\output\deepseek-v4部署\fastllm-master\src\devices\cpu\cpudevicebatch.cpp(50): warning C4244: “初始化”: 从“_Ty”转换到“int”，可能丢失数据
        with
        [
            _Ty=uint64_t
        ]
C:\Users\user\output\deepseek-v4部署\fastllm-master\src\devices\cpu\cpudevicebatch.cpp(69): warning C4267: “初始化”: 从“size_t”转换到“int”，可能丢失数据
C:\Users\user\output\deepseek-v4部署\fastllm-master\src\devices\cpu\cpudevicebatch.cpp(83): warning C4267: “初始化”: 从“size_t”转换到“int”，可能丢失数据
C:\Users\user\output\deepseek-v4部署\fastllm-master\src\devices\cpu\cpudevicebatch.cpp(87): warning C4244: “初始化”: 从“uint64_t”转换到“int”，可能丢失数据
C:\Users\user\output\deepseek-v4部署\fastllm-master\src\devices\cpu\cpudevicebatch.cpp(88): warning C4244: “初始化”: 从“uint64_t”转换到“int”，可能丢失数据
C:\Users\user\output\deepseek-v4部署\fastllm-master\src\devices\cpu\cpudevicebatch.cpp(89): warning C4244: “初始化”: 从“uint64_t”转换到“int”，可能丢失数据
C:\Users\user\output\deepseek-v4部署\fastllm-master\src\devices\cpu\cpudevicebatch.cpp(90): warning C4244: “初始化”: 从“_Ty”转换到“int”，可能丢失数据
        with
        [
            _Ty=uint64_t
        ]
C:\Users\user\output\deepseek-v4部署\fastllm-master\src\devices\cpu\cpudevicebatch.cpp(109): warning C4244: “初始化”: 从“double”转换到“float”，可能丢失数据
C:\Users\user\output\deepseek-v4部署\fastllm-master\src\devices\cpu\cpudevicebatch.cpp(117): warning C4244: “初始化”: 从“uint64_t”转换到“int”，可能丢失数据
[8/81] Building CXX object CMakeFiles\fastllm_tools.dir\src\model.cpp.obj
C:\Users\user\output\deepseek-v4部署\fastllm-master\include\utils\utils.h(30): warning C4067: 预处理器指令后有意外标记 - 应输入换行符
C:\Users\user\output\deepseek-v4部署\fastllm-master\include\utils\utils.h(109): warning C4996: '_wfopen': This function or variable may be unsafe. Consider using _wfopen_s instead. To disable deprecation, use _CRT_SECURE_NO_WARNINGS. See online help for details.
C:\Users\user\output\deepseek-v4部署\fastllm-master\include\utils\utils.h(118): warning C4996: '_wopen': This function or variable may be unsafe. Consider using _wsopen_s instead. To disable deprecation, use _CRT_SECURE_NO_WARNINGS. See online help for details.
C:\Users\user\output\deepseek-v4部署\fastllm-master\include\utils\utils.h(150): warning C4244: “return”: 从“double”转换到“float”，可能丢失数据
C:\Users\user\output\deepseek-v4部署\fastllm-master\include\utils\utils.h(355): warning C4267: “初始化”: 从“size_t”转换到“int”，可能丢失数据
C:\Users\user\output\deepseek-v4部署\fastllm-master\include\utils\utils.h(417): warning C4244: “+=”: 从“double”转换到“float”，可能丢失数据
C:\Users\user\output\deepseek-v4部署\fastllm-master\include\devices/cpu/alivethreadpool.h(136): warning C4267: “初始化”: 从“size_t”转换到“int”，可能丢失数据
C:\Users\user\output\deepseek-v4部署\fastllm-master\include\devices/cpu/alivethreadpool.h(176): warning C4267: “初始化”: 从“size_t”转换到“int”，可能丢失数据
C:\Users\user\output\deepseek-v4部署\fastllm-master\include\devices/cpu/alivethreadpool.h(236): warning C4267: “初始化”: 从“size_t”转换到“int”，可能丢失数据
C:\Users\user\output\deepseek-v4部署\fastllm-master\include\devices/cpu/alivethreadpool.h(237): warning C4267: “初始化”: 从“size_t”转换到“int”，可能丢失数据
C:\Users\user\output\deepseek-v4部署\fastllm-master\include\devices/cpu/alivethreadpool.h(238): warning C4267: “初始化”: 从“size_t”转换到“int”，可能丢失数据
C:\Users\user\output\deepseek-v4部署\fastllm-master\include\devices/cpu/alivethreadpool.h(281): warning C4267: “初始化”: 从“size_t”转换到“int”，可能丢失数据
C:\Users\user\output\deepseek-v4部署\fastllm-master\include\devices/cpu/alivethreadpool.h(327): warning C4267: “初始化”: 从“size_t”转换到“int”，可能丢失数据
C:\Users\user\output\deepseek-v4部署\fastllm-master\include\devices/cpu/alivethreadpool.h(330): warning C4267: “初始化”: 从“size_t”转换到“int”，可能丢失数据
C:\Users\user\output\deepseek-v4部署\fastllm-master\include\devices/cpu/alivethreadpool.h(370): warning C4267: “初始化”: 从“size_t”转换到“int”，可能丢失数据
C:\Users\user\output\deepseek-v4部署\fastllm-master\include\devices/cpu/alivethreadpool.h(372): warning C4267: “初始化”: 从“size_t”转换到“int”，可能丢失数据
C:\Users\user\output\deepseek-v4部署\fastllm-master\include\fastllm.h(222): warning C4244: “初始化”: 从“int”转换到“float”，可能丢失数据
C:\Users\user\output\deepseek-v4部署\fastllm-master\include\fastllm.h(222): warning C4244: “初始化”: 从“int”转换到“const float”，可能丢失数据
C:\Users\user\output\deepseek-v4部署\fastllm-master\include\fastllm.h(227): warning C4244: “=”: 从“float”转换到“uint8_t”，可能丢失数据
C:\Users\user\output\deepseek-v4部署\fastllm-master\include\fastllm.h(229): warning C4244: “=”: 从“const float”转换到“uint8_t”，可能丢失数据
C:\Users\user\output\deepseek-v4部署\fastllm-master\include\fastllm.h(687): warning C4996: 'std::codecvt_utf8<wchar_t,1114111,(std::codecvt_mode)0>': warning STL4017: std::wbuffer_convert, std::wstring_convert, and the <codecvt> header (containing std::codecvt_mode, std::codecvt_utf8, std::codecvt_utf16, and std::codecvt_utf8_utf16) are deprecated in C++17. (The std::codecvt class template is NOT deprecated.) The C++ Standard doesn't provide equivalent non-deprecated functionality; consider using MultiByteToWideChar() and WideCharToMultiByte() from <Windows.h> instead. You can define _SILENCE_CXX17_CODECVT_HEADER_DEPRECATION_WARNING or _SILENCE_ALL_CXX17_DEPRECATION_WARNINGS to suppress this warning.
C:\Program Files (x86)\Microsoft Visual Studio\2022\BuildTools\VC\Tools\MSVC\14.44.35207\include\codecvt(34): note: 参见“std::codecvt_utf8”的声明
C:\Users\user\output\deepseek-v4部署\fastllm-master\include\fastllm.h(687): warning C4996: 'std::wstring_convert<std::codecvt_utf8<wchar_t,1114111,(std::codecvt_mode)0>,wchar_t,std::allocator<wchar_t>,std::allocator<char>>': warning STL4017: std::wbuffer_convert, std::wstring_convert, and the <codecvt> header (containing std::codecvt_mode, std::codecvt_utf8, std::codecvt_utf16, and std::codecvt_utf8_utf16) are deprecated in C++17. (The std::codecvt class template is NOT deprecated.) The C++ Standard doesn't provide equivalent non-deprecated functionality; consider using MultiByteToWideChar() and WideCharToMultiByte() from <Windows.h> instead. You can define _SILENCE_CXX17_CODECVT_HEADER_DEPRECATION_WARNING or _SILENCE_ALL_CXX17_DEPRECATION_WARNINGS to suppress this warning.
C:\Program Files (x86)\Microsoft Visual Studio\2022\BuildTools\VC\Tools\MSVC\14.44.35207\include\xlocbuf(303): note: 参见“std::wstring_convert”的声明
C:\Users\user\output\deepseek-v4部署\fastllm-master\include\models\basellm.h(344): warning C4305: “初始化”: 从“double”到“float”截断
C:\Users\user\output\deepseek-v4部署\fastllm-master\include\models\basellm.h(348): warning C4244: “初始化”: 从“double”转换到“const float”，可能丢失数据
C:\Users\user\output\deepseek-v4部署\fastllm-master\include\models\bert.h(68): warning C4305: “初始化”: 从“double”到“float”截断
C:\Users\user\output\deepseek-v4部署\fastllm-master\include\models\xlmroberta.h(33): warning C4305: “初始化”: 从“double”到“float”截断
C:\Users\user\output\deepseek-v4部署\fastllm-master\include\models\chatglm.h(79): warning C4305: “初始化”: 从“double”到“float”截断
C:\Users\user\output\deepseek-v4部署\fastllm-master\include\models\llama.h(76): warning C4305: “初始化”: 从“double”到“float”截断
C:\Users\user\output\deepseek-v4部署\fastllm-master\include\models\moe.h(75): warning C4305: “初始化”: 从“double”到“float”截断
C:\Users\user\output\deepseek-v4部署\fastllm-master\include\models\qwen2.h(61): warning C4305: “初始化”: 从“double”到“float”截断
C:\Users\user\output\deepseek-v4部署\fastllm-master\include\models\qwen3.h(89): warning C4305: “初始化”: 从“double”到“float”截断
C:\Users\user\output\deepseek-v4部署\fastllm-master\include\models\qwen3_moe.h(66): warning C4305: “初始化”: 从“double”到“float”截断
C:\Users\user\output\deepseek-v4部署\fastllm-master\include\models\qwen3_next.h(78): warning C4305: “初始化”: 从“double”到“float”截断
C:\Users\user\output\deepseek-v4部署\fastllm-master\include\models\qwen3_5.h(76): warning C4305: “初始化”: 从“double”到“float”截断
C:\Users\user\output\deepseek-v4部署\fastllm-master\include\models\minimax_m2.h(68): warning C4305: “初始化”: 从“double”到“float”截断
C:\Users\user\output\deepseek-v4部署\fastllm-master\include\models\hunyuan.h(78): warning C4305: “初始化”: 从“double”到“float”截断
C:\Users\user\output\deepseek-v4部署\fastllm-master\include\models\deepseekv2.h(82): warning C4305: “初始化”: 从“double”到“float”截断
C:\Users\user\output\deepseek-v4部署\fastllm-master\include\models\deepseekv4.h(173): warning C4305: “初始化”: 从“double”到“float”截断
C:\Users\user\output\deepseek-v4部署\fastllm-master\include\models\minicpm.h(55): warning C4244: “初始化”: 从“double”转换到“float”，可能丢失数据
C:\Users\user\output\deepseek-v4部署\fastllm-master\include\models\minicpm3.h(55): warning C4244: “初始化”: 从“double”转换到“float”，可能丢失数据
C:\Users\user\output\deepseek-v4部署\fastllm-master\include\models\graphllm.h(78): warning C4305: “初始化”: 从“double”到“float”截断
C:\Users\user\output\deepseek-v4部署\fastllm-master\include\models\gemma4.h(79): warning C4305: “初始化”: 从“double”到“float”截断
C:\Users\user\output\deepseek-v4部署\fastllm-master\include\models\cogvlm.h(91): warning C4305: “初始化”: 从“double”到“float”截断
C:\Users\user\output\deepseek-v4部署\fastllm-master\include\models\cogvlm.h(92): warning C4305: “初始化”: 从“double”到“float”截断
C:\Users\user\output\deepseek-v4部署\fastllm-master\include\models\minimax.h(78): warning C4305: “初始化”: 从“double”到“float”截断
C:\Users\user\output\deepseek-v4部署\fastllm-master\include\models\ernie4_5.h(78): warning C4305: “初始化”: 从“double”到“float”截断
C:\Users\user\output\deepseek-v4部署\fastllm-master\include\models\pangu_moe.h(78): warning C4305: “初始化”: 从“double”到“float”截断
C:\Users\user\output\deepseek-v4部署\fastllm-master\include\models\glm4_moe.h(78): warning C4305: “初始化”: 从“double”到“float”截断
C:\Users\user\output\deepseek-v4部署\fastllm-master\include\models\gpt_oss.h(78): warning C4305: “初始化”: 从“double”到“float”截断
C:\Users\user\output\deepseek-v4部署\fastllm-master\src\model.cpp(377): warning C4244: “参数”: 从“_Ty”转换到“_Ty”，可能丢失数据
        with
        [
            _Ty=uint64_t
        ]
        and
        [
            _Ty=int
        ]
C:\Users\user\output\deepseek-v4部署\fastllm-master\src\model.cpp(396): warning C4244: “初始化”: 从“_Ty”转换到“int”，可能丢失数据
        with
        [
            _Ty=uint64_t
        ]
C:\Users\user\output\deepseek-v4部署\fastllm-master\src\model.cpp(396): warning C4244: “初始化”: 从“_Ty”转换到“int”，可能丢失数据
        with
        [
            _Ty=uint64_t
        ]
C:\Users\user\output\deepseek-v4部署\fastllm-master\src\model.cpp(398): warning C4244: “初始化”: 从“_Ty”转换到“int”，可能丢失数据
        with
        [
            _Ty=uint64_t
        ]
C:\Users\user\output\deepseek-v4部署\fastllm-master\src\model.cpp(398): warning C4244: “初始化”: 从“_Ty”转换到“int”，可能丢失数据
        with
        [
            _Ty=uint64_t
        ]
C:\Users\user\output\deepseek-v4部署\fastllm-master\src\model.cpp(426): warning C4267: “初始化”: 从“size_t”转换到“int”，可能丢失数据
C:\Users\user\output\deepseek-v4部署\fastllm-master\src\model.cpp(443): warning C4267: “=”: 从“size_t”转换到“int”，可能丢失数据
C:\Users\user\output\deepseek-v4部署\fastllm-master\src\model.cpp(467): warning C4244: “初始化”: 从“_Ty”转换到“int”，可能丢失数据
        with
        [
            _Ty=uint64_t
        ]
C:\Users\user\output\deepseek-v4部署\fastllm-master\src\model.cpp(467): warning C4244: “初始化”: 从“_Ty”转换到“const int”，可能丢失数据
        with
        [
            _Ty=uint64_t
        ]
C:\Users\user\output\deepseek-v4部署\fastllm-master\src\model.cpp(475): warning C4244: “初始化”: 从“_Ty”转换到“int”，可能丢失数据
        with
        [
            _Ty=uint64_t
        ]
C:\Users\user\output\deepseek-v4部署\fastllm-master\src\model.cpp(475): warning C4244: “初始化”: 从“_Ty”转换到“int”，可能丢失数据
        with
        [
            _Ty=uint64_t
        ]
C:\Users\user\output\deepseek-v4部署\fastllm-master\src\model.cpp(490): warning C4267: “=”: 从“size_t”转换到“int”，可能丢失数据
C:\Users\user\output\deepseek-v4部署\fastllm-master\src\model.cpp(491): warning C4267: “=”: 从“size_t”转换到“int”，可能丢失数据
C:\Users\user\output\deepseek-v4部署\fastllm-master\src\model.cpp(556): warning C4267: “=”: 从“size_t”转换到“int”，可能丢失数据
C:\Users\user\output\deepseek-v4部署\fastllm-master\src\model.cpp(577): warning C4267: “=”: 从“size_t”转换到“int”，可能丢失数据
C:\Users\user\output\deepseek-v4部署\fastllm-master\src\model.cpp(591): warning C4267: “=”: 从“size_t”转换到“int”，可能丢失数据
C:\Users\user\output\deepseek-v4部署\fastllm-master\src\model.cpp(615): warning C4267: “=”: 从“size_t”转换到“int”，可能丢失数据
C:\Users\user\output\deepseek-v4部署\fastllm-master\src\model.cpp(618): warning C4267: “=”: 从“size_t”转换到“int”，可能丢失数据
C:\Users\user\output\deepseek-v4部署\fastllm-master\src\model.cpp(662): warning C4267: “初始化”: 从“size_t”转换到“int”，可能丢失数据
C:\Users\user\output\deepseek-v4部署\fastllm-master\src\model.cpp(664): warning C4267: “=”: 从“size_t”转换到“int”，可能丢失数据
C:\Users\user\output\deepseek-v4部署\fastllm-master\src\model.cpp(820): warning C4244: “初始化”: 从“const _Ty”转换到“int”，可能丢失数据
        with
        [
            _Ty=uint64_t
        ]
C:\Users\user\output\deepseek-v4部署\fastllm-master\src\model.cpp(820): warning C4244: “初始化”: 从“const _Ty”转换到“int”，可能丢失数据
        with
        [
            _Ty=uint64_t
        ]
C:\Users\user\output\deepseek-v4部署\fastllm-master\src\model.cpp(821): warning C4244: “初始化”: 从“_Ty”转换到“int”，可能丢失数据
        with
        [
            _Ty=uint64_t
        ]
C:\Users\user\output\deepseek-v4部署\fastllm-master\src\model.cpp(821): warning C4244: “初始化”: 从“_Ty”转换到“int”，可能丢失数据
        with
        [
            _Ty=uint64_t
        ]
C:\Users\user\output\deepseek-v4部署\fastllm-master\src\model.cpp(969): warning C4267: “初始化”: 从“size_t”转换到“int”，可能丢失数据
C:\Users\user\output\deepseek-v4部署\fastllm-master\src\model.cpp(978): warning C4267: “=”: 从“size_t”转换到“char”，可能丢失数据
C:\Users\user\output\deepseek-v4部署\fastllm-master\src\model.cpp(993): warning C4267: “=”: 从“size_t”转换到“char”，可能丢失数据
C:\Users\user\output\deepseek-v4部署\fastllm-master\src\model.cpp(1245): warning C4267: “初始化”: 从“size_t”转换到“int”，可能丢失数据
C:\Users\user\output\deepseek-v4部署\fastllm-master\src\model.cpp(1393): warning C4244: “=”: 从“double”转换到“float”，可能丢失数据
C:\Users\user\output\deepseek-v4部署\fastllm-master\src\model.cpp(1490): warning C4244: “=”: 从“double”转换到“int”，可能丢失数据
C:\Users\user\output\deepseek-v4部署\fastllm-master\src\model.cpp(1578): warning C4267: “=”: 从“size_t”转换到“_Ty2”，可能丢失数据
        with
        [
            _Ty2=int
        ]
C:\Users\user\output\deepseek-v4部署\fastllm-master\src\model.cpp(1843): warning C4244: “=”: 从“double”转换到“float”，可能丢失数据
C:\Users\user\output\deepseek-v4部署\fastllm-master\src\model.cpp(1969): warning C4267: “初始化”: 从“size_t”转换到“int”，可能丢失数据
C:\Users\user\output\deepseek-v4部署\fastllm-master\src\model.cpp(2090): warning C4267: “初始化”: 从“size_t”转换到“int”，可能丢失数据
C:\Users\user\output\deepseek-v4部署\fastllm-master\src\model.cpp(2108): warning C4267: “=”: 从“size_t”转换到“_Ty2”，可能丢失数据
        with
        [
            _Ty2=int
        ]
C:\Users\user\output\deepseek-v4部署\fastllm-master\src\model.cpp(2114): warning C4267: “初始化”: 从“size_t”转换到“int”，可能丢失数据
C:\Users\user\output\deepseek-v4部署\fastllm-master\src\model.cpp(1959): warning C4996: 'getenv': This function or variable may be unsafe. Consider using _dupenv_s instead. To disable deprecation, use _CRT_SECURE_NO_WARNINGS. See online help for details.
C:\Users\user\output\deepseek-v4部署\fastllm-master\src\model.cpp(2565): warning C4244: “=”: 从“double”转换到“float”，可能丢失数据
C:\Users\user\output\deepseek-v4部署\fastllm-master\src\model.cpp(2722): warning C4267: “初始化”: 从“size_t”转换到“int”，可能丢失数据
C:\Users\user\output\deepseek-v4部署\fastllm-master\src\model.cpp(2725): warning C4267: “初始化”: 从“size_t”转换到“int”，可能丢失数据
C:\Users\user\output\deepseek-v4部署\fastllm-master\src\model.cpp(2913): warning C4996: 'fopen': This function or variable may be unsafe. Consider using fopen_s instead. To disable deprecation, use _CRT_SECURE_NO_WARNINGS. See online help for details.
[9/81] Building CXX object CMakeFiles\fastllm_tools.dir\src\devices\disk\diskdevice.cpp.obj
C:\Users\user\output\deepseek-v4部署\fastllm-master\include\devices/cpu/alivethreadpool.h(136): warning C4267: “初始化”: 从“size_t”转换到“int”，可能丢失数据
C:\Users\user\output\deepseek-v4部署\fastllm-master\include\devices/cpu/alivethreadpool.h(176): warning C4267: “初始化”: 从“size_t”转换到“int”，可能丢失数据
C:\Users\user\output\deepseek-v4部署\fastllm-master\include\devices/cpu/alivethreadpool.h(236): warning C4267: “初始化”: 从“size_t”转换到“int”，可能丢失数据
C:\Users\user\output\deepseek-v4部署\fastllm-master\include\devices/cpu/alivethreadpool.h(237): warning C4267: “初始化”: 从“size_t”转换到“int”，可能丢失数据
C:\Users\user\output\deepseek-v4部署\fastllm-master\include\devices/cpu/alivethreadpool.h(238): warning C4267: “初始化”: 从“size_t”转换到“int”，可能丢失数据
C:\Users\user\output\deepseek-v4部署\fastllm-master\include\devices/cpu/alivethreadpool.h(281): warning C4267: “初始化”: 从“size_t”转换到“int”，可能丢失数据
C:\Users\user\output\deepseek-v4部署\fastllm-master\include\devices/cpu/alivethreadpool.h(327): warning C4267: “初始化”: 从“size_t”转换到“int”，可能丢失数据
C:\Users\user\output\deepseek-v4部署\fastllm-master\include\devices/cpu/alivethreadpool.h(330): warning C4267: “初始化”: 从“size_t”转换到“int”，可能丢失数据
C:\Users\user\output\deepseek-v4部署\fastllm-master\include\devices/cpu/alivethreadpool.h(370): warning C4267: “初始化”: 从“size_t”转换到“int”，可能丢失数据
C:\Users\user\output\deepseek-v4部署\fastllm-master\include\devices/cpu/alivethreadpool.h(372): warning C4267: “初始化”: 从“size_t”转换到“int”，可能丢失数据
C:\Users\user\output\deepseek-v4部署\fastllm-master\include\fastllm.h(222): warning C4244: “初始化”: 从“int”转换到“float”，可能丢失数据
C:\Users\user\output\deepseek-v4部署\fastllm-master\include\fastllm.h(222): warning C4244: “初始化”: 从“int”转换到“const float”，可能丢失数据
C:\Users\user\output\deepseek-v4部署\fastllm-master\include\fastllm.h(227): warning C4244: “=”: 从“float”转换到“uint8_t”，可能丢失数据
C:\Users\user\output\deepseek-v4部署\fastllm-master\include\fastllm.h(229): warning C4244: “=”: 从“const float”转换到“uint8_t”，可能丢失数据
C:\Users\user\output\deepseek-v4部署\fastllm-master\include\fastllm.h(687): warning C4996: 'std::codecvt_utf8<wchar_t,1114111,(std::codecvt_mode)0>': warning STL4017: std::wbuffer_convert, std::wstring_convert, and the <codecvt> header (containing std::codecvt_mode, std::codecvt_utf8, std::codecvt_utf16, and std::codecvt_utf8_utf16) are deprecated in C++17. (The std::codecvt class template is NOT deprecated.) The C++ Standard doesn't provide equivalent non-deprecated functionality; consider using MultiByteToWideChar() and WideCharToMultiByte() from <Windows.h> instead. You can define _SILENCE_CXX17_CODECVT_HEADER_DEPRECATION_WARNING or _SILENCE_ALL_CXX17_DEPRECATION_WARNINGS to suppress this warning.
C:\Program Files (x86)\Microsoft Visual Studio\2022\BuildTools\VC\Tools\MSVC\14.44.35207\include\codecvt(34): note: 参见“std::codecvt_utf8”的声明
C:\Users\user\output\deepseek-v4部署\fastllm-master\include\fastllm.h(687): warning C4996: 'std::wstring_convert<std::codecvt_utf8<wchar_t,1114111,(std::codecvt_mode)0>,wchar_t,std::allocator<wchar_t>,std::allocator<char>>': warning STL4017: std::wbuffer_convert, std::wstring_convert, and the <codecvt> header (containing std::codecvt_mode, std::codecvt_utf8, std::codecvt_utf16, and std::codecvt_utf8_utf16) are deprecated in C++17. (The std::codecvt class template is NOT deprecated.) The C++ Standard doesn't provide equivalent non-deprecated functionality; consider using MultiByteToWideChar() and WideCharToMultiByte() from <Windows.h> instead. You can define _SILENCE_CXX17_CODECVT_HEADER_DEPRECATION_WARNING or _SILENCE_ALL_CXX17_DEPRECATION_WARNINGS to suppress this warning.
C:\Program Files (x86)\Microsoft Visual Studio\2022\BuildTools\VC\Tools\MSVC\14.44.35207\include\xlocbuf(303): note: 参见“std::wstring_convert”的声明
C:\Users\user\output\deepseek-v4部署\fastllm-master\include\utils\utils.h(30): warning C4067: 预处理器指令后有意外标记 - 应输入换行符
C:\Users\user\output\deepseek-v4部署\fastllm-master\include\utils\utils.h(109): warning C4996: '_wfopen': This function or variable may be unsafe. Consider using _wfopen_s instead. To disable deprecation, use _CRT_SECURE_NO_WARNINGS. See online help for details.
C:\Users\user\output\deepseek-v4部署\fastllm-master\include\utils\utils.h(118): warning C4996: '_wopen': This function or variable may be unsafe. Consider using _wsopen_s instead. To disable deprecation, use _CRT_SECURE_NO_WARNINGS. See online help for details.
C:\Users\user\output\deepseek-v4部署\fastllm-master\include\utils\utils.h(150): warning C4244: “return”: 从“double”转换到“float”，可能丢失数据
C:\Users\user\output\deepseek-v4部署\fastllm-master\include\utils\utils.h(355): warning C4267: “初始化”: 从“size_t”转换到“int”，可能丢失数据
C:\Users\user\output\deepseek-v4部署\fastllm-master\include\utils\utils.h(417): warning C4244: “+=”: 从“double”转换到“float”，可能丢失数据
C:\Users\user\output\deepseek-v4部署\fastllm-master\include\models\basellm.h(344): warning C4305: “初始化”: 从“double”到“float”截断
C:\Users\user\output\deepseek-v4部署\fastllm-master\include\models\basellm.h(348): warning C4244: “初始化”: 从“double”转换到“const float”，可能丢失数据
C:\Users\user\output\deepseek-v4部署\fastllm-master\src\devices\disk\diskdevice.cpp(64): warning C4996: 'getenv': This function or variable may be unsafe. Consider using _dupenv_s instead. To disable deprecation, use _CRT_SECURE_NO_WARNINGS. See online help for details.
C:\Users\user\output\deepseek-v4部署\fastllm-master\src\devices\disk\diskdevice.cpp(302): warning C4244: “初始化”: 从“uint64_t”转换到“int”，可能丢失数据
C:\Users\user\output\deepseek-v4部署\fastllm-master\src\devices\disk\diskdevice.cpp(325): warning C4244: “初始化”: 从“uint64_t”转换到“int”，可能丢失数据
[10/81] Building CXX object CMakeFiles\fastllm_tools.dir\src\models\moss.cpp.obj
C:\Users\user\output\deepseek-v4部署\fastllm-master\include\utils\utils.h(30): warning C4067: 预处理器指令后有意外标记 - 应输入换行符
C:\Users\user\output\deepseek-v4部署\fastllm-master\include\utils\utils.h(109): warning C4996: '_wfopen': This function or variable may be unsafe. Consider using _wfopen_s instead. To disable deprecation, use _CRT_SECURE_NO_WARNINGS. See online help for details.
C:\Users\user\output\deepseek-v4部署\fastllm-master\include\utils\utils.h(118): warning C4996: '_wopen': This function or variable may be unsafe. Consider using _wsopen_s instead. To disable deprecation, use _CRT_SECURE_NO_WARNINGS. See online help for details.
C:\Users\user\output\deepseek-v4部署\fastllm-master\include\utils\utils.h(150): warning C4244: “return”: 从“double”转换到“float”，可能丢失数据
C:\Users\user\output\deepseek-v4部署\fastllm-master\include\utils\utils.h(355): warning C4267: “初始化”: 从“size_t”转换到“int”，可能丢失数据
C:\Users\user\output\deepseek-v4部署\fastllm-master\include\utils\utils.h(417): warning C4244: “+=”: 从“double”转换到“float”，可能丢失数据
C:\Users\user\output\deepseek-v4部署\fastllm-master\include\devices/cpu/alivethreadpool.h(136): warning C4267: “初始化”: 从“size_t”转换到“int”，可能丢失数据
C:\Users\user\output\deepseek-v4部署\fastllm-master\include\devices/cpu/alivethreadpool.h(176): warning C4267: “初始化”: 从“size_t”转换到“int”，可能丢失数据
C:\Users\user\output\deepseek-v4部署\fastllm-master\include\devices/cpu/alivethreadpool.h(236): warning C4267: “初始化”: 从“size_t”转换到“int”，可能丢失数据
C:\Users\user\output\deepseek-v4部署\fastllm-master\include\devices/cpu/alivethreadpool.h(237): warning C4267: “初始化”: 从“size_t”转换到“int”，可能丢失数据
C:\Users\user\output\deepseek-v4部署\fastllm-master\include\devices/cpu/alivethreadpool.h(238): warning C4267: “初始化”: 从“size_t”转换到“int”，可能丢失数据
C:\Users\user\output\deepseek-v4部署\fastllm-master\include\devices/cpu/alivethreadpool.h(281): warning C4267: “初始化”: 从“size_t”转换到“int”，可能丢失数据
C:\Users\user\output\deepseek-v4部署\fastllm-master\include\devices/cpu/alivethreadpool.h(327): warning C4267: “初始化”: 从“size_t”转换到“int”，可能丢失数据
C:\Users\user\output\deepseek-v4部署\fastllm-master\include\devices/cpu/alivethreadpool.h(330): warning C4267: “初始化”: 从“size_t”转换到“int”，可能丢失数据
C:\Users\user\output\deepseek-v4部署\fastllm-master\include\devices/cpu/alivethreadpool.h(370): warning C4267: “初始化”: 从“size_t”转换到“int”，可能丢失数据
C:\Users\user\output\deepseek-v4部署\fastllm-master\include\devices/cpu/alivethreadpool.h(372): warning C4267: “初始化”: 从“size_t”转换到“int”，可能丢失数据
C:\Users\user\output\deepseek-v4部署\fastllm-master\include\fastllm.h(222): warning C4244: “初始化”: 从“int”转换到“float”，可能丢失数据
C:\Users\user\output\deepseek-v4部署\fastllm-master\include\fastllm.h(222): warning C4244: “初始化”: 从“int”转换到“const float”，可能丢失数据
C:\Users\user\output\deepseek-v4部署\fastllm-master\include\fastllm.h(227): warning C4244: “=”: 从“float”转换到“uint8_t”，可能丢失数据
C:\Users\user\output\deepseek-v4部署\fastllm-master\include\fastllm.h(229): warning C4244: “=”: 从“const float”转换到“uint8_t”，可能丢失数据
C:\Users\user\output\deepseek-v4部署\fastllm-master\include\fastllm.h(687): warning C4996: 'std::codecvt_utf8<wchar_t,1114111,(std::codecvt_mode)0>': warning STL4017: std::wbuffer_convert, std::wstring_convert, and the <codecvt> header (containing std::codecvt_mode, std::codecvt_utf8, std::codecvt_utf16, and std::codecvt_utf8_utf16) are deprecated in C++17. (The std::codecvt class template is NOT deprecated.) The C++ Standard doesn't provide equivalent non-deprecated functionality; consider using MultiByteToWideChar() and WideCharToMultiByte() from <Windows.h> instead. You can define _SILENCE_CXX17_CODECVT_HEADER_DEPRECATION_WARNING or _SILENCE_ALL_CXX17_DEPRECATION_WARNINGS to suppress this warning.
C:\Program Files (x86)\Microsoft Visual Studio\2022\BuildTools\VC\Tools\MSVC\14.44.35207\include\codecvt(34): note: 参见“std::codecvt_utf8”的声明
C:\Users\user\output\deepseek-v4部署\fastllm-master\include\fastllm.h(687): warning C4996: 'std::wstring_convert<std::codecvt_utf8<wchar_t,1114111,(std::codecvt_mode)0>,wchar_t,std::allocator<wchar_t>,std::allocator<char>>': warning STL4017: std::wbuffer_convert, std::wstring_convert, and the <codecvt> header (containing std::codecvt_mode, std::codecvt_utf8, std::codecvt_utf16, and std::codecvt_utf8_utf16) are deprecated in C++17. (The std::codecvt class template is NOT deprecated.) The C++ Standard doesn't provide equivalent non-deprecated functionality; consider using MultiByteToWideChar() and WideCharToMultiByte() from <Windows.h> instead. You can define _SILENCE_CXX17_CODECVT_HEADER_DEPRECATION_WARNING or _SILENCE_ALL_CXX17_DEPRECATION_WARNINGS to suppress this warning.
C:\Program Files (x86)\Microsoft Visual Studio\2022\BuildTools\VC\Tools\MSVC\14.44.35207\include\xlocbuf(303): note: 参见“std::wstring_convert”的声明
C:\Users\user\output\deepseek-v4部署\fastllm-master\include\models\basellm.h(344): warning C4305: “初始化”: 从“double”到“float”截断
C:\Users\user\output\deepseek-v4部署\fastllm-master\include\models\basellm.h(348): warning C4244: “初始化”: 从“double”转换到“const float”，可能丢失数据
C:\Users\user\output\deepseek-v4部署\fastllm-master\src\models\moss.cpp(39): warning C4244: “参数”: 从“double”转换到“_Ty”，可能丢失数据
        with
        [
            _Ty=float
        ]
C:\Users\user\output\deepseek-v4部署\fastllm-master\src\models\moss.cpp(54): warning C4244: “初始化”: 从“uint64_t”转换到“int”，可能丢失数据
C:\Users\user\output\deepseek-v4部署\fastllm-master\src\models\moss.cpp(68): warning C4244: “初始化”: 从“uint64_t”转换到“int”，可能丢失数据
C:\Users\user\output\deepseek-v4部署\fastllm-master\src\models\moss.cpp(142): warning C4244: “参数”: 从“double”转换到“float”，可能丢失数据
C:\Users\user\output\deepseek-v4部署\fastllm-master\src\models\moss.cpp(201): warning C4244: “初始化”: 从“double”转换到“float”，可能丢失数据
C:\Users\user\output\deepseek-v4部署\fastllm-master\src\models\moss.cpp(227): warning C4244: “=”: 从“int”转换到“float”，可能丢失数据
C:\Users\user\output\deepseek-v4部署\fastllm-master\src\models\moss.cpp(241): warning C4244: “参数”: 从“int”转换到“_Ty”，可能丢失数据
        with
        [
            _Ty=float
        ]
C:\Users\user\output\deepseek-v4部署\fastllm-master\src\models\moss.cpp(329): warning C4267: “初始化”: 从“size_t”转换到“int”，可能丢失数据
C:\Users\user\output\deepseek-v4部署\fastllm-master\src\models\moss.cpp(333): warning C4244: “=”: 从“int”转换到“_Ty”，可能丢失数据
        with
        [
            _Ty=float
        ]
[11/81] Building CXX object CMakeFiles\fastllm_tools.dir\src\models\graphllm.cpp.obj
C:\Users\user\output\deepseek-v4部署\fastllm-master\include\utils\utils.h(30): warning C4067: 预处理器指令后有意外标记 - 应输入换行符
C:\Users\user\output\deepseek-v4部署\fastllm-master\include\utils\utils.h(109): warning C4996: '_wfopen': This function or variable may be unsafe. Consider using _wfopen_s instead. To disable deprecation, use _CRT_SECURE_NO_WARNINGS. See online help for details.
C:\Users\user\output\deepseek-v4部署\fastllm-master\include\utils\utils.h(118): warning C4996: '_wopen': This function or variable may be unsafe. Consider using _wsopen_s instead. To disable deprecation, use _CRT_SECURE_NO_WARNINGS. See online help for details.
C:\Users\user\output\deepseek-v4部署\fastllm-master\include\utils\utils.h(150): warning C4244: “return”: 从“double”转换到“float”，可能丢失数据
C:\Users\user\output\deepseek-v4部署\fastllm-master\include\utils\utils.h(355): warning C4267: “初始化”: 从“size_t”转换到“int”，可能丢失数据
C:\Users\user\output\deepseek-v4部署\fastllm-master\include\utils\utils.h(417): warning C4244: “+=”: 从“double”转换到“float”，可能丢失数据
C:\Users\user\output\deepseek-v4部署\fastllm-master\include\devices/cpu/alivethreadpool.h(136): warning C4267: “初始化”: 从“size_t”转换到“int”，可能丢失数据
C:\Users\user\output\deepseek-v4部署\fastllm-master\include\devices/cpu/alivethreadpool.h(176): warning C4267: “初始化”: 从“size_t”转换到“int”，可能丢失数据
C:\Users\user\output\deepseek-v4部署\fastllm-master\include\devices/cpu/alivethreadpool.h(236): warning C4267: “初始化”: 从“size_t”转换到“int”，可能丢失数据
C:\Users\user\output\deepseek-v4部署\fastllm-master\include\devices/cpu/alivethreadpool.h(237): warning C4267: “初始化”: 从“size_t”转换到“int”，可能丢失数据
C:\Users\user\output\deepseek-v4部署\fastllm-master\include\devices/cpu/alivethreadpool.h(238): warning C4267: “初始化”: 从“size_t”转换到“int”，可能丢失数据
C:\Users\user\output\deepseek-v4部署\fastllm-master\include\devices/cpu/alivethreadpool.h(281): warning C4267: “初始化”: 从“size_t”转换到“int”，可能丢失数据
C:\Users\user\output\deepseek-v4部署\fastllm-master\include\devices/cpu/alivethreadpool.h(327): warning C4267: “初始化”: 从“size_t”转换到“int”，可能丢失数据
C:\Users\user\output\deepseek-v4部署\fastllm-master\include\devices/cpu/alivethreadpool.h(330): warning C4267: “初始化”: 从“size_t”转换到“int”，可能丢失数据
C:\Users\user\output\deepseek-v4部署\fastllm-master\include\devices/cpu/alivethreadpool.h(370): warning C4267: “初始化”: 从“size_t”转换到“int”，可能丢失数据
C:\Users\user\output\deepseek-v4部署\fastllm-master\include\devices/cpu/alivethreadpool.h(372): warning C4267: “初始化”: 从“size_t”转换到“int”，可能丢失数据
C:\Users\user\output\deepseek-v4部署\fastllm-master\include\fastllm.h(222): warning C4244: “初始化”: 从“int”转换到“float”，可能丢失数据
C:\Users\user\output\deepseek-v4部署\fastllm-master\include\fastllm.h(222): warning C4244: “初始化”: 从“int”转换到“const float”，可能丢失数据
C:\Users\user\output\deepseek-v4部署\fastllm-master\include\fastllm.h(227): warning C4244: “=”: 从“float”转换到“uint8_t”，可能丢失数据
C:\Users\user\output\deepseek-v4部署\fastllm-master\include\fastllm.h(229): warning C4244: “=”: 从“const float”转换到“uint8_t”，可能丢失数据
C:\Users\user\output\deepseek-v4部署\fastllm-master\include\fastllm.h(687): warning C4996: 'std::codecvt_utf8<wchar_t,1114111,(std::codecvt_mode)0>': warning STL4017: std::wbuffer_convert, std::wstring_convert, and the <codecvt> header (containing std::codecvt_mode, std::codecvt_utf8, std::codecvt_utf16, and std::codecvt_utf8_utf16) are deprecated in C++17. (The std::codecvt class template is NOT deprecated.) The C++ Standard doesn't provide equivalent non-deprecated functionality; consider using MultiByteToWideChar() and WideCharToMultiByte() from <Windows.h> instead. You can define _SILENCE_CXX17_CODECVT_HEADER_DEPRECATION_WARNING or _SILENCE_ALL_CXX17_DEPRECATION_WARNINGS to suppress this warning.
C:\Program Files (x86)\Microsoft Visual Studio\2022\BuildTools\VC\Tools\MSVC\14.44.35207\include\codecvt(34): note: 参见“std::codecvt_utf8”的声明
C:\Users\user\output\deepseek-v4部署\fastllm-master\include\fastllm.h(687): warning C4996: 'std::wstring_convert<std::codecvt_utf8<wchar_t,1114111,(std::codecvt_mode)0>,wchar_t,std::allocator<wchar_t>,std::allocator<char>>': warning STL4017: std::wbuffer_convert, std::wstring_convert, and the <codecvt> header (containing std::codecvt_mode, std::codecvt_utf8, std::codecvt_utf16, and std::codecvt_utf8_utf16) are deprecated in C++17. (The std::codecvt class template is NOT deprecated.) The C++ Standard doesn't provide equivalent non-deprecated functionality; consider using MultiByteToWideChar() and WideCharToMultiByte() from <Windows.h> instead. You can define _SILENCE_CXX17_CODECVT_HEADER_DEPRECATION_WARNING or _SILENCE_ALL_CXX17_DEPRECATION_WARNINGS to suppress this warning.
C:\Program Files (x86)\Microsoft Visual Studio\2022\BuildTools\VC\Tools\MSVC\14.44.35207\include\xlocbuf(303): note: 参见“std::wstring_convert”的声明
C:\Users\user\output\deepseek-v4部署\fastllm-master\include\models\basellm.h(344): warning C4305: “初始化”: 从“double”到“float”截断
C:\Users\user\output\deepseek-v4部署\fastllm-master\include\models\basellm.h(348): warning C4244: “初始化”: 从“double”转换到“const float”，可能丢失数据
C:\Users\user\output\deepseek-v4部署\fastllm-master\include\models\graphllm.h(78): warning C4305: “初始化”: 从“double”到“float”截断
C:\Users\user\output\deepseek-v4部署\fastllm-master\src\models\graphllm.cpp(45): warning C4244: “=”: 从“double”转换到“float”，可能丢失数据
C:\Users\user\output\deepseek-v4部署\fastllm-master\src\models\graphllm.cpp(48): warning C4244: “=”: 从“double”转换到“float”，可能丢失数据
C:\Users\user\output\deepseek-v4部署\fastllm-master\src\models\graphllm.cpp(58): warning C4244: “=”: 从“double”转换到“float”，可能丢失数据
C:\Users\user\output\deepseek-v4部署\fastllm-master\src\models\graphllm.cpp(61): warning C4244: “=”: 从“double”转换到“float”，可能丢失数据
C:\Users\user\output\deepseek-v4部署\fastllm-master\src\models\graphllm.cpp(77): warning C4244: “参数”: 从“double”转换到“_Ty”，可能丢失数据
        with
        [
            _Ty=float
        ]
C:\Users\user\output\deepseek-v4部署\fastllm-master\src\models\graphllm.cpp(79): warning C4244: “初始化”: 从“double”转换到“float”，可能丢失数据
C:\Users\user\output\deepseek-v4部署\fastllm-master\src\models\graphllm.cpp(194): warning C4244: “+=”: 从“uint64_t”转换到“int”，可能丢失数据
C:\Users\user\output\deepseek-v4部署\fastllm-master\src\models\graphllm.cpp(330): warning C4244: “=”: 从“int”转换到“_Ty”，可能丢失数据
        with
        [
            _Ty=float
        ]
C:\Program Files (x86)\Microsoft Visual Studio\2022\BuildTools\VC\Tools\MSVC\14.44.35207\include\xutility(5310): warning C4244: “=”: 从“const _Ty”转换到“_Ty”，可能丢失数据
        with
        [
            _Ty=double
        ]
        and
        [
            _Ty=float
        ]
C:\Program Files (x86)\Microsoft Visual Studio\2022\BuildTools\VC\Tools\MSVC\14.44.35207\include\xutility(5310): note: 模板实例化上下文(最早的实例化上下文)为
C:\Users\user\output\deepseek-v4部署\fastllm-master\src\models\graphllm.cpp(264): note: 查看对正在编译的函数 模板 实例化“void std::fill<_Ty*,double>(const _FwdIt,const _FwdIt,const double &)”的引用
        with
        [
            _Ty=float,
            _FwdIt=float *
        ]
[12/81] Building CXX object CMakeFiles\fastllm_tools.dir\src\models\chatglm.cpp.obj
C:\Users\user\output\deepseek-v4部署\fastllm-master\include\utils\utils.h(30): warning C4067: 预处理器指令后有意外标记 - 应输入换行符
C:\Users\user\output\deepseek-v4部署\fastllm-master\include\utils\utils.h(109): warning C4996: '_wfopen': This function or variable may be unsafe. Consider using _wfopen_s instead. To disable deprecation, use _CRT_SECURE_NO_WARNINGS. See online help for details.
C:\Users\user\output\deepseek-v4部署\fastllm-master\include\utils\utils.h(118): warning C4996: '_wopen': This function or variable may be unsafe. Consider using _wsopen_s instead. To disable deprecation, use _CRT_SECURE_NO_WARNINGS. See online help for details.
C:\Users\user\output\deepseek-v4部署\fastllm-master\include\utils\utils.h(150): warning C4244: “return”: 从“double”转换到“float”，可能丢失数据
C:\Users\user\output\deepseek-v4部署\fastllm-master\include\utils\utils.h(355): warning C4267: “初始化”: 从“size_t”转换到“int”，可能丢失数据
C:\Users\user\output\deepseek-v4部署\fastllm-master\include\utils\utils.h(417): warning C4244: “+=”: 从“double”转换到“float”，可能丢失数据
C:\Users\user\output\deepseek-v4部署\fastllm-master\include\devices/cpu/alivethreadpool.h(136): warning C4267: “初始化”: 从“size_t”转换到“int”，可能丢失数据
C:\Users\user\output\deepseek-v4部署\fastllm-master\include\devices/cpu/alivethreadpool.h(176): warning C4267: “初始化”: 从“size_t”转换到“int”，可能丢失数据
C:\Users\user\output\deepseek-v4部署\fastllm-master\include\devices/cpu/alivethreadpool.h(236): warning C4267: “初始化”: 从“size_t”转换到“int”，可能丢失数据
C:\Users\user\output\deepseek-v4部署\fastllm-master\include\devices/cpu/alivethreadpool.h(237): warning C4267: “初始化”: 从“size_t”转换到“int”，可能丢失数据
C:\Users\user\output\deepseek-v4部署\fastllm-master\include\devices/cpu/alivethreadpool.h(238): warning C4267: “初始化”: 从“size_t”转换到“int”，可能丢失数据
C:\Users\user\output\deepseek-v4部署\fastllm-master\include\devices/cpu/alivethreadpool.h(281): warning C4267: “初始化”: 从“size_t”转换到“int”，可能丢失数据
C:\Users\user\output\deepseek-v4部署\fastllm-master\include\devices/cpu/alivethreadpool.h(327): warning C4267: “初始化”: 从“size_t”转换到“int”，可能丢失数据
C:\Users\user\output\deepseek-v4部署\fastllm-master\include\devices/cpu/alivethreadpool.h(330): warning C4267: “初始化”: 从“size_t”转换到“int”，可能丢失数据
C:\Users\user\output\deepseek-v4部署\fastllm-master\include\devices/cpu/alivethreadpool.h(370): warning C4267: “初始化”: 从“size_t”转换到“int”，可能丢失数据
C:\Users\user\output\deepseek-v4部署\fastllm-master\include\devices/cpu/alivethreadpool.h(372): warning C4267: “初始化”: 从“size_t”转换到“int”，可能丢失数据
C:\Users\user\output\deepseek-v4部署\fastllm-master\include\fastllm.h(222): warning C4244: “初始化”: 从“int”转换到“float”，可能丢失数据
C:\Users\user\output\deepseek-v4部署\fastllm-master\include\fastllm.h(222): warning C4244: “初始化”: 从“int”转换到“const float”，可能丢失数据
C:\Users\user\output\deepseek-v4部署\fastllm-master\include\fastllm.h(227): warning C4244: “=”: 从“float”转换到“uint8_t”，可能丢失数据
C:\Users\user\output\deepseek-v4部署\fastllm-master\include\fastllm.h(229): warning C4244: “=”: 从“const float”转换到“uint8_t”，可能丢失数据
C:\Users\user\output\deepseek-v4部署\fastllm-master\include\fastllm.h(687): warning C4996: 'std::codecvt_utf8<wchar_t,1114111,(std::codecvt_mode)0>': warning STL4017: std::wbuffer_convert, std::wstring_convert, and the <codecvt> header (containing std::codecvt_mode, std::codecvt_utf8, std::codecvt_utf16, and std::codecvt_utf8_utf16) are deprecated in C++17. (The std::codecvt class template is NOT deprecated.) The C++ Standard doesn't provide equivalent non-deprecated functionality; consider using MultiByteToWideChar() and WideCharToMultiByte() from <Windows.h> instead. You can define _SILENCE_CXX17_CODECVT_HEADER_DEPRECATION_WARNING or _SILENCE_ALL_CXX17_DEPRECATION_WARNINGS to suppress this warning.
C:\Program Files (x86)\Microsoft Visual Studio\2022\BuildTools\VC\Tools\MSVC\14.44.35207\include\codecvt(34): note: 参见“std::codecvt_utf8”的声明
C:\Users\user\output\deepseek-v4部署\fastllm-master\include\fastllm.h(687): warning C4996: 'std::wstring_convert<std::codecvt_utf8<wchar_t,1114111,(std::codecvt_mode)0>,wchar_t,std::allocator<wchar_t>,std::allocator<char>>': warning STL4017: std::wbuffer_convert, std::wstring_convert, and the <codecvt> header (containing std::codecvt_mode, std::codecvt_utf8, std::codecvt_utf16, and std::codecvt_utf8_utf16) are deprecated in C++17. (The std::codecvt class template is NOT deprecated.) The C++ Standard doesn't provide equivalent non-deprecated functionality; consider using MultiByteToWideChar() and WideCharToMultiByte() from <Windows.h> instead. You can define _SILENCE_CXX17_CODECVT_HEADER_DEPRECATION_WARNING or _SILENCE_ALL_CXX17_DEPRECATION_WARNINGS to suppress this warning.
C:\Program Files (x86)\Microsoft Visual Studio\2022\BuildTools\VC\Tools\MSVC\14.44.35207\include\xlocbuf(303): note: 参见“std::wstring_convert”的声明
C:\Users\user\output\deepseek-v4部署\fastllm-master\include\models\basellm.h(344): warning C4305: “初始化”: 从“double”到“float”截断
C:\Users\user\output\deepseek-v4部署\fastllm-master\include\models\basellm.h(348): warning C4244: “初始化”: 从“double”转换到“const float”，可能丢失数据
C:\Users\user\output\deepseek-v4部署\fastllm-master\include\models\chatglm.h(79): warning C4305: “初始化”: 从“double”到“float”截断
C:\Users\user\output\deepseek-v4部署\fastllm-master\src\models\chatglm.cpp(37): warning C4244: “初始化”: 从“float”转换到“int”，可能丢失数据
C:\Users\user\output\deepseek-v4部署\fastllm-master\src\models\chatglm.cpp(38): warning C4244: “参数”: 从“double”转换到“_Ty”，可能丢失数据
        with
        [
            _Ty=float
        ]
C:\Users\user\output\deepseek-v4部署\fastllm-master\src\models\chatglm.cpp(100): warning C4244: “=”: 从“double”转换到“float”，可能丢失数据
C:\Users\user\output\deepseek-v4部署\fastllm-master\src\models\chatglm.cpp(106): warning C4244: “参数”: 从“double”转换到“float”，可能丢失数据
C:\Users\user\output\deepseek-v4部署\fastllm-master\src\models\chatglm.cpp(265): warning C4244: “参数”: 从“double”转换到“float”，可能丢失数据
C:\Users\user\output\deepseek-v4部署\fastllm-master\src\models\chatglm.cpp(299): warning C4244: “初始化”: 从“double”转换到“float”，可能丢失数据
C:\Users\user\output\deepseek-v4部署\fastllm-master\src\models\chatglm.cpp(601): warning C4244: “参数”: 从“double”转换到“float”，可能丢失数据
C:\Users\user\output\deepseek-v4部署\fastllm-master\src\models\chatglm.cpp(615): warning C4244: “参数”: 从“double”转换到“float”，可能丢失数据
C:\Users\user\output\deepseek-v4部署\fastllm-master\src\models\chatglm.cpp(617): warning C4244: “参数”: 从“double”转换到“float”，可能丢失数据
C:\Users\user\output\deepseek-v4部署\fastllm-master\src\models\chatglm.cpp(628): warning C4244: “初始化”: 从“double”转换到“float”，可能丢失数据
C:\Users\user\output\deepseek-v4部署\fastllm-master\src\models\chatglm.cpp(709): warning C4244: “=”: 从“int”转换到“_Ty”，可能丢失数据
        with
        [
            _Ty=float
        ]
C:\Users\user\output\deepseek-v4部署\fastllm-master\src\models\chatglm.cpp(763): warning C4244: “参数”: 从“int”转换到“_Ty”，可能丢失数据
        with
        [
            _Ty=float
        ]
C:\Users\user\output\deepseek-v4部署\fastllm-master\src\models\chatglm.cpp(764): warning C4244: “参数”: 从“int”转换到“_Ty”，可能丢失数据
        with
        [
            _Ty=float
        ]
C:\Users\user\output\deepseek-v4部署\fastllm-master\src\models\chatglm.cpp(769): warning C4244: “参数”: 从“int”转换到“_Ty”，可能丢失数据
        with
        [
            _Ty=float
        ]
C:\Users\user\output\deepseek-v4部署\fastllm-master\src\models\chatglm.cpp(770): warning C4244: “参数”: 从“int”转换到“_Ty”，可能丢失数据
        with
        [
            _Ty=float
        ]
C:\Users\user\output\deepseek-v4部署\fastllm-master\src\models\chatglm.cpp(778): warning C4267: “初始化”: 从“size_t”转换到“int”，可能丢失数据
C:\Users\user\output\deepseek-v4部署\fastllm-master\src\models\chatglm.cpp(781): warning C4244: “=”: 从“int”转换到“_Ty”，可能丢失数据
        with
        [
            _Ty=float
        ]
C:\Users\user\output\deepseek-v4部署\fastllm-master\src\models\chatglm.cpp(783): warning C4244: “=”: 从“int”转换到“_Ty”，可能丢失数据
        with
        [
            _Ty=float
        ]
C:\Users\user\output\deepseek-v4部署\fastllm-master\src\models\chatglm.cpp(788): warning C4244: “=”: 从“int”转换到“_Ty”，可能丢失数据
        with
        [
            _Ty=float
        ]
C:\Users\user\output\deepseek-v4部署\fastllm-master\src\models\chatglm.cpp(796): warning C4244: “=”: 从“int”转换到“_Ty”，可能丢失数据
        with
        [
            _Ty=float
        ]
C:\Users\user\output\deepseek-v4部署\fastllm-master\src\models\chatglm.cpp(835): warning C4267: “初始化”: 从“size_t”转换到“int”，可能丢失数据
C:\Users\user\output\deepseek-v4部署\fastllm-master\src\models\chatglm.cpp(857): warning C4267: “初始化”: 从“size_t”转换到“int”，可能丢失数据
C:\Users\user\output\deepseek-v4部署\fastllm-master\src\models\chatglm.cpp(862): warning C4244: “=”: 从“int”转换到“_Ty”，可能丢失数据
        with
        [
            _Ty=float
        ]
C:\Users\user\output\deepseek-v4部署\fastllm-master\src\models\chatglm.cpp(863): warning C4244: “=”: 从“int”转换到“_Ty”，可能丢失数据
        with
        [
            _Ty=float
        ]
C:\Users\user\output\deepseek-v4部署\fastllm-master\src\models\chatglm.cpp(867): warning C4244: “=”: 从“int”转换到“_Ty”，可能丢失数据
        with
        [
            _Ty=float
        ]
C:\Users\user\output\deepseek-v4部署\fastllm-master\src\models\chatglm.cpp(869): warning C4244: “=”: 从“int”转换到“_Ty”，可能丢失数据
        with
        [
            _Ty=float
        ]
C:\Users\user\output\deepseek-v4部署\fastllm-master\src\models\chatglm.cpp(882): warning C4267: “初始化”: 从“size_t”转换到“int”，可能丢失数据
C:\Users\user\output\deepseek-v4部署\fastllm-master\src\models\chatglm.cpp(884): warning C4244: “=”: 从“int”转换到“_Ty”，可能丢失数据
        with
        [
            _Ty=float
        ]
C:\Users\user\output\deepseek-v4部署\fastllm-master\src\models\chatglm.cpp(885): warning C4244: “=”: 从“int”转换到“_Ty”，可能丢失数据
        with
        [
            _Ty=float
        ]
C:\Users\user\output\deepseek-v4部署\fastllm-master\src\models\chatglm.cpp(892): warning C4244: “=”: 从“int”转换到“_Ty”，可能丢失数据
        with
        [
            _Ty=float
        ]
C:\Users\user\output\deepseek-v4部署\fastllm-master\src\models\chatglm.cpp(922): warning C4244: “=”: 从“int”转换到“_Ty”，可能丢失数据
        with
        [
            _Ty=float
        ]
C:\Users\user\output\deepseek-v4部署\fastllm-master\src\models\chatglm.cpp(924): warning C4244: “=”: 从“int”转换到“_Ty”，可能丢失数据
        with
        [
            _Ty=float
        ]
C:\Users\user\output\deepseek-v4部署\fastllm-master\src\models\chatglm.cpp(926): warning C4244: “=”: 从“int”转换到“_Ty”，可能丢失数据
        with
        [
            _Ty=float
        ]
C:\Users\user\output\deepseek-v4部署\fastllm-master\src\models\chatglm.cpp(970): warning C4067: 预处理器指令后有意外标记 - 应输入换行符
C:\Users\user\output\deepseek-v4部署\fastllm-master\src\models\chatglm.cpp(986): warning C4067: 预处理器指令后有意外标记 - 应输入换行符
C:\Program Files (x86)\Microsoft Visual Studio\2022\BuildTools\VC\Tools\MSVC\14.44.35207\include\xutility(5310): warning C4244: “=”: 从“const _Ty”转换到“_Ty”，可能丢失数据
        with
        [
            _Ty=double
        ]
        and
        [
            _Ty=float
        ]
C:\Program Files (x86)\Microsoft Visual Studio\2022\BuildTools\VC\Tools\MSVC\14.44.35207\include\xutility(5310): note: 模板实例化上下文(最早的实例化上下文)为
C:\Users\user\output\deepseek-v4部署\fastllm-master\src\models\chatglm.cpp(871): note: 查看对正在编译的函数 模板 实例化“void std::fill<_Ty*,double>(const _FwdIt,const _FwdIt,const double &)”的引用
        with
        [
            _Ty=float,
            _FwdIt=float *
        ]
[13/81] Building CXX object CMakeFiles\fastllm_tools.dir\src\devices\cpu\cpudevice.cpp.obj
C:\Users\user\output\deepseek-v4部署\fastllm-master\include\devices/cpu/alivethreadpool.h(136): warning C4267: “初始化”: 从“size_t”转换到“int”，可能丢失数据
C:\Users\user\output\deepseek-v4部署\fastllm-master\include\devices/cpu/alivethreadpool.h(176): warning C4267: “初始化”: 从“size_t”转换到“int”，可能丢失数据
C:\Users\user\output\deepseek-v4部署\fastllm-master\include\devices/cpu/alivethreadpool.h(236): warning C4267: “初始化”: 从“size_t”转换到“int”，可能丢失数据
C:\Users\user\output\deepseek-v4部署\fastllm-master\include\devices/cpu/alivethreadpool.h(237): warning C4267: “初始化”: 从“size_t”转换到“int”，可能丢失数据
C:\Users\user\output\deepseek-v4部署\fastllm-master\include\devices/cpu/alivethreadpool.h(238): warning C4267: “初始化”: 从“size_t”转换到“int”，可能丢失数据
C:\Users\user\output\deepseek-v4部署\fastllm-master\include\devices/cpu/alivethreadpool.h(281): warning C4267: “初始化”: 从“size_t”转换到“int”，可能丢失数据
C:\Users\user\output\deepseek-v4部署\fastllm-master\include\devices/cpu/alivethreadpool.h(327): warning C4267: “初始化”: 从“size_t”转换到“int”，可能丢失数据
C:\Users\user\output\deepseek-v4部署\fastllm-master\include\devices/cpu/alivethreadpool.h(330): warning C4267: “初始化”: 从“size_t”转换到“int”，可能丢失数据
C:\Users\user\output\deepseek-v4部署\fastllm-master\include\devices/cpu/alivethreadpool.h(370): warning C4267: “初始化”: 从“size_t”转换到“int”，可能丢失数据
C:\Users\user\output\deepseek-v4部署\fastllm-master\include\devices/cpu/alivethreadpool.h(372): warning C4267: “初始化”: 从“size_t”转换到“int”，可能丢失数据
C:\Users\user\output\deepseek-v4部署\fastllm-master\include\fastllm.h(222): warning C4244: “初始化”: 从“int”转换到“float”，可能丢失数据
C:\Users\user\output\deepseek-v4部署\fastllm-master\include\fastllm.h(222): warning C4244: “初始化”: 从“int”转换到“const float”，可能丢失数据
C:\Users\user\output\deepseek-v4部署\fastllm-master\include\fastllm.h(227): warning C4244: “=”: 从“float”转换到“uint8_t”，可能丢失数据
C:\Users\user\output\deepseek-v4部署\fastllm-master\include\fastllm.h(229): warning C4244: “=”: 从“const float”转换到“uint8_t”，可能丢失数据
C:\Users\user\output\deepseek-v4部署\fastllm-master\include\fastllm.h(687): warning C4996: 'std::codecvt_utf8<wchar_t,1114111,(std::codecvt_mode)0>': warning STL4017: std::wbuffer_convert, std::wstring_convert, and the <codecvt> header (containing std::codecvt_mode, std::codecvt_utf8, std::codecvt_utf16, and std::codecvt_utf8_utf16) are deprecated in C++17. (The std::codecvt class template is NOT deprecated.) The C++ Standard doesn't provide equivalent non-deprecated functionality; consider using MultiByteToWideChar() and WideCharToMultiByte() from <Windows.h> instead. You can define _SILENCE_CXX17_CODECVT_HEADER_DEPRECATION_WARNING or _SILENCE_ALL_CXX17_DEPRECATION_WARNINGS to suppress this warning.
C:\Program Files (x86)\Microsoft Visual Studio\2022\BuildTools\VC\Tools\MSVC\14.44.35207\include\codecvt(34): note: 参见“std::codecvt_utf8”的声明
C:\Users\user\output\deepseek-v4部署\fastllm-master\include\fastllm.h(687): warning C4996: 'std::wstring_convert<std::codecvt_utf8<wchar_t,1114111,(std::codecvt_mode)0>,wchar_t,std::allocator<wchar_t>,std::allocator<char>>': warning STL4017: std::wbuffer_convert, std::wstring_convert, and the <codecvt> header (containing std::codecvt_mode, std::codecvt_utf8, std::codecvt_utf16, and std::codecvt_utf8_utf16) are deprecated in C++17. (The std::codecvt class template is NOT deprecated.) The C++ Standard doesn't provide equivalent non-deprecated functionality; consider using MultiByteToWideChar() and WideCharToMultiByte() from <Windows.h> instead. You can define _SILENCE_CXX17_CODECVT_HEADER_DEPRECATION_WARNING or _SILENCE_ALL_CXX17_DEPRECATION_WARNINGS to suppress this warning.
C:\Program Files (x86)\Microsoft Visual Studio\2022\BuildTools\VC\Tools\MSVC\14.44.35207\include\xlocbuf(303): note: 参见“std::wstring_convert”的声明
C:\Users\user\output\deepseek-v4部署\fastllm-master\include\utils\avxMath.h(82): warning C4305: “初始化”: 从“double”到“const float”截断
C:\Users\user\output\deepseek-v4部署\fastllm-master\include\utils\avxMath.h(83): warning C4305: “初始化”: 从“double”到“const float”截断
C:\Users\user\output\deepseek-v4部署\fastllm-master\include\utils\avxMath.h(84): warning C4305: “初始化”: 从“double”到“const float”截断
C:\Users\user\output\deepseek-v4部署\fastllm-master\include\utils\avxMath.h(85): warning C4305: “初始化”: 从“double”到“const float”截断
C:\Users\user\output\deepseek-v4部署\fastllm-master\include\utils\avxMath.h(86): warning C4305: “初始化”: 从“double”到“const float”截断
C:\Users\user\output\deepseek-v4部署\fastllm-master\include\utils\avxMath.h(87): warning C4305: “初始化”: 从“double”到“const float”截断
C:\Users\user\output\deepseek-v4部署\fastllm-master\include\utils\avxMath.h(88): warning C4305: “初始化”: 从“double”到“const float”截断
C:\Users\user\output\deepseek-v4部署\fastllm-master\include\utils\avxMath.h(89): warning C4305: “初始化”: 从“double”到“const float”截断
C:\Users\user\output\deepseek-v4部署\fastllm-master\include\utils\avxMath.h(90): warning C4305: “初始化”: 从“double”到“const float”截断
C:\Users\user\output\deepseek-v4部署\fastllm-master\include\utils\avxMath.h(91): warning C4305: “初始化”: 从“double”到“const float”截断
C:\Users\user\output\deepseek-v4部署\fastllm-master\include\utils\avxMath.h(92): warning C4305: “初始化”: 从“double”到“const float”截断
C:\Users\user\output\deepseek-v4部署\fastllm-master\include\utils\avxMath.h(258): warning C4305: “初始化”: 从“double”到“const float”截断
C:\Users\user\output\deepseek-v4部署\fastllm-master\include\utils\avxMath.h(260): warning C4305: “初始化”: 从“double”到“const float”截断
C:\Users\user\output\deepseek-v4部署\fastllm-master\include\utils\avxMath.h(262): warning C4305: “初始化”: 从“double”到“const float”截断
C:\Users\user\output\deepseek-v4部署\fastllm-master\include\utils\avxMath.h(263): warning C4305: “初始化”: 从“double”到“const float”截断
C:\Users\user\output\deepseek-v4部署\fastllm-master\include\utils\avxMath.h(264): warning C4305: “初始化”: 从“double”到“const float”截断
C:\Users\user\output\deepseek-v4部署\fastllm-master\include\utils\avxMath.h(265): warning C4305: “初始化”: 从“double”到“const float”截断
C:\Users\user\output\deepseek-v4部署\fastllm-master\include\utils\avxMath.h(266): warning C4305: “初始化”: 从“double”到“const float”截断
C:\Users\user\output\deepseek-v4部署\fastllm-master\include\utils\avxMath.h(267): warning C4305: “初始化”: 从“double”到“const float”截断
C:\Users\user\output\deepseek-v4部署\fastllm-master\include\utils\avxMath.h(327): warning C4305: “初始化”: 从“double”到“const float”截断
C:\Users\user\output\deepseek-v4部署\fastllm-master\include\utils\avxMath.h(328): warning C4305: “初始化”: 从“double”到“const float”截断
C:\Users\user\output\deepseek-v4部署\fastllm-master\include\utils\avxMath.h(329): warning C4305: “初始化”: 从“double”到“const float”截断
C:\Users\user\output\deepseek-v4部署\fastllm-master\include\utils\avxMath.h(330): warning C4305: “初始化”: 从“double”到“const float”截断
C:\Users\user\output\deepseek-v4部署\fastllm-master\include\utils\avxMath.h(331): warning C4305: “初始化”: 从“double”到“const float”截断
C:\Users\user\output\deepseek-v4部署\fastllm-master\include\utils\avxMath.h(332): warning C4305: “初始化”: 从“double”到“const float”截断
C:\Users\user\output\deepseek-v4部署\fastllm-master\include\utils\avxMath.h(333): warning C4305: “初始化”: 从“double”到“const float”截断
C:\Users\user\output\deepseek-v4部署\fastllm-master\include\utils\avxMath.h(334): warning C4305: “初始化”: 从“double”到“const float”截断
C:\Users\user\output\deepseek-v4部署\fastllm-master\include\utils\utils.h(30): warning C4067: 预处理器指令后有意外标记 - 应输入换行符
C:\Users\user\output\deepseek-v4部署\fastllm-master\include\utils\utils.h(109): warning C4996: '_wfopen': This function or variable may be unsafe. Consider using _wfopen_s instead. To disable deprecation, use _CRT_SECURE_NO_WARNINGS. See online help for details.
C:\Users\user\output\deepseek-v4部署\fastllm-master\include\utils\utils.h(118): warning C4996: '_wopen': This function or variable may be unsafe. Consider using _wsopen_s instead. To disable deprecation, use _CRT_SECURE_NO_WARNINGS. See online help for details.
C:\Users\user\output\deepseek-v4部署\fastllm-master\include\utils\utils.h(150): warning C4244: “return”: 从“double”转换到“float”，可能丢失数据
C:\Users\user\output\deepseek-v4部署\fastllm-master\include\utils\utils.h(355): warning C4267: “初始化”: 从“size_t”转换到“int”，可能丢失数据
C:\Users\user\output\deepseek-v4部署\fastllm-master\include\utils\utils.h(417): warning C4244: “+=”: 从“double”转换到“float”，可能丢失数据
C:\Users\user\output\deepseek-v4部署\fastllm-master\include\models\basellm.h(344): warning C4305: “初始化”: 从“double”到“float”截断
C:\Users\user\output\deepseek-v4部署\fastllm-master\include\models\basellm.h(348): warning C4244: “初始化”: 从“double”转换到“const float”，可能丢失数据
C:\Users\user\output\deepseek-v4部署\fastllm-master\src\devices\cpu\cpudevice.cpp(342): warning C4244: “初始化”: 从“uint64_t”转换到“int”，可能丢失数据
C:\Users\user\output\deepseek-v4部署\fastllm-master\src\devices\cpu\cpudevice.cpp(350): warning C4244: “初始化”: 从“uint64_t”转换到“int”，可能丢失数据
C:\Users\user\output\deepseek-v4部署\fastllm-master\src\devices\cpu\cpudevice.cpp(377): warning C4244: “初始化”: 从“uint64_t”转换到“int”，可能丢失数据
C:\Users\user\output\deepseek-v4部署\fastllm-master\src\devices\cpu\cpudevice.cpp(389): warning C4244: “初始化”: 从“uint64_t”转换到“int”，可能丢失数据
C:\Users\user\output\deepseek-v4部署\fastllm-master\src\devices\cpu\cpudevice.cpp(423): warning C4244: “参数”: 从“uint64_t”转换到“int”，可能丢失数据
C:\Users\user\output\deepseek-v4部署\fastllm-master\src\devices\cpu\cpudevice.cpp(425): warning C4244: “参数”: 从“uint64_t”转换到“int”，可能丢失数据
C:\Users\user\output\deepseek-v4部署\fastllm-master\src\devices\cpu\cpudevice.cpp(452): warning C4244: “参数”: 从“uint64_t”转换到“int”，可能丢失数据
C:\Users\user\output\deepseek-v4部署\fastllm-master\src\devices\cpu\cpudevice.cpp(456): warning C4244: “初始化”: 从“uint64_t”转换到“int”，可能丢失数据
C:\Users\user\output\deepseek-v4部署\fastllm-master\src\devices\cpu\cpudevice.cpp(484): warning C4244: “初始化”: 从“uint64_t”转换到“int”，可能丢失数据
C:\Users\user\output\deepseek-v4部署\fastllm-master\src\devices\cpu\cpudevice.cpp(490): warning C4244: “初始化”: 从“uint64_t”转换到“int”，可能丢失数据
C:\Users\user\output\deepseek-v4部署\fastllm-master\src\devices\cpu\cpudevice.cpp(520): warning C4244: “参数”: 从“uint64_t”转换到“int”，可能丢失数据
C:\Users\user\output\deepseek-v4部署\fastllm-master\src\devices\cpu\cpudevice.cpp(522): warning C4244: “参数”: 从“uint64_t”转换到“int”，可能丢失数据
C:\Users\user\output\deepseek-v4部署\fastllm-master\src\devices\cpu\cpudevice.cpp(674): warning C4244: “初始化”: 从“double”转换到“float”，可能丢失数据
C:\Users\user\output\deepseek-v4部署\fastllm-master\src\devices\cpu\cpudevice.cpp(686): warning C4244: “初始化”: 从“_Ty”转换到“int”，可能丢失数据
        with
        [
            _Ty=uint64_t
        ]
C:\Users\user\output\deepseek-v4部署\fastllm-master\src\devices\cpu\cpudevice.cpp(690): warning C4267: “初始化”: 从“size_t”转换到“int”，可能丢失数据
C:\Users\user\output\deepseek-v4部署\fastllm-master\src\devices\cpu\cpudevice.cpp(713): warning C4244: “初始化”: 从“_Ty”转换到“int”，可能丢失数据
        with
        [
            _Ty=uint64_t
        ]
C:\Users\user\output\deepseek-v4部署\fastllm-master\src\devices\cpu\cpudevice.cpp(717): warning C4267: “初始化”: 从“size_t”转换到“int”，可能丢失数据
C:\Users\user\output\deepseek-v4部署\fastllm-master\src\devices\cpu\cpudevice.cpp(751): warning C4267: “初始化”: 从“size_t”转换到“int”，可能丢失数据
C:\Users\user\output\deepseek-v4部署\fastllm-master\src\devices\cpu\cpudevice.cpp(752): warning C4267: “初始化”: 从“size_t”转换到“int”，可能丢失数据
C:\Users\user\output\deepseek-v4部署\fastllm-master\src\devices\cpu\cpudevice.cpp(812): warning C4244: “初始化”: 从“double”转换到“float”，可能丢失数据
C:\Users\user\output\deepseek-v4部署\fastllm-master\src\devices\cpu\cpudevice.cpp(852): warning C4244: “=”: 从“double”转换到“float”，可能丢失数据
C:\Users\user\output\deepseek-v4部署\fastllm-master\src\devices\cpu\cpudevice.cpp(911): warning C4244: “=”: 从“double”转换到“float”，可能丢失数据
C:\Users\user\output\deepseek-v4部署\fastllm-master\src\devices\cpu\cpudevice.cpp(946): warning C4244: “参数”: 从“double”转换到“const float”，可能丢失数据
C:\Users\user\output\deepseek-v4部署\fastllm-master\src\devices\cpu\cpudevice.cpp(1122): warning C4244: “=”: 从“double”转换到“float”，可能丢失数据
C:\Users\user\output\deepseek-v4部署\fastllm-master\src\devices\cpu\cpudevice.cpp(1476): warning C4267: “参数”: 从“size_t”转换到“long”，可能丢失数据
C:\Users\user\output\deepseek-v4部署\fastllm-master\src\devices\cpu\cpudevice.cpp(1475): warning C4267: “参数”: 从“size_t”转换到“long”，可能丢失数据
C:\Users\user\output\deepseek-v4部署\fastllm-master\src\devices\cpu\cpudevice.cpp(1474): warning C4267: “参数”: 从“size_t”转换到“long”，可能丢失数据
C:\Users\user\output\deepseek-v4部署\fastllm-master\src\devices\cpu\cpudevice.cpp(1490): warning C4267: “参数”: 从“size_t”转换到“long”，可能丢失数据
C:\Users\user\output\deepseek-v4部署\fastllm-master\src\devices\cpu\cpudevice.cpp(1489): warning C4267: “参数”: 从“size_t”转换到“long”，可能丢失数据
C:\Users\user\output\deepseek-v4部署\fastllm-master\src\devices\cpu\cpudevice.cpp(1488): warning C4267: “参数”: 从“size_t”转换到“long”，可能丢失数据
C:\Users\user\output\deepseek-v4部署\fastllm-master\src\devices\cpu\cpudevice.cpp(1505): warning C4267: “初始化”: 从“size_t”转换到“long”，可能丢失数据
C:\Users\user\output\deepseek-v4部署\fastllm-master\src\devices\cpu\cpudevice.cpp(1602): warning C4267: “初始化”: 从“size_t”转换到“int”，可能丢失数据
C:\Users\user\output\deepseek-v4部署\fastllm-master\src\devices\cpu\cpudevice.cpp(1687): warning C4244: “初始化”: 从“float”转换到“int”，可能丢失数据
C:\Users\user\output\deepseek-v4部署\fastllm-master\src\devices\cpu\cpudevice.cpp(1706): warning C4267: “参数”: 从“size_t”转换到“int”，可能丢失数据
C:\Users\user\output\deepseek-v4部署\fastllm-master\src\devices\cpu\cpudevice.cpp(1708): warning C4267: “参数”: 从“size_t”转换到“int”，可能丢失数据
C:\Users\user\output\deepseek-v4部署\fastllm-master\src\devices\cpu\cpudevice.cpp(1765): warning C4267: “初始化”: 从“size_t”转换到“int”，可能丢失数据
C:\Users\user\output\deepseek-v4部署\fastllm-master\src\devices\cpu\cpudevice.cpp(1842): warning C4267: “初始化”: 从“size_t”转换到“int”，可能丢失数据
C:\Users\user\output\deepseek-v4部署\fastllm-master\src\devices\cpu\cpudevice.cpp(1857): warning C4267: “初始化”: 从“size_t”转换到“int”，可能丢失数据
C:\Users\user\output\deepseek-v4部署\fastllm-master\src\devices\cpu\cpudevice.cpp(1877): warning C4267: “=”: 从“size_t”转换到“int”，可能丢失数据
C:\Users\user\output\deepseek-v4部署\fastllm-master\src\devices\cpu\cpudevice.cpp(1983): warning C4267: “初始化”: 从“size_t”转换到“int”，可能丢失数据
C:\Users\user\output\deepseek-v4部署\fastllm-master\src\devices\cpu\cpudevice.cpp(2023): warning C4244: “初始化”: 从“uint64_t”转换到“int”，可能丢失数据
C:\Users\user\output\deepseek-v4部署\fastllm-master\src\devices\cpu\cpudevice.cpp(2080): warning C4267: “初始化”: 从“size_t”转换到“int”，可能丢失数据
C:\Users\user\output\deepseek-v4部署\fastllm-master\src\devices\cpu\cpudevice.cpp(2301): warning C4244: “初始化”: 从“uint64_t”转换到“int”，可能丢失数据
C:\Users\user\output\deepseek-v4部署\fastllm-master\src\devices\cpu\cpudevice.cpp(2341): warning C4267: “初始化”: 从“size_t”转换到“int”，可能丢失数据
C:\Users\user\output\deepseek-v4部署\fastllm-master\src\devices\cpu\cpudevice.cpp(2507): warning C4244: “初始化”: 从“uint64_t”转换到“int”，可能丢失数据
C:\Users\user\output\deepseek-v4部署\fastllm-master\src\devices\cpu\cpudevice.cpp(2543): warning C4267: “初始化”: 从“size_t”转换到“int”，可能丢失数据
C:\Users\user\output\deepseek-v4部署\fastllm-master\src\devices\cpu\cpudevice.cpp(2740): warning C4267: “初始化”: 从“size_t”转换到“int”，可能丢失数据
C:\Users\user\output\deepseek-v4部署\fastllm-master\src\devices\cpu\cpudevice.cpp(2918): warning C4267: “+=”: 从“size_t”转换到“int”，可能丢失数据
C:\Users\user\output\deepseek-v4部署\fastllm-master\src\devices\cpu\cpudevice.cpp(2978): warning C4267: “初始化”: 从“size_t”转换到“int”，可能丢失数据
C:\Users\user\output\deepseek-v4部署\fastllm-master\src\devices\cpu\cpudevice.cpp(3005): warning C4267: “初始化”: 从“size_t”转换到“int”，可能丢失数据
C:\Users\user\output\deepseek-v4部署\fastllm-master\src\devices\cpu\cpudevice.cpp(3055): warning C4267: “初始化”: 从“size_t”转换到“int”，可能丢失数据
C:\Users\user\output\deepseek-v4部署\fastllm-master\src\devices\cpu\cpudevice.cpp(3088): warning C4267: “+=”: 从“size_t”转换到“int”，可能丢失数据
C:\Users\user\output\deepseek-v4部署\fastllm-master\src\devices\cpu\cpudevice.cpp(3145): warning C4244: “参数”: 从“uint64_t”转换到“int”，可能丢失数据
C:\Users\user\output\deepseek-v4部署\fastllm-master\src\devices\cpu\cpudevice.cpp(3147): warning C4244: “参数”: 从“uint64_t”转换到“int”，可能丢失数据
C:\Users\user\output\deepseek-v4部署\fastllm-master\src\devices\cpu\cpudevice.cpp(3269): warning C4244: “参数”: 从“uint64_t”转换到“int”，可能丢失数据
C:\Users\user\output\deepseek-v4部署\fastllm-master\src\devices\cpu\cpudevice.cpp(3273): warning C4244: “初始化”: 从“uint64_t”转换到“int”，可能丢失数据
C:\Users\user\output\deepseek-v4部署\fastllm-master\src\devices\cpu\cpudevice.cpp(3287): warning C4244: “参数”: 从“uint64_t”转换到“int”，可能丢失数据
C:\Users\user\output\deepseek-v4部署\fastllm-master\src\devices\cpu\cpudevice.cpp(3289): warning C4244: “参数”: 从“uint64_t”转换到“int”，可能丢失数据
C:\Users\user\output\deepseek-v4部署\fastllm-master\src\devices\cpu\cpudevice.cpp(1955): warning C4996: 'getenv': This function or variable may be unsafe. Consider using _dupenv_s instead. To disable deprecation, use _CRT_SECURE_NO_WARNINGS. See online help for details.
C:\Users\user\output\deepseek-v4部署\fastllm-master\src\devices\cpu\cpudevice.cpp(1956): warning C4996: 'getenv': This function or variable may be unsafe. Consider using _dupenv_s instead. To disable deprecation, use _CRT_SECURE_NO_WARNINGS. See online help for details.
C:\Users\user\output\deepseek-v4部署\fastllm-master\src\devices\cpu\cpudevice.cpp(1957): warning C4996: 'getenv': This function or variable may be unsafe. Consider using _dupenv_s instead. To disable deprecation, use _CRT_SECURE_NO_WARNINGS. See online help for details.
C:\Users\user\output\deepseek-v4部署\fastllm-master\src\devices\cpu\cpudevice.cpp(1958): warning C4996: 'getenv': This function or variable may be unsafe. Consider using _dupenv_s instead. To disable deprecation, use _CRT_SECURE_NO_WARNINGS. See online help for details.
C:\Users\user\output\deepseek-v4部署\fastllm-master\src\devices\cpu\cpudevice.cpp(1959): warning C4996: 'getenv': This function or variable may be unsafe. Consider using _dupenv_s instead. To disable deprecation, use _CRT_SECURE_NO_WARNINGS. See online help for details.
C:\Users\user\output\deepseek-v4部署\fastllm-master\src\devices\cpu\cpudevice.cpp(3755): warning C4067: 预处理器指令后有意外标记 - 应输入换行符
C:\Users\user\output\deepseek-v4部署\fastllm-master\src\devices\cpu\cpudevice.cpp(3760): warning C4267: “初始化”: 从“size_t”转换到“int”，可能丢失数据
C:\Users\user\output\deepseek-v4部署\fastllm-master\src\devices\cpu\cpudevice.cpp(3767): warning C4067: 预处理器指令后有意外标记 - 应输入换行符
C:\Users\user\output\deepseek-v4部署\fastllm-master\src\devices\cpu\cpudevice.cpp(3772): warning C4267: “初始化”: 从“size_t”转换到“int”，可能丢失数据
C:\Users\user\output\deepseek-v4部署\fastllm-master\src\devices\cpu\cpudevice.cpp(3848): warning C4067: 预处理器指令后有意外标记 - 应输入换行符
C:\Users\user\output\deepseek-v4部署\fastllm-master\src\devices\cpu\cpudevice.cpp(3853): warning C4267: “初始化”: 从“size_t”转换到“int”，可能丢失数据
C:\Users\user\output\deepseek-v4部署\fastllm-master\src\devices\cpu\cpudevice.cpp(3876): warning C4267: “初始化”: 从“size_t”转换到“int”，可能丢失数据
C:\Users\user\output\deepseek-v4部署\fastllm-master\src\devices\cpu\cpudevice.cpp(3879): warning C4244: “初始化”: 从“uint64_t”转换到“int”，可能丢失数据
C:\Users\user\output\deepseek-v4部署\fastllm-master\src\devices\cpu\cpudevice.cpp(3881): warning C4244: “初始化”: 从“_Ty”转换到“int”，可能丢失数据
        with
        [
            _Ty=uint64_t
        ]
C:\Users\user\output\deepseek-v4部署\fastllm-master\src\devices\cpu\cpudevice.cpp(3933): warning C4244: “=”: 从“double”转换到“float”，可能丢失数据
C:\Users\user\output\deepseek-v4部署\fastllm-master\src\devices\cpu\cpudevice.cpp(3975): warning C4244: “=”: 从“double”转换到“float”，可能丢失数据
C:\Users\user\output\deepseek-v4部署\fastllm-master\src\devices\cpu\cpudevice.cpp(4018): warning C4244: “初始化”: 从“double”转换到“float”，可能丢失数据
C:\Users\user\output\deepseek-v4部署\fastllm-master\src\devices\cpu\cpudevice.cpp(4043): warning C4267: “初始化”: 从“size_t”转换到“int”，可能丢失数据
C:\Users\user\output\deepseek-v4部署\fastllm-master\src\devices\cpu\cpudevice.cpp(4044): warning C4267: “初始化”: 从“size_t”转换到“int”，可能丢失数据
C:\Users\user\output\deepseek-v4部署\fastllm-master\src\devices\cpu\cpudevice.cpp(4068): warning C4244: “初始化”: 从“double”转换到“float”，可能丢失数据
C:\Users\user\output\deepseek-v4部署\fastllm-master\src\devices\cpu\cpudevice.cpp(4069): warning C4267: “初始化”: 从“size_t”转换到“int”，可能丢失数据
C:\Users\user\output\deepseek-v4部署\fastllm-master\src\devices\cpu\cpudevice.cpp(4071): warning C4244: “初始化”: 从“uint64_t”转换到“int”，可能丢失数据
C:\Users\user\output\deepseek-v4部署\fastllm-master\src\devices\cpu\cpudevice.cpp(4091): warning C4244: “初始化”: 从“double”转换到“float”，可能丢失数据
C:\Users\user\output\deepseek-v4部署\fastllm-master\src\devices\cpu\cpudevice.cpp(4112): warning C4244: “初始化”: 从“double”转换到“float”，可能丢失数据
C:\Users\user\output\deepseek-v4部署\fastllm-master\src\devices\cpu\cpudevice.cpp(4136): warning C4244: “初始化”: 从“double”转换到“float”，可能丢失数据
C:\Users\user\output\deepseek-v4部署\fastllm-master\src\devices\cpu\cpudevice.cpp(4139): warning C4267: “初始化”: 从“size_t”转换到“int”，可能丢失数据
C:\Users\user\output\deepseek-v4部署\fastllm-master\src\devices\cpu\cpudevice.cpp(4141): warning C4244: “初始化”: 从“uint64_t”转换到“int”，可能丢失数据
C:\Users\user\output\deepseek-v4部署\fastllm-master\src\devices\cpu\cpudevice.cpp(4158): warning C4244: “初始化”: 从“double”转换到“float”，可能丢失数据
C:\Users\user\output\deepseek-v4部署\fastllm-master\src\devices\cpu\cpudevice.cpp(4182): warning C4244: “初始化”: 从“double”转换到“float”，可能丢失数据
C:\Users\user\output\deepseek-v4部署\fastllm-master\src\devices\cpu\cpudevice.cpp(4206): warning C4244: “初始化”: 从“double”转换到“float”，可能丢失数据
C:\Users\user\output\deepseek-v4部署\fastllm-master\src\devices\cpu\cpudevice.cpp(4816): warning C4244: “=”: 从“double”转换到“float”，可能丢失数据
C:\Users\user\output\deepseek-v4部署\fastllm-master\src\devices\cpu\cpudevice.cpp(4835): warning C4267: “=”: 从“size_t”转换到“int”，可能丢失数据
C:\Users\user\output\deepseek-v4部署\fastllm-master\src\devices\cpu\cpudevice.cpp(4893): warning C4056: 浮点常量算术溢出
C:\Users\user\output\deepseek-v4部署\fastllm-master\src\devices\cpu\cpudevice.cpp(4894): warning C4056: 浮点常量算术溢出
C:\Users\user\output\deepseek-v4部署\fastllm-master\src\devices\cpu\cpudevice.cpp(4909): warning C4056: 浮点常量算术溢出
C:\Users\user\output\deepseek-v4部署\fastllm-master\src\devices\cpu\cpudevice.cpp(4910): warning C4056: 浮点常量算术溢出
C:\Users\user\output\deepseek-v4部署\fastllm-master\src\devices\cpu\cpudevice.cpp(5123): warning C4244: “=”: 从“int”转换到“float”，可能丢失数据
C:\Users\user\output\deepseek-v4部署\fastllm-master\src\devices\cpu\cpudevice.cpp(5149): warning C4244: “初始化”: 从“uint64_t”转换到“int”，可能丢失数据
C:\Users\user\output\deepseek-v4部署\fastllm-master\src\devices\cpu\cpudevice.cpp(5199): warning C4267: “初始化”: 从“size_t”转换到“int”，可能丢失数据
C:\Users\user\output\deepseek-v4部署\fastllm-master\src\devices\cpu\cpudevice.cpp(5344): warning C4267: “初始化”: 从“size_t”转换到“int”，可能丢失数据
C:\Users\user\output\deepseek-v4部署\fastllm-master\src\devices\cpu\cpudevice.cpp(5375): warning C4267: “初始化”: 从“size_t”转换到“int”，可能丢失数据
C:\Users\user\output\deepseek-v4部署\fastllm-master\src\devices\cpu\cpudevice.cpp(5376): warning C4267: “初始化”: 从“size_t”转换到“int”，可能丢失数据
C:\Users\user\output\deepseek-v4部署\fastllm-master\src\devices\cpu\cpudevice.cpp(5404): warning C4267: “初始化”: 从“size_t”转换到“int”，可能丢失数据
C:\Users\user\output\deepseek-v4部署\fastllm-master\src\devices\cpu\cpudevice.cpp(5409): warning C4244: “初始化”: 从“uint64_t”转换到“int”，可能丢失数据
C:\Users\user\output\deepseek-v4部署\fastllm-master\src\devices\cpu\cpudevice.cpp(5410): warning C4244: “初始化”: 从“uint64_t”转换到“int”，可能丢失数据
C:\Users\user\output\deepseek-v4部署\fastllm-master\src\devices\cpu\cpudevice.cpp(5411): warning C4244: “初始化”: 从“uint64_t”转换到“int”，可能丢失数据
C:\Users\user\output\deepseek-v4部署\fastllm-master\src\devices\cpu\cpudevice.cpp(5413): warning C4244: “初始化”: 从“_Ty”转换到“int”，可能丢失数据
        with
        [
            _Ty=uint64_t
        ]
C:\Users\user\output\deepseek-v4部署\fastllm-master\src\devices\cpu\cpudevice.cpp(5427): warning C4267: “初始化”: 从“size_t”转换到“int”，可能丢失数据
C:\Users\user\output\deepseek-v4部署\fastllm-master\src\devices\cpu\cpudevice.cpp(5443): warning C4267: “初始化”: 从“size_t”转换到“int”，可能丢失数据
C:\Users\user\output\deepseek-v4部署\fastllm-master\src\devices\cpu\cpudevice.cpp(5448): warning C4244: “初始化”: 从“uint64_t”转换到“int”，可能丢失数据
C:\Users\user\output\deepseek-v4部署\fastllm-master\src\devices\cpu\cpudevice.cpp(5449): warning C4244: “初始化”: 从“uint64_t”转换到“int”，可能丢失数据
C:\Users\user\output\deepseek-v4部署\fastllm-master\src\devices\cpu\cpudevice.cpp(5450): warning C4244: “初始化”: 从“uint64_t”转换到“int”，可能丢失数据
C:\Users\user\output\deepseek-v4部署\fastllm-master\src\devices\cpu\cpudevice.cpp(5452): warning C4244: “初始化”: 从“_Ty”转换到“int”，可能丢失数据
        with
        [
            _Ty=uint64_t
        ]
C:\Users\user\output\deepseek-v4部署\fastllm-master\src\devices\cpu\cpudevice.cpp(5487): warning C4267: “初始化”: 从“size_t”转换到“int”，可能丢失数据
C:\Users\user\output\deepseek-v4部署\fastllm-master\src\devices\cpu\cpudevice.cpp(5521): warning C4267: “初始化”: 从“size_t”转换到“int”，可能丢失数据
C:\Users\user\output\deepseek-v4部署\fastllm-master\src\devices\cpu\cpudevice.cpp(5524): warning C4244: “初始化”: 从“uint64_t”转换到“int”，可能丢失数据
C:\Users\user\output\deepseek-v4部署\fastllm-master\src\devices\cpu\cpudevice.cpp(5525): warning C4244: “初始化”: 从“uint64_t”转换到“int”，可能丢失数据
C:\Users\user\output\deepseek-v4部署\fastllm-master\src\devices\cpu\cpudevice.cpp(5526): warning C4244: “初始化”: 从“uint64_t”转换到“int”，可能丢失数据
C:\Users\user\output\deepseek-v4部署\fastllm-master\src\devices\cpu\cpudevice.cpp(5527): warning C4244: “初始化”: 从“uint64_t”转换到“int”，可能丢失数据
C:\Users\user\output\deepseek-v4部署\fastllm-master\src\devices\cpu\cpudevice.cpp(5528): warning C4244: “初始化”: 从“_Ty”转换到“int”，可能丢失数据
        with
        [
            _Ty=uint64_t
        ]
C:\Users\user\output\deepseek-v4部署\fastllm-master\src\devices\cpu\cpudevice.cpp(5556): warning C4267: “初始化”: 从“size_t”转换到“int”，可能丢失数据
C:\Users\user\output\deepseek-v4部署\fastllm-master\src\devices\cpu\cpudevice.cpp(5576): warning C4267: “初始化”: 从“size_t”转换到“int”，可能丢失数据
C:\Users\user\output\deepseek-v4部署\fastllm-master\src\devices\cpu\cpudevice.cpp(5582): warning C4244: “初始化”: 从“uint64_t”转换到“int”，可能丢失数据
C:\Users\user\output\deepseek-v4部署\fastllm-master\src\devices\cpu\cpudevice.cpp(5583): warning C4244: “初始化”: 从“uint64_t”转换到“int”，可能丢失数据
C:\Users\user\output\deepseek-v4部署\fastllm-master\src\devices\cpu\cpudevice.cpp(5584): warning C4244: “初始化”: 从“uint64_t”转换到“int”，可能丢失数据
C:\Users\user\output\deepseek-v4部署\fastllm-master\src\devices\cpu\cpudevice.cpp(5585): warning C4244: “初始化”: 从“_Ty”转换到“int”，可能丢失数据
        with
        [
            _Ty=uint64_t
        ]
C:\Users\user\output\deepseek-v4部署\fastllm-master\src\devices\cpu\cpudevice.cpp(5607): warning C4244: “初始化”: 从“uint64_t”转换到“int”，可能丢失数据
C:\Users\user\output\deepseek-v4部署\fastllm-master\src\devices\cpu\cpudevice.cpp(5608): warning C4244: “初始化”: 从“uint64_t”转换到“int”，可能丢失数据
C:\Users\user\output\deepseek-v4部署\fastllm-master\src\devices\cpu\cpudevice.cpp(5609): warning C4244: “初始化”: 从“uint64_t”转换到“int”，可能丢失数据
C:\Users\user\output\deepseek-v4部署\fastllm-master\src\devices\cpu\cpudevice.cpp(5610): warning C4244: “初始化”: 从“_Ty”转换到“int”，可能丢失数据
        with
        [
            _Ty=uint64_t
        ]
C:\Users\user\output\deepseek-v4部署\fastllm-master\src\devices\cpu\cpudevice.cpp(5625): warning C4244: “初始化”: 从“uint64_t”转换到“int”，可能丢失数据
C:\Users\user\output\deepseek-v4部署\fastllm-master\src\devices\cpu\cpudevice.cpp(5626): warning C4244: “初始化”: 从“uint64_t”转换到“int”，可能丢失数据
C:\Users\user\output\deepseek-v4部署\fastllm-master\src\devices\cpu\cpudevice.cpp(5627): warning C4244: “初始化”: 从“uint64_t”转换到“int”，可能丢失数据
C:\Users\user\output\deepseek-v4部署\fastllm-master\src\devices\cpu\cpudevice.cpp(5629): warning C4244: “初始化”: 从“_Ty”转换到“int”，可能丢失数据
        with
        [
            _Ty=uint64_t
        ]
C:\Users\user\output\deepseek-v4部署\fastllm-master\src\devices\cpu\cpudevice.cpp(5847): warning C4267: “参数”: 从“size_t”转换到“int”，可能丢失数据
C:\Users\user\output\deepseek-v4部署\fastllm-master\src\devices\cpu\cpudevice.cpp(5847): warning C4244: “初始化”: 从“uint64_t”转换到“int”，可能丢失数据
C:\Users\user\output\deepseek-v4部署\fastllm-master\src\devices\cpu\cpudevice.cpp(5848): warning C4267: “参数”: 从“size_t”转换到“int”，可能丢失数据
C:\Users\user\output\deepseek-v4部署\fastllm-master\src\devices\cpu\cpudevice.cpp(5848): warning C4244: “初始化”: 从“uint64_t”转换到“int”，可能丢失数据
C:\Users\user\output\deepseek-v4部署\fastllm-master\src\devices\cpu\cpudevice.cpp(5849): warning C4244: “初始化”: 从“uint64_t”转换到“int”，可能丢失数据
C:\Users\user\output\deepseek-v4部署\fastllm-master\src\devices\cpu\cpudevice.cpp(5850): warning C4244: “初始化”: 从“uint64_t”转换到“int”，可能丢失数据
C:\Users\user\output\deepseek-v4部署\fastllm-master\src\devices\cpu\cpudevice.cpp(5871): warning C4267: “参数”: 从“size_t”转换到“int”，可能丢失数据
C:\Users\user\output\deepseek-v4部署\fastllm-master\src\devices\cpu\cpudevice.cpp(5871): warning C4244: “初始化”: 从“uint64_t”转换到“int”，可能丢失数据
C:\Users\user\output\deepseek-v4部署\fastllm-master\src\devices\cpu\cpudevice.cpp(5872): warning C4267: “参数”: 从“size_t”转换到“int”，可能丢失数据
C:\Users\user\output\deepseek-v4部署\fastllm-master\src\devices\cpu\cpudevice.cpp(5872): warning C4244: “初始化”: 从“uint64_t”转换到“int”，可能丢失数据
C:\Users\user\output\deepseek-v4部署\fastllm-master\src\devices\cpu\cpudevice.cpp(5873): warning C4244: “初始化”: 从“_Ty”转换到“int”，可能丢失数据
        with
        [
            _Ty=uint64_t
        ]
C:\Users\user\output\deepseek-v4部署\fastllm-master\src\devices\cpu\cpudevice.cpp(5874): warning C4244: “初始化”: 从“_Ty”转换到“int”，可能丢失数据
        with
        [
            _Ty=uint64_t
        ]
C:\Users\user\output\deepseek-v4部署\fastllm-master\src\devices\cpu\cpudevice.cpp(5878): warning C4244: “初始化”: 从“uint64_t”转换到“int”，可能丢失数据
C:\Users\user\output\deepseek-v4部署\fastllm-master\src\devices\cpu\cpudevice.cpp(5879): warning C4244: “初始化”: 从“uint64_t”转换到“int”，可能丢失数据
C:\Users\user\output\deepseek-v4部署\fastllm-master\src\devices\cpu\cpudevice.cpp(5881): warning C4267: “参数”: 从“size_t”转换到“int”，可能丢失数据
C:\Users\user\output\deepseek-v4部署\fastllm-master\src\devices\cpu\cpudevice.cpp(5881): warning C4244: “初始化”: 从“uint64_t”转换到“int”，可能丢失数据
C:\Users\user\output\deepseek-v4部署\fastllm-master\src\devices\cpu\cpudevice.cpp(5895): warning C4267: “初始化”: 从“size_t”转换到“int”，可能丢失数据
C:\Users\user\output\deepseek-v4部署\fastllm-master\src\devices\cpu\cpudevice.cpp(5917): warning C4244: “参数”: 从“uint64_t”转换到“int”，可能丢失数据
C:\Users\user\output\deepseek-v4部署\fastllm-master\src\devices\cpu\cpudevice.cpp(5920): warning C4267: “初始化”: 从“size_t”转换到“int”，可能丢失数据
C:\Users\user\output\deepseek-v4部署\fastllm-master\src\devices\cpu\cpudevice.cpp(5937): warning C4244: “参数”: 从“uint64_t”转换到“int”，可能丢失数据
C:\Users\user\output\deepseek-v4部署\fastllm-master\src\devices\cpu\cpudevice.cpp(5940): warning C4267: “初始化”: 从“size_t”转换到“int”，可能丢失数据
C:\Users\user\output\deepseek-v4部署\fastllm-master\src\devices\cpu\cpudevice.cpp(5989): warning C4267: “参数”: 从“size_t”转换到“int”，可能丢失数据
C:\Users\user\output\deepseek-v4部署\fastllm-master\src\devices\cpu\cpudevice.cpp(5989): warning C4244: “初始化”: 从“uint64_t”转换到“int”，可能丢失数据
C:\Users\user\output\deepseek-v4部署\fastllm-master\src\devices\cpu\cpudevice.cpp(5990): warning C4267: “参数”: 从“size_t”转换到“int”，可能丢失数据
C:\Users\user\output\deepseek-v4部署\fastllm-master\src\devices\cpu\cpudevice.cpp(5990): warning C4244: “初始化”: 从“uint64_t”转换到“int”，可能丢失数据
C:\Users\user\output\deepseek-v4部署\fastllm-master\src\devices\cpu\cpudevice.cpp(5991): warning C4244: “初始化”: 从“uint64_t”转换到“int”，可能丢失数据
C:\Users\user\output\deepseek-v4部署\fastllm-master\src\devices\cpu\cpudevice.cpp(5992): warning C4244: “初始化”: 从“uint64_t”转换到“int”，可能丢失数据
C:\Users\user\output\deepseek-v4部署\fastllm-master\src\devices\cpu\cpudevice.cpp(6011): warning C4244: “初始化”: 从“double”转换到“float”，可能丢失数据
C:\Users\user\output\deepseek-v4部署\fastllm-master\src\devices\cpu\cpudevice.cpp(6013): warning C4267: “参数”: 从“size_t”转换到“int”，可能丢失数据
C:\Users\user\output\deepseek-v4部署\fastllm-master\src\devices\cpu\cpudevice.cpp(6013): warning C4244: “初始化”: 从“uint64_t”转换到“int”，可能丢失数据
C:\Users\user\output\deepseek-v4部署\fastllm-master\src\devices\cpu\cpudevice.cpp(6014): warning C4267: “参数”: 从“size_t”转换到“int”，可能丢失数据
C:\Users\user\output\deepseek-v4部署\fastllm-master\src\devices\cpu\cpudevice.cpp(6014): warning C4244: “初始化”: 从“uint64_t”转换到“int”，可能丢失数据
C:\Users\user\output\deepseek-v4部署\fastllm-master\src\devices\cpu\cpudevice.cpp(6015): warning C4244: “初始化”: 从“_Ty”转换到“int”，可能丢失数据
        with
        [
            _Ty=uint64_t
        ]
C:\Users\user\output\deepseek-v4部署\fastllm-master\src\devices\cpu\cpudevice.cpp(6016): warning C4244: “初始化”: 从“_Ty”转换到“int”，可能丢失数据
        with
        [
            _Ty=uint64_t
        ]
C:\Users\user\output\deepseek-v4部署\fastllm-master\src\devices\cpu\cpudevice.cpp(6020): warning C4244: “初始化”: 从“uint64_t”转换到“int”，可能丢失数据
C:\Users\user\output\deepseek-v4部署\fastllm-master\src\devices\cpu\cpudevice.cpp(6021): warning C4244: “初始化”: 从“uint64_t”转换到“int”，可能丢失数据
C:\Users\user\output\deepseek-v4部署\fastllm-master\src\devices\cpu\cpudevice.cpp(6023): warning C4267: “参数”: 从“size_t”转换到“int”，可能丢失数据
C:\Users\user\output\deepseek-v4部署\fastllm-master\src\devices\cpu\cpudevice.cpp(6023): warning C4244: “初始化”: 从“uint64_t”转换到“int”，可能丢失数据
C:\Users\user\output\deepseek-v4部署\fastllm-master\src\devices\cpu\cpudevice.cpp(6036): warning C4267: “初始化”: 从“size_t”转换到“int”，可能丢失数据
C:\Users\user\output\deepseek-v4部署\fastllm-master\src\devices\cpu\cpudevice.cpp(6057): warning C4244: “参数”: 从“uint64_t”转换到“int”，可能丢失数据
C:\Users\user\output\deepseek-v4部署\fastllm-master\src\devices\cpu\cpudevice.cpp(6060): warning C4267: “初始化”: 从“size_t”转换到“int”，可能丢失数据
C:\Users\user\output\deepseek-v4部署\fastllm-master\src\devices\cpu\cpudevice.cpp(6077): warning C4244: “参数”: 从“uint64_t”转换到“int”，可能丢失数据
C:\Users\user\output\deepseek-v4部署\fastllm-master\src\devices\cpu\cpudevice.cpp(6080): warning C4267: “初始化”: 从“size_t”转换到“int”，可能丢失数据
C:\Users\user\output\deepseek-v4部署\fastllm-master\src\devices\cpu\cpudevice.cpp(6124): warning C4267: “初始化”: 从“size_t”转换到“int”，可能丢失数据
C:\Users\user\output\deepseek-v4部署\fastllm-master\src\devices\cpu\cpudevice.cpp(6126): warning C4244: “初始化”: 从“uint64_t”转换到“int”，可能丢失数据
C:\Users\user\output\deepseek-v4部署\fastllm-master\src\devices\cpu\cpudevice.cpp(6128): warning C4244: “初始化”: 从“uint64_t”转换到“int”，可能丢失数据
C:\Users\user\output\deepseek-v4部署\fastllm-master\src\devices\cpu\cpudevice.cpp(6134): warning C4244: “初始化”: 从“uint64_t”转换到“int”，可能丢失数据
C:\Users\user\output\deepseek-v4部署\fastllm-master\src\devices\cpu\cpudevice.cpp(6181): warning C4244: “初始化”: 从“uint64_t”转换到“int”，可能丢失数据
C:\Users\user\output\deepseek-v4部署\fastllm-master\src\devices\cpu\cpudevice.cpp(6203): warning C4267: “初始化”: 从“size_t”转换到“int”，可能丢失数据
C:\Users\user\output\deepseek-v4部署\fastllm-master\src\devices\cpu\cpudevice.cpp(6205): warning C4244: “初始化”: 从“uint64_t”转换到“int”，可能丢失数据
C:\Users\user\output\deepseek-v4部署\fastllm-master\src\devices\cpu\cpudevice.cpp(6207): warning C4244: “初始化”: 从“uint64_t”转换到“int”，可能丢失数据
C:\Users\user\output\deepseek-v4部署\fastllm-master\src\devices\cpu\cpudevice.cpp(6213): warning C4244: “初始化”: 从“uint64_t”转换到“int”，可能丢失数据
C:\Users\user\output\deepseek-v4部署\fastllm-master\src\devices\cpu\cpudevice.cpp(6254): warning C4305: “=”: 从“double”到“float”截断
C:\Users\user\output\deepseek-v4部署\fastllm-master\src\devices\cpu\cpudevice.cpp(6297): warning C4244: “初始化”: 从“uint64_t”转换到“int”，可能丢失数据
C:\Users\user\output\deepseek-v4部署\fastllm-master\src\devices\cpu\cpudevice.cpp(6315): warning C4244: “初始化”: 从“double”转换到“float”，可能丢失数据
C:\Users\user\output\deepseek-v4部署\fastllm-master\src\devices\cpu\cpudevice.cpp(6327): warning C4244: “初始化”: 从“double”转换到“float”，可能丢失数据
C:\Users\user\output\deepseek-v4部署\fastllm-master\src\devices\cpu\cpudevice.cpp(6341): warning C4244: “初始化”: 从“uint64_t”转换到“int”，可能丢失数据
C:\Users\user\output\deepseek-v4部署\fastllm-master\src\devices\cpu\cpudevice.cpp(6364): warning C4244: “=”: 从“double”转换到“float”，可能丢失数据
C:\Users\user\output\deepseek-v4部署\fastllm-master\src\devices\cpu\cpudevice.cpp(6376): warning C4244: “初始化”: 从“double”转换到“float”，可能丢失数据
C:\Users\user\output\deepseek-v4部署\fastllm-master\src\devices\cpu\cpudevice.cpp(6376): warning C4305: “初始化”: 从“double”到“float”截断
C:\Users\user\output\deepseek-v4部署\fastllm-master\src\devices\cpu\cpudevice.cpp(6379): warning C4244: “初始化”: 从“uint64_t”转换到“int”，可能丢失数据
C:\Users\user\output\deepseek-v4部署\fastllm-master\src\devices\cpu\cpudevice.cpp(6428): warning C4244: “初始化”: 从“uint64_t”转换到“int”，可能丢失数据
C:\Users\user\output\deepseek-v4部署\fastllm-master\src\devices\cpu\cpudevice.cpp(6445): warning C4244: “初始化”: 从“uint64_t”转换到“int”，可能丢失数据
C:\Users\user\output\deepseek-v4部署\fastllm-master\src\devices\cpu\cpudevice.cpp(6458): warning C4244: “=”: 从“double”转换到“float”，可能丢失数据
C:\Users\user\output\deepseek-v4部署\fastllm-master\src\devices\cpu\cpudevice.cpp(6483): warning C4244: “初始化”: 从“uint64_t”转换到“int”，可能丢失数据
C:\Users\user\output\deepseek-v4部署\fastllm-master\src\devices\cpu\cpudevice.cpp(6516): warning C4244: “初始化”: 从“uint64_t”转换到“int”，可能丢失数据
C:\Users\user\output\deepseek-v4部署\fastllm-master\src\devices\cpu\cpudevice.cpp(6520): warning C4244: “参数”: 从“double”转换到“float”，可能丢失数据
C:\Users\user\output\deepseek-v4部署\fastllm-master\src\devices\cpu\cpudevice.cpp(6537): warning C4244: “初始化”: 从“uint64_t”转换到“int”，可能丢失数据
C:\Users\user\output\deepseek-v4部署\fastllm-master\src\devices\cpu\cpudevice.cpp(6638): warning C4267: “参数”: 从“size_t”转换到“int”，可能丢失数据
C:\Users\user\output\deepseek-v4部署\fastllm-master\src\devices\cpu\cpudevice.cpp(6638): warning C4244: “初始化”: 从“uint64_t”转换到“int”，可能丢失数据
C:\Users\user\output\deepseek-v4部署\fastllm-master\src\devices\cpu\cpudevice.cpp(6639): warning C4244: “初始化”: 从“uint64_t”转换到“int”，可能丢失数据
C:\Users\user\output\deepseek-v4部署\fastllm-master\src\devices\cpu\cpudevice.cpp(6662): warning C4267: “参数”: 从“size_t”转换到“int”，可能丢失数据
C:\Users\user\output\deepseek-v4部署\fastllm-master\src\devices\cpu\cpudevice.cpp(6662): warning C4244: “初始化”: 从“uint64_t”转换到“int”，可能丢失数据
C:\Users\user\output\deepseek-v4部署\fastllm-master\src\devices\cpu\cpudevice.cpp(6663): warning C4244: “初始化”: 从“uint64_t”转换到“int”，可能丢失数据
C:\Users\user\output\deepseek-v4部署\fastllm-master\src\devices\cpu\cpudevice.cpp(6696): warning C4267: “参数”: 从“size_t”转换到“int”，可能丢失数据
C:\Users\user\output\deepseek-v4部署\fastllm-master\src\devices\cpu\cpudevice.cpp(6696): warning C4244: “初始化”: 从“uint64_t”转换到“int”，可能丢失数据
C:\Users\user\output\deepseek-v4部署\fastllm-master\src\devices\cpu\cpudevice.cpp(6697): warning C4244: “初始化”: 从“uint64_t”转换到“int”，可能丢失数据
C:\Users\user\output\deepseek-v4部署\fastllm-master\src\devices\cpu\cpudevice.cpp(6723): warning C4267: “参数”: 从“size_t”转换到“int”，可能丢失数据
C:\Users\user\output\deepseek-v4部署\fastllm-master\src\devices\cpu\cpudevice.cpp(6723): warning C4244: “初始化”: 从“uint64_t”转换到“int”，可能丢失数据
C:\Users\user\output\deepseek-v4部署\fastllm-master\src\devices\cpu\cpudevice.cpp(6724): warning C4244: “初始化”: 从“uint64_t”转换到“int”，可能丢失数据
C:\Users\user\output\deepseek-v4部署\fastllm-master\src\devices\cpu\cpudevice.cpp(6761): warning C4267: “参数”: 从“size_t”转换到“int”，可能丢失数据
C:\Users\user\output\deepseek-v4部署\fastllm-master\src\devices\cpu\cpudevice.cpp(6761): warning C4244: “初始化”: 从“uint64_t”转换到“int”，可能丢失数据
C:\Users\user\output\deepseek-v4部署\fastllm-master\src\devices\cpu\cpudevice.cpp(6762): warning C4244: “初始化”: 从“uint64_t”转换到“int”，可能丢失数据
C:\Users\user\output\deepseek-v4部署\fastllm-master\src\devices\cpu\cpudevice.cpp(6794): warning C4267: “参数”: 从“size_t”转换到“int”，可能丢失数据
C:\Users\user\output\deepseek-v4部署\fastllm-master\src\devices\cpu\cpudevice.cpp(6794): warning C4244: “初始化”: 从“uint64_t”转换到“int”，可能丢失数据
C:\Users\user\output\deepseek-v4部署\fastllm-master\src\devices\cpu\cpudevice.cpp(6795): warning C4244: “初始化”: 从“uint64_t”转换到“int”，可能丢失数据
C:\Users\user\output\deepseek-v4部署\fastllm-master\src\devices\cpu\cpudevice.cpp(6824): warning C4267: “初始化”: 从“size_t”转换到“int”，可能丢失数据
C:\Users\user\output\deepseek-v4部署\fastllm-master\src\devices\cpu\cpudevice.cpp(6825): warning C4244: “初始化”: 从“uint64_t”转换到“int”，可能丢失数据
C:\Users\user\output\deepseek-v4部署\fastllm-master\src\devices\cpu\cpudevice.cpp(6859): warning C4244: “初始化”: 从“double”转换到“float”，可能丢失数据
C:\Users\user\output\deepseek-v4部署\fastllm-master\src\devices\cpu\cpudevice.cpp(6863): warning C4244: “初始化”: 从“uint64_t”转换到“int”，可能丢失数据
C:\Users\user\output\deepseek-v4部署\fastllm-master\src\devices\cpu\cpudevice.cpp(6886): warning C4244: “初始化”: 从“double”转换到“float”，可能丢失数据
C:\Users\user\output\deepseek-v4部署\fastllm-master\src\devices\cpu\cpudevice.cpp(6890): warning C4244: “初始化”: 从“uint64_t”转换到“int”，可能丢失数据
C:\Users\user\output\deepseek-v4部署\fastllm-master\src\devices\cpu\cpudevice.cpp(6911): warning C4244: “初始化”: 从“uint64_t”转换到“int”，可能丢失数据
C:\Users\user\output\deepseek-v4部署\fastllm-master\src\devices\cpu\cpudevice.cpp(6912): warning C4244: “初始化”: 从“uint64_t”转换到“int”，可能丢失数据
C:\Users\user\output\deepseek-v4部署\fastllm-master\src\devices\cpu\cpudevice.cpp(6915): warning C4244: “初始化”: 从“uint64_t”转换到“int”，可能丢失数据
C:\Users\user\output\deepseek-v4部署\fastllm-master\src\devices\cpu\cpudevice.cpp(6916): warning C4244: “初始化”: 从“uint64_t”转换到“int”，可能丢失数据
C:\Users\user\output\deepseek-v4部署\fastllm-master\src\devices\cpu\cpudevice.cpp(6985): warning C4267: “初始化”: 从“size_t”转换到“int”，可能丢失数据
C:\Users\user\output\deepseek-v4部署\fastllm-master\src\devices\cpu\cpudevice.cpp(6986): warning C4267: “初始化”: 从“size_t”转换到“int”，可能丢失数据
C:\Users\user\output\deepseek-v4部署\fastllm-master\src\devices\cpu\cpudevice.cpp(7007): warning C4244: “初始化”: 从“double”转换到“float”，可能丢失数据
C:\Users\user\output\deepseek-v4部署\fastllm-master\src\devices\cpu\cpudevice.cpp(7035): warning C4244: “初始化”: 从“uint64_t”转换到“int”，可能丢失数据
C:\Users\user\output\deepseek-v4部署\fastllm-master\src\devices\cpu\cpudevice.cpp(7179): warning C4267: “初始化”: 从“size_t”转换到“int”，可能丢失数据
C:\Users\user\output\deepseek-v4部署\fastllm-master\src\devices\cpu\cpudevice.cpp(7205): warning C4267: “初始化”: 从“size_t”转换到“int”，可能丢失数据
C:\Users\user\output\deepseek-v4部署\fastllm-master\src\devices\cpu\cpudevice.cpp(7206): warning C4244: “初始化”: 从“uint64_t”转换到“int”，可能丢失数据
C:\Users\user\output\deepseek-v4部署\fastllm-master\src\devices\cpu\cpudevice.cpp(7268): warning C4244: “初始化”: 从“uint64_t”转换到“int”，可能丢失数据
C:\Users\user\output\deepseek-v4部署\fastllm-master\src\devices\cpu\cpudevice.cpp(7280): warning C4244: “参数”: 从“uint64_t”转换到“int”，可能丢失数据
C:\Users\user\output\deepseek-v4部署\fastllm-master\src\devices\cpu\cpudevice.cpp(7281): warning C4244: “参数”: 从“uint64_t”转换到“int”，可能丢失数据
C:\Users\user\output\deepseek-v4部署\fastllm-master\src\devices\cpu\cpudevice.cpp(7287): warning C4244: “参数”: 从“uint64_t”转换到“int”，可能丢失数据
C:\Users\user\output\deepseek-v4部署\fastllm-master\src\devices\cpu\cpudevice.cpp(7288): warning C4244: “参数”: 从“uint64_t”转换到“int”，可能丢失数据
C:\Users\user\output\deepseek-v4部署\fastllm-master\src\devices\cpu\cpudevice.cpp(7303): warning C4244: “参数”: 从“uint64_t”转换到“int”，可能丢失数据
C:\Users\user\output\deepseek-v4部署\fastllm-master\src\devices\cpu\cpudevice.cpp(7305): warning C4244: “参数”: 从“uint64_t”转换到“int”，可能丢失数据
C:\Users\user\output\deepseek-v4部署\fastllm-master\src\devices\cpu\cpudevice.cpp(7313): warning C4244: “初始化”: 从“double”转换到“float”，可能丢失数据
C:\Users\user\output\deepseek-v4部署\fastllm-master\src\devices\cpu\cpudevice.cpp(7324): warning C4267: “初始化”: 从“size_t”转换到“int”，可能丢失数据
C:\Users\user\output\deepseek-v4部署\fastllm-master\src\devices\cpu\cpudevice.cpp(7325): warning C4244: “初始化”: 从“uint64_t”转换到“int”，可能丢失数据
C:\Users\user\output\deepseek-v4部署\fastllm-master\src\devices\cpu\cpudevice.cpp(7343): warning C4244: “初始化”: 从“double”转换到“float”，可能丢失数据
C:\Users\user\output\deepseek-v4部署\fastllm-master\src\devices\cpu\cpudevice.cpp(7344): warning C4244: “初始化”: 从“uint64_t”转换到“int”，可能丢失数据
C:\Users\user\output\deepseek-v4部署\fastllm-master\src\devices\cpu\cpudevice.cpp(7377): warning C4244: “参数”: 从“uint64_t”转换到“int”，可能丢失数据
C:\Users\user\output\deepseek-v4部署\fastllm-master\src\devices\cpu\cpudevice.cpp(7423): warning C4244: “初始化”: 从“double”转换到“float”，可能丢失数据
C:\Users\user\output\deepseek-v4部署\fastllm-master\src\devices\cpu\cpudevice.cpp(7428): warning C4244: “初始化”: 从“uint64_t”转换到“int”，可能丢失数据
C:\Users\user\output\deepseek-v4部署\fastllm-master\src\devices\cpu\cpudevice.cpp(7455): warning C4267: “初始化”: 从“size_t”转换到“int”，可能丢失数据
C:\Users\user\output\deepseek-v4部署\fastllm-master\src\devices\cpu\cpudevice.cpp(7470): warning C4267: “初始化”: 从“size_t”转换到“int”，可能丢失数据
C:\Users\user\output\deepseek-v4部署\fastllm-master\src\devices\cpu\cpudevice.cpp(7471): warning C4244: “初始化”: 从“uint64_t”转换到“int”，可能丢失数据
C:\Users\user\output\deepseek-v4部署\fastllm-master\src\devices\cpu\cpudevice.cpp(7479): warning C4056: 浮点常量算术溢出
C:\Users\user\output\deepseek-v4部署\fastllm-master\src\devices\cpu\cpudevice.cpp(7483): warning C4244: “=”: 从“int”转换到“float”，可能丢失数据
C:\Users\user\output\deepseek-v4部署\fastllm-master\src\devices\cpu\cpudevice.cpp(7507): warning C4244: “=”: 从“const _Ty2”转换到“float”，可能丢失数据
        with
        [
            _Ty2=int
        ]
C:\Users\user\output\deepseek-v4部署\fastllm-master\src\devices\cpu\cpudevice.cpp(7544): warning C4267: “初始化”: 从“size_t”转换到“int”，可能丢失数据
C:\Users\user\output\deepseek-v4部署\fastllm-master\src\devices\cpu\cpudevice.cpp(7545): warning C4244: “初始化”: 从“uint64_t”转换到“int”，可能丢失数据
C:\Users\user\output\deepseek-v4部署\fastllm-master\src\devices\cpu\cpudevice.cpp(7575): warning C4267: “初始化”: 从“size_t”转换到“int”，可能丢失数据
C:\Users\user\output\deepseek-v4部署\fastllm-master\src\devices\cpu\cpudevice.cpp(7576): warning C4244: “初始化”: 从“uint64_t”转换到“int”，可能丢失数据
C:\Users\user\output\deepseek-v4部署\fastllm-master\src\devices\cpu\cpudevice.cpp(7737): warning C4244: “初始化”: 从“uint64_t”转换到“int”，可能丢失数据
C:\Users\user\output\deepseek-v4部署\fastllm-master\src\devices\cpu\cpudevice.cpp(7781): warning C4244: “初始化”: 从“uint64_t”转换到“int”，可能丢失数据
C:\Users\user\output\deepseek-v4部署\fastllm-master\src\devices\cpu\cpudevice.cpp(7784): warning C4244: “参数”: 从“uint64_t”转换到“_Ty”，可能丢失数据
        with
        [
            _Ty=int
        ]
C:\Users\user\output\deepseek-v4部署\fastllm-master\src\devices\cpu\cpudevice.cpp(7785): warning C4244: “参数”: 从“uint64_t”转换到“_Ty”，可能丢失数据
        with
        [
            _Ty=int
        ]
C:\Users\user\output\deepseek-v4部署\fastllm-master\src\devices\cpu\cpudevice.cpp(7850): warning C4267: “初始化”: 从“size_t”转换到“int”，可能丢失数据
C:\Users\user\output\deepseek-v4部署\fastllm-master\src\devices\cpu\cpudevice.cpp(7851): warning C4244: “初始化”: 从“uint64_t”转换到“int”，可能丢失数据
C:\Users\user\output\deepseek-v4部署\fastllm-master\src\devices\cpu\cpudevice.cpp(7865): warning C4244: “参数”: 从“uint64_t”转换到“int”，可能丢失数据
C:\Users\user\output\deepseek-v4部署\fastllm-master\src\devices\cpu\cpudevice.cpp(7883): warning C4244: “参数”: 从“uint64_t”转换到“int”，可能丢失数据
C:\Users\user\output\deepseek-v4部署\fastllm-master\src\devices\cpu\cpudevice.cpp(7928): warning C4244: “初始化”: 从“uint64_t”转换到“int”，可能丢失数据
C:\Users\user\output\deepseek-v4部署\fastllm-master\src\devices\cpu\cpudevice.cpp(7962): warning C4244: “初始化”: 从“uint64_t”转换到“int”，可能丢失数据
C:\Users\user\output\deepseek-v4部署\fastllm-master\src\devices\cpu\cpudevice.cpp(8116): warning C4267: “初始化”: 从“size_t”转换到“int”，可能丢失数据
C:\Users\user\output\deepseek-v4部署\fastllm-master\src\devices\cpu\cpudevice.cpp(8117): warning C4267: “初始化”: 从“size_t”转换到“int”，可能丢失数据
C:\Users\user\output\deepseek-v4部署\fastllm-master\src\devices\cpu\cpudevice.cpp(8144): warning C4244: “初始化”: 从“uint64_t”转换到“int”，可能丢失数据
C:\Users\user\output\deepseek-v4部署\fastllm-master\src\devices\cpu\cpudevice.cpp(8159): warning C4267: “初始化”: 从“size_t”转换到“int”，可能丢失数据
C:\Users\user\output\deepseek-v4部署\fastllm-master\src\devices\cpu\cpudevice.cpp(8160): warning C4267: “初始化”: 从“size_t”转换到“int”，可能丢失数据
C:\Users\user\output\deepseek-v4部署\fastllm-master\src\devices\cpu\cpudevice.cpp(8188): warning C4244: “初始化”: 从“uint64_t”转换到“int”，可能丢失数据
C:\Users\user\output\deepseek-v4部署\fastllm-master\src\devices\cpu\cpudevice.cpp(8265): warning C4267: “初始化”: 从“size_t”转换到“int”，可能丢失数据
C:\Users\user\output\deepseek-v4部署\fastllm-master\src\devices\cpu\cpudevice.cpp(8266): warning C4267: “初始化”: 从“size_t”转换到“int”，可能丢失数据
C:\Users\user\output\deepseek-v4部署\fastllm-master\src\devices\cpu\cpudevice.cpp(8293): warning C4244: “初始化”: 从“uint64_t”转换到“int”，可能丢失数据
C:\Users\user\output\deepseek-v4部署\fastllm-master\src\devices\cpu\cpudevice.cpp(8384): warning C4267: “初始化”: 从“size_t”转换到“int”，可能丢失数据
C:\Users\user\output\deepseek-v4部署\fastllm-master\src\devices\cpu\cpudevice.cpp(8385): warning C4267: “初始化”: 从“size_t”转换到“int”，可能丢失数据
C:\Users\user\output\deepseek-v4部署\fastllm-master\src\devices\cpu\cpudevice.cpp(8423): warning C4244: “初始化”: 从“uint64_t”转换到“int”，可能丢失数据
C:\Users\user\output\deepseek-v4部署\fastllm-master\src\devices\cpu\cpudevice.cpp(8608): warning C4244: “初始化”: 从“uint64_t”转换到“int”，可能丢失数据
C:\Users\user\output\deepseek-v4部署\fastllm-master\src\devices\cpu\cpudevice.cpp(8636): warning C4244: “初始化”: 从“uint64_t”转换到“int”，可能丢失数据
C:\Users\user\output\deepseek-v4部署\fastllm-master\src\devices\cpu\cpudevice.cpp(8670): warning C4244: “初始化”: 从“uint64_t”转换到“int”，可能丢失数据
C:\Users\user\output\deepseek-v4部署\fastllm-master\src\devices\cpu\cpudevice.cpp(8703): warning C4267: “初始化”: 从“size_t”转换到“int”，可能丢失数据
C:\Users\user\output\deepseek-v4部署\fastllm-master\src\devices\cpu\cpudevice.cpp(8724): warning C4267: “初始化”: 从“size_t”转换到“int”，可能丢失数据
C:\Users\user\output\deepseek-v4部署\fastllm-master\src\devices\cpu\cpudevice.cpp(8745): warning C4267: “初始化”: 从“size_t”转换到“int”，可能丢失数据
C:\Users\user\output\deepseek-v4部署\fastllm-master\src\devices\cpu\cpudevice.cpp(8766): warning C4267: “初始化”: 从“size_t”转换到“int”，可能丢失数据
C:\Users\user\output\deepseek-v4部署\fastllm-master\src\devices\cpu\cpudevice.cpp(8787): warning C4267: “初始化”: 从“size_t”转换到“int”，可能丢失数据
C:\Users\user\output\deepseek-v4部署\fastllm-master\src\devices\cpu\cpudevice.cpp(8808): warning C4267: “初始化”: 从“size_t”转换到“int”，可能丢失数据
C:\Users\user\output\deepseek-v4部署\fastllm-master\src\devices\cpu\cpudevice.cpp(8829): warning C4267: “初始化”: 从“size_t”转换到“int”，可能丢失数据
C:\Users\user\output\deepseek-v4部署\fastllm-master\src\devices\cpu\cpudevice.cpp(8850): warning C4267: “初始化”: 从“size_t”转换到“int”，可能丢失数据
C:\Users\user\output\deepseek-v4部署\fastllm-master\src\devices\cpu\cpudevice.cpp(8871): warning C4267: “初始化”: 从“size_t”转换到“int”，可能丢失数据
C:\Users\user\output\deepseek-v4部署\fastllm-master\src\devices\cpu\cpudevice.cpp(8892): warning C4267: “初始化”: 从“size_t”转换到“int”，可能丢失数据
C:\Users\user\output\deepseek-v4部署\fastllm-master\src\devices\cpu\cpudevice.cpp(8916): warning C4267: “初始化”: 从“size_t”转换到“int”，可能丢失数据
C:\Users\user\output\deepseek-v4部署\fastllm-master\src\devices\cpu\cpudevice.cpp(8936): warning C4056: 浮点常量算术溢出
C:\Users\user\output\deepseek-v4部署\fastllm-master\src\devices\cpu\cpudevice.cpp(8971): warning C4244: “=”: 从“double”转换到“float”，可能丢失数据
C:\Users\user\output\deepseek-v4部署\fastllm-master\src\devices\cpu\cpudevice.cpp(9087): warning C4267: “=”: 从“size_t”转换到“int”，可能丢失数据
C:\Users\user\output\deepseek-v4部署\fastllm-master\src\devices\cpu\cpudevice.cpp(9652): warning C4244: “初始化”: 从“double”转换到“float”，可能丢失数据
C:\Users\user\output\deepseek-v4部署\fastllm-master\src\devices\cpu\cpudevice.cpp(9663): warning C4267: “=”: 从“size_t”转换到“int”，可能丢失数据
C:\Users\user\output\deepseek-v4部署\fastllm-master\src\devices\cpu\cpudevice.cpp(9688): warning C4244: “初始化”: 从“_Ty”转换到“int”，可能丢失数据
        with
        [
            _Ty=uint64_t
        ]
C:\Users\user\output\deepseek-v4部署\fastllm-master\src\devices\cpu\cpudevice.cpp(9693): warning C4267: “初始化”: 从“size_t”转换到“int”，可能丢失数据
C:\Users\user\output\deepseek-v4部署\fastllm-master\src\devices\cpu\cpudevice.cpp(9728): warning C4244: “初始化”: 从“_Ty”转换到“int”，可能丢失数据
        with
        [
            _Ty=uint64_t
        ]
C:\Users\user\output\deepseek-v4部署\fastllm-master\src\devices\cpu\cpudevice.cpp(9733): warning C4267: “初始化”: 从“size_t”转换到“int”，可能丢失数据
C:\Users\user\output\deepseek-v4部署\fastllm-master\src\devices\cpu\cpudevice.cpp(9769): warning C4244: “初始化”: 从“_Ty”转换到“int”，可能丢失数据
        with
        [
            _Ty=uint64_t
        ]
C:\Users\user\output\deepseek-v4部署\fastllm-master\src\devices\cpu\cpudevice.cpp(9777): warning C4267: “初始化”: 从“size_t”转换到“int”，可能丢失数据
C:\Users\user\output\deepseek-v4部署\fastllm-master\src\devices\cpu\cpudevice.cpp(9944): warning C4244: “初始化”: 从“double”转换到“float”，可能丢失数据
C:\Users\user\output\deepseek-v4部署\fastllm-master\src\devices\cpu\cpudevice.cpp(10050): warning C4267: “+=”: 从“size_t”转换到“int”，可能丢失数据
C:\Users\user\output\deepseek-v4部署\fastllm-master\src\devices\cpu\cpudevice.cpp(10096): warning C4267: “初始化”: 从“size_t”转换到“int”，可能丢失数据
[14/81] Building CXX object CMakeFiles\fastllm_tools.dir\src\models\llama.cpp.obj
C:\Users\user\output\deepseek-v4部署\fastllm-master\include\utils\utils.h(30): warning C4067: 预处理器指令后有意外标记 - 应输入换行符
C:\Users\user\output\deepseek-v4部署\fastllm-master\include\utils\utils.h(109): warning C4996: '_wfopen': This function or variable may be unsafe. Consider using _wfopen_s instead. To disable deprecation, use _CRT_SECURE_NO_WARNINGS. See online help for details.
C:\Users\user\output\deepseek-v4部署\fastllm-master\include\utils\utils.h(118): warning C4996: '_wopen': This function or variable may be unsafe. Consider using _wsopen_s instead. To disable deprecation, use _CRT_SECURE_NO_WARNINGS. See online help for details.
C:\Users\user\output\deepseek-v4部署\fastllm-master\include\utils\utils.h(150): warning C4244: “return”: 从“double”转换到“float”，可能丢失数据
C:\Users\user\output\deepseek-v4部署\fastllm-master\include\utils\utils.h(355): warning C4267: “初始化”: 从“size_t”转换到“int”，可能丢失数据
C:\Users\user\output\deepseek-v4部署\fastllm-master\include\utils\utils.h(417): warning C4244: “+=”: 从“double”转换到“float”，可能丢失数据
C:\Users\user\output\deepseek-v4部署\fastllm-master\include\devices/cpu/alivethreadpool.h(136): warning C4267: “初始化”: 从“size_t”转换到“int”，可能丢失数据
C:\Users\user\output\deepseek-v4部署\fastllm-master\include\devices/cpu/alivethreadpool.h(176): warning C4267: “初始化”: 从“size_t”转换到“int”，可能丢失数据
C:\Users\user\output\deepseek-v4部署\fastllm-master\include\devices/cpu/alivethreadpool.h(236): warning C4267: “初始化”: 从“size_t”转换到“int”，可能丢失数据
C:\Users\user\output\deepseek-v4部署\fastllm-master\include\devices/cpu/alivethreadpool.h(237): warning C4267: “初始化”: 从“size_t”转换到“int”，可能丢失数据
C:\Users\user\output\deepseek-v4部署\fastllm-master\include\devices/cpu/alivethreadpool.h(238): warning C4267: “初始化”: 从“size_t”转换到“int”，可能丢失数据
C:\Users\user\output\deepseek-v4部署\fastllm-master\include\devices/cpu/alivethreadpool.h(281): warning C4267: “初始化”: 从“size_t”转换到“int”，可能丢失数据
C:\Users\user\output\deepseek-v4部署\fastllm-master\include\devices/cpu/alivethreadpool.h(327): warning C4267: “初始化”: 从“size_t”转换到“int”，可能丢失数据
C:\Users\user\output\deepseek-v4部署\fastllm-master\include\devices/cpu/alivethreadpool.h(330): warning C4267: “初始化”: 从“size_t”转换到“int”，可能丢失数据
C:\Users\user\output\deepseek-v4部署\fastllm-master\include\devices/cpu/alivethreadpool.h(370): warning C4267: “初始化”: 从“size_t”转换到“int”，可能丢失数据
C:\Users\user\output\deepseek-v4部署\fastllm-master\include\devices/cpu/alivethreadpool.h(372): warning C4267: “初始化”: 从“size_t”转换到“int”，可能丢失数据
C:\Users\user\output\deepseek-v4部署\fastllm-master\include\fastllm.h(222): warning C4244: “初始化”: 从“int”转换到“float”，可能丢失数据
C:\Users\user\output\deepseek-v4部署\fastllm-master\include\fastllm.h(222): warning C4244: “初始化”: 从“int”转换到“const float”，可能丢失数据
C:\Users\user\output\deepseek-v4部署\fastllm-master\include\fastllm.h(227): warning C4244: “=”: 从“float”转换到“uint8_t”，可能丢失数据
C:\Users\user\output\deepseek-v4部署\fastllm-master\include\fastllm.h(229): warning C4244: “=”: 从“const float”转换到“uint8_t”，可能丢失数据
C:\Users\user\output\deepseek-v4部署\fastllm-master\include\fastllm.h(687): warning C4996: 'std::codecvt_utf8<wchar_t,1114111,(std::codecvt_mode)0>': warning STL4017: std::wbuffer_convert, std::wstring_convert, and the <codecvt> header (containing std::codecvt_mode, std::codecvt_utf8, std::codecvt_utf16, and std::codecvt_utf8_utf16) are deprecated in C++17. (The std::codecvt class template is NOT deprecated.) The C++ Standard doesn't provide equivalent non-deprecated functionality; consider using MultiByteToWideChar() and WideCharToMultiByte() from <Windows.h> instead. You can define _SILENCE_CXX17_CODECVT_HEADER_DEPRECATION_WARNING or _SILENCE_ALL_CXX17_DEPRECATION_WARNINGS to suppress this warning.
C:\Program Files (x86)\Microsoft Visual Studio\2022\BuildTools\VC\Tools\MSVC\14.44.35207\include\codecvt(34): note: 参见“std::codecvt_utf8”的声明
C:\Users\user\output\deepseek-v4部署\fastllm-master\include\fastllm.h(687): warning C4996: 'std::wstring_convert<std::codecvt_utf8<wchar_t,1114111,(std::codecvt_mode)0>,wchar_t,std::allocator<wchar_t>,std::allocator<char>>': warning STL4017: std::wbuffer_convert, std::wstring_convert, and the <codecvt> header (containing std::codecvt_mode, std::codecvt_utf8, std::codecvt_utf16, and std::codecvt_utf8_utf16) are deprecated in C++17. (The std::codecvt class template is NOT deprecated.) The C++ Standard doesn't provide equivalent non-deprecated functionality; consider using MultiByteToWideChar() and WideCharToMultiByte() from <Windows.h> instead. You can define _SILENCE_CXX17_CODECVT_HEADER_DEPRECATION_WARNING or _SILENCE_ALL_CXX17_DEPRECATION_WARNINGS to suppress this warning.
C:\Program Files (x86)\Microsoft Visual Studio\2022\BuildTools\VC\Tools\MSVC\14.44.35207\include\xlocbuf(303): note: 参见“std::wstring_convert”的声明
C:\Users\user\output\deepseek-v4部署\fastllm-master\include\models\basellm.h(344): warning C4305: “初始化”: 从“double”到“float”截断
C:\Users\user\output\deepseek-v4部署\fastllm-master\include\models\basellm.h(348): warning C4244: “初始化”: 从“double”转换到“const float”，可能丢失数据
C:\Users\user\output\deepseek-v4部署\fastllm-master\include\models\llama.h(76): warning C4305: “初始化”: 从“double”到“float”截断
C:\Users\user\output\deepseek-v4部署\fastllm-master\src\models\llama.cpp(21): warning C4244: “参数”: 从“int”转换到“float”，可能丢失数据
C:\Users\user\output\deepseek-v4部署\fastllm-master\src\models\llama.cpp(25): warning C4244: “参数”: 从“int”转换到“float”，可能丢失数据
C:\Users\user\output\deepseek-v4部署\fastllm-master\src\models\llama.cpp(80): warning C4244: “=”: 从“double”转换到“float”，可能丢失数据
C:\Users\user\output\deepseek-v4部署\fastllm-master\src\models\llama.cpp(90): warning C4244: “=”: 从“double”转换到“float”，可能丢失数据
C:\Users\user\output\deepseek-v4部署\fastllm-master\src\models\llama.cpp(93): warning C4244: “=”: 从“double”转换到“float”，可能丢失数据
C:\Users\user\output\deepseek-v4部署\fastllm-master\src\models\llama.cpp(129): warning C4244: “参数”: 从“double”转换到“_Ty”，可能丢失数据
        with
        [
            _Ty=float
        ]
C:\Users\user\output\deepseek-v4部署\fastllm-master\src\models\llama.cpp(131): warning C4244: “初始化”: 从“double”转换到“float”，可能丢失数据
C:\Users\user\output\deepseek-v4部署\fastllm-master\src\models\llama.cpp(215): warning C4244: “参数”: 从“double”转换到“float”，可能丢失数据
C:\Users\user\output\deepseek-v4部署\fastllm-master\src\models\llama.cpp(213): warning C4305: “参数”: 从“double”到“float”截断
C:\Users\user\output\deepseek-v4部署\fastllm-master\src\models\llama.cpp(262): warning C4244: “初始化”: 从“double”转换到“float”，可能丢失数据
C:\Users\user\output\deepseek-v4部署\fastllm-master\src\models\llama.cpp(316): warning C4244: “参数”: 从“double”转换到“float”，可能丢失数据
C:\Users\user\output\deepseek-v4部署\fastllm-master\src\models\llama.cpp(318): warning C4244: “参数”: 从“double”转换到“float”，可能丢失数据
C:\Users\user\output\deepseek-v4部署\fastllm-master\src\models\llama.cpp(525): warning C4244: “参数”: 从“double”转换到“float”，可能丢失数据
C:\Users\user\output\deepseek-v4部署\fastllm-master\src\models\llama.cpp(523): warning C4305: “参数”: 从“double”到“float”截断
C:\Users\user\output\deepseek-v4部署\fastllm-master\src\models\llama.cpp(575): warning C4244: “初始化”: 从“double”转换到“float”，可能丢失数据
C:\Users\user\output\deepseek-v4部署\fastllm-master\src\models\llama.cpp(691): warning C4244: “参数”: 从“double”转换到“float”，可能丢失数据
C:\Users\user\output\deepseek-v4部署\fastllm-master\src\models\llama.cpp(706): warning C4244: “参数”: 从“double”转换到“float”，可能丢失数据
C:\Users\user\output\deepseek-v4部署\fastllm-master\src\models\llama.cpp(708): warning C4244: “参数”: 从“double”转换到“float”，可能丢失数据
C:\Users\user\output\deepseek-v4部署\fastllm-master\src\models\llama.cpp(721): warning C4244: “参数”: 从“double”转换到“float”，可能丢失数据
C:\Users\user\output\deepseek-v4部署\fastllm-master\src\models\llama.cpp(723): warning C4244: “参数”: 从“double”转换到“float”，可能丢失数据
C:\Users\user\output\deepseek-v4部署\fastllm-master\src\models\llama.cpp(726): warning C4244: “参数”: 从“double”转换到“float”，可能丢失数据
C:\Users\user\output\deepseek-v4部署\fastllm-master\src\models\llama.cpp(845): warning C4244: “=”: 从“int”转换到“_Ty”，可能丢失数据
        with
        [
            _Ty=float
        ]
C:\Users\user\output\deepseek-v4部署\fastllm-master\src\models\llama.cpp(906): warning C4267: “初始化”: 从“size_t”转换到“int”，可能丢失数据
C:\Users\user\output\deepseek-v4部署\fastllm-master\src\models\llama.cpp(922): warning C4267: “初始化”: 从“size_t”转换到“int”，可能丢失数据
C:\Users\user\output\deepseek-v4部署\fastllm-master\src\models\llama.cpp(927): warning C4244: “=”: 从“int”转换到“_Ty”，可能丢失数据
        with
        [
            _Ty=float
        ]
C:\Users\user\output\deepseek-v4部署\fastllm-master\src\models\llama.cpp(956): warning C4244: “=”: 从“int”转换到“_Ty”，可能丢失数据
        with
        [
            _Ty=float
        ]
C:\Program Files (x86)\Microsoft Visual Studio\2022\BuildTools\VC\Tools\MSVC\14.44.35207\include\xutility(5310): warning C4244: “=”: 从“const _Ty”转换到“_Ty”，可能丢失数据
        with
        [
            _Ty=double
        ]
        and
        [
            _Ty=float
        ]
C:\Program Files (x86)\Microsoft Visual Studio\2022\BuildTools\VC\Tools\MSVC\14.44.35207\include\xutility(5310): note: 模板实例化上下文(最早的实例化上下文)为
C:\Users\user\output\deepseek-v4部署\fastllm-master\src\models\llama.cpp(930): note: 查看对正在编译的函数 模板 实例化“void std::fill<_Ty*,double>(const _FwdIt,const _FwdIt,const double &)”的引用
        with
        [
            _Ty=float,
            _FwdIt=float *
        ]
[15/81] Building CXX object CMakeFiles\fastllm_tools.dir\src\models\qwen.cpp.obj
C:\Users\user\output\deepseek-v4部署\fastllm-master\include\utils\utils.h(30): warning C4067: 预处理器指令后有意外标记 - 应输入换行符
C:\Users\user\output\deepseek-v4部署\fastllm-master\include\utils\utils.h(109): warning C4996: '_wfopen': This function or variable may be unsafe. Consider using _wfopen_s instead. To disable deprecation, use _CRT_SECURE_NO_WARNINGS. See online help for details.
C:\Users\user\output\deepseek-v4部署\fastllm-master\include\utils\utils.h(118): warning C4996: '_wopen': This function or variable may be unsafe. Consider using _wsopen_s instead. To disable deprecation, use _CRT_SECURE_NO_WARNINGS. See online help for details.
C:\Users\user\output\deepseek-v4部署\fastllm-master\include\utils\utils.h(150): warning C4244: “return”: 从“double”转换到“float”，可能丢失数据
C:\Users\user\output\deepseek-v4部署\fastllm-master\include\utils\utils.h(355): warning C4267: “初始化”: 从“size_t”转换到“int”，可能丢失数据
C:\Users\user\output\deepseek-v4部署\fastllm-master\include\utils\utils.h(417): warning C4244: “+=”: 从“double”转换到“float”，可能丢失数据
C:\Users\user\output\deepseek-v4部署\fastllm-master\include\devices/cpu/alivethreadpool.h(136): warning C4267: “初始化”: 从“size_t”转换到“int”，可能丢失数据
C:\Users\user\output\deepseek-v4部署\fastllm-master\include\devices/cpu/alivethreadpool.h(176): warning C4267: “初始化”: 从“size_t”转换到“int”，可能丢失数据
C:\Users\user\output\deepseek-v4部署\fastllm-master\include\devices/cpu/alivethreadpool.h(236): warning C4267: “初始化”: 从“size_t”转换到“int”，可能丢失数据
C:\Users\user\output\deepseek-v4部署\fastllm-master\include\devices/cpu/alivethreadpool.h(237): warning C4267: “初始化”: 从“size_t”转换到“int”，可能丢失数据
C:\Users\user\output\deepseek-v4部署\fastllm-master\include\devices/cpu/alivethreadpool.h(238): warning C4267: “初始化”: 从“size_t”转换到“int”，可能丢失数据
C:\Users\user\output\deepseek-v4部署\fastllm-master\include\devices/cpu/alivethreadpool.h(281): warning C4267: “初始化”: 从“size_t”转换到“int”，可能丢失数据
C:\Users\user\output\deepseek-v4部署\fastllm-master\include\devices/cpu/alivethreadpool.h(327): warning C4267: “初始化”: 从“size_t”转换到“int”，可能丢失数据
C:\Users\user\output\deepseek-v4部署\fastllm-master\include\devices/cpu/alivethreadpool.h(330): warning C4267: “初始化”: 从“size_t”转换到“int”，可能丢失数据
C:\Users\user\output\deepseek-v4部署\fastllm-master\include\devices/cpu/alivethreadpool.h(370): warning C4267: “初始化”: 从“size_t”转换到“int”，可能丢失数据
C:\Users\user\output\deepseek-v4部署\fastllm-master\include\devices/cpu/alivethreadpool.h(372): warning C4267: “初始化”: 从“size_t”转换到“int”，可能丢失数据
C:\Users\user\output\deepseek-v4部署\fastllm-master\include\fastllm.h(222): warning C4244: “初始化”: 从“int”转换到“float”，可能丢失数据
C:\Users\user\output\deepseek-v4部署\fastllm-master\include\fastllm.h(222): warning C4244: “初始化”: 从“int”转换到“const float”，可能丢失数据
C:\Users\user\output\deepseek-v4部署\fastllm-master\include\fastllm.h(227): warning C4244: “=”: 从“float”转换到“uint8_t”，可能丢失数据
C:\Users\user\output\deepseek-v4部署\fastllm-master\include\fastllm.h(229): warning C4244: “=”: 从“const float”转换到“uint8_t”，可能丢失数据
C:\Users\user\output\deepseek-v4部署\fastllm-master\include\fastllm.h(687): warning C4996: 'std::codecvt_utf8<wchar_t,1114111,(std::codecvt_mode)0>': warning STL4017: std::wbuffer_convert, std::wstring_convert, and the <codecvt> header (containing std::codecvt_mode, std::codecvt_utf8, std::codecvt_utf16, and std::codecvt_utf8_utf16) are deprecated in C++17. (The std::codecvt class template is NOT deprecated.) The C++ Standard doesn't provide equivalent non-deprecated functionality; consider using MultiByteToWideChar() and WideCharToMultiByte() from <Windows.h> instead. You can define _SILENCE_CXX17_CODECVT_HEADER_DEPRECATION_WARNING or _SILENCE_ALL_CXX17_DEPRECATION_WARNINGS to suppress this warning.
C:\Program Files (x86)\Microsoft Visual Studio\2022\BuildTools\VC\Tools\MSVC\14.44.35207\include\codecvt(34): note: 参见“std::codecvt_utf8”的声明
C:\Users\user\output\deepseek-v4部署\fastllm-master\include\fastllm.h(687): warning C4996: 'std::wstring_convert<std::codecvt_utf8<wchar_t,1114111,(std::codecvt_mode)0>,wchar_t,std::allocator<wchar_t>,std::allocator<char>>': warning STL4017: std::wbuffer_convert, std::wstring_convert, and the <codecvt> header (containing std::codecvt_mode, std::codecvt_utf8, std::codecvt_utf16, and std::codecvt_utf8_utf16) are deprecated in C++17. (The std::codecvt class template is NOT deprecated.) The C++ Standard doesn't provide equivalent non-deprecated functionality; consider using MultiByteToWideChar() and WideCharToMultiByte() from <Windows.h> instead. You can define _SILENCE_CXX17_CODECVT_HEADER_DEPRECATION_WARNING or _SILENCE_ALL_CXX17_DEPRECATION_WARNINGS to suppress this warning.
C:\Program Files (x86)\Microsoft Visual Studio\2022\BuildTools\VC\Tools\MSVC\14.44.35207\include\xlocbuf(303): note: 参见“std::wstring_convert”的声明
C:\Users\user\output\deepseek-v4部署\fastllm-master\include\models\basellm.h(344): warning C4305: “初始化”: 从“double”到“float”截断
C:\Users\user\output\deepseek-v4部署\fastllm-master\include\models\basellm.h(348): warning C4244: “初始化”: 从“double”转换到“const float”，可能丢失数据
C:\Users\user\output\deepseek-v4部署\fastllm-master\src\models\qwen.cpp(54): warning C4244: “=”: 从“double”转换到“float”，可能丢失数据
C:\Users\user\output\deepseek-v4部署\fastllm-master\src\models\qwen.cpp(106): warning C4305: “参数”: 从“double”到“float”截断
C:\Users\user\output\deepseek-v4部署\fastllm-master\src\models\qwen.cpp(120): warning C4244: “初始化”: 从“const _Ty”转换到“float”，可能丢失数据
        with
        [
            _Ty=double
        ]
C:\Users\user\output\deepseek-v4部署\fastllm-master\src\models\qwen.cpp(172): warning C4244: “参数”: 从“double”转换到“float”，可能丢失数据
C:\Users\user\output\deepseek-v4部署\fastllm-master\src\models\qwen.cpp(192): warning C4305: “参数”: 从“double”到“float”截断
C:\Users\user\output\deepseek-v4部署\fastllm-master\src\models\qwen.cpp(205): warning C4305: “参数”: 从“double”到“float”截断
C:\Users\user\output\deepseek-v4部署\fastllm-master\src\models\qwen.cpp(257): warning C4305: “参数”: 从“double”到“float”截断
C:\Users\user\output\deepseek-v4部署\fastllm-master\src\models\qwen.cpp(290): warning C4244: “初始化”: 从“const _Ty”转换到“float”，可能丢失数据
        with
        [
            _Ty=double
        ]
C:\Users\user\output\deepseek-v4部署\fastllm-master\src\models\qwen.cpp(342): warning C4244: “参数”: 从“double”转换到“float”，可能丢失数据
C:\Users\user\output\deepseek-v4部署\fastllm-master\src\models\qwen.cpp(370): warning C4305: “参数”: 从“double”到“float”截断
C:\Users\user\output\deepseek-v4部署\fastllm-master\src\models\qwen.cpp(383): warning C4305: “参数”: 从“double”到“float”截断
C:\Users\user\output\deepseek-v4部署\fastllm-master\src\models\qwen.cpp(444): warning C4267: “初始化”: 从“size_t”转换到“int”，可能丢失数据
C:\Users\user\output\deepseek-v4部署\fastllm-master\src\models\qwen.cpp(448): warning C4244: “=”: 从“int”转换到“_Ty”，可能丢失数据
        with
        [
            _Ty=float
        ]
C:\Users\user\output\deepseek-v4部署\fastllm-master\src\models\qwen.cpp(466): warning C4267: “初始化”: 从“size_t”转换到“int”，可能丢失数据
C:\Users\user\output\deepseek-v4部署\fastllm-master\src\models\qwen.cpp(483): warning C4267: “初始化”: 从“size_t”转换到“int”，可能丢失数据
C:\Users\user\output\deepseek-v4部署\fastllm-master\src\models\qwen.cpp(489): warning C4267: “初始化”: 从“size_t”转换到“int”，可能丢失数据
C:\Users\user\output\deepseek-v4部署\fastllm-master\src\models\qwen.cpp(494): warning C4244: “=”: 从“int”转换到“_Ty”，可能丢失数据
        with
        [
            _Ty=float
        ]
C:\Users\user\output\deepseek-v4部署\fastllm-master\src\models\qwen.cpp(522): warning C4244: “=”: 从“int”转换到“_Ty”，可能丢失数据
        with
        [
            _Ty=float
        ]
C:\Users\user\output\deepseek-v4部署\fastllm-master\src\models\qwen.cpp(561): warning C4244: “参数”: 从“double”转换到“_Ty”，可能丢失数据
        with
        [
            _Ty=float
        ]
C:\Program Files (x86)\Microsoft Visual Studio\2022\BuildTools\VC\Tools\MSVC\14.44.35207\include\xutility(5310): warning C4244: “=”: 从“const _Ty”转换到“_Ty”，可能丢失数据
        with
        [
            _Ty=double
        ]
        and
        [
            _Ty=float
        ]
C:\Program Files (x86)\Microsoft Visual Studio\2022\BuildTools\VC\Tools\MSVC\14.44.35207\include\xutility(5310): note: 模板实例化上下文(最早的实例化上下文)为
C:\Users\user\output\deepseek-v4部署\fastllm-master\src\models\qwen.cpp(497): note: 查看对正在编译的函数 模板 实例化“void std::fill<_Ty*,double>(const _FwdIt,const _FwdIt,const double &)”的引用
        with
        [
            _Ty=float,
            _FwdIt=float *
        ]
[16/81] Building CXX object CMakeFiles\fastllm_tools.dir\src\models\glm.cpp.obj
C:\Users\user\output\deepseek-v4部署\fastllm-master\include\utils\utils.h(30): warning C4067: 预处理器指令后有意外标记 - 应输入换行符
C:\Users\user\output\deepseek-v4部署\fastllm-master\include\utils\utils.h(109): warning C4996: '_wfopen': This function or variable may be unsafe. Consider using _wfopen_s instead. To disable deprecation, use _CRT_SECURE_NO_WARNINGS. See online help for details.
C:\Users\user\output\deepseek-v4部署\fastllm-master\include\utils\utils.h(118): warning C4996: '_wopen': This function or variable may be unsafe. Consider using _wsopen_s instead. To disable deprecation, use _CRT_SECURE_NO_WARNINGS. See online help for details.
C:\Users\user\output\deepseek-v4部署\fastllm-master\include\utils\utils.h(150): warning C4244: “return”: 从“double”转换到“float”，可能丢失数据
C:\Users\user\output\deepseek-v4部署\fastllm-master\include\utils\utils.h(355): warning C4267: “初始化”: 从“size_t”转换到“int”，可能丢失数据
C:\Users\user\output\deepseek-v4部署\fastllm-master\include\utils\utils.h(417): warning C4244: “+=”: 从“double”转换到“float”，可能丢失数据
C:\Users\user\output\deepseek-v4部署\fastllm-master\include\devices/cpu/alivethreadpool.h(136): warning C4267: “初始化”: 从“size_t”转换到“int”，可能丢失数据
C:\Users\user\output\deepseek-v4部署\fastllm-master\include\devices/cpu/alivethreadpool.h(176): warning C4267: “初始化”: 从“size_t”转换到“int”，可能丢失数据
C:\Users\user\output\deepseek-v4部署\fastllm-master\include\devices/cpu/alivethreadpool.h(236): warning C4267: “初始化”: 从“size_t”转换到“int”，可能丢失数据
C:\Users\user\output\deepseek-v4部署\fastllm-master\include\devices/cpu/alivethreadpool.h(237): warning C4267: “初始化”: 从“size_t”转换到“int”，可能丢失数据
C:\Users\user\output\deepseek-v4部署\fastllm-master\include\devices/cpu/alivethreadpool.h(238): warning C4267: “初始化”: 从“size_t”转换到“int”，可能丢失数据
C:\Users\user\output\deepseek-v4部署\fastllm-master\include\devices/cpu/alivethreadpool.h(281): warning C4267: “初始化”: 从“size_t”转换到“int”，可能丢失数据
C:\Users\user\output\deepseek-v4部署\fastllm-master\include\devices/cpu/alivethreadpool.h(327): warning C4267: “初始化”: 从“size_t”转换到“int”，可能丢失数据
C:\Users\user\output\deepseek-v4部署\fastllm-master\include\devices/cpu/alivethreadpool.h(330): warning C4267: “初始化”: 从“size_t”转换到“int”，可能丢失数据
C:\Users\user\output\deepseek-v4部署\fastllm-master\include\devices/cpu/alivethreadpool.h(370): warning C4267: “初始化”: 从“size_t”转换到“int”，可能丢失数据
C:\Users\user\output\deepseek-v4部署\fastllm-master\include\devices/cpu/alivethreadpool.h(372): warning C4267: “初始化”: 从“size_t”转换到“int”，可能丢失数据
C:\Users\user\output\deepseek-v4部署\fastllm-master\include\fastllm.h(222): warning C4244: “初始化”: 从“int”转换到“float”，可能丢失数据
C:\Users\user\output\deepseek-v4部署\fastllm-master\include\fastllm.h(222): warning C4244: “初始化”: 从“int”转换到“const float”，可能丢失数据
C:\Users\user\output\deepseek-v4部署\fastllm-master\include\fastllm.h(227): warning C4244: “=”: 从“float”转换到“uint8_t”，可能丢失数据
C:\Users\user\output\deepseek-v4部署\fastllm-master\include\fastllm.h(229): warning C4244: “=”: 从“const float”转换到“uint8_t”，可能丢失数据
C:\Users\user\output\deepseek-v4部署\fastllm-master\include\fastllm.h(687): warning C4996: 'std::codecvt_utf8<wchar_t,1114111,(std::codecvt_mode)0>': warning STL4017: std::wbuffer_convert, std::wstring_convert, and the <codecvt> header (containing std::codecvt_mode, std::codecvt_utf8, std::codecvt_utf16, and std::codecvt_utf8_utf16) are deprecated in C++17. (The std::codecvt class template is NOT deprecated.) The C++ Standard doesn't provide equivalent non-deprecated functionality; consider using MultiByteToWideChar() and WideCharToMultiByte() from <Windows.h> instead. You can define _SILENCE_CXX17_CODECVT_HEADER_DEPRECATION_WARNING or _SILENCE_ALL_CXX17_DEPRECATION_WARNINGS to suppress this warning.
C:\Program Files (x86)\Microsoft Visual Studio\2022\BuildTools\VC\Tools\MSVC\14.44.35207\include\codecvt(34): note: 参见“std::codecvt_utf8”的声明
C:\Users\user\output\deepseek-v4部署\fastllm-master\include\fastllm.h(687): warning C4996: 'std::wstring_convert<std::codecvt_utf8<wchar_t,1114111,(std::codecvt_mode)0>,wchar_t,std::allocator<wchar_t>,std::allocator<char>>': warning STL4017: std::wbuffer_convert, std::wstring_convert, and the <codecvt> header (containing std::codecvt_mode, std::codecvt_utf8, std::codecvt_utf16, and std::codecvt_utf8_utf16) are deprecated in C++17. (The std::codecvt class template is NOT deprecated.) The C++ Standard doesn't provide equivalent non-deprecated functionality; consider using MultiByteToWideChar() and WideCharToMultiByte() from <Windows.h> instead. You can define _SILENCE_CXX17_CODECVT_HEADER_DEPRECATION_WARNING or _SILENCE_ALL_CXX17_DEPRECATION_WARNINGS to suppress this warning.
C:\Program Files (x86)\Microsoft Visual Studio\2022\BuildTools\VC\Tools\MSVC\14.44.35207\include\xlocbuf(303): note: 参见“std::wstring_convert”的声明
C:\Users\user\output\deepseek-v4部署\fastllm-master\include\models\basellm.h(344): warning C4305: “初始化”: 从“double”到“float”截断
C:\Users\user\output\deepseek-v4部署\fastllm-master\include\models\basellm.h(348): warning C4244: “初始化”: 从“double”转换到“const float”，可能丢失数据
C:\Users\user\output\deepseek-v4部署\fastllm-master\src\models\glm.cpp(237): warning C4267: “=”: 从“size_t”转换到“int”，可能丢失数据
C:\Users\user\output\deepseek-v4部署\fastllm-master\src\models\glm.cpp(242): warning C4244: “参数”: 从“int”转换到“_Ty”，可能丢失数据
        with
        [
            _Ty=float
        ]
C:\Users\user\output\deepseek-v4部署\fastllm-master\src\models\glm.cpp(245): warning C4267: “初始化”: 从“size_t”转换到“int”，可能丢失数据
C:\Users\user\output\deepseek-v4部署\fastllm-master\src\models\glm.cpp(248): warning C4244: “=”: 从“int”转换到“_Ty”，可能丢失数据
        with
        [
            _Ty=float
        ]
C:\Users\user\output\deepseek-v4部署\fastllm-master\src\models\glm.cpp(251): warning C4244: “=”: 从“int”转换到“_Ty”，可能丢失数据
        with
        [
            _Ty=float
        ]
C:\Users\user\output\deepseek-v4部署\fastllm-master\src\models\glm.cpp(252): warning C4244: “=”: 从“int”转换到“_Ty”，可能丢失数据
        with
        [
            _Ty=float
        ]
C:\Users\user\output\deepseek-v4部署\fastllm-master\src\models\glm.cpp(254): warning C4244: “=”: 从“int”转换到“_Ty”，可能丢失数据
        with
        [
            _Ty=float
        ]
C:\Users\user\output\deepseek-v4部署\fastllm-master\src\models\glm.cpp(267): warning C4267: “初始化”: 从“size_t”转换到“unsigned long”，可能丢失数据
C:\Users\user\output\deepseek-v4部署\fastllm-master\src\models\glm.cpp(288): warning C4244: “=”: 从“double”转换到“float”，可能丢失数据
[17/81] Building CXX object CMakeFiles\fastllm_tools.dir\src\models\basellm.cpp.obj
C:\Users\user\output\deepseek-v4部署\fastllm-master\include\devices/cpu/alivethreadpool.h(136): warning C4267: “初始化”: 从“size_t”转换到“int”，可能丢失数据
C:\Users\user\output\deepseek-v4部署\fastllm-master\include\devices/cpu/alivethreadpool.h(176): warning C4267: “初始化”: 从“size_t”转换到“int”，可能丢失数据
C:\Users\user\output\deepseek-v4部署\fastllm-master\include\devices/cpu/alivethreadpool.h(236): warning C4267: “初始化”: 从“size_t”转换到“int”，可能丢失数据
C:\Users\user\output\deepseek-v4部署\fastllm-master\include\devices/cpu/alivethreadpool.h(237): warning C4267: “初始化”: 从“size_t”转换到“int”，可能丢失数据
C:\Users\user\output\deepseek-v4部署\fastllm-master\include\devices/cpu/alivethreadpool.h(238): warning C4267: “初始化”: 从“size_t”转换到“int”，可能丢失数据
C:\Users\user\output\deepseek-v4部署\fastllm-master\include\devices/cpu/alivethreadpool.h(281): warning C4267: “初始化”: 从“size_t”转换到“int”，可能丢失数据
C:\Users\user\output\deepseek-v4部署\fastllm-master\include\devices/cpu/alivethreadpool.h(327): warning C4267: “初始化”: 从“size_t”转换到“int”，可能丢失数据
C:\Users\user\output\deepseek-v4部署\fastllm-master\include\devices/cpu/alivethreadpool.h(330): warning C4267: “初始化”: 从“size_t”转换到“int”，可能丢失数据
C:\Users\user\output\deepseek-v4部署\fastllm-master\include\devices/cpu/alivethreadpool.h(370): warning C4267: “初始化”: 从“size_t”转换到“int”，可能丢失数据
C:\Users\user\output\deepseek-v4部署\fastllm-master\include\devices/cpu/alivethreadpool.h(372): warning C4267: “初始化”: 从“size_t”转换到“int”，可能丢失数据
C:\Users\user\output\deepseek-v4部署\fastllm-master\include\fastllm.h(222): warning C4244: “初始化”: 从“int”转换到“float”，可能丢失数据
C:\Users\user\output\deepseek-v4部署\fastllm-master\include\fastllm.h(222): warning C4244: “初始化”: 从“int”转换到“const float”，可能丢失数据
C:\Users\user\output\deepseek-v4部署\fastllm-master\include\fastllm.h(227): warning C4244: “=”: 从“float”转换到“uint8_t”，可能丢失数据
C:\Users\user\output\deepseek-v4部署\fastllm-master\include\fastllm.h(229): warning C4244: “=”: 从“const float”转换到“uint8_t”，可能丢失数据
C:\Users\user\output\deepseek-v4部署\fastllm-master\include\fastllm.h(687): warning C4996: 'std::codecvt_utf8<wchar_t,1114111,(std::codecvt_mode)0>': warning STL4017: std::wbuffer_convert, std::wstring_convert, and the <codecvt> header (containing std::codecvt_mode, std::codecvt_utf8, std::codecvt_utf16, and std::codecvt_utf8_utf16) are deprecated in C++17. (The std::codecvt class template is NOT deprecated.) The C++ Standard doesn't provide equivalent non-deprecated functionality; consider using MultiByteToWideChar() and WideCharToMultiByte() from <Windows.h> instead. You can define _SILENCE_CXX17_CODECVT_HEADER_DEPRECATION_WARNING or _SILENCE_ALL_CXX17_DEPRECATION_WARNINGS to suppress this warning.
C:\Program Files (x86)\Microsoft Visual Studio\2022\BuildTools\VC\Tools\MSVC\14.44.35207\include\codecvt(34): note: 参见“std::codecvt_utf8”的声明
C:\Users\user\output\deepseek-v4部署\fastllm-master\include\fastllm.h(687): warning C4996: 'std::wstring_convert<std::codecvt_utf8<wchar_t,1114111,(std::codecvt_mode)0>,wchar_t,std::allocator<wchar_t>,std::allocator<char>>': warning STL4017: std::wbuffer_convert, std::wstring_convert, and the <codecvt> header (containing std::codecvt_mode, std::codecvt_utf8, std::codecvt_utf16, and std::codecvt_utf8_utf16) are deprecated in C++17. (The std::codecvt class template is NOT deprecated.) The C++ Standard doesn't provide equivalent non-deprecated functionality; consider using MultiByteToWideChar() and WideCharToMultiByte() from <Windows.h> instead. You can define _SILENCE_CXX17_CODECVT_HEADER_DEPRECATION_WARNING or _SILENCE_ALL_CXX17_DEPRECATION_WARNINGS to suppress this warning.
C:\Program Files (x86)\Microsoft Visual Studio\2022\BuildTools\VC\Tools\MSVC\14.44.35207\include\xlocbuf(303): note: 参见“std::wstring_convert”的声明
C:\Users\user\output\deepseek-v4部署\fastllm-master\include\utils/utils.h(30): warning C4067: 预处理器指令后有意外标记 - 应输入换行符
C:\Users\user\output\deepseek-v4部署\fastllm-master\include\utils/utils.h(109): warning C4996: '_wfopen': This function or variable may be unsafe. Consider using _wfopen_s instead. To disable deprecation, use _CRT_SECURE_NO_WARNINGS. See online help for details.
C:\Users\user\output\deepseek-v4部署\fastllm-master\include\utils/utils.h(118): warning C4996: '_wopen': This function or variable may be unsafe. Consider using _wsopen_s instead. To disable deprecation, use _CRT_SECURE_NO_WARNINGS. See online help for details.
C:\Users\user\output\deepseek-v4部署\fastllm-master\include\utils/utils.h(150): warning C4244: “return”: 从“double”转换到“float”，可能丢失数据
C:\Users\user\output\deepseek-v4部署\fastllm-master\include\utils/utils.h(355): warning C4267: “初始化”: 从“size_t”转换到“int”，可能丢失数据
C:\Users\user\output\deepseek-v4部署\fastllm-master\include\utils/utils.h(417): warning C4244: “+=”: 从“double”转换到“float”，可能丢失数据
C:\Users\user\output\deepseek-v4部署\fastllm-master\include\models\basellm.h(344): warning C4305: “初始化”: 从“double”到“float”截断
C:\Users\user\output\deepseek-v4部署\fastllm-master\include\models\basellm.h(348): warning C4244: “初始化”: 从“double”转换到“const float”，可能丢失数据
C:\Users\user\output\deepseek-v4部署\fastllm-master\src\models\basellm.cpp(89): warning C4267: “参数”: 从“size_t”转换到“int”，可能丢失数据
C:\Users\user\output\deepseek-v4部署\fastllm-master\src\models\basellm.cpp(353): warning C4267: “初始化”: 从“size_t”转换到“int”，可能丢失数据
C:\Users\user\output\deepseek-v4部署\fastllm-master\src\models\basellm.cpp(368): warning C4244: “参数”: 从“int”转换到“_Ty”，可能丢失数据
        with
        [
            _Ty=float
        ]
C:\Users\user\output\deepseek-v4部署\fastllm-master\src\models\basellm.cpp(441): warning C4267: “初始化”: 从“size_t”转换到“int”，可能丢失数据
C:\Users\user\output\deepseek-v4部署\fastllm-master\src\models\basellm.cpp(493): warning C4244: “参数”: 从“_Ty”转换到“_Ty”，可能丢失数据
        with
        [
            _Ty=int
        ]
        and
        [
            _Ty=float
        ]
C:\Users\user\output\deepseek-v4部署\fastllm-master\src\models\basellm.cpp(508): warning C4244: “参数”: 从“_Ty”转换到“_Ty”，可能丢失数据
        with
        [
            _Ty=int
        ]
        and
        [
            _Ty=float
        ]
C:\Users\user\output\deepseek-v4部署\fastllm-master\src\models\basellm.cpp(944): warning C4267: “=”: 从“size_t”转换到“int”，可能丢失数据
C:\Users\user\output\deepseek-v4部署\fastllm-master\src\models\basellm.cpp(953): warning C4244: “参数”: 从“int”转换到“_Ty”，可能丢失数据
        with
        [
            _Ty=float
        ]
C:\Users\user\output\deepseek-v4部署\fastllm-master\src\models\basellm.cpp(958): warning C4244: “参数”: 从“uint64_t”转换到“_Ty”，可能丢失数据
        with
        [
            _Ty=int
        ]
C:\Users\user\output\deepseek-v4部署\fastllm-master\src\models\basellm.cpp(1023): warning C4267: “初始化”: 从“size_t”转换到“int”，可能丢失数据
C:\Users\user\output\deepseek-v4部署\fastllm-master\src\models\basellm.cpp(1154): warning C4244: “初始化”: 从“double”转换到“float”，可能丢失数据
C:\Users\user\output\deepseek-v4部署\fastllm-master\src\models\basellm.cpp(1155): warning C4244: “初始化”: 从“double”转换到“float”，可能丢失数据
C:\Users\user\output\deepseek-v4部署\fastllm-master\src\models\basellm.cpp(1164): warning C4267: “参数”: 从“size_t”转换到“int”，可能丢失数据
C:\Users\user\output\deepseek-v4部署\fastllm-master\src\models\basellm.cpp(1176): warning C4244: “初始化”: 从“double”转换到“float”，可能丢失数据
C:\Users\user\output\deepseek-v4部署\fastllm-master\src\models\basellm.cpp(1203): warning C4244: “初始化”: 从“double”转换到“float”，可能丢失数据
C:\Users\user\output\deepseek-v4部署\fastllm-master\src\models\basellm.cpp(1319): warning C4244: “初始化”: 从“__int64”转换到“int”，可能丢失数据
C:\Users\user\output\deepseek-v4部署\fastllm-master\src\models\basellm.cpp(1323): warning C4244: “=”: 从“__int64”转换到“int”，可能丢失数据
C:\Users\user\output\deepseek-v4部署\fastllm-master\src\models\basellm.cpp(1326): warning C4244: “=”: 从“__int64”转换到“int”，可能丢失数据
C:\Users\user\output\deepseek-v4部署\fastllm-master\src\models\basellm.cpp(1491): warning C4267: “+=”: 从“size_t”转换到“int”，可能丢失数据
C:\Users\user\output\deepseek-v4部署\fastllm-master\src\models\basellm.cpp(1508): warning C4267: “=”: 从“size_t”转换到“int”，可能丢失数据
C:\Users\user\output\deepseek-v4部署\fastllm-master\src\models\basellm.cpp(1517): warning C4244: “参数”: 从“int”转换到“_Ty”，可能丢失数据
        with
        [
            _Ty=float
        ]
C:\Users\user\output\deepseek-v4部署\fastllm-master\src\models\basellm.cpp(1522): warning C4244: “参数”: 从“uint64_t”转换到“_Ty”，可能丢失数据
        with
        [
            _Ty=int
        ]
C:\Users\user\output\deepseek-v4部署\fastllm-master\src\models\basellm.cpp(1545): warning C4267: “+=”: 从“size_t”转换到“int”，可能丢失数据
C:\Users\user\output\deepseek-v4部署\fastllm-master\src\models\basellm.cpp(1585): warning C4267: “参数”: 从“size_t”转换到“int”，可能丢失数据
C:\Users\user\output\deepseek-v4部署\fastllm-master\src\models\basellm.cpp(1598): warning C4244: “初始化”: 从“double”转换到“float”，可能丢失数据
C:\Users\user\output\deepseek-v4部署\fastllm-master\src\models\basellm.cpp(1640): warning C4244: “初始化”: 从“double”转换到“float”，可能丢失数据
C:\Users\user\output\deepseek-v4部署\fastllm-master\src\models\basellm.cpp(1275): warning C4996: 'getenv': This function or variable may be unsafe. Consider using _dupenv_s instead. To disable deprecation, use _CRT_SECURE_NO_WARNINGS. See online help for details.
C:\Users\user\output\deepseek-v4部署\fastllm-master\src\models\basellm.cpp(1864): warning C4267: “初始化”: 从“size_t”转换到“int”，可能丢失数据
C:\Users\user\output\deepseek-v4部署\fastllm-master\src\models\basellm.cpp(1869): warning C4244: “参数”: 从“const _Ty”转换到“_Ty”，可能丢失数据
        with
        [
            _Ty=int
        ]
        and
        [
            _Ty=float
        ]
C:\Users\user\output\deepseek-v4部署\fastllm-master\src\models\basellm.cpp(1875): warning C4267: “参数”: 从“size_t”转换到“int”，可能丢失数据
C:\Users\user\output\deepseek-v4部署\fastllm-master\src\models\basellm.cpp(1894): warning C4267: “初始化”: 从“size_t”转换到“int”，可能丢失数据
C:\Users\user\output\deepseek-v4部署\fastllm-master\src\models\basellm.cpp(1897): warning C4244: “=”: 从“int”转换到“_Ty”，可能丢失数据
        with
        [
            _Ty=float
        ]
C:\Users\user\output\deepseek-v4部署\fastllm-master\src\models\basellm.cpp(1905): warning C4244: “=”: 从“int”转换到“_Ty”，可能丢失数据
        with
        [
            _Ty=float
        ]
C:\Users\user\output\deepseek-v4部署\fastllm-master\src\models\basellm.cpp(1929): warning C4267: “初始化”: 从“size_t”转换到“int”，可能丢失数据
C:\Users\user\output\deepseek-v4部署\fastllm-master\src\models\basellm.cpp(1945): warning C4267: “初始化”: 从“size_t”转换到“int”，可能丢失数据
C:\Users\user\output\deepseek-v4部署\fastllm-master\src\models\basellm.cpp(1950): warning C4244: “=”: 从“int”转换到“_Ty”，可能丢失数据
        with
        [
            _Ty=float
        ]
C:\Users\user\output\deepseek-v4部署\fastllm-master\src\models\basellm.cpp(1979): warning C4244: “=”: 从“int”转换到“_Ty”，可能丢失数据
        with
        [
            _Ty=float
        ]
C:\Users\user\output\deepseek-v4部署\fastllm-master\src\models\basellm.cpp(2147): warning C4244: “参数”: 从“float”转换到“_Ty”，可能丢失数据
        with
        [
            _Ty=int
        ]
C:\Users\user\output\deepseek-v4部署\fastllm-master\src\models\basellm.cpp(2172): warning C4244: “参数”: 从“float”转换到“_Ty”，可能丢失数据
        with
        [
            _Ty=int
        ]
C:\Users\user\output\deepseek-v4部署\fastllm-master\src\models\basellm.cpp(2182): warning C4267: “return”: 从“size_t”转换到“int”，可能丢失数据
C:\Users\user\output\deepseek-v4部署\fastllm-master\src\models\basellm.cpp(2267): warning C4267: “参数”: 从“size_t”转换到“_Ty”，可能丢失数据
        with
        [
            _Ty=int
        ]
C:\Users\user\output\deepseek-v4部署\fastllm-master\src\models\basellm.cpp(2306): warning C4267: “参数”: 从“size_t”转换到“_Ty”，可能丢失数据
        with
        [
            _Ty=int
        ]
C:\Users\user\output\deepseek-v4部署\fastllm-master\src\models\basellm.cpp(2360): warning C4244: “=”: 从“int”转换到“_Ty”，可能丢失数据
        with
        [
            _Ty=float
        ]
C:\Program Files (x86)\Microsoft Visual Studio\2022\BuildTools\VC\Tools\MSVC\14.44.35207\include\xutility(5310): warning C4244: “=”: 从“const _Ty”转换到“_Ty”，可能丢失数据
        with
        [
            _Ty=double
        ]
        and
        [
            _Ty=float
        ]
C:\Program Files (x86)\Microsoft Visual Studio\2022\BuildTools\VC\Tools\MSVC\14.44.35207\include\xutility(5310): note: 模板实例化上下文(最早的实例化上下文)为
C:\Users\user\output\deepseek-v4部署\fastllm-master\src\models\basellm.cpp(1953): note: 查看对正在编译的函数 模板 实例化“void std::fill<_Ty*,double>(const _FwdIt,const _FwdIt,const double &)”的引用
        with
        [
            _Ty=float,
            _FwdIt=float *
        ]
[18/81] Building CXX object CMakeFiles\fastllm_tools.dir\src\models\minicpm.cpp.obj
C:\Users\user\output\deepseek-v4部署\fastllm-master\include\utils\utils.h(30): warning C4067: 预处理器指令后有意外标记 - 应输入换行符
C:\Users\user\output\deepseek-v4部署\fastllm-master\include\utils\utils.h(109): warning C4996: '_wfopen': This function or variable may be unsafe. Consider using _wfopen_s instead. To disable deprecation, use _CRT_SECURE_NO_WARNINGS. See online help for details.
C:\Users\user\output\deepseek-v4部署\fastllm-master\include\utils\utils.h(118): warning C4996: '_wopen': This function or variable may be unsafe. Consider using _wsopen_s instead. To disable deprecation, use _CRT_SECURE_NO_WARNINGS. See online help for details.
C:\Users\user\output\deepseek-v4部署\fastllm-master\include\utils\utils.h(150): warning C4244: “return”: 从“double”转换到“float”，可能丢失数据
C:\Users\user\output\deepseek-v4部署\fastllm-master\include\utils\utils.h(355): warning C4267: “初始化”: 从“size_t”转换到“int”，可能丢失数据
C:\Users\user\output\deepseek-v4部署\fastllm-master\include\utils\utils.h(417): warning C4244: “+=”: 从“double”转换到“float”，可能丢失数据
C:\Users\user\output\deepseek-v4部署\fastllm-master\include\devices/cpu/alivethreadpool.h(136): warning C4267: “初始化”: 从“size_t”转换到“int”，可能丢失数据
C:\Users\user\output\deepseek-v4部署\fastllm-master\include\devices/cpu/alivethreadpool.h(176): warning C4267: “初始化”: 从“size_t”转换到“int”，可能丢失数据
C:\Users\user\output\deepseek-v4部署\fastllm-master\include\devices/cpu/alivethreadpool.h(236): warning C4267: “初始化”: 从“size_t”转换到“int”，可能丢失数据
C:\Users\user\output\deepseek-v4部署\fastllm-master\include\devices/cpu/alivethreadpool.h(237): warning C4267: “初始化”: 从“size_t”转换到“int”，可能丢失数据
C:\Users\user\output\deepseek-v4部署\fastllm-master\include\devices/cpu/alivethreadpool.h(238): warning C4267: “初始化”: 从“size_t”转换到“int”，可能丢失数据
C:\Users\user\output\deepseek-v4部署\fastllm-master\include\devices/cpu/alivethreadpool.h(281): warning C4267: “初始化”: 从“size_t”转换到“int”，可能丢失数据
C:\Users\user\output\deepseek-v4部署\fastllm-master\include\devices/cpu/alivethreadpool.h(327): warning C4267: “初始化”: 从“size_t”转换到“int”，可能丢失数据
C:\Users\user\output\deepseek-v4部署\fastllm-master\include\devices/cpu/alivethreadpool.h(330): warning C4267: “初始化”: 从“size_t”转换到“int”，可能丢失数据
C:\Users\user\output\deepseek-v4部署\fastllm-master\include\devices/cpu/alivethreadpool.h(370): warning C4267: “初始化”: 从“size_t”转换到“int”，可能丢失数据
C:\Users\user\output\deepseek-v4部署\fastllm-master\include\devices/cpu/alivethreadpool.h(372): warning C4267: “初始化”: 从“size_t”转换到“int”，可能丢失数据
C:\Users\user\output\deepseek-v4部署\fastllm-master\include\fastllm.h(222): warning C4244: “初始化”: 从“int”转换到“float”，可能丢失数据
C:\Users\user\output\deepseek-v4部署\fastllm-master\include\fastllm.h(222): warning C4244: “初始化”: 从“int”转换到“const float”，可能丢失数据
C:\Users\user\output\deepseek-v4部署\fastllm-master\include\fastllm.h(227): warning C4244: “=”: 从“float”转换到“uint8_t”，可能丢失数据
C:\Users\user\output\deepseek-v4部署\fastllm-master\include\fastllm.h(229): warning C4244: “=”: 从“const float”转换到“uint8_t”，可能丢失数据
C:\Users\user\output\deepseek-v4部署\fastllm-master\include\fastllm.h(687): warning C4996: 'std::codecvt_utf8<wchar_t,1114111,(std::codecvt_mode)0>': warning STL4017: std::wbuffer_convert, std::wstring_convert, and the <codecvt> header (containing std::codecvt_mode, std::codecvt_utf8, std::codecvt_utf16, and std::codecvt_utf8_utf16) are deprecated in C++17. (The std::codecvt class template is NOT deprecated.) The C++ Standard doesn't provide equivalent non-deprecated functionality; consider using MultiByteToWideChar() and WideCharToMultiByte() from <Windows.h> instead. You can define _SILENCE_CXX17_CODECVT_HEADER_DEPRECATION_WARNING or _SILENCE_ALL_CXX17_DEPRECATION_WARNINGS to suppress this warning.
C:\Program Files (x86)\Microsoft Visual Studio\2022\BuildTools\VC\Tools\MSVC\14.44.35207\include\codecvt(34): note: 参见“std::codecvt_utf8”的声明
C:\Users\user\output\deepseek-v4部署\fastllm-master\include\fastllm.h(687): warning C4996: 'std::wstring_convert<std::codecvt_utf8<wchar_t,1114111,(std::codecvt_mode)0>,wchar_t,std::allocator<wchar_t>,std::allocator<char>>': warning STL4017: std::wbuffer_convert, std::wstring_convert, and the <codecvt> header (containing std::codecvt_mode, std::codecvt_utf8, std::codecvt_utf16, and std::codecvt_utf8_utf16) are deprecated in C++17. (The std::codecvt class template is NOT deprecated.) The C++ Standard doesn't provide equivalent non-deprecated functionality; consider using MultiByteToWideChar() and WideCharToMultiByte() from <Windows.h> instead. You can define _SILENCE_CXX17_CODECVT_HEADER_DEPRECATION_WARNING or _SILENCE_ALL_CXX17_DEPRECATION_WARNINGS to suppress this warning.
C:\Program Files (x86)\Microsoft Visual Studio\2022\BuildTools\VC\Tools\MSVC\14.44.35207\include\xlocbuf(303): note: 参见“std::wstring_convert”的声明
C:\Users\user\output\deepseek-v4部署\fastllm-master\include\models\basellm.h(344): warning C4305: “初始化”: 从“double”到“float”截断
C:\Users\user\output\deepseek-v4部署\fastllm-master\include\models\basellm.h(348): warning C4244: “初始化”: 从“double”转换到“const float”，可能丢失数据
C:\Users\user\output\deepseek-v4部署\fastllm-master\include\models\llama.h(76): warning C4305: “初始化”: 从“double”到“float”截断
C:\Users\user\output\deepseek-v4部署\fastllm-master\include\models\minicpm.h(55): warning C4244: “初始化”: 从“double”转换到“float”，可能丢失数据
C:\Users\user\output\deepseek-v4部署\fastllm-master\src\models\minicpm.cpp(36): warning C4244: “参数”: 从“double”转换到“_Ty”，可能丢失数据
        with
        [
            _Ty=float
        ]
C:\Users\user\output\deepseek-v4部署\fastllm-master\src\models\minicpm.cpp(65): warning C4244: “=”: 从“double”转换到“float”，可能丢失数据
C:\Users\user\output\deepseek-v4部署\fastllm-master\src\models\minicpm.cpp(91): warning C4305: “参数”: 从“double”到“float”截断
C:\Users\user\output\deepseek-v4部署\fastllm-master\src\models\minicpm.cpp(169): warning C4244: “参数”: 从“double”转换到“float”，可能丢失数据
C:\Users\user\output\deepseek-v4部署\fastllm-master\src\models\minicpm.cpp(186): warning C4305: “参数”: 从“double”到“float”截断
C:\Users\user\output\deepseek-v4部署\fastllm-master\src\models\minicpm.cpp(208): warning C4305: “参数”: 从“double”到“float”截断
C:\Users\user\output\deepseek-v4部署\fastllm-master\src\models\minicpm.cpp(248): warning C4305: “参数”: 从“double”到“float”截断
C:\Users\user\output\deepseek-v4部署\fastllm-master\src\models\minicpm.cpp(327): warning C4244: “参数”: 从“double”转换到“float”，可能丢失数据
C:\Users\user\output\deepseek-v4部署\fastllm-master\src\models\minicpm.cpp(344): warning C4305: “参数”: 从“double”到“float”截断
C:\Users\user\output\deepseek-v4部署\fastllm-master\src\models\minicpm.cpp(367): warning C4305: “参数”: 从“double”到“float”截断
C:\Users\user\output\deepseek-v4部署\fastllm-master\src\models\minicpm.cpp(410): warning C4305: “参数”: 从“double”到“float”截断
C:\Users\user\output\deepseek-v4部署\fastllm-master\src\models\minicpm.cpp(507): warning C4244: “参数”: 从“double”转换到“float”，可能丢失数据
C:\Users\user\output\deepseek-v4部署\fastllm-master\src\models\minicpm.cpp(531): warning C4305: “参数”: 从“double”到“float”截断
C:\Users\user\output\deepseek-v4部署\fastllm-master\src\models\minicpm.cpp(542): warning C4305: “参数”: 从“double”到“float”截断
[19/81] Building CXX object CMakeFiles\fastllm_tools.dir\src\models\minicpm3.cpp.obj
C:\Users\user\output\deepseek-v4部署\fastllm-master\include\utils\utils.h(30): warning C4067: 预处理器指令后有意外标记 - 应输入换行符
C:\Users\user\output\deepseek-v4部署\fastllm-master\include\utils\utils.h(109): warning C4996: '_wfopen': This function or variable may be unsafe. Consider using _wfopen_s instead. To disable deprecation, use _CRT_SECURE_NO_WARNINGS. See online help for details.
C:\Users\user\output\deepseek-v4部署\fastllm-master\include\utils\utils.h(118): warning C4996: '_wopen': This function or variable may be unsafe. Consider using _wsopen_s instead. To disable deprecation, use _CRT_SECURE_NO_WARNINGS. See online help for details.
C:\Users\user\output\deepseek-v4部署\fastllm-master\include\utils\utils.h(150): warning C4244: “return”: 从“double”转换到“float”，可能丢失数据
C:\Users\user\output\deepseek-v4部署\fastllm-master\include\utils\utils.h(355): warning C4267: “初始化”: 从“size_t”转换到“int”，可能丢失数据
C:\Users\user\output\deepseek-v4部署\fastllm-master\include\utils\utils.h(417): warning C4244: “+=”: 从“double”转换到“float”，可能丢失数据
C:\Users\user\output\deepseek-v4部署\fastllm-master\include\devices/cpu/alivethreadpool.h(136): warning C4267: “初始化”: 从“size_t”转换到“int”，可能丢失数据
C:\Users\user\output\deepseek-v4部署\fastllm-master\include\devices/cpu/alivethreadpool.h(176): warning C4267: “初始化”: 从“size_t”转换到“int”，可能丢失数据
C:\Users\user\output\deepseek-v4部署\fastllm-master\include\devices/cpu/alivethreadpool.h(236): warning C4267: “初始化”: 从“size_t”转换到“int”，可能丢失数据
C:\Users\user\output\deepseek-v4部署\fastllm-master\include\devices/cpu/alivethreadpool.h(237): warning C4267: “初始化”: 从“size_t”转换到“int”，可能丢失数据
C:\Users\user\output\deepseek-v4部署\fastllm-master\include\devices/cpu/alivethreadpool.h(238): warning C4267: “初始化”: 从“size_t”转换到“int”，可能丢失数据
C:\Users\user\output\deepseek-v4部署\fastllm-master\include\devices/cpu/alivethreadpool.h(281): warning C4267: “初始化”: 从“size_t”转换到“int”，可能丢失数据
C:\Users\user\output\deepseek-v4部署\fastllm-master\include\devices/cpu/alivethreadpool.h(327): warning C4267: “初始化”: 从“size_t”转换到“int”，可能丢失数据
C:\Users\user\output\deepseek-v4部署\fastllm-master\include\devices/cpu/alivethreadpool.h(330): warning C4267: “初始化”: 从“size_t”转换到“int”，可能丢失数据
C:\Users\user\output\deepseek-v4部署\fastllm-master\include\devices/cpu/alivethreadpool.h(370): warning C4267: “初始化”: 从“size_t”转换到“int”，可能丢失数据
C:\Users\user\output\deepseek-v4部署\fastllm-master\include\devices/cpu/alivethreadpool.h(372): warning C4267: “初始化”: 从“size_t”转换到“int”，可能丢失数据
C:\Users\user\output\deepseek-v4部署\fastllm-master\include\fastllm.h(222): warning C4244: “初始化”: 从“int”转换到“float”，可能丢失数据
C:\Users\user\output\deepseek-v4部署\fastllm-master\include\fastllm.h(222): warning C4244: “初始化”: 从“int”转换到“const float”，可能丢失数据
C:\Users\user\output\deepseek-v4部署\fastllm-master\include\fastllm.h(227): warning C4244: “=”: 从“float”转换到“uint8_t”，可能丢失数据
C:\Users\user\output\deepseek-v4部署\fastllm-master\include\fastllm.h(229): warning C4244: “=”: 从“const float”转换到“uint8_t”，可能丢失数据
C:\Users\user\output\deepseek-v4部署\fastllm-master\include\fastllm.h(687): warning C4996: 'std::codecvt_utf8<wchar_t,1114111,(std::codecvt_mode)0>': warning STL4017: std::wbuffer_convert, std::wstring_convert, and the <codecvt> header (containing std::codecvt_mode, std::codecvt_utf8, std::codecvt_utf16, and std::codecvt_utf8_utf16) are deprecated in C++17. (The std::codecvt class template is NOT deprecated.) The C++ Standard doesn't provide equivalent non-deprecated functionality; consider using MultiByteToWideChar() and WideCharToMultiByte() from <Windows.h> instead. You can define _SILENCE_CXX17_CODECVT_HEADER_DEPRECATION_WARNING or _SILENCE_ALL_CXX17_DEPRECATION_WARNINGS to suppress this warning.
C:\Program Files (x86)\Microsoft Visual Studio\2022\BuildTools\VC\Tools\MSVC\14.44.35207\include\codecvt(34): note: 参见“std::codecvt_utf8”的声明
C:\Users\user\output\deepseek-v4部署\fastllm-master\include\fastllm.h(687): warning C4996: 'std::wstring_convert<std::codecvt_utf8<wchar_t,1114111,(std::codecvt_mode)0>,wchar_t,std::allocator<wchar_t>,std::allocator<char>>': warning STL4017: std::wbuffer_convert, std::wstring_convert, and the <codecvt> header (containing std::codecvt_mode, std::codecvt_utf8, std::codecvt_utf16, and std::codecvt_utf8_utf16) are deprecated in C++17. (The std::codecvt class template is NOT deprecated.) The C++ Standard doesn't provide equivalent non-deprecated functionality; consider using MultiByteToWideChar() and WideCharToMultiByte() from <Windows.h> instead. You can define _SILENCE_CXX17_CODECVT_HEADER_DEPRECATION_WARNING or _SILENCE_ALL_CXX17_DEPRECATION_WARNINGS to suppress this warning.
C:\Program Files (x86)\Microsoft Visual Studio\2022\BuildTools\VC\Tools\MSVC\14.44.35207\include\xlocbuf(303): note: 参见“std::wstring_convert”的声明
C:\Users\user\output\deepseek-v4部署\fastllm-master\include\models\basellm.h(344): warning C4305: “初始化”: 从“double”到“float”截断
C:\Users\user\output\deepseek-v4部署\fastllm-master\include\models\basellm.h(348): warning C4244: “初始化”: 从“double”转换到“const float”，可能丢失数据
C:\Users\user\output\deepseek-v4部署\fastllm-master\include\models\llama.h(76): warning C4305: “初始化”: 从“double”到“float”截断
C:\Users\user\output\deepseek-v4部署\fastllm-master\include\models\minicpm3.h(55): warning C4244: “初始化”: 从“double”转换到“float”，可能丢失数据
C:\Users\user\output\deepseek-v4部署\fastllm-master\src\models\minicpm3.cpp(36): warning C4244: “参数”: 从“double”转换到“_Ty”，可能丢失数据
        with
        [
            _Ty=float
        ]
C:\Users\user\output\deepseek-v4部署\fastllm-master\src\models\minicpm3.cpp(65): warning C4244: “=”: 从“double”转换到“float”，可能丢失数据
C:\Users\user\output\deepseek-v4部署\fastllm-master\src\models\minicpm3.cpp(117): warning C4305: “参数”: 从“double”到“float”截断
C:\Users\user\output\deepseek-v4部署\fastllm-master\src\models\minicpm3.cpp(128): warning C4305: “参数”: 从“double”到“float”截断
C:\Users\user\output\deepseek-v4部署\fastllm-master\src\models\minicpm3.cpp(140): warning C4305: “参数”: 从“double”到“float”截断
C:\Users\user\output\deepseek-v4部署\fastllm-master\src\models\minicpm3.cpp(210): warning C4244: “参数”: 从“double”转换到“float”，可能丢失数据
C:\Users\user\output\deepseek-v4部署\fastllm-master\src\models\minicpm3.cpp(229): warning C4305: “参数”: 从“double”到“float”截断
C:\Users\user\output\deepseek-v4部署\fastllm-master\src\models\minicpm3.cpp(252): warning C4305: “参数”: 从“double”到“float”截断
C:\Users\user\output\deepseek-v4部署\fastllm-master\src\models\minicpm3.cpp(296): warning C4305: “参数”: 从“double”到“float”截断
C:\Users\user\output\deepseek-v4部署\fastllm-master\src\models\minicpm3.cpp(307): warning C4305: “参数”: 从“double”到“float”截断
C:\Users\user\output\deepseek-v4部署\fastllm-master\src\models\minicpm3.cpp(319): warning C4305: “参数”: 从“double”到“float”截断
C:\Users\user\output\deepseek-v4部署\fastllm-master\src\models\minicpm3.cpp(412): warning C4244: “参数”: 从“double”转换到“float”，可能丢失数据
C:\Users\user\output\deepseek-v4部署\fastllm-master\src\models\minicpm3.cpp(438): warning C4305: “参数”: 从“double”到“float”截断
C:\Users\user\output\deepseek-v4部署\fastllm-master\src\models\minicpm3.cpp(449): warning C4305: “参数”: 从“double”到“float”截断
[20/81] Building CXX object CMakeFiles\fastllm_tools.dir\src\models\bert.cpp.obj
C:\Users\user\output\deepseek-v4部署\fastllm-master\include\devices/cpu/alivethreadpool.h(136): warning C4267: “初始化”: 从“size_t”转换到“int”，可能丢失数据
C:\Users\user\output\deepseek-v4部署\fastllm-master\include\devices/cpu/alivethreadpool.h(176): warning C4267: “初始化”: 从“size_t”转换到“int”，可能丢失数据
C:\Users\user\output\deepseek-v4部署\fastllm-master\include\devices/cpu/alivethreadpool.h(236): warning C4267: “初始化”: 从“size_t”转换到“int”，可能丢失数据
C:\Users\user\output\deepseek-v4部署\fastllm-master\include\devices/cpu/alivethreadpool.h(237): warning C4267: “初始化”: 从“size_t”转换到“int”，可能丢失数据
C:\Users\user\output\deepseek-v4部署\fastllm-master\include\devices/cpu/alivethreadpool.h(238): warning C4267: “初始化”: 从“size_t”转换到“int”，可能丢失数据
C:\Users\user\output\deepseek-v4部署\fastllm-master\include\devices/cpu/alivethreadpool.h(281): warning C4267: “初始化”: 从“size_t”转换到“int”，可能丢失数据
C:\Users\user\output\deepseek-v4部署\fastllm-master\include\devices/cpu/alivethreadpool.h(327): warning C4267: “初始化”: 从“size_t”转换到“int”，可能丢失数据
C:\Users\user\output\deepseek-v4部署\fastllm-master\include\devices/cpu/alivethreadpool.h(330): warning C4267: “初始化”: 从“size_t”转换到“int”，可能丢失数据
C:\Users\user\output\deepseek-v4部署\fastllm-master\include\devices/cpu/alivethreadpool.h(370): warning C4267: “初始化”: 从“size_t”转换到“int”，可能丢失数据
C:\Users\user\output\deepseek-v4部署\fastllm-master\include\devices/cpu/alivethreadpool.h(372): warning C4267: “初始化”: 从“size_t”转换到“int”，可能丢失数据
C:\Users\user\output\deepseek-v4部署\fastllm-master\include\fastllm.h(222): warning C4244: “初始化”: 从“int”转换到“float”，可能丢失数据
C:\Users\user\output\deepseek-v4部署\fastllm-master\include\fastllm.h(222): warning C4244: “初始化”: 从“int”转换到“const float”，可能丢失数据
C:\Users\user\output\deepseek-v4部署\fastllm-master\include\fastllm.h(227): warning C4244: “=”: 从“float”转换到“uint8_t”，可能丢失数据
C:\Users\user\output\deepseek-v4部署\fastllm-master\include\fastllm.h(229): warning C4244: “=”: 从“const float”转换到“uint8_t”，可能丢失数据
C:\Users\user\output\deepseek-v4部署\fastllm-master\include\fastllm.h(687): warning C4996: 'std::codecvt_utf8<wchar_t,1114111,(std::codecvt_mode)0>': warning STL4017: std::wbuffer_convert, std::wstring_convert, and the <codecvt> header (containing std::codecvt_mode, std::codecvt_utf8, std::codecvt_utf16, and std::codecvt_utf8_utf16) are deprecated in C++17. (The std::codecvt class template is NOT deprecated.) The C++ Standard doesn't provide equivalent non-deprecated functionality; consider using MultiByteToWideChar() and WideCharToMultiByte() from <Windows.h> instead. You can define _SILENCE_CXX17_CODECVT_HEADER_DEPRECATION_WARNING or _SILENCE_ALL_CXX17_DEPRECATION_WARNINGS to suppress this warning.
C:\Program Files (x86)\Microsoft Visual Studio\2022\BuildTools\VC\Tools\MSVC\14.44.35207\include\codecvt(34): note: 参见“std::codecvt_utf8”的声明
C:\Users\user\output\deepseek-v4部署\fastllm-master\include\fastllm.h(687): warning C4996: 'std::wstring_convert<std::codecvt_utf8<wchar_t,1114111,(std::codecvt_mode)0>,wchar_t,std::allocator<wchar_t>,std::allocator<char>>': warning STL4017: std::wbuffer_convert, std::wstring_convert, and the <codecvt> header (containing std::codecvt_mode, std::codecvt_utf8, std::codecvt_utf16, and std::codecvt_utf8_utf16) are deprecated in C++17. (The std::codecvt class template is NOT deprecated.) The C++ Standard doesn't provide equivalent non-deprecated functionality; consider using MultiByteToWideChar() and WideCharToMultiByte() from <Windows.h> instead. You can define _SILENCE_CXX17_CODECVT_HEADER_DEPRECATION_WARNING or _SILENCE_ALL_CXX17_DEPRECATION_WARNINGS to suppress this warning.
C:\Program Files (x86)\Microsoft Visual Studio\2022\BuildTools\VC\Tools\MSVC\14.44.35207\include\xlocbuf(303): note: 参见“std::wstring_convert”的声明
C:\Users\user\output\deepseek-v4部署\fastllm-master\include\utils/utils.h(30): warning C4067: 预处理器指令后有意外标记 - 应输入换行符
C:\Users\user\output\deepseek-v4部署\fastllm-master\include\utils/utils.h(109): warning C4996: '_wfopen': This function or variable may be unsafe. Consider using _wfopen_s instead. To disable deprecation, use _CRT_SECURE_NO_WARNINGS. See online help for details.
C:\Users\user\output\deepseek-v4部署\fastllm-master\include\utils/utils.h(118): warning C4996: '_wopen': This function or variable may be unsafe. Consider using _wsopen_s instead. To disable deprecation, use _CRT_SECURE_NO_WARNINGS. See online help for details.
C:\Users\user\output\deepseek-v4部署\fastllm-master\include\utils/utils.h(150): warning C4244: “return”: 从“double”转换到“float”，可能丢失数据
C:\Users\user\output\deepseek-v4部署\fastllm-master\include\utils/utils.h(355): warning C4267: “初始化”: 从“size_t”转换到“int”，可能丢失数据
C:\Users\user\output\deepseek-v4部署\fastllm-master\include\utils/utils.h(417): warning C4244: “+=”: 从“double”转换到“float”，可能丢失数据
C:\Users\user\output\deepseek-v4部署\fastllm-master\include\models\basellm.h(344): warning C4305: “初始化”: 从“double”到“float”截断
C:\Users\user\output\deepseek-v4部署\fastllm-master\include\models\basellm.h(348): warning C4244: “初始化”: 从“double”转换到“const float”，可能丢失数据
C:\Users\user\output\deepseek-v4部署\fastllm-master\include\models\bert.h(68): warning C4305: “初始化”: 从“double”到“float”截断
C:\Users\user\output\deepseek-v4部署\fastllm-master\src\models\bert.cpp(18): warning C4244: “=”: 从“double”转换到“float”，可能丢失数据
C:\Users\user\output\deepseek-v4部署\fastllm-master\src\models\bert.cpp(40): warning C4305: “=”: 从“double”到“float”截断
C:\Users\user\output\deepseek-v4部署\fastllm-master\src\models\bert.cpp(97): warning C4244: “参数”: 从“double”转换到“float”，可能丢失数据
C:\Users\user\output\deepseek-v4部署\fastllm-master\src\models\bert.cpp(148): warning C4267: “初始化”: 从“size_t”转换到“int”，可能丢失数据
C:\Users\user\output\deepseek-v4部署\fastllm-master\src\models\bert.cpp(159): warning C4244: “=”: 从“unsigned __int64”转换到“_Ty”，可能丢失数据
        with
        [
            _Ty=float
        ]
C:\Users\user\output\deepseek-v4部署\fastllm-master\src\models\bert.cpp(161): warning C4244: “=”: 从“const _Ty”转换到“_Ty”，可能丢失数据
        with
        [
            _Ty=int
        ]
        and
        [
            _Ty=float
        ]
C:\Users\user\output\deepseek-v4部署\fastllm-master\src\models\bert.cpp(163): warning C4244: “=”: 从“int”转换到“_Ty”，可能丢失数据
        with
        [
            _Ty=float
        ]
C:\Users\user\output\deepseek-v4部署\fastllm-master\src\models\bert.cpp(192): warning C4267: “初始化”: 从“size_t”转换到“int”，可能丢失数据
C:\Users\user\output\deepseek-v4部署\fastllm-master\src\models\bert.cpp(206): warning C4267: “初始化”: 从“size_t”转换到“int”，可能丢失数据
[21/81] Building CXX object CMakeFiles\fastllm_tools.dir\src\models\internlm2.cpp.obj
C:\Users\user\output\deepseek-v4部署\fastllm-master\include\utils\utils.h(30): warning C4067: 预处理器指令后有意外标记 - 应输入换行符
C:\Users\user\output\deepseek-v4部署\fastllm-master\include\utils\utils.h(109): warning C4996: '_wfopen': This function or variable may be unsafe. Consider using _wfopen_s instead. To disable deprecation, use _CRT_SECURE_NO_WARNINGS. See online help for details.
C:\Users\user\output\deepseek-v4部署\fastllm-master\include\utils\utils.h(118): warning C4996: '_wopen': This function or variable may be unsafe. Consider using _wsopen_s instead. To disable deprecation, use _CRT_SECURE_NO_WARNINGS. See online help for details.
C:\Users\user\output\deepseek-v4部署\fastllm-master\include\utils\utils.h(150): warning C4244: “return”: 从“double”转换到“float”，可能丢失数据
C:\Users\user\output\deepseek-v4部署\fastllm-master\include\utils\utils.h(355): warning C4267: “初始化”: 从“size_t”转换到“int”，可能丢失数据
C:\Users\user\output\deepseek-v4部署\fastllm-master\include\utils\utils.h(417): warning C4244: “+=”: 从“double”转换到“float”，可能丢失数据
C:\Users\user\output\deepseek-v4部署\fastllm-master\include\devices/cpu/alivethreadpool.h(136): warning C4267: “初始化”: 从“size_t”转换到“int”，可能丢失数据
C:\Users\user\output\deepseek-v4部署\fastllm-master\include\devices/cpu/alivethreadpool.h(176): warning C4267: “初始化”: 从“size_t”转换到“int”，可能丢失数据
C:\Users\user\output\deepseek-v4部署\fastllm-master\include\devices/cpu/alivethreadpool.h(236): warning C4267: “初始化”: 从“size_t”转换到“int”，可能丢失数据
C:\Users\user\output\deepseek-v4部署\fastllm-master\include\devices/cpu/alivethreadpool.h(237): warning C4267: “初始化”: 从“size_t”转换到“int”，可能丢失数据
C:\Users\user\output\deepseek-v4部署\fastllm-master\include\devices/cpu/alivethreadpool.h(238): warning C4267: “初始化”: 从“size_t”转换到“int”，可能丢失数据
C:\Users\user\output\deepseek-v4部署\fastllm-master\include\devices/cpu/alivethreadpool.h(281): warning C4267: “初始化”: 从“size_t”转换到“int”，可能丢失数据
C:\Users\user\output\deepseek-v4部署\fastllm-master\include\devices/cpu/alivethreadpool.h(327): warning C4267: “初始化”: 从“size_t”转换到“int”，可能丢失数据
C:\Users\user\output\deepseek-v4部署\fastllm-master\include\devices/cpu/alivethreadpool.h(330): warning C4267: “初始化”: 从“size_t”转换到“int”，可能丢失数据
C:\Users\user\output\deepseek-v4部署\fastllm-master\include\devices/cpu/alivethreadpool.h(370): warning C4267: “初始化”: 从“size_t”转换到“int”，可能丢失数据
C:\Users\user\output\deepseek-v4部署\fastllm-master\include\devices/cpu/alivethreadpool.h(372): warning C4267: “初始化”: 从“size_t”转换到“int”，可能丢失数据
C:\Users\user\output\deepseek-v4部署\fastllm-master\include\fastllm.h(222): warning C4244: “初始化”: 从“int”转换到“float”，可能丢失数据
C:\Users\user\output\deepseek-v4部署\fastllm-master\include\fastllm.h(222): warning C4244: “初始化”: 从“int”转换到“const float”，可能丢失数据
C:\Users\user\output\deepseek-v4部署\fastllm-master\include\fastllm.h(227): warning C4244: “=”: 从“float”转换到“uint8_t”，可能丢失数据
C:\Users\user\output\deepseek-v4部署\fastllm-master\include\fastllm.h(229): warning C4244: “=”: 从“const float”转换到“uint8_t”，可能丢失数据
C:\Users\user\output\deepseek-v4部署\fastllm-master\include\fastllm.h(687): warning C4996: 'std::codecvt_utf8<wchar_t,1114111,(std::codecvt_mode)0>': warning STL4017: std::wbuffer_convert, std::wstring_convert, and the <codecvt> header (containing std::codecvt_mode, std::codecvt_utf8, std::codecvt_utf16, and std::codecvt_utf8_utf16) are deprecated in C++17. (The std::codecvt class template is NOT deprecated.) The C++ Standard doesn't provide equivalent non-deprecated functionality; consider using MultiByteToWideChar() and WideCharToMultiByte() from <Windows.h> instead. You can define _SILENCE_CXX17_CODECVT_HEADER_DEPRECATION_WARNING or _SILENCE_ALL_CXX17_DEPRECATION_WARNINGS to suppress this warning.
C:\Program Files (x86)\Microsoft Visual Studio\2022\BuildTools\VC\Tools\MSVC\14.44.35207\include\codecvt(34): note: 参见“std::codecvt_utf8”的声明
C:\Users\user\output\deepseek-v4部署\fastllm-master\include\fastllm.h(687): warning C4996: 'std::wstring_convert<std::codecvt_utf8<wchar_t,1114111,(std::codecvt_mode)0>,wchar_t,std::allocator<wchar_t>,std::allocator<char>>': warning STL4017: std::wbuffer_convert, std::wstring_convert, and the <codecvt> header (containing std::codecvt_mode, std::codecvt_utf8, std::codecvt_utf16, and std::codecvt_utf8_utf16) are deprecated in C++17. (The std::codecvt class template is NOT deprecated.) The C++ Standard doesn't provide equivalent non-deprecated functionality; consider using MultiByteToWideChar() and WideCharToMultiByte() from <Windows.h> instead. You can define _SILENCE_CXX17_CODECVT_HEADER_DEPRECATION_WARNING or _SILENCE_ALL_CXX17_DEPRECATION_WARNINGS to suppress this warning.
C:\Program Files (x86)\Microsoft Visual Studio\2022\BuildTools\VC\Tools\MSVC\14.44.35207\include\xlocbuf(303): note: 参见“std::wstring_convert”的声明
C:\Users\user\output\deepseek-v4部署\fastllm-master\include\models\basellm.h(344): warning C4305: “初始化”: 从“double”到“float”截断
C:\Users\user\output\deepseek-v4部署\fastllm-master\include\models\basellm.h(348): warning C4244: “初始化”: 从“double”转换到“const float”，可能丢失数据
C:\Users\user\output\deepseek-v4部署\fastllm-master\include\models\llama.h(76): warning C4305: “初始化”: 从“double”到“float”截断
C:\Users\user\output\deepseek-v4部署\fastllm-master\src\models\internlm2.cpp(171): warning C4244: “初始化”: 从“double”转换到“float”，可能丢失数据
C:\Users\user\output\deepseek-v4部署\fastllm-master\src\models\internlm2.cpp(221): warning C4244: “参数”: 从“double”转换到“float”，可能丢失数据
C:\Users\user\output\deepseek-v4部署\fastllm-master\src\models\internlm2.cpp(434): warning C4244: “初始化”: 从“double”转换到“float”，可能丢失数据
C:\Users\user\output\deepseek-v4部署\fastllm-master\src\models\internlm2.cpp(547): warning C4244: “参数”: 从“double”转换到“float”，可能丢失数据
C:\Users\user\output\deepseek-v4部署\fastllm-master\src\models\internlm2.cpp(561): warning C4244: “参数”: 从“double”转换到“float”，可能丢失数据
C:\Users\user\output\deepseek-v4部署\fastllm-master\src\models\internlm2.cpp(563): warning C4244: “参数”: 从“double”转换到“float”，可能丢失数据
C:\Users\user\output\deepseek-v4部署\fastllm-master\src\models\internlm2.cpp(652): warning C4244: “=”: 从“int”转换到“_Ty”，可能丢失数据
        with
        [
            _Ty=float
        ]
[22/81] Building CXX object CMakeFiles\fastllm_tools.dir\src\models\moe.cpp.obj
C:\Users\user\output\deepseek-v4部署\fastllm-master\include\utils\utils.h(30): warning C4067: 预处理器指令后有意外标记 - 应输入换行符
C:\Users\user\output\deepseek-v4部署\fastllm-master\include\utils\utils.h(109): warning C4996: '_wfopen': This function or variable may be unsafe. Consider using _wfopen_s instead. To disable deprecation, use _CRT_SECURE_NO_WARNINGS. See online help for details.
C:\Users\user\output\deepseek-v4部署\fastllm-master\include\utils\utils.h(118): warning C4996: '_wopen': This function or variable may be unsafe. Consider using _wsopen_s instead. To disable deprecation, use _CRT_SECURE_NO_WARNINGS. See online help for details.
C:\Users\user\output\deepseek-v4部署\fastllm-master\include\utils\utils.h(150): warning C4244: “return”: 从“double”转换到“float”，可能丢失数据
C:\Users\user\output\deepseek-v4部署\fastllm-master\include\utils\utils.h(355): warning C4267: “初始化”: 从“size_t”转换到“int”，可能丢失数据
C:\Users\user\output\deepseek-v4部署\fastllm-master\include\utils\utils.h(417): warning C4244: “+=”: 从“double”转换到“float”，可能丢失数据
C:\Users\user\output\deepseek-v4部署\fastllm-master\include\devices/cpu/alivethreadpool.h(136): warning C4267: “初始化”: 从“size_t”转换到“int”，可能丢失数据
C:\Users\user\output\deepseek-v4部署\fastllm-master\include\devices/cpu/alivethreadpool.h(176): warning C4267: “初始化”: 从“size_t”转换到“int”，可能丢失数据
C:\Users\user\output\deepseek-v4部署\fastllm-master\include\devices/cpu/alivethreadpool.h(236): warning C4267: “初始化”: 从“size_t”转换到“int”，可能丢失数据
C:\Users\user\output\deepseek-v4部署\fastllm-master\include\devices/cpu/alivethreadpool.h(237): warning C4267: “初始化”: 从“size_t”转换到“int”，可能丢失数据
C:\Users\user\output\deepseek-v4部署\fastllm-master\include\devices/cpu/alivethreadpool.h(238): warning C4267: “初始化”: 从“size_t”转换到“int”，可能丢失数据
C:\Users\user\output\deepseek-v4部署\fastllm-master\include\devices/cpu/alivethreadpool.h(281): warning C4267: “初始化”: 从“size_t”转换到“int”，可能丢失数据
C:\Users\user\output\deepseek-v4部署\fastllm-master\include\devices/cpu/alivethreadpool.h(327): warning C4267: “初始化”: 从“size_t”转换到“int”，可能丢失数据
C:\Users\user\output\deepseek-v4部署\fastllm-master\include\devices/cpu/alivethreadpool.h(330): warning C4267: “初始化”: 从“size_t”转换到“int”，可能丢失数据
C:\Users\user\output\deepseek-v4部署\fastllm-master\include\devices/cpu/alivethreadpool.h(370): warning C4267: “初始化”: 从“size_t”转换到“int”，可能丢失数据
C:\Users\user\output\deepseek-v4部署\fastllm-master\include\devices/cpu/alivethreadpool.h(372): warning C4267: “初始化”: 从“size_t”转换到“int”，可能丢失数据
C:\Users\user\output\deepseek-v4部署\fastllm-master\include\fastllm.h(222): warning C4244: “初始化”: 从“int”转换到“float”，可能丢失数据
C:\Users\user\output\deepseek-v4部署\fastllm-master\include\fastllm.h(222): warning C4244: “初始化”: 从“int”转换到“const float”，可能丢失数据
C:\Users\user\output\deepseek-v4部署\fastllm-master\include\fastllm.h(227): warning C4244: “=”: 从“float”转换到“uint8_t”，可能丢失数据
C:\Users\user\output\deepseek-v4部署\fastllm-master\include\fastllm.h(229): warning C4244: “=”: 从“const float”转换到“uint8_t”，可能丢失数据
C:\Users\user\output\deepseek-v4部署\fastllm-master\include\fastllm.h(687): warning C4996: 'std::codecvt_utf8<wchar_t,1114111,(std::codecvt_mode)0>': warning STL4017: std::wbuffer_convert, std::wstring_convert, and the <codecvt> header (containing std::codecvt_mode, std::codecvt_utf8, std::codecvt_utf16, and std::codecvt_utf8_utf16) are deprecated in C++17. (The std::codecvt class template is NOT deprecated.) The C++ Standard doesn't provide equivalent non-deprecated functionality; consider using MultiByteToWideChar() and WideCharToMultiByte() from <Windows.h> instead. You can define _SILENCE_CXX17_CODECVT_HEADER_DEPRECATION_WARNING or _SILENCE_ALL_CXX17_DEPRECATION_WARNINGS to suppress this warning.
C:\Program Files (x86)\Microsoft Visual Studio\2022\BuildTools\VC\Tools\MSVC\14.44.35207\include\codecvt(34): note: 参见“std::codecvt_utf8”的声明
C:\Users\user\output\deepseek-v4部署\fastllm-master\include\fastllm.h(687): warning C4996: 'std::wstring_convert<std::codecvt_utf8<wchar_t,1114111,(std::codecvt_mode)0>,wchar_t,std::allocator<wchar_t>,std::allocator<char>>': warning STL4017: std::wbuffer_convert, std::wstring_convert, and the <codecvt> header (containing std::codecvt_mode, std::codecvt_utf8, std::codecvt_utf16, and std::codecvt_utf8_utf16) are deprecated in C++17. (The std::codecvt class template is NOT deprecated.) The C++ Standard doesn't provide equivalent non-deprecated functionality; consider using MultiByteToWideChar() and WideCharToMultiByte() from <Windows.h> instead. You can define _SILENCE_CXX17_CODECVT_HEADER_DEPRECATION_WARNING or _SILENCE_ALL_CXX17_DEPRECATION_WARNINGS to suppress this warning.
C:\Program Files (x86)\Microsoft Visual Studio\2022\BuildTools\VC\Tools\MSVC\14.44.35207\include\xlocbuf(303): note: 参见“std::wstring_convert”的声明
C:\Users\user\output\deepseek-v4部署\fastllm-master\include\models\basellm.h(344): warning C4305: “初始化”: 从“double”到“float”截断
C:\Users\user\output\deepseek-v4部署\fastllm-master\include\models\basellm.h(348): warning C4244: “初始化”: 从“double”转换到“const float”，可能丢失数据
C:\Users\user\output\deepseek-v4部署\fastllm-master\include\models\llama.h(76): warning C4305: “初始化”: 从“double”到“float”截断
C:\Users\user\output\deepseek-v4部署\fastllm-master\include\models\moe.h(75): warning C4305: “初始化”: 从“double”到“float”截断
C:\Users\user\output\deepseek-v4部署\fastllm-master\src\models\moe.cpp(61): warning C4244: “=”: 从“double”转换到“float”，可能丢失数据
C:\Users\user\output\deepseek-v4部署\fastllm-master\src\models\moe.cpp(71): warning C4244: “=”: 从“double”转换到“float”，可能丢失数据
C:\Users\user\output\deepseek-v4部署\fastllm-master\src\models\moe.cpp(74): warning C4244: “=”: 从“double”转换到“float”，可能丢失数据
C:\Users\user\output\deepseek-v4部署\fastllm-master\src\models\moe.cpp(89): warning C4244: “参数”: 从“double”转换到“_Ty”，可能丢失数据
        with
        [
            _Ty=float
        ]
C:\Users\user\output\deepseek-v4部署\fastllm-master\src\models\moe.cpp(91): warning C4244: “初始化”: 从“double”转换到“float”，可能丢失数据
C:\Users\user\output\deepseek-v4部署\fastllm-master\src\models\moe.cpp(319): warning C4244: “初始化”: 从“double”转换到“float”，可能丢失数据
C:\Users\user\output\deepseek-v4部署\fastllm-master\src\models\moe.cpp(373): warning C4244: “参数”: 从“double”转换到“float”，可能丢失数据
C:\Users\user\output\deepseek-v4部署\fastllm-master\src\models\moe.cpp(375): warning C4244: “参数”: 从“double”转换到“float”，可能丢失数据
C:\Users\user\output\deepseek-v4部署\fastllm-master\src\models\moe.cpp(637): warning C4244: “初始化”: 从“double”转换到“float”，可能丢失数据
C:\Users\user\output\deepseek-v4部署\fastllm-master\src\models\moe.cpp(693): warning C4244: “参数”: 从“double”转换到“float”，可能丢失数据
C:\Users\user\output\deepseek-v4部署\fastllm-master\src\models\moe.cpp(695): warning C4244: “参数”: 从“double”转换到“float”，可能丢失数据
C:\Users\user\output\deepseek-v4部署\fastllm-master\src\models\moe.cpp(786): warning C4267: “初始化”: 从“size_t”转换到“int”，可能丢失数据
C:\Users\user\output\deepseek-v4部署\fastllm-master\src\models\moe.cpp(802): warning C4267: “初始化”: 从“size_t”转换到“int”，可能丢失数据
C:\Users\user\output\deepseek-v4部署\fastllm-master\src\models\moe.cpp(807): warning C4244: “=”: 从“int”转换到“_Ty”，可能丢失数据
        with
        [
            _Ty=float
        ]
C:\Users\user\output\deepseek-v4部署\fastllm-master\src\models\moe.cpp(836): warning C4244: “=”: 从“int”转换到“_Ty”，可能丢失数据
        with
        [
            _Ty=float
        ]
C:\Program Files (x86)\Microsoft Visual Studio\2022\BuildTools\VC\Tools\MSVC\14.44.35207\include\xutility(5310): warning C4244: “=”: 从“const _Ty”转换到“_Ty”，可能丢失数据
        with
        [
            _Ty=double
        ]
        and
        [
            _Ty=float
        ]
C:\Program Files (x86)\Microsoft Visual Studio\2022\BuildTools\VC\Tools\MSVC\14.44.35207\include\xutility(5310): note: 模板实例化上下文(最早的实例化上下文)为
C:\Users\user\output\deepseek-v4部署\fastllm-master\src\models\moe.cpp(810): note: 查看对正在编译的函数 模板 实例化“void std::fill<_Ty*,double>(const _FwdIt,const _FwdIt,const double &)”的引用
        with
        [
            _Ty=float,
            _FwdIt=float *
        ]
[23/81] Building CXX object CMakeFiles\fastllm_tools.dir\src\models\phi3.cpp.obj
C:\Users\user\output\deepseek-v4部署\fastllm-master\include\utils\utils.h(30): warning C4067: 预处理器指令后有意外标记 - 应输入换行符
C:\Users\user\output\deepseek-v4部署\fastllm-master\include\utils\utils.h(109): warning C4996: '_wfopen': This function or variable may be unsafe. Consider using _wfopen_s instead. To disable deprecation, use _CRT_SECURE_NO_WARNINGS. See online help for details.
C:\Users\user\output\deepseek-v4部署\fastllm-master\include\utils\utils.h(118): warning C4996: '_wopen': This function or variable may be unsafe. Consider using _wsopen_s instead. To disable deprecation, use _CRT_SECURE_NO_WARNINGS. See online help for details.
C:\Users\user\output\deepseek-v4部署\fastllm-master\include\utils\utils.h(150): warning C4244: “return”: 从“double”转换到“float”，可能丢失数据
C:\Users\user\output\deepseek-v4部署\fastllm-master\include\utils\utils.h(355): warning C4267: “初始化”: 从“size_t”转换到“int”，可能丢失数据
C:\Users\user\output\deepseek-v4部署\fastllm-master\include\utils\utils.h(417): warning C4244: “+=”: 从“double”转换到“float”，可能丢失数据
C:\Users\user\output\deepseek-v4部署\fastllm-master\include\devices/cpu/alivethreadpool.h(136): warning C4267: “初始化”: 从“size_t”转换到“int”，可能丢失数据
C:\Users\user\output\deepseek-v4部署\fastllm-master\include\devices/cpu/alivethreadpool.h(176): warning C4267: “初始化”: 从“size_t”转换到“int”，可能丢失数据
C:\Users\user\output\deepseek-v4部署\fastllm-master\include\devices/cpu/alivethreadpool.h(236): warning C4267: “初始化”: 从“size_t”转换到“int”，可能丢失数据
C:\Users\user\output\deepseek-v4部署\fastllm-master\include\devices/cpu/alivethreadpool.h(237): warning C4267: “初始化”: 从“size_t”转换到“int”，可能丢失数据
C:\Users\user\output\deepseek-v4部署\fastllm-master\include\devices/cpu/alivethreadpool.h(238): warning C4267: “初始化”: 从“size_t”转换到“int”，可能丢失数据
C:\Users\user\output\deepseek-v4部署\fastllm-master\include\devices/cpu/alivethreadpool.h(281): warning C4267: “初始化”: 从“size_t”转换到“int”，可能丢失数据
C:\Users\user\output\deepseek-v4部署\fastllm-master\include\devices/cpu/alivethreadpool.h(327): warning C4267: “初始化”: 从“size_t”转换到“int”，可能丢失数据
C:\Users\user\output\deepseek-v4部署\fastllm-master\include\devices/cpu/alivethreadpool.h(330): warning C4267: “初始化”: 从“size_t”转换到“int”，可能丢失数据
C:\Users\user\output\deepseek-v4部署\fastllm-master\include\devices/cpu/alivethreadpool.h(370): warning C4267: “初始化”: 从“size_t”转换到“int”，可能丢失数据
C:\Users\user\output\deepseek-v4部署\fastllm-master\include\devices/cpu/alivethreadpool.h(372): warning C4267: “初始化”: 从“size_t”转换到“int”，可能丢失数据
C:\Users\user\output\deepseek-v4部署\fastllm-master\include\fastllm.h(222): warning C4244: “初始化”: 从“int”转换到“float”，可能丢失数据
C:\Users\user\output\deepseek-v4部署\fastllm-master\include\fastllm.h(222): warning C4244: “初始化”: 从“int”转换到“const float”，可能丢失数据
C:\Users\user\output\deepseek-v4部署\fastllm-master\include\fastllm.h(227): warning C4244: “=”: 从“float”转换到“uint8_t”，可能丢失数据
C:\Users\user\output\deepseek-v4部署\fastllm-master\include\fastllm.h(229): warning C4244: “=”: 从“const float”转换到“uint8_t”，可能丢失数据
C:\Users\user\output\deepseek-v4部署\fastllm-master\include\fastllm.h(687): warning C4996: 'std::codecvt_utf8<wchar_t,1114111,(std::codecvt_mode)0>': warning STL4017: std::wbuffer_convert, std::wstring_convert, and the <codecvt> header (containing std::codecvt_mode, std::codecvt_utf8, std::codecvt_utf16, and std::codecvt_utf8_utf16) are deprecated in C++17. (The std::codecvt class template is NOT deprecated.) The C++ Standard doesn't provide equivalent non-deprecated functionality; consider using MultiByteToWideChar() and WideCharToMultiByte() from <Windows.h> instead. You can define _SILENCE_CXX17_CODECVT_HEADER_DEPRECATION_WARNING or _SILENCE_ALL_CXX17_DEPRECATION_WARNINGS to suppress this warning.
C:\Program Files (x86)\Microsoft Visual Studio\2022\BuildTools\VC\Tools\MSVC\14.44.35207\include\codecvt(34): note: 参见“std::codecvt_utf8”的声明
C:\Users\user\output\deepseek-v4部署\fastllm-master\include\fastllm.h(687): warning C4996: 'std::wstring_convert<std::codecvt_utf8<wchar_t,1114111,(std::codecvt_mode)0>,wchar_t,std::allocator<wchar_t>,std::allocator<char>>': warning STL4017: std::wbuffer_convert, std::wstring_convert, and the <codecvt> header (containing std::codecvt_mode, std::codecvt_utf8, std::codecvt_utf16, and std::codecvt_utf8_utf16) are deprecated in C++17. (The std::codecvt class template is NOT deprecated.) The C++ Standard doesn't provide equivalent non-deprecated functionality; consider using MultiByteToWideChar() and WideCharToMultiByte() from <Windows.h> instead. You can define _SILENCE_CXX17_CODECVT_HEADER_DEPRECATION_WARNING or _SILENCE_ALL_CXX17_DEPRECATION_WARNINGS to suppress this warning.
C:\Program Files (x86)\Microsoft Visual Studio\2022\BuildTools\VC\Tools\MSVC\14.44.35207\include\xlocbuf(303): note: 参见“std::wstring_convert”的声明
C:\Users\user\output\deepseek-v4部署\fastllm-master\include\models\basellm.h(344): warning C4305: “初始化”: 从“double”到“float”截断
C:\Users\user\output\deepseek-v4部署\fastllm-master\include\models\basellm.h(348): warning C4244: “初始化”: 从“double”转换到“const float”，可能丢失数据
C:\Users\user\output\deepseek-v4部署\fastllm-master\include\models\llama.h(76): warning C4305: “初始化”: 从“double”到“float”截断
C:\Users\user\output\deepseek-v4部署\fastllm-master\src\models\phi3.cpp(100): warning C4244: “初始化”: 从“double”转换到“float”，可能丢失数据
C:\Users\user\output\deepseek-v4部署\fastllm-master\src\models\phi3.cpp(150): warning C4244: “参数”: 从“double”转换到“float”，可能丢失数据
C:\Users\user\output\deepseek-v4部署\fastllm-master\src\models\phi3.cpp(323): warning C4244: “初始化”: 从“double”转换到“float”，可能丢失数据
C:\Users\user\output\deepseek-v4部署\fastllm-master\src\models\phi3.cpp(436): warning C4244: “参数”: 从“double”转换到“float”，可能丢失数据
C:\Users\user\output\deepseek-v4部署\fastllm-master\src\models\phi3.cpp(450): warning C4244: “参数”: 从“double”转换到“float”，可能丢失数据
C:\Users\user\output\deepseek-v4部署\fastllm-master\src\models\phi3.cpp(452): warning C4244: “参数”: 从“double”转换到“float”，可能丢失数据
C:\Users\user\output\deepseek-v4部署\fastllm-master\src\models\phi3.cpp(532): warning C4244: “=”: 从“int”转换到“_Ty”，可能丢失数据
        with
        [
            _Ty=float
        ]
[24/81] Building CXX object CMakeFiles\fastllm_tools.dir\src\models\xlmroberta.cpp.obj
C:\Users\user\output\deepseek-v4部署\fastllm-master\include\devices/cpu/alivethreadpool.h(136): warning C4267: “初始化”: 从“size_t”转换到“int”，可能丢失数据
C:\Users\user\output\deepseek-v4部署\fastllm-master\include\devices/cpu/alivethreadpool.h(176): warning C4267: “初始化”: 从“size_t”转换到“int”，可能丢失数据
C:\Users\user\output\deepseek-v4部署\fastllm-master\include\devices/cpu/alivethreadpool.h(236): warning C4267: “初始化”: 从“size_t”转换到“int”，可能丢失数据
C:\Users\user\output\deepseek-v4部署\fastllm-master\include\devices/cpu/alivethreadpool.h(237): warning C4267: “初始化”: 从“size_t”转换到“int”，可能丢失数据
C:\Users\user\output\deepseek-v4部署\fastllm-master\include\devices/cpu/alivethreadpool.h(238): warning C4267: “初始化”: 从“size_t”转换到“int”，可能丢失数据
C:\Users\user\output\deepseek-v4部署\fastllm-master\include\devices/cpu/alivethreadpool.h(281): warning C4267: “初始化”: 从“size_t”转换到“int”，可能丢失数据
C:\Users\user\output\deepseek-v4部署\fastllm-master\include\devices/cpu/alivethreadpool.h(327): warning C4267: “初始化”: 从“size_t”转换到“int”，可能丢失数据
C:\Users\user\output\deepseek-v4部署\fastllm-master\include\devices/cpu/alivethreadpool.h(330): warning C4267: “初始化”: 从“size_t”转换到“int”，可能丢失数据
C:\Users\user\output\deepseek-v4部署\fastllm-master\include\devices/cpu/alivethreadpool.h(370): warning C4267: “初始化”: 从“size_t”转换到“int”，可能丢失数据
C:\Users\user\output\deepseek-v4部署\fastllm-master\include\devices/cpu/alivethreadpool.h(372): warning C4267: “初始化”: 从“size_t”转换到“int”，可能丢失数据
C:\Users\user\output\deepseek-v4部署\fastllm-master\include\fastllm.h(222): warning C4244: “初始化”: 从“int”转换到“float”，可能丢失数据
C:\Users\user\output\deepseek-v4部署\fastllm-master\include\fastllm.h(222): warning C4244: “初始化”: 从“int”转换到“const float”，可能丢失数据
C:\Users\user\output\deepseek-v4部署\fastllm-master\include\fastllm.h(227): warning C4244: “=”: 从“float”转换到“uint8_t”，可能丢失数据
C:\Users\user\output\deepseek-v4部署\fastllm-master\include\fastllm.h(229): warning C4244: “=”: 从“const float”转换到“uint8_t”，可能丢失数据
C:\Users\user\output\deepseek-v4部署\fastllm-master\include\fastllm.h(687): warning C4996: 'std::codecvt_utf8<wchar_t,1114111,(std::codecvt_mode)0>': warning STL4017: std::wbuffer_convert, std::wstring_convert, and the <codecvt> header (containing std::codecvt_mode, std::codecvt_utf8, std::codecvt_utf16, and std::codecvt_utf8_utf16) are deprecated in C++17. (The std::codecvt class template is NOT deprecated.) The C++ Standard doesn't provide equivalent non-deprecated functionality; consider using MultiByteToWideChar() and WideCharToMultiByte() from <Windows.h> instead. You can define _SILENCE_CXX17_CODECVT_HEADER_DEPRECATION_WARNING or _SILENCE_ALL_CXX17_DEPRECATION_WARNINGS to suppress this warning.
C:\Program Files (x86)\Microsoft Visual Studio\2022\BuildTools\VC\Tools\MSVC\14.44.35207\include\codecvt(34): note: 参见“std::codecvt_utf8”的声明
C:\Users\user\output\deepseek-v4部署\fastllm-master\include\fastllm.h(687): warning C4996: 'std::wstring_convert<std::codecvt_utf8<wchar_t,1114111,(std::codecvt_mode)0>,wchar_t,std::allocator<wchar_t>,std::allocator<char>>': warning STL4017: std::wbuffer_convert, std::wstring_convert, and the <codecvt> header (containing std::codecvt_mode, std::codecvt_utf8, std::codecvt_utf16, and std::codecvt_utf8_utf16) are deprecated in C++17. (The std::codecvt class template is NOT deprecated.) The C++ Standard doesn't provide equivalent non-deprecated functionality; consider using MultiByteToWideChar() and WideCharToMultiByte() from <Windows.h> instead. You can define _SILENCE_CXX17_CODECVT_HEADER_DEPRECATION_WARNING or _SILENCE_ALL_CXX17_DEPRECATION_WARNINGS to suppress this warning.
C:\Program Files (x86)\Microsoft Visual Studio\2022\BuildTools\VC\Tools\MSVC\14.44.35207\include\xlocbuf(303): note: 参见“std::wstring_convert”的声明
C:\Users\user\output\deepseek-v4部署\fastllm-master\include\utils/utils.h(30): warning C4067: 预处理器指令后有意外标记 - 应输入换行符
C:\Users\user\output\deepseek-v4部署\fastllm-master\include\utils/utils.h(109): warning C4996: '_wfopen': This function or variable may be unsafe. Consider using _wfopen_s instead. To disable deprecation, use _CRT_SECURE_NO_WARNINGS. See online help for details.
C:\Users\user\output\deepseek-v4部署\fastllm-master\include\utils/utils.h(118): warning C4996: '_wopen': This function or variable may be unsafe. Consider using _wsopen_s instead. To disable deprecation, use _CRT_SECURE_NO_WARNINGS. See online help for details.
C:\Users\user\output\deepseek-v4部署\fastllm-master\include\utils/utils.h(150): warning C4244: “return”: 从“double”转换到“float”，可能丢失数据
C:\Users\user\output\deepseek-v4部署\fastllm-master\include\utils/utils.h(355): warning C4267: “初始化”: 从“size_t”转换到“int”，可能丢失数据
C:\Users\user\output\deepseek-v4部署\fastllm-master\include\utils/utils.h(417): warning C4244: “+=”: 从“double”转换到“float”，可能丢失数据
C:\Users\user\output\deepseek-v4部署\fastllm-master\include\models\basellm.h(344): warning C4305: “初始化”: 从“double”到“float”截断
C:\Users\user\output\deepseek-v4部署\fastllm-master\include\models\basellm.h(348): warning C4244: “初始化”: 从“double”转换到“const float”，可能丢失数据
C:\Users\user\output\deepseek-v4部署\fastllm-master\include\models\bert.h(68): warning C4305: “初始化”: 从“double”到“float”截断
C:\Users\user\output\deepseek-v4部署\fastllm-master\include\models\xlmroberta.h(33): warning C4305: “初始化”: 从“double”到“float”截断
C:\Users\user\output\deepseek-v4部署\fastllm-master\src\models\xlmroberta.cpp(27): warning C4244: “=”: 从“double”转换到“float”，可能丢失数据
C:\Users\user\output\deepseek-v4部署\fastllm-master\src\models\xlmroberta.cpp(45): warning C4267: “初始化”: 从“size_t”转换到“int”，可能丢失数据
C:\Users\user\output\deepseek-v4部署\fastllm-master\src\models\xlmroberta.cpp(56): warning C4244: “=”: 从“unsigned __int64”转换到“_Ty”，可能丢失数据
        with
        [
            _Ty=float
        ]
C:\Users\user\output\deepseek-v4部署\fastllm-master\src\models\xlmroberta.cpp(58): warning C4244: “=”: 从“const _Ty”转换到“_Ty”，可能丢失数据
        with
        [
            _Ty=int
        ]
        and
        [
            _Ty=float
        ]
C:\Users\user\output\deepseek-v4部署\fastllm-master\src\models\xlmroberta.cpp(59): warning C4244: “=”: 从“int”转换到“_Ty”，可能丢失数据
        with
        [
            _Ty=float
        ]
C:\Users\user\output\deepseek-v4部署\fastllm-master\src\models\xlmroberta.cpp(119): warning C4244: “参数”: 从“double”转换到“float”，可能丢失数据
C:\Users\user\output\deepseek-v4部署\fastllm-master\src\models\xlmroberta.cpp(124): warning C4244: “参数”: 从“double”转换到“float”，可能丢失数据
[25/81] Building CXX object CMakeFiles\fastllm_tools.dir\src\models\deepseekv4.cpp.obj
C:\Users\user\output\deepseek-v4部署\fastllm-master\include\devices/cpu/alivethreadpool.h(136): warning C4267: “初始化”: 从“size_t”转换到“int”，可能丢失数据
C:\Users\user\output\deepseek-v4部署\fastllm-master\include\devices/cpu/alivethreadpool.h(176): warning C4267: “初始化”: 从“size_t”转换到“int”，可能丢失数据
C:\Users\user\output\deepseek-v4部署\fastllm-master\include\devices/cpu/alivethreadpool.h(236): warning C4267: “初始化”: 从“size_t”转换到“int”，可能丢失数据
C:\Users\user\output\deepseek-v4部署\fastllm-master\include\devices/cpu/alivethreadpool.h(237): warning C4267: “初始化”: 从“size_t”转换到“int”，可能丢失数据
C:\Users\user\output\deepseek-v4部署\fastllm-master\include\devices/cpu/alivethreadpool.h(238): warning C4267: “初始化”: 从“size_t”转换到“int”，可能丢失数据
C:\Users\user\output\deepseek-v4部署\fastllm-master\include\devices/cpu/alivethreadpool.h(281): warning C4267: “初始化”: 从“size_t”转换到“int”，可能丢失数据
C:\Users\user\output\deepseek-v4部署\fastllm-master\include\devices/cpu/alivethreadpool.h(327): warning C4267: “初始化”: 从“size_t”转换到“int”，可能丢失数据
C:\Users\user\output\deepseek-v4部署\fastllm-master\include\devices/cpu/alivethreadpool.h(330): warning C4267: “初始化”: 从“size_t”转换到“int”，可能丢失数据
C:\Users\user\output\deepseek-v4部署\fastllm-master\include\devices/cpu/alivethreadpool.h(370): warning C4267: “初始化”: 从“size_t”转换到“int”，可能丢失数据
C:\Users\user\output\deepseek-v4部署\fastllm-master\include\devices/cpu/alivethreadpool.h(372): warning C4267: “初始化”: 从“size_t”转换到“int”，可能丢失数据
C:\Users\user\output\deepseek-v4部署\fastllm-master\include\fastllm.h(222): warning C4244: “初始化”: 从“int”转换到“float”，可能丢失数据
C:\Users\user\output\deepseek-v4部署\fastllm-master\include\fastllm.h(222): warning C4244: “初始化”: 从“int”转换到“const float”，可能丢失数据
C:\Users\user\output\deepseek-v4部署\fastllm-master\include\fastllm.h(227): warning C4244: “=”: 从“float”转换到“uint8_t”，可能丢失数据
C:\Users\user\output\deepseek-v4部署\fastllm-master\include\fastllm.h(229): warning C4244: “=”: 从“const float”转换到“uint8_t”，可能丢失数据
C:\Users\user\output\deepseek-v4部署\fastllm-master\include\fastllm.h(687): warning C4996: 'std::codecvt_utf8<wchar_t,1114111,(std::codecvt_mode)0>': warning STL4017: std::wbuffer_convert, std::wstring_convert, and the <codecvt> header (containing std::codecvt_mode, std::codecvt_utf8, std::codecvt_utf16, and std::codecvt_utf8_utf16) are deprecated in C++17. (The std::codecvt class template is NOT deprecated.) The C++ Standard doesn't provide equivalent non-deprecated functionality; consider using MultiByteToWideChar() and WideCharToMultiByte() from <Windows.h> instead. You can define _SILENCE_CXX17_CODECVT_HEADER_DEPRECATION_WARNING or _SILENCE_ALL_CXX17_DEPRECATION_WARNINGS to suppress this warning.
C:\Program Files (x86)\Microsoft Visual Studio\2022\BuildTools\VC\Tools\MSVC\14.44.35207\include\codecvt(34): note: 参见“std::codecvt_utf8”的声明
C:\Users\user\output\deepseek-v4部署\fastllm-master\include\fastllm.h(687): warning C4996: 'std::wstring_convert<std::codecvt_utf8<wchar_t,1114111,(std::codecvt_mode)0>,wchar_t,std::allocator<wchar_t>,std::allocator<char>>': warning STL4017: std::wbuffer_convert, std::wstring_convert, and the <codecvt> header (containing std::codecvt_mode, std::codecvt_utf8, std::codecvt_utf16, and std::codecvt_utf8_utf16) are deprecated in C++17. (The std::codecvt class template is NOT deprecated.) The C++ Standard doesn't provide equivalent non-deprecated functionality; consider using MultiByteToWideChar() and WideCharToMultiByte() from <Windows.h> instead. You can define _SILENCE_CXX17_CODECVT_HEADER_DEPRECATION_WARNING or _SILENCE_ALL_CXX17_DEPRECATION_WARNINGS to suppress this warning.
C:\Program Files (x86)\Microsoft Visual Studio\2022\BuildTools\VC\Tools\MSVC\14.44.35207\include\xlocbuf(303): note: 参见“std::wstring_convert”的声明
C:\Users\user\output\deepseek-v4部署\fastllm-master\include\utils/utils.h(30): warning C4067: 预处理器指令后有意外标记 - 应输入换行符
C:\Users\user\output\deepseek-v4部署\fastllm-master\include\utils/utils.h(109): warning C4996: '_wfopen': This function or variable may be unsafe. Consider using _wfopen_s instead. To disable deprecation, use _CRT_SECURE_NO_WARNINGS. See online help for details.
C:\Users\user\output\deepseek-v4部署\fastllm-master\include\utils/utils.h(118): warning C4996: '_wopen': This function or variable may be unsafe. Consider using _wsopen_s instead. To disable deprecation, use _CRT_SECURE_NO_WARNINGS. See online help for details.
C:\Users\user\output\deepseek-v4部署\fastllm-master\include\utils/utils.h(150): warning C4244: “return”: 从“double”转换到“float”，可能丢失数据
C:\Users\user\output\deepseek-v4部署\fastllm-master\include\utils/utils.h(355): warning C4267: “初始化”: 从“size_t”转换到“int”，可能丢失数据
C:\Users\user\output\deepseek-v4部署\fastllm-master\include\utils/utils.h(417): warning C4244: “+=”: 从“double”转换到“float”，可能丢失数据
C:\Users\user\output\deepseek-v4部署\fastllm-master\include\models\basellm.h(344): warning C4305: “初始化”: 从“double”到“float”截断
C:\Users\user\output\deepseek-v4部署\fastllm-master\include\models\basellm.h(348): warning C4244: “初始化”: 从“double”转换到“const float”，可能丢失数据
C:\Users\user\output\deepseek-v4部署\fastllm-master\include\models\llama.h(76): warning C4305: “初始化”: 从“double”到“float”截断
C:\Users\user\output\deepseek-v4部署\fastllm-master\include\models\deepseekv2.h(82): warning C4305: “初始化”: 从“double”到“float”截断
C:\Users\user\output\deepseek-v4部署\fastllm-master\include\models\deepseekv4.h(173): warning C4305: “初始化”: 从“double”到“float”截断
C:\Users\user\output\deepseek-v4部署\fastllm-master\src\models\deepseekv4.cpp(66): warning C4244: “return”: 从“double”转换到“float”，可能丢失数据
C:\Users\user\output\deepseek-v4部署\fastllm-master\src\models\deepseekv4.cpp(83): warning C4996: 'getenv': This function or variable may be unsafe. Consider using _dupenv_s instead. To disable deprecation, use _CRT_SECURE_NO_WARNINGS. See online help for details.
C:\Users\user\output\deepseek-v4部署\fastllm-master\src\models\deepseekv4.cpp(95): warning C4996: 'getenv': This function or variable may be unsafe. Consider using _dupenv_s instead. To disable deprecation, use _CRT_SECURE_NO_WARNINGS. See online help for details.
C:\Users\user\output\deepseek-v4部署\fastllm-master\src\models\deepseekv4.cpp(2624): warning C4244: “=”: 从“double”转换到“float”，可能丢失数据
C:\Users\user\output\deepseek-v4部署\fastllm-master\src\models\deepseekv4.cpp(2691): warning C4244: “=”: 从“double”转换到“float”，可能丢失数据
C:\Users\user\output\deepseek-v4部署\fastllm-master\src\models\deepseekv4.cpp(2717): warning C4244: “=”: 从“double”转换到“float”，可能丢失数据
C:\Users\user\output\deepseek-v4部署\fastllm-master\src\models\deepseekv4.cpp(2729): warning C4244: “=”: 从“double”转换到“float”，可能丢失数据
C:\Users\user\output\deepseek-v4部署\fastllm-master\src\models\deepseekv4.cpp(2735): warning C4244: “=”: 从“double”转换到“float”，可能丢失数据
C:\Users\user\output\deepseek-v4部署\fastllm-master\src\models\deepseekv4.cpp(2740): warning C4244: “=”: 从“double”转换到“float”，可能丢失数据
C:\Users\user\output\deepseek-v4部署\fastllm-master\src\models\deepseekv4.cpp(2794): warning C4244: “参数”: 从“double”转换到“_Ty”，可能丢失数据
        with
        [
            _Ty=float
        ]
C:\Users\user\output\deepseek-v4部署\fastllm-master\src\models\deepseekv4.cpp(2795): warning C4244: “参数”: 从“double”转换到“_Ty”，可能丢失数据
        with
        [
            _Ty=float
        ]
C:\Users\user\output\deepseek-v4部署\fastllm-master\src\models\deepseekv4.cpp(2806): warning C4244: “参数”: 从“int”转换到“float”，可能丢失数据
C:\Users\user\output\deepseek-v4部署\fastllm-master\src\models\deepseekv4.cpp(2806): warning C4244: “参数”: 从“int”转换到“float”，可能丢失数据
C:\Users\user\output\deepseek-v4部署\fastllm-master\src\models\deepseekv4.cpp(2808): warning C4244: “=”: 从“double”转换到“_Ty”，可能丢失数据
        with
        [
            _Ty=float
        ]
C:\Users\user\output\deepseek-v4部署\fastllm-master\src\models\deepseekv4.cpp(2812): warning C4244: “参数”: 从“double”转换到“_Ty”，可能丢失数据
        with
        [
            _Ty=float
        ]
C:\Users\user\output\deepseek-v4部署\fastllm-master\src\models\deepseekv4.cpp(2845): warning C4244: “参数”: 从“double”转换到“_Ty”，可能丢失数据
        with
        [
            _Ty=float
        ]
C:\Users\user\output\deepseek-v4部署\fastllm-master\src\models\deepseekv4.cpp(3428): warning C4244: “=”: 从“int”转换到“_Ty”，可能丢失数据
        with
        [
            _Ty=float
        ]
C:\Users\user\output\deepseek-v4部署\fastllm-master\src\models\deepseekv4.cpp(3455): warning C4244: “=”: 从“int”转换到“_Ty”，可能丢失数据
        with
        [
            _Ty=float
        ]
C:\Program Files (x86)\Microsoft Visual Studio\2022\BuildTools\VC\Tools\MSVC\14.44.35207\include\xutility(5310): warning C4244: “=”: 从“const _Ty”转换到“_Ty”，可能丢失数据
        with
        [
            _Ty=double
        ]
        and
        [
            _Ty=float
        ]
C:\Program Files (x86)\Microsoft Visual Studio\2022\BuildTools\VC\Tools\MSVC\14.44.35207\include\xutility(5310): note: 模板实例化上下文(最早的实例化上下文)为
C:\Users\user\output\deepseek-v4部署\fastllm-master\src\models\deepseekv4.cpp(3430): note: 查看对正在编译的函数 模板 实例化“void std::fill<_Ty*,double>(const _FwdIt,const _FwdIt,const double &)”的引用
        with
        [
            _Ty=float,
            _FwdIt=float *
        ]
[26/81] Building CXX object CMakeFiles\fastllm_tools.dir\src\models\cogvlm.cpp.obj
C:\Users\user\output\deepseek-v4部署\fastllm-master\include\utils\utils.h(30): warning C4067: 预处理器指令后有意外标记 - 应输入换行符
C:\Users\user\output\deepseek-v4部署\fastllm-master\include\utils\utils.h(109): warning C4996: '_wfopen': This function or variable may be unsafe. Consider using _wfopen_s instead. To disable deprecation, use _CRT_SECURE_NO_WARNINGS. See online help for details.
C:\Users\user\output\deepseek-v4部署\fastllm-master\include\utils\utils.h(118): warning C4996: '_wopen': This function or variable may be unsafe. Consider using _wsopen_s instead. To disable deprecation, use _CRT_SECURE_NO_WARNINGS. See online help for details.
C:\Users\user\output\deepseek-v4部署\fastllm-master\include\utils\utils.h(150): warning C4244: “return”: 从“double”转换到“float”，可能丢失数据
C:\Users\user\output\deepseek-v4部署\fastllm-master\include\utils\utils.h(355): warning C4267: “初始化”: 从“size_t”转换到“int”，可能丢失数据
C:\Users\user\output\deepseek-v4部署\fastllm-master\include\utils\utils.h(417): warning C4244: “+=”: 从“double”转换到“float”，可能丢失数据
C:\Users\user\output\deepseek-v4部署\fastllm-master\include\devices/cpu/alivethreadpool.h(136): warning C4267: “初始化”: 从“size_t”转换到“int”，可能丢失数据
C:\Users\user\output\deepseek-v4部署\fastllm-master\include\devices/cpu/alivethreadpool.h(176): warning C4267: “初始化”: 从“size_t”转换到“int”，可能丢失数据
C:\Users\user\output\deepseek-v4部署\fastllm-master\include\devices/cpu/alivethreadpool.h(236): warning C4267: “初始化”: 从“size_t”转换到“int”，可能丢失数据
C:\Users\user\output\deepseek-v4部署\fastllm-master\include\devices/cpu/alivethreadpool.h(237): warning C4267: “初始化”: 从“size_t”转换到“int”，可能丢失数据
C:\Users\user\output\deepseek-v4部署\fastllm-master\include\devices/cpu/alivethreadpool.h(238): warning C4267: “初始化”: 从“size_t”转换到“int”，可能丢失数据
C:\Users\user\output\deepseek-v4部署\fastllm-master\include\devices/cpu/alivethreadpool.h(281): warning C4267: “初始化”: 从“size_t”转换到“int”，可能丢失数据
C:\Users\user\output\deepseek-v4部署\fastllm-master\include\devices/cpu/alivethreadpool.h(327): warning C4267: “初始化”: 从“size_t”转换到“int”，可能丢失数据
C:\Users\user\output\deepseek-v4部署\fastllm-master\include\devices/cpu/alivethreadpool.h(330): warning C4267: “初始化”: 从“size_t”转换到“int”，可能丢失数据
C:\Users\user\output\deepseek-v4部署\fastllm-master\include\devices/cpu/alivethreadpool.h(370): warning C4267: “初始化”: 从“size_t”转换到“int”，可能丢失数据
C:\Users\user\output\deepseek-v4部署\fastllm-master\include\devices/cpu/alivethreadpool.h(372): warning C4267: “初始化”: 从“size_t”转换到“int”，可能丢失数据
C:\Users\user\output\deepseek-v4部署\fastllm-master\include\fastllm.h(222): warning C4244: “初始化”: 从“int”转换到“float”，可能丢失数据
C:\Users\user\output\deepseek-v4部署\fastllm-master\include\fastllm.h(222): warning C4244: “初始化”: 从“int”转换到“const float”，可能丢失数据
C:\Users\user\output\deepseek-v4部署\fastllm-master\include\fastllm.h(227): warning C4244: “=”: 从“float”转换到“uint8_t”，可能丢失数据
C:\Users\user\output\deepseek-v4部署\fastllm-master\include\fastllm.h(229): warning C4244: “=”: 从“const float”转换到“uint8_t”，可能丢失数据
C:\Users\user\output\deepseek-v4部署\fastllm-master\include\fastllm.h(687): warning C4996: 'std::codecvt_utf8<wchar_t,1114111,(std::codecvt_mode)0>': warning STL4017: std::wbuffer_convert, std::wstring_convert, and the <codecvt> header (containing std::codecvt_mode, std::codecvt_utf8, std::codecvt_utf16, and std::codecvt_utf8_utf16) are deprecated in C++17. (The std::codecvt class template is NOT deprecated.) The C++ Standard doesn't provide equivalent non-deprecated functionality; consider using MultiByteToWideChar() and WideCharToMultiByte() from <Windows.h> instead. You can define _SILENCE_CXX17_CODECVT_HEADER_DEPRECATION_WARNING or _SILENCE_ALL_CXX17_DEPRECATION_WARNINGS to suppress this warning.
C:\Program Files (x86)\Microsoft Visual Studio\2022\BuildTools\VC\Tools\MSVC\14.44.35207\include\codecvt(34): note: 参见“std::codecvt_utf8”的声明
C:\Users\user\output\deepseek-v4部署\fastllm-master\include\fastllm.h(687): warning C4996: 'std::wstring_convert<std::codecvt_utf8<wchar_t,1114111,(std::codecvt_mode)0>,wchar_t,std::allocator<wchar_t>,std::allocator<char>>': warning STL4017: std::wbuffer_convert, std::wstring_convert, and the <codecvt> header (containing std::codecvt_mode, std::codecvt_utf8, std::codecvt_utf16, and std::codecvt_utf8_utf16) are deprecated in C++17. (The std::codecvt class template is NOT deprecated.) The C++ Standard doesn't provide equivalent non-deprecated functionality; consider using MultiByteToWideChar() and WideCharToMultiByte() from <Windows.h> instead. You can define _SILENCE_CXX17_CODECVT_HEADER_DEPRECATION_WARNING or _SILENCE_ALL_CXX17_DEPRECATION_WARNINGS to suppress this warning.
C:\Program Files (x86)\Microsoft Visual Studio\2022\BuildTools\VC\Tools\MSVC\14.44.35207\include\xlocbuf(303): note: 参见“std::wstring_convert”的声明
C:\Users\user\output\deepseek-v4部署\fastllm-master\include\models\basellm.h(344): warning C4305: “初始化”: 从“double”到“float”截断
C:\Users\user\output\deepseek-v4部署\fastllm-master\include\models\basellm.h(348): warning C4244: “初始化”: 从“double”转换到“const float”，可能丢失数据
C:\Users\user\output\deepseek-v4部署\fastllm-master\include\models\cogvlm.h(91): warning C4305: “初始化”: 从“double”到“float”截断
C:\Users\user\output\deepseek-v4部署\fastllm-master\include\models\cogvlm.h(92): warning C4305: “初始化”: 从“double”到“float”截断
C:\Users\user\output\deepseek-v4部署\fastllm-master\src\models\cogvlm.cpp(52): warning C4244: “=”: 从“double”转换到“float”，可能丢失数据
C:\Users\user\output\deepseek-v4部署\fastllm-master\src\models\cogvlm.cpp(69): warning C4244: “=”: 从“double”转换到“float”，可能丢失数据
C:\Users\user\output\deepseek-v4部署\fastllm-master\src\models\cogvlm.cpp(79): warning C4244: “=”: 从“double”转换到“float”，可能丢失数据
C:\Users\user\output\deepseek-v4部署\fastllm-master\src\models\cogvlm.cpp(85): warning C4244: “=”: 从“double”转换到“float”，可能丢失数据
C:\Users\user\output\deepseek-v4部署\fastllm-master\src\models\cogvlm.cpp(100): warning C4244: “参数”: 从“double”转换到“_Ty”，可能丢失数据
        with
        [
            _Ty=float
        ]
C:\Users\user\output\deepseek-v4部署\fastllm-master\src\models\cogvlm.cpp(102): warning C4244: “初始化”: 从“double”转换到“float”，可能丢失数据
C:\Users\user\output\deepseek-v4部署\fastllm-master\src\models\cogvlm.cpp(205): warning C4244: “参数”: 从“double”转换到“float”，可能丢失数据
C:\Users\user\output\deepseek-v4部署\fastllm-master\src\models\cogvlm.cpp(207): warning C4244: “参数”: 从“double”转换到“float”，可能丢失数据
C:\Users\user\output\deepseek-v4部署\fastllm-master\src\models\cogvlm.cpp(334): warning C4244: “初始化”: 从“double”转换到“float”，可能丢失数据
C:\Users\user\output\deepseek-v4部署\fastllm-master\src\models\cogvlm.cpp(385): warning C4244: “参数”: 从“double”转换到“float”，可能丢失数据
C:\Users\user\output\deepseek-v4部署\fastllm-master\src\models\cogvlm.cpp(511): warning C4244: “=”: 从“int”转换到“_Ty”，可能丢失数据
        with
        [
            _Ty=float
        ]
C:\Users\user\output\deepseek-v4部署\fastllm-master\src\models\cogvlm.cpp(534): warning C4267: “初始化”: 从“size_t”转换到“int”，可能丢失数据
C:\Users\user\output\deepseek-v4部署\fastllm-master\src\models\cogvlm.cpp(550): warning C4267: “初始化”: 从“size_t”转换到“int”，可能丢失数据
C:\Users\user\output\deepseek-v4部署\fastllm-master\src\models\cogvlm.cpp(555): warning C4244: “=”: 从“int”转换到“_Ty”，可能丢失数据
        with
        [
            _Ty=float
        ]
C:\Users\user\output\deepseek-v4部署\fastllm-master\src\models\cogvlm.cpp(584): warning C4244: “=”: 从“int”转换到“_Ty”，可能丢失数据
        with
        [
            _Ty=float
        ]
C:\Program Files (x86)\Microsoft Visual Studio\2022\BuildTools\VC\Tools\MSVC\14.44.35207\include\xutility(5310): warning C4244: “=”: 从“const _Ty”转换到“_Ty”，可能丢失数据
        with
        [
            _Ty=double
        ]
        and
        [
            _Ty=float
        ]
C:\Program Files (x86)\Microsoft Visual Studio\2022\BuildTools\VC\Tools\MSVC\14.44.35207\include\xutility(5310): note: 模板实例化上下文(最早的实例化上下文)为
C:\Users\user\output\deepseek-v4部署\fastllm-master\src\models\cogvlm.cpp(558): note: 查看对正在编译的函数 模板 实例化“void std::fill<_Ty*,double>(const _FwdIt,const _FwdIt,const double &)”的引用
        with
        [
            _Ty=float,
            _FwdIt=float *
        ]
[27/81] Building CXX object CMakeFiles\fastllm_tools.dir\src\models\deepseekv2.cpp.obj
C:\Users\user\output\deepseek-v4部署\fastllm-master\include\devices/cpu/alivethreadpool.h(136): warning C4267: “初始化”: 从“size_t”转换到“int”，可能丢失数据
C:\Users\user\output\deepseek-v4部署\fastllm-master\include\devices/cpu/alivethreadpool.h(176): warning C4267: “初始化”: 从“size_t”转换到“int”，可能丢失数据
C:\Users\user\output\deepseek-v4部署\fastllm-master\include\devices/cpu/alivethreadpool.h(236): warning C4267: “初始化”: 从“size_t”转换到“int”，可能丢失数据
C:\Users\user\output\deepseek-v4部署\fastllm-master\include\devices/cpu/alivethreadpool.h(237): warning C4267: “初始化”: 从“size_t”转换到“int”，可能丢失数据
C:\Users\user\output\deepseek-v4部署\fastllm-master\include\devices/cpu/alivethreadpool.h(238): warning C4267: “初始化”: 从“size_t”转换到“int”，可能丢失数据
C:\Users\user\output\deepseek-v4部署\fastllm-master\include\devices/cpu/alivethreadpool.h(281): warning C4267: “初始化”: 从“size_t”转换到“int”，可能丢失数据
C:\Users\user\output\deepseek-v4部署\fastllm-master\include\devices/cpu/alivethreadpool.h(327): warning C4267: “初始化”: 从“size_t”转换到“int”，可能丢失数据
C:\Users\user\output\deepseek-v4部署\fastllm-master\include\devices/cpu/alivethreadpool.h(330): warning C4267: “初始化”: 从“size_t”转换到“int”，可能丢失数据
C:\Users\user\output\deepseek-v4部署\fastllm-master\include\devices/cpu/alivethreadpool.h(370): warning C4267: “初始化”: 从“size_t”转换到“int”，可能丢失数据
C:\Users\user\output\deepseek-v4部署\fastllm-master\include\devices/cpu/alivethreadpool.h(372): warning C4267: “初始化”: 从“size_t”转换到“int”，可能丢失数据
C:\Users\user\output\deepseek-v4部署\fastllm-master\include\fastllm.h(222): warning C4244: “初始化”: 从“int”转换到“float”，可能丢失数据
C:\Users\user\output\deepseek-v4部署\fastllm-master\include\fastllm.h(222): warning C4244: “初始化”: 从“int”转换到“const float”，可能丢失数据
C:\Users\user\output\deepseek-v4部署\fastllm-master\include\fastllm.h(227): warning C4244: “=”: 从“float”转换到“uint8_t”，可能丢失数据
C:\Users\user\output\deepseek-v4部署\fastllm-master\include\fastllm.h(229): warning C4244: “=”: 从“const float”转换到“uint8_t”，可能丢失数据
C:\Users\user\output\deepseek-v4部署\fastllm-master\include\fastllm.h(687): warning C4996: 'std::codecvt_utf8<wchar_t,1114111,(std::codecvt_mode)0>': warning STL4017: std::wbuffer_convert, std::wstring_convert, and the <codecvt> header (containing std::codecvt_mode, std::codecvt_utf8, std::codecvt_utf16, and std::codecvt_utf8_utf16) are deprecated in C++17. (The std::codecvt class template is NOT deprecated.) The C++ Standard doesn't provide equivalent non-deprecated functionality; consider using MultiByteToWideChar() and WideCharToMultiByte() from <Windows.h> instead. You can define _SILENCE_CXX17_CODECVT_HEADER_DEPRECATION_WARNING or _SILENCE_ALL_CXX17_DEPRECATION_WARNINGS to suppress this warning.
C:\Program Files (x86)\Microsoft Visual Studio\2022\BuildTools\VC\Tools\MSVC\14.44.35207\include\codecvt(34): note: 参见“std::codecvt_utf8”的声明
C:\Users\user\output\deepseek-v4部署\fastllm-master\include\fastllm.h(687): warning C4996: 'std::wstring_convert<std::codecvt_utf8<wchar_t,1114111,(std::codecvt_mode)0>,wchar_t,std::allocator<wchar_t>,std::allocator<char>>': warning STL4017: std::wbuffer_convert, std::wstring_convert, and the <codecvt> header (containing std::codecvt_mode, std::codecvt_utf8, std::codecvt_utf16, and std::codecvt_utf8_utf16) are deprecated in C++17. (The std::codecvt class template is NOT deprecated.) The C++ Standard doesn't provide equivalent non-deprecated functionality; consider using MultiByteToWideChar() and WideCharToMultiByte() from <Windows.h> instead. You can define _SILENCE_CXX17_CODECVT_HEADER_DEPRECATION_WARNING or _SILENCE_ALL_CXX17_DEPRECATION_WARNINGS to suppress this warning.
C:\Program Files (x86)\Microsoft Visual Studio\2022\BuildTools\VC\Tools\MSVC\14.44.35207\include\xlocbuf(303): note: 参见“std::wstring_convert”的声明
C:\Users\user\output\deepseek-v4部署\fastllm-master\include\utils/utils.h(30): warning C4067: 预处理器指令后有意外标记 - 应输入换行符
C:\Users\user\output\deepseek-v4部署\fastllm-master\include\utils/utils.h(109): warning C4996: '_wfopen': This function or variable may be unsafe. Consider using _wfopen_s instead. To disable deprecation, use _CRT_SECURE_NO_WARNINGS. See online help for details.
C:\Users\user\output\deepseek-v4部署\fastllm-master\include\utils/utils.h(118): warning C4996: '_wopen': This function or variable may be unsafe. Consider using _wsopen_s instead. To disable deprecation, use _CRT_SECURE_NO_WARNINGS. See online help for details.
C:\Users\user\output\deepseek-v4部署\fastllm-master\include\utils/utils.h(150): warning C4244: “return”: 从“double”转换到“float”，可能丢失数据
C:\Users\user\output\deepseek-v4部署\fastllm-master\include\utils/utils.h(355): warning C4267: “初始化”: 从“size_t”转换到“int”，可能丢失数据
C:\Users\user\output\deepseek-v4部署\fastllm-master\include\utils/utils.h(417): warning C4244: “+=”: 从“double”转换到“float”，可能丢失数据
C:\Users\user\output\deepseek-v4部署\fastllm-master\include\models\basellm.h(344): warning C4305: “初始化”: 从“double”到“float”截断
C:\Users\user\output\deepseek-v4部署\fastllm-master\include\models\basellm.h(348): warning C4244: “初始化”: 从“double”转换到“const float”，可能丢失数据
C:\Users\user\output\deepseek-v4部署\fastllm-master\include\models\llama.h(76): warning C4305: “初始化”: 从“double”到“float”截断
C:\Users\user\output\deepseek-v4部署\fastllm-master\include\models\deepseekv2.h(82): warning C4305: “初始化”: 从“double”到“float”截断
C:\Users\user\output\deepseek-v4部署\fastllm-master\src\models\deepseekv2.cpp(71): warning C4244: “=”: 从“int”转换到“float”，可能丢失数据
C:\Users\user\output\deepseek-v4部署\fastllm-master\src\models\deepseekv2.cpp(76): warning C4244: “=”: 从“double”转换到“float”，可能丢失数据
C:\Users\user\output\deepseek-v4部署\fastllm-master\src\models\deepseekv2.cpp(78): warning C4305: “=”: 从“double”到“float”截断
C:\Users\user\output\deepseek-v4部署\fastllm-master\src\models\deepseekv2.cpp(81): warning C4244: “=”: 从“double”转换到“float”，可能丢失数据
C:\Users\user\output\deepseek-v4部署\fastllm-master\src\models\deepseekv2.cpp(83): warning C4305: “=”: 从“double”到“float”截断
C:\Users\user\output\deepseek-v4部署\fastllm-master\src\models\deepseekv2.cpp(86): warning C4244: “=”: 从“double”转换到“float”，可能丢失数据
C:\Users\user\output\deepseek-v4部署\fastllm-master\src\models\deepseekv2.cpp(111): warning C4244: “=”: 从“double”转换到“float”，可能丢失数据
C:\Users\user\output\deepseek-v4部署\fastllm-master\src\models\deepseekv2.cpp(121): warning C4244: “=”: 从“double”转换到“float”，可能丢失数据
C:\Users\user\output\deepseek-v4部署\fastllm-master\src\models\deepseekv2.cpp(124): warning C4244: “=”: 从“double”转换到“float”，可能丢失数据
C:\Users\user\output\deepseek-v4部署\fastllm-master\src\models\deepseekv2.cpp(163): warning C4244: “return”: 从“double”转换到“float”，可能丢失数据
C:\Users\user\output\deepseek-v4部署\fastllm-master\src\models\deepseekv2.cpp(177): warning C4244: “return”: 从“double”转换到“float”，可能丢失数据
C:\Users\user\output\deepseek-v4部署\fastllm-master\src\models\deepseekv2.cpp(196): warning C4244: “参数”: 从“double”转换到“_Ty”，可能丢失数据
        with
        [
            _Ty=float
        ]
C:\Users\user\output\deepseek-v4部署\fastllm-master\src\models\deepseekv2.cpp(197): warning C4244: “参数”: 从“double”转换到“_Ty”，可能丢失数据
        with
        [
            _Ty=float
        ]
C:\Users\user\output\deepseek-v4部署\fastllm-master\src\models\deepseekv2.cpp(206): warning C4244: “参数”: 从“float”转换到“int”，可能丢失数据
C:\Users\user\output\deepseek-v4部署\fastllm-master\src\models\deepseekv2.cpp(210): warning C4244: “参数”: 从“int”转换到“float”，可能丢失数据
C:\Users\user\output\deepseek-v4部署\fastllm-master\src\models\deepseekv2.cpp(210): warning C4244: “参数”: 从“int”转换到“float”，可能丢失数据
C:\Users\user\output\deepseek-v4部署\fastllm-master\src\models\deepseekv2.cpp(212): warning C4244: “=”: 从“double”转换到“_Ty”，可能丢失数据
        with
        [
            _Ty=float
        ]
C:\Users\user\output\deepseek-v4部署\fastllm-master\src\models\deepseekv2.cpp(217): warning C4244: “参数”: 从“double”转换到“_Ty”，可能丢失数据
        with
        [
            _Ty=float
        ]
C:\Users\user\output\deepseek-v4部署\fastllm-master\src\models\deepseekv2.cpp(256): warning C4305: “参数”: 从“double”到“float”截断
C:\Users\user\output\deepseek-v4部署\fastllm-master\src\models\deepseekv2.cpp(271): warning C4244: “初始化”: 从“double”转换到“float”，可能丢失数据
C:\Users\user\output\deepseek-v4部署\fastllm-master\src\models\deepseekv2.cpp(330): warning C4244: “初始化”: 从“double”转换到“float”，可能丢失数据
C:\Users\user\output\deepseek-v4部署\fastllm-master\src\models\deepseekv2.cpp(331): warning C4244: “初始化”: 从“double”转换到“float”，可能丢失数据
C:\Users\user\output\deepseek-v4部署\fastllm-master\src\models\deepseekv2.cpp(641): warning C4305: “=”: 从“double”到“float”截断
C:\Users\user\output\deepseek-v4部署\fastllm-master\src\models\deepseekv2.cpp(643): warning C4305: “=”: 从“double”到“float”截断
C:\Users\user\output\deepseek-v4部署\fastllm-master\src\models\deepseekv2.cpp(746): warning C4244: “初始化”: 从“double”转换到“float”，可能丢失数据
C:\Users\user\output\deepseek-v4部署\fastllm-master\src\models\deepseekv2.cpp(747): warning C4244: “初始化”: 从“double”转换到“float”，可能丢失数据
C:\Users\user\output\deepseek-v4部署\fastllm-master\src\models\deepseekv2.cpp(1184): warning C4305: “=”: 从“double”到“float”截断
C:\Users\user\output\deepseek-v4部署\fastllm-master\src\models\deepseekv2.cpp(1186): warning C4305: “=”: 从“double”到“float”截断
C:\Users\user\output\deepseek-v4部署\fastllm-master\src\models\deepseekv2.cpp(1311): warning C4244: “初始化”: 从“double”转换到“float”，可能丢失数据
C:\Users\user\output\deepseek-v4部署\fastllm-master\src\models\deepseekv2.cpp(1312): warning C4244: “初始化”: 从“double”转换到“float”，可能丢失数据
C:\Users\user\output\deepseek-v4部署\fastllm-master\src\models\deepseekv2.cpp(1600): warning C4244: “参数”: 从“double”转换到“float”，可能丢失数据
C:\Users\user\output\deepseek-v4部署\fastllm-master\src\models\deepseekv2.cpp(1801): warning C4305: “=”: 从“double”到“float”截断
C:\Users\user\output\deepseek-v4部署\fastllm-master\src\models\deepseekv2.cpp(1803): warning C4305: “=”: 从“double”到“float”截断
C:\Users\user\output\deepseek-v4部署\fastllm-master\src\models\deepseekv2.cpp(1842): warning C4244: “=”: 从“int”转换到“_Ty”，可能丢失数据
        with
        [
            _Ty=float
        ]
C:\Users\user\output\deepseek-v4部署\fastllm-master\src\models\deepseekv2.cpp(1899): warning C4267: “初始化”: 从“size_t”转换到“int”，可能丢失数据
C:\Users\user\output\deepseek-v4部署\fastllm-master\src\models\deepseekv2.cpp(1915): warning C4267: “初始化”: 从“size_t”转换到“int”，可能丢失数据
C:\Users\user\output\deepseek-v4部署\fastllm-master\src\models\deepseekv2.cpp(1920): warning C4244: “=”: 从“int”转换到“_Ty”，可能丢失数据
        with
        [
            _Ty=float
        ]
C:\Users\user\output\deepseek-v4部署\fastllm-master\src\models\deepseekv2.cpp(1949): warning C4244: “=”: 从“int”转换到“_Ty”，可能丢失数据
        with
        [
            _Ty=float
        ]
C:\Program Files (x86)\Microsoft Visual Studio\2022\BuildTools\VC\Tools\MSVC\14.44.35207\include\xutility(5310): warning C4244: “=”: 从“const _Ty”转换到“_Ty”，可能丢失数据
        with
        [
            _Ty=double
        ]
        and
        [
            _Ty=float
        ]
C:\Program Files (x86)\Microsoft Visual Studio\2022\BuildTools\VC\Tools\MSVC\14.44.35207\include\xutility(5310): note: 模板实例化上下文(最早的实例化上下文)为
C:\Users\user\output\deepseek-v4部署\fastllm-master\src\models\deepseekv2.cpp(1923): note: 查看对正在编译的函数 模板 实例化“void std::fill<_Ty*,double>(const _FwdIt,const _FwdIt,const double &)”的引用
        with
        [
            _Ty=float,
            _FwdIt=float *
        ]
[28/81] Building CXX object CMakeFiles\fastllm_tools.dir\src\models\qwen3.cpp.obj
C:\Users\user\output\deepseek-v4部署\fastllm-master\include\utils\utils.h(30): warning C4067: 预处理器指令后有意外标记 - 应输入换行符
C:\Users\user\output\deepseek-v4部署\fastllm-master\include\utils\utils.h(109): warning C4996: '_wfopen': This function or variable may be unsafe. Consider using _wfopen_s instead. To disable deprecation, use _CRT_SECURE_NO_WARNINGS. See online help for details.
C:\Users\user\output\deepseek-v4部署\fastllm-master\include\utils\utils.h(118): warning C4996: '_wopen': This function or variable may be unsafe. Consider using _wsopen_s instead. To disable deprecation, use _CRT_SECURE_NO_WARNINGS. See online help for details.
C:\Users\user\output\deepseek-v4部署\fastllm-master\include\utils\utils.h(150): warning C4244: “return”: 从“double”转换到“float”，可能丢失数据
C:\Users\user\output\deepseek-v4部署\fastllm-master\include\utils\utils.h(355): warning C4267: “初始化”: 从“size_t”转换到“int”，可能丢失数据
C:\Users\user\output\deepseek-v4部署\fastllm-master\include\utils\utils.h(417): warning C4244: “+=”: 从“double”转换到“float”，可能丢失数据
C:\Users\user\output\deepseek-v4部署\fastllm-master\include\devices/cpu/alivethreadpool.h(136): warning C4267: “初始化”: 从“size_t”转换到“int”，可能丢失数据
C:\Users\user\output\deepseek-v4部署\fastllm-master\include\devices/cpu/alivethreadpool.h(176): warning C4267: “初始化”: 从“size_t”转换到“int”，可能丢失数据
C:\Users\user\output\deepseek-v4部署\fastllm-master\include\devices/cpu/alivethreadpool.h(236): warning C4267: “初始化”: 从“size_t”转换到“int”，可能丢失数据
C:\Users\user\output\deepseek-v4部署\fastllm-master\include\devices/cpu/alivethreadpool.h(237): warning C4267: “初始化”: 从“size_t”转换到“int”，可能丢失数据
C:\Users\user\output\deepseek-v4部署\fastllm-master\include\devices/cpu/alivethreadpool.h(238): warning C4267: “初始化”: 从“size_t”转换到“int”，可能丢失数据
C:\Users\user\output\deepseek-v4部署\fastllm-master\include\devices/cpu/alivethreadpool.h(281): warning C4267: “初始化”: 从“size_t”转换到“int”，可能丢失数据
C:\Users\user\output\deepseek-v4部署\fastllm-master\include\devices/cpu/alivethreadpool.h(327): warning C4267: “初始化”: 从“size_t”转换到“int”，可能丢失数据
C:\Users\user\output\deepseek-v4部署\fastllm-master\include\devices/cpu/alivethreadpool.h(330): warning C4267: “初始化”: 从“size_t”转换到“int”，可能丢失数据
C:\Users\user\output\deepseek-v4部署\fastllm-master\include\devices/cpu/alivethreadpool.h(370): warning C4267: “初始化”: 从“size_t”转换到“int”，可能丢失数据
C:\Users\user\output\deepseek-v4部署\fastllm-master\include\devices/cpu/alivethreadpool.h(372): warning C4267: “初始化”: 从“size_t”转换到“int”，可能丢失数据
C:\Users\user\output\deepseek-v4部署\fastllm-master\include\fastllm.h(222): warning C4244: “初始化”: 从“int”转换到“float”，可能丢失数据
C:\Users\user\output\deepseek-v4部署\fastllm-master\include\fastllm.h(222): warning C4244: “初始化”: 从“int”转换到“const float”，可能丢失数据
C:\Users\user\output\deepseek-v4部署\fastllm-master\include\fastllm.h(227): warning C4244: “=”: 从“float”转换到“uint8_t”，可能丢失数据
C:\Users\user\output\deepseek-v4部署\fastllm-master\include\fastllm.h(229): warning C4244: “=”: 从“const float”转换到“uint8_t”，可能丢失数据
C:\Users\user\output\deepseek-v4部署\fastllm-master\include\fastllm.h(687): warning C4996: 'std::codecvt_utf8<wchar_t,1114111,(std::codecvt_mode)0>': warning STL4017: std::wbuffer_convert, std::wstring_convert, and the <codecvt> header (containing std::codecvt_mode, std::codecvt_utf8, std::codecvt_utf16, and std::codecvt_utf8_utf16) are deprecated in C++17. (The std::codecvt class template is NOT deprecated.) The C++ Standard doesn't provide equivalent non-deprecated functionality; consider using MultiByteToWideChar() and WideCharToMultiByte() from <Windows.h> instead. You can define _SILENCE_CXX17_CODECVT_HEADER_DEPRECATION_WARNING or _SILENCE_ALL_CXX17_DEPRECATION_WARNINGS to suppress this warning.
C:\Program Files (x86)\Microsoft Visual Studio\2022\BuildTools\VC\Tools\MSVC\14.44.35207\include\codecvt(34): note: 参见“std::codecvt_utf8”的声明
C:\Users\user\output\deepseek-v4部署\fastllm-master\include\fastllm.h(687): warning C4996: 'std::wstring_convert<std::codecvt_utf8<wchar_t,1114111,(std::codecvt_mode)0>,wchar_t,std::allocator<wchar_t>,std::allocator<char>>': warning STL4017: std::wbuffer_convert, std::wstring_convert, and the <codecvt> header (containing std::codecvt_mode, std::codecvt_utf8, std::codecvt_utf16, and std::codecvt_utf8_utf16) are deprecated in C++17. (The std::codecvt class template is NOT deprecated.) The C++ Standard doesn't provide equivalent non-deprecated functionality; consider using MultiByteToWideChar() and WideCharToMultiByte() from <Windows.h> instead. You can define _SILENCE_CXX17_CODECVT_HEADER_DEPRECATION_WARNING or _SILENCE_ALL_CXX17_DEPRECATION_WARNINGS to suppress this warning.
C:\Program Files (x86)\Microsoft Visual Studio\2022\BuildTools\VC\Tools\MSVC\14.44.35207\include\xlocbuf(303): note: 参见“std::wstring_convert”的声明
C:\Users\user\output\deepseek-v4部署\fastllm-master\include\models\basellm.h(344): warning C4305: “初始化”: 从“double”到“float”截断
C:\Users\user\output\deepseek-v4部署\fastllm-master\include\models\basellm.h(348): warning C4244: “初始化”: 从“double”转换到“const float”，可能丢失数据
C:\Users\user\output\deepseek-v4部署\fastllm-master\include\models\qwen3.h(89): warning C4305: “初始化”: 从“double”到“float”截断
C:\Users\user\output\deepseek-v4部署\fastllm-master\src\models\qwen3.cpp(61): warning C4244: “=”: 从“double”转换到“float”，可能丢失数据
C:\Users\user\output\deepseek-v4部署\fastllm-master\src\models\qwen3.cpp(71): warning C4244: “=”: 从“double”转换到“float”，可能丢失数据
C:\Users\user\output\deepseek-v4部署\fastllm-master\src\models\qwen3.cpp(74): warning C4244: “=”: 从“double”转换到“float”，可能丢失数据
C:\Users\user\output\deepseek-v4部署\fastllm-master\src\models\qwen3.cpp(110): warning C4244: “参数”: 从“double”转换到“_Ty”，可能丢失数据
        with
        [
            _Ty=float
        ]
C:\Users\user\output\deepseek-v4部署\fastllm-master\src\models\qwen3.cpp(112): warning C4244: “初始化”: 从“double”转换到“float”，可能丢失数据
C:\Users\user\output\deepseek-v4部署\fastllm-master\src\models\qwen3.cpp(478): warning C4244: “参数”: 从“double”转换到“float”，可能丢失数据
C:\Users\user\output\deepseek-v4部署\fastllm-master\src\models\qwen3.cpp(525): warning C4244: “初始化”: 从“double”转换到“float”，可能丢失数据
C:\Users\user\output\deepseek-v4部署\fastllm-master\src\models\qwen3.cpp(575): warning C4244: “参数”: 从“double”转换到“float”，可能丢失数据
C:\Users\user\output\deepseek-v4部署\fastllm-master\src\models\qwen3.cpp(646): warning C4305: “=”: 从“double”到“float”截断
C:\Users\user\output\deepseek-v4部署\fastllm-master\src\models\qwen3.cpp(648): warning C4305: “=”: 从“double”到“float”截断
C:\Users\user\output\deepseek-v4部署\fastllm-master\src\models\qwen3.cpp(671): warning C4244: “=”: 从“int”转换到“_Ty”，可能丢失数据
        with
        [
            _Ty=float
        ]
C:\Users\user\output\deepseek-v4部署\fastllm-master\src\models\qwen3.cpp(799): warning C4244: “参数”: 从“double”转换到“float”，可能丢失数据
C:\Users\user\output\deepseek-v4部署\fastllm-master\src\models\qwen3.cpp(850): warning C4244: “初始化”: 从“double”转换到“float”，可能丢失数据
C:\Users\user\output\deepseek-v4部署\fastllm-master\src\models\qwen3.cpp(964): warning C4244: “参数”: 从“double”转换到“float”，可能丢失数据
C:\Users\user\output\deepseek-v4部署\fastllm-master\src\models\qwen3.cpp(978): warning C4244: “参数”: 从“double”转换到“float”，可能丢失数据
C:\Users\user\output\deepseek-v4部署\fastllm-master\src\models\qwen3.cpp(980): warning C4244: “参数”: 从“double”转换到“float”，可能丢失数据
C:\Users\user\output\deepseek-v4部署\fastllm-master\src\models\qwen3.cpp(1025): warning C4305: “=”: 从“double”到“float”截断
C:\Users\user\output\deepseek-v4部署\fastllm-master\src\models\qwen3.cpp(1027): warning C4305: “=”: 从“double”到“float”截断
C:\Users\user\output\deepseek-v4部署\fastllm-master\src\models\qwen3.cpp(1062): warning C4267: “初始化”: 从“size_t”转换到“int”，可能丢失数据
C:\Users\user\output\deepseek-v4部署\fastllm-master\src\models\qwen3.cpp(1078): warning C4267: “初始化”: 从“size_t”转换到“int”，可能丢失数据
C:\Users\user\output\deepseek-v4部署\fastllm-master\src\models\qwen3.cpp(1083): warning C4244: “=”: 从“int”转换到“_Ty”，可能丢失数据
        with
        [
            _Ty=float
        ]
C:\Users\user\output\deepseek-v4部署\fastllm-master\src\models\qwen3.cpp(1112): warning C4244: “=”: 从“int”转换到“_Ty”，可能丢失数据
        with
        [
            _Ty=float
        ]
C:\Program Files (x86)\Microsoft Visual Studio\2022\BuildTools\VC\Tools\MSVC\14.44.35207\include\xutility(5310): warning C4244: “=”: 从“const _Ty”转换到“_Ty”，可能丢失数据
        with
        [
            _Ty=double
        ]
        and
        [
            _Ty=float
        ]
C:\Program Files (x86)\Microsoft Visual Studio\2022\BuildTools\VC\Tools\MSVC\14.44.35207\include\xutility(5310): note: 模板实例化上下文(最早的实例化上下文)为
C:\Users\user\output\deepseek-v4部署\fastllm-master\src\models\qwen3.cpp(1086): note: 查看对正在编译的函数 模板 实例化“void std::fill<_Ty*,double>(const _FwdIt,const _FwdIt,const double &)”的引用
        with
        [
            _Ty=float,
            _FwdIt=float *
        ]
[29/81] Building CXX object CMakeFiles\fastllm_tools.dir\src\models\qwen3_moe.cpp.obj
C:\Users\user\output\deepseek-v4部署\fastllm-master\include\utils\utils.h(30): warning C4067: 预处理器指令后有意外标记 - 应输入换行符
C:\Users\user\output\deepseek-v4部署\fastllm-master\include\utils\utils.h(109): warning C4996: '_wfopen': This function or variable may be unsafe. Consider using _wfopen_s instead. To disable deprecation, use _CRT_SECURE_NO_WARNINGS. See online help for details.
C:\Users\user\output\deepseek-v4部署\fastllm-master\include\utils\utils.h(118): warning C4996: '_wopen': This function or variable may be unsafe. Consider using _wsopen_s instead. To disable deprecation, use _CRT_SECURE_NO_WARNINGS. See online help for details.
C:\Users\user\output\deepseek-v4部署\fastllm-master\include\utils\utils.h(150): warning C4244: “return”: 从“double”转换到“float”，可能丢失数据
C:\Users\user\output\deepseek-v4部署\fastllm-master\include\utils\utils.h(355): warning C4267: “初始化”: 从“size_t”转换到“int”，可能丢失数据
C:\Users\user\output\deepseek-v4部署\fastllm-master\include\utils\utils.h(417): warning C4244: “+=”: 从“double”转换到“float”，可能丢失数据
C:\Users\user\output\deepseek-v4部署\fastllm-master\include\devices/cpu/alivethreadpool.h(136): warning C4267: “初始化”: 从“size_t”转换到“int”，可能丢失数据
C:\Users\user\output\deepseek-v4部署\fastllm-master\include\devices/cpu/alivethreadpool.h(176): warning C4267: “初始化”: 从“size_t”转换到“int”，可能丢失数据
C:\Users\user\output\deepseek-v4部署\fastllm-master\include\devices/cpu/alivethreadpool.h(236): warning C4267: “初始化”: 从“size_t”转换到“int”，可能丢失数据
C:\Users\user\output\deepseek-v4部署\fastllm-master\include\devices/cpu/alivethreadpool.h(237): warning C4267: “初始化”: 从“size_t”转换到“int”，可能丢失数据
C:\Users\user\output\deepseek-v4部署\fastllm-master\include\devices/cpu/alivethreadpool.h(238): warning C4267: “初始化”: 从“size_t”转换到“int”，可能丢失数据
C:\Users\user\output\deepseek-v4部署\fastllm-master\include\devices/cpu/alivethreadpool.h(281): warning C4267: “初始化”: 从“size_t”转换到“int”，可能丢失数据
C:\Users\user\output\deepseek-v4部署\fastllm-master\include\devices/cpu/alivethreadpool.h(327): warning C4267: “初始化”: 从“size_t”转换到“int”，可能丢失数据
C:\Users\user\output\deepseek-v4部署\fastllm-master\include\devices/cpu/alivethreadpool.h(330): warning C4267: “初始化”: 从“size_t”转换到“int”，可能丢失数据
C:\Users\user\output\deepseek-v4部署\fastllm-master\include\devices/cpu/alivethreadpool.h(370): warning C4267: “初始化”: 从“size_t”转换到“int”，可能丢失数据
C:\Users\user\output\deepseek-v4部署\fastllm-master\include\devices/cpu/alivethreadpool.h(372): warning C4267: “初始化”: 从“size_t”转换到“int”，可能丢失数据
C:\Users\user\output\deepseek-v4部署\fastllm-master\include\fastllm.h(222): warning C4244: “初始化”: 从“int”转换到“float”，可能丢失数据
C:\Users\user\output\deepseek-v4部署\fastllm-master\include\fastllm.h(222): warning C4244: “初始化”: 从“int”转换到“const float”，可能丢失数据
C:\Users\user\output\deepseek-v4部署\fastllm-master\include\fastllm.h(227): warning C4244: “=”: 从“float”转换到“uint8_t”，可能丢失数据
C:\Users\user\output\deepseek-v4部署\fastllm-master\include\fastllm.h(229): warning C4244: “=”: 从“const float”转换到“uint8_t”，可能丢失数据
C:\Users\user\output\deepseek-v4部署\fastllm-master\include\fastllm.h(687): warning C4996: 'std::codecvt_utf8<wchar_t,1114111,(std::codecvt_mode)0>': warning STL4017: std::wbuffer_convert, std::wstring_convert, and the <codecvt> header (containing std::codecvt_mode, std::codecvt_utf8, std::codecvt_utf16, and std::codecvt_utf8_utf16) are deprecated in C++17. (The std::codecvt class template is NOT deprecated.) The C++ Standard doesn't provide equivalent non-deprecated functionality; consider using MultiByteToWideChar() and WideCharToMultiByte() from <Windows.h> instead. You can define _SILENCE_CXX17_CODECVT_HEADER_DEPRECATION_WARNING or _SILENCE_ALL_CXX17_DEPRECATION_WARNINGS to suppress this warning.
C:\Program Files (x86)\Microsoft Visual Studio\2022\BuildTools\VC\Tools\MSVC\14.44.35207\include\codecvt(34): note: 参见“std::codecvt_utf8”的声明
C:\Users\user\output\deepseek-v4部署\fastllm-master\include\fastllm.h(687): warning C4996: 'std::wstring_convert<std::codecvt_utf8<wchar_t,1114111,(std::codecvt_mode)0>,wchar_t,std::allocator<wchar_t>,std::allocator<char>>': warning STL4017: std::wbuffer_convert, std::wstring_convert, and the <codecvt> header (containing std::codecvt_mode, std::codecvt_utf8, std::codecvt_utf16, and std::codecvt_utf8_utf16) are deprecated in C++17. (The std::codecvt class template is NOT deprecated.) The C++ Standard doesn't provide equivalent non-deprecated functionality; consider using MultiByteToWideChar() and WideCharToMultiByte() from <Windows.h> instead. You can define _SILENCE_CXX17_CODECVT_HEADER_DEPRECATION_WARNING or _SILENCE_ALL_CXX17_DEPRECATION_WARNINGS to suppress this warning.
C:\Program Files (x86)\Microsoft Visual Studio\2022\BuildTools\VC\Tools\MSVC\14.44.35207\include\xlocbuf(303): note: 参见“std::wstring_convert”的声明
C:\Users\user\output\deepseek-v4部署\fastllm-master\include\models\basellm.h(344): warning C4305: “初始化”: 从“double”到“float”截断
C:\Users\user\output\deepseek-v4部署\fastllm-master\include\models\basellm.h(348): warning C4244: “初始化”: 从“double”转换到“const float”，可能丢失数据
C:\Users\user\output\deepseek-v4部署\fastllm-master\include\models\llama.h(76): warning C4305: “初始化”: 从“double”到“float”截断
C:\Users\user\output\deepseek-v4部署\fastllm-master\include\models\qwen3_moe.h(66): warning C4305: “初始化”: 从“double”到“float”截断
C:\Users\user\output\deepseek-v4部署\fastllm-master\src\models\qwen3_moe.cpp(66): warning C4244: “=”: 从“double”转换到“float”，可能丢失数据
C:\Users\user\output\deepseek-v4部署\fastllm-master\src\models\qwen3_moe.cpp(76): warning C4244: “=”: 从“double”转换到“float”，可能丢失数据
C:\Users\user\output\deepseek-v4部署\fastllm-master\src\models\qwen3_moe.cpp(79): warning C4244: “=”: 从“double”转换到“float”，可能丢失数据
C:\Users\user\output\deepseek-v4部署\fastllm-master\src\models\qwen3_moe.cpp(326): warning C4267: “初始化”: 从“size_t”转换到“int”，可能丢失数据
C:\Users\user\output\deepseek-v4部署\fastllm-master\src\models\qwen3_moe.cpp(342): warning C4267: “初始化”: 从“size_t”转换到“int”，可能丢失数据
C:\Users\user\output\deepseek-v4部署\fastllm-master\src\models\qwen3_moe.cpp(347): warning C4244: “=”: 从“int”转换到“_Ty”，可能丢失数据
        with
        [
            _Ty=float
        ]
C:\Users\user\output\deepseek-v4部署\fastllm-master\src\models\qwen3_moe.cpp(376): warning C4244: “=”: 从“int”转换到“_Ty”，可能丢失数据
        with
        [
            _Ty=float
        ]
C:\Program Files (x86)\Microsoft Visual Studio\2022\BuildTools\VC\Tools\MSVC\14.44.35207\include\xutility(5310): warning C4244: “=”: 从“const _Ty”转换到“_Ty”，可能丢失数据
        with
        [
            _Ty=double
        ]
        and
        [
            _Ty=float
        ]
C:\Program Files (x86)\Microsoft Visual Studio\2022\BuildTools\VC\Tools\MSVC\14.44.35207\include\xutility(5310): note: 模板实例化上下文(最早的实例化上下文)为
C:\Users\user\output\deepseek-v4部署\fastllm-master\src\models\qwen3_moe.cpp(350): note: 查看对正在编译的函数 模板 实例化“void std::fill<_Ty*,double>(const _FwdIt,const _FwdIt,const double &)”的引用
        with
        [
            _Ty=float,
            _FwdIt=float *
        ]
[30/81] Building CXX object CMakeFiles\fastllm_tools.dir\src\models\qwen3_next.cpp.obj
C:\Users\user\output\deepseek-v4部署\fastllm-master\include\utils\utils.h(30): warning C4067: 预处理器指令后有意外标记 - 应输入换行符
C:\Users\user\output\deepseek-v4部署\fastllm-master\include\utils\utils.h(109): warning C4996: '_wfopen': This function or variable may be unsafe. Consider using _wfopen_s instead. To disable deprecation, use _CRT_SECURE_NO_WARNINGS. See online help for details.
C:\Users\user\output\deepseek-v4部署\fastllm-master\include\utils\utils.h(118): warning C4996: '_wopen': This function or variable may be unsafe. Consider using _wsopen_s instead. To disable deprecation, use _CRT_SECURE_NO_WARNINGS. See online help for details.
C:\Users\user\output\deepseek-v4部署\fastllm-master\include\utils\utils.h(150): warning C4244: “return”: 从“double”转换到“float”，可能丢失数据
C:\Users\user\output\deepseek-v4部署\fastllm-master\include\utils\utils.h(355): warning C4267: “初始化”: 从“size_t”转换到“int”，可能丢失数据
C:\Users\user\output\deepseek-v4部署\fastllm-master\include\utils\utils.h(417): warning C4244: “+=”: 从“double”转换到“float”，可能丢失数据
C:\Users\user\output\deepseek-v4部署\fastllm-master\include\devices/cpu/alivethreadpool.h(136): warning C4267: “初始化”: 从“size_t”转换到“int”，可能丢失数据
C:\Users\user\output\deepseek-v4部署\fastllm-master\include\devices/cpu/alivethreadpool.h(176): warning C4267: “初始化”: 从“size_t”转换到“int”，可能丢失数据
C:\Users\user\output\deepseek-v4部署\fastllm-master\include\devices/cpu/alivethreadpool.h(236): warning C4267: “初始化”: 从“size_t”转换到“int”，可能丢失数据
C:\Users\user\output\deepseek-v4部署\fastllm-master\include\devices/cpu/alivethreadpool.h(237): warning C4267: “初始化”: 从“size_t”转换到“int”，可能丢失数据
C:\Users\user\output\deepseek-v4部署\fastllm-master\include\devices/cpu/alivethreadpool.h(238): warning C4267: “初始化”: 从“size_t”转换到“int”，可能丢失数据
C:\Users\user\output\deepseek-v4部署\fastllm-master\include\devices/cpu/alivethreadpool.h(281): warning C4267: “初始化”: 从“size_t”转换到“int”，可能丢失数据
C:\Users\user\output\deepseek-v4部署\fastllm-master\include\devices/cpu/alivethreadpool.h(327): warning C4267: “初始化”: 从“size_t”转换到“int”，可能丢失数据
C:\Users\user\output\deepseek-v4部署\fastllm-master\include\devices/cpu/alivethreadpool.h(330): warning C4267: “初始化”: 从“size_t”转换到“int”，可能丢失数据
C:\Users\user\output\deepseek-v4部署\fastllm-master\include\devices/cpu/alivethreadpool.h(370): warning C4267: “初始化”: 从“size_t”转换到“int”，可能丢失数据
C:\Users\user\output\deepseek-v4部署\fastllm-master\include\devices/cpu/alivethreadpool.h(372): warning C4267: “初始化”: 从“size_t”转换到“int”，可能丢失数据
C:\Users\user\output\deepseek-v4部署\fastllm-master\include\fastllm.h(222): warning C4244: “初始化”: 从“int”转换到“float”，可能丢失数据
C:\Users\user\output\deepseek-v4部署\fastllm-master\include\fastllm.h(222): warning C4244: “初始化”: 从“int”转换到“const float”，可能丢失数据
C:\Users\user\output\deepseek-v4部署\fastllm-master\include\fastllm.h(227): warning C4244: “=”: 从“float”转换到“uint8_t”，可能丢失数据
C:\Users\user\output\deepseek-v4部署\fastllm-master\include\fastllm.h(229): warning C4244: “=”: 从“const float”转换到“uint8_t”，可能丢失数据
C:\Users\user\output\deepseek-v4部署\fastllm-master\include\fastllm.h(687): warning C4996: 'std::codecvt_utf8<wchar_t,1114111,(std::codecvt_mode)0>': warning STL4017: std::wbuffer_convert, std::wstring_convert, and the <codecvt> header (containing std::codecvt_mode, std::codecvt_utf8, std::codecvt_utf16, and std::codecvt_utf8_utf16) are deprecated in C++17. (The std::codecvt class template is NOT deprecated.) The C++ Standard doesn't provide equivalent non-deprecated functionality; consider using MultiByteToWideChar() and WideCharToMultiByte() from <Windows.h> instead. You can define _SILENCE_CXX17_CODECVT_HEADER_DEPRECATION_WARNING or _SILENCE_ALL_CXX17_DEPRECATION_WARNINGS to suppress this warning.
C:\Program Files (x86)\Microsoft Visual Studio\2022\BuildTools\VC\Tools\MSVC\14.44.35207\include\codecvt(34): note: 参见“std::codecvt_utf8”的声明
C:\Users\user\output\deepseek-v4部署\fastllm-master\include\fastllm.h(687): warning C4996: 'std::wstring_convert<std::codecvt_utf8<wchar_t,1114111,(std::codecvt_mode)0>,wchar_t,std::allocator<wchar_t>,std::allocator<char>>': warning STL4017: std::wbuffer_convert, std::wstring_convert, and the <codecvt> header (containing std::codecvt_mode, std::codecvt_utf8, std::codecvt_utf16, and std::codecvt_utf8_utf16) are deprecated in C++17. (The std::codecvt class template is NOT deprecated.) The C++ Standard doesn't provide equivalent non-deprecated functionality; consider using MultiByteToWideChar() and WideCharToMultiByte() from <Windows.h> instead. You can define _SILENCE_CXX17_CODECVT_HEADER_DEPRECATION_WARNING or _SILENCE_ALL_CXX17_DEPRECATION_WARNINGS to suppress this warning.
C:\Program Files (x86)\Microsoft Visual Studio\2022\BuildTools\VC\Tools\MSVC\14.44.35207\include\xlocbuf(303): note: 参见“std::wstring_convert”的声明
C:\Users\user\output\deepseek-v4部署\fastllm-master\include\models\basellm.h(344): warning C4305: “初始化”: 从“double”到“float”截断
C:\Users\user\output\deepseek-v4部署\fastllm-master\include\models\basellm.h(348): warning C4244: “初始化”: 从“double”转换到“const float”，可能丢失数据
C:\Users\user\output\deepseek-v4部署\fastllm-master\include\models\llama.h(76): warning C4305: “初始化”: 从“double”到“float”截断
C:\Users\user\output\deepseek-v4部署\fastllm-master\include\models\qwen3_next.h(78): warning C4305: “初始化”: 从“double”到“float”截断
C:\Users\user\output\deepseek-v4部署\fastllm-master\src\models\qwen3_next.cpp(90): warning C4244: “=”: 从“double”转换到“float”，可能丢失数据
C:\Users\user\output\deepseek-v4部署\fastllm-master\src\models\qwen3_next.cpp(100): warning C4244: “=”: 从“double”转换到“float”，可能丢失数据
C:\Users\user\output\deepseek-v4部署\fastllm-master\src\models\qwen3_next.cpp(103): warning C4244: “=”: 从“double”转换到“float”，可能丢失数据
C:\Users\user\output\deepseek-v4部署\fastllm-master\src\models\qwen3_next.cpp(163): warning C4244: “参数”: 从“double”转换到“_Ty”，可能丢失数据
        with
        [
            _Ty=float
        ]
C:\Users\user\output\deepseek-v4部署\fastllm-master\src\models\qwen3_next.cpp(166): warning C4244: “初始化”: 从“double”转换到“float”，可能丢失数据
C:\Users\user\output\deepseek-v4部署\fastllm-master\src\models\qwen3_next.cpp(197): warning C4244: “初始化”: 从“uint64_t”转换到“int”，可能丢失数据
C:\Users\user\output\deepseek-v4部署\fastllm-master\src\models\qwen3_next.cpp(252): warning C4244: “初始化”: 从“double”转换到“float”，可能丢失数据
C:\Users\user\output\deepseek-v4部署\fastllm-master\src\models\qwen3_next.cpp(356): warning C4244: “参数”: 从“double”转换到“float”，可能丢失数据
C:\Users\user\output\deepseek-v4部署\fastllm-master\src\models\qwen3_next.cpp(488): warning C4244: “初始化”: 从“double”转换到“float”，可能丢失数据
C:\Users\user\output\deepseek-v4部署\fastllm-master\src\models\qwen3_next.cpp(501): warning C4244: “初始化”: 从“double”转换到“float”，可能丢失数据
C:\Users\user\output\deepseek-v4部署\fastllm-master\src\models\qwen3_next.cpp(534): warning C4244: “初始化”: 从“double”转换到“float”，可能丢失数据
C:\Users\user\output\deepseek-v4部署\fastllm-master\src\models\qwen3_next.cpp(733): warning C4305: “=”: 从“double”到“float”截断
C:\Users\user\output\deepseek-v4部署\fastllm-master\src\models\qwen3_next.cpp(735): warning C4305: “=”: 从“double”到“float”截断
C:\Users\user\output\deepseek-v4部署\fastllm-master\src\models\qwen3_next.cpp(777): warning C4244: “=”: 从“int”转换到“_Ty”，可能丢失数据
        with
        [
            _Ty=float
        ]
C:\Users\user\output\deepseek-v4部署\fastllm-master\src\models\qwen3_next.cpp(1041): warning C4244: “参数”: 从“double”转换到“float”，可能丢失数据
C:\Users\user\output\deepseek-v4部署\fastllm-master\src\models\qwen3_next.cpp(1056): warning C4244: “参数”: 从“double”转换到“float”，可能丢失数据
C:\Users\user\output\deepseek-v4部署\fastllm-master\src\models\qwen3_next.cpp(1058): warning C4244: “参数”: 从“double”转换到“float”，可能丢失数据
C:\Users\user\output\deepseek-v4部署\fastllm-master\src\models\qwen3_next.cpp(1212): warning C4305: “=”: 从“double”到“float”截断
C:\Users\user\output\deepseek-v4部署\fastllm-master\src\models\qwen3_next.cpp(1214): warning C4305: “=”: 从“double”到“float”截断
C:\Users\user\output\deepseek-v4部署\fastllm-master\src\models\qwen3_next.cpp(1255): warning C4267: “初始化”: 从“size_t”转换到“int”，可能丢失数据
C:\Users\user\output\deepseek-v4部署\fastllm-master\src\models\qwen3_next.cpp(1271): warning C4267: “初始化”: 从“size_t”转换到“int”，可能丢失数据
C:\Users\user\output\deepseek-v4部署\fastllm-master\src\models\qwen3_next.cpp(1276): warning C4244: “=”: 从“int”转换到“_Ty”，可能丢失数据
        with
        [
            _Ty=float
        ]
C:\Users\user\output\deepseek-v4部署\fastllm-master\src\models\qwen3_next.cpp(1305): warning C4244: “=”: 从“int”转换到“_Ty”，可能丢失数据
        with
        [
            _Ty=float
        ]
C:\Program Files (x86)\Microsoft Visual Studio\2022\BuildTools\VC\Tools\MSVC\14.44.35207\include\xutility(5310): warning C4244: “=”: 从“const _Ty”转换到“_Ty”，可能丢失数据
        with
        [
            _Ty=double
        ]
        and
        [
            _Ty=float
        ]
C:\Program Files (x86)\Microsoft Visual Studio\2022\BuildTools\VC\Tools\MSVC\14.44.35207\include\xutility(5310): note: 模板实例化上下文(最早的实例化上下文)为
C:\Users\user\output\deepseek-v4部署\fastllm-master\src\models\qwen3_next.cpp(1279): note: 查看对正在编译的函数 模板 实例化“void std::fill<_Ty*,double>(const _FwdIt,const _FwdIt,const double &)”的引用
        with
        [
            _Ty=float,
            _FwdIt=float *
        ]
[31/81] Building CXX object CMakeFiles\fastllm_tools.dir\src\models\hunyuan.cpp.obj
C:\Users\user\output\deepseek-v4部署\fastllm-master\include\utils\utils.h(30): warning C4067: 预处理器指令后有意外标记 - 应输入换行符
C:\Users\user\output\deepseek-v4部署\fastllm-master\include\utils\utils.h(109): warning C4996: '_wfopen': This function or variable may be unsafe. Consider using _wfopen_s instead. To disable deprecation, use _CRT_SECURE_NO_WARNINGS. See online help for details.
C:\Users\user\output\deepseek-v4部署\fastllm-master\include\utils\utils.h(118): warning C4996: '_wopen': This function or variable may be unsafe. Consider using _wsopen_s instead. To disable deprecation, use _CRT_SECURE_NO_WARNINGS. See online help for details.
C:\Users\user\output\deepseek-v4部署\fastllm-master\include\utils\utils.h(150): warning C4244: “return”: 从“double”转换到“float”，可能丢失数据
C:\Users\user\output\deepseek-v4部署\fastllm-master\include\utils\utils.h(355): warning C4267: “初始化”: 从“size_t”转换到“int”，可能丢失数据
C:\Users\user\output\deepseek-v4部署\fastllm-master\include\utils\utils.h(417): warning C4244: “+=”: 从“double”转换到“float”，可能丢失数据
C:\Users\user\output\deepseek-v4部署\fastllm-master\include\devices/cpu/alivethreadpool.h(136): warning C4267: “初始化”: 从“size_t”转换到“int”，可能丢失数据
C:\Users\user\output\deepseek-v4部署\fastllm-master\include\devices/cpu/alivethreadpool.h(176): warning C4267: “初始化”: 从“size_t”转换到“int”，可能丢失数据
C:\Users\user\output\deepseek-v4部署\fastllm-master\include\devices/cpu/alivethreadpool.h(236): warning C4267: “初始化”: 从“size_t”转换到“int”，可能丢失数据
C:\Users\user\output\deepseek-v4部署\fastllm-master\include\devices/cpu/alivethreadpool.h(237): warning C4267: “初始化”: 从“size_t”转换到“int”，可能丢失数据
C:\Users\user\output\deepseek-v4部署\fastllm-master\include\devices/cpu/alivethreadpool.h(238): warning C4267: “初始化”: 从“size_t”转换到“int”，可能丢失数据
C:\Users\user\output\deepseek-v4部署\fastllm-master\include\devices/cpu/alivethreadpool.h(281): warning C4267: “初始化”: 从“size_t”转换到“int”，可能丢失数据
C:\Users\user\output\deepseek-v4部署\fastllm-master\include\devices/cpu/alivethreadpool.h(327): warning C4267: “初始化”: 从“size_t”转换到“int”，可能丢失数据
C:\Users\user\output\deepseek-v4部署\fastllm-master\include\devices/cpu/alivethreadpool.h(330): warning C4267: “初始化”: 从“size_t”转换到“int”，可能丢失数据
C:\Users\user\output\deepseek-v4部署\fastllm-master\include\devices/cpu/alivethreadpool.h(370): warning C4267: “初始化”: 从“size_t”转换到“int”，可能丢失数据
C:\Users\user\output\deepseek-v4部署\fastllm-master\include\devices/cpu/alivethreadpool.h(372): warning C4267: “初始化”: 从“size_t”转换到“int”，可能丢失数据
C:\Users\user\output\deepseek-v4部署\fastllm-master\include\fastllm.h(222): warning C4244: “初始化”: 从“int”转换到“float”，可能丢失数据
C:\Users\user\output\deepseek-v4部署\fastllm-master\include\fastllm.h(222): warning C4244: “初始化”: 从“int”转换到“const float”，可能丢失数据
C:\Users\user\output\deepseek-v4部署\fastllm-master\include\fastllm.h(227): warning C4244: “=”: 从“float”转换到“uint8_t”，可能丢失数据
C:\Users\user\output\deepseek-v4部署\fastllm-master\include\fastllm.h(229): warning C4244: “=”: 从“const float”转换到“uint8_t”，可能丢失数据
C:\Users\user\output\deepseek-v4部署\fastllm-master\include\fastllm.h(687): warning C4996: 'std::codecvt_utf8<wchar_t,1114111,(std::codecvt_mode)0>': warning STL4017: std::wbuffer_convert, std::wstring_convert, and the <codecvt> header (containing std::codecvt_mode, std::codecvt_utf8, std::codecvt_utf16, and std::codecvt_utf8_utf16) are deprecated in C++17. (The std::codecvt class template is NOT deprecated.) The C++ Standard doesn't provide equivalent non-deprecated functionality; consider using MultiByteToWideChar() and WideCharToMultiByte() from <Windows.h> instead. You can define _SILENCE_CXX17_CODECVT_HEADER_DEPRECATION_WARNING or _SILENCE_ALL_CXX17_DEPRECATION_WARNINGS to suppress this warning.
C:\Program Files (x86)\Microsoft Visual Studio\2022\BuildTools\VC\Tools\MSVC\14.44.35207\include\codecvt(34): note: 参见“std::codecvt_utf8”的声明
C:\Users\user\output\deepseek-v4部署\fastllm-master\include\fastllm.h(687): warning C4996: 'std::wstring_convert<std::codecvt_utf8<wchar_t,1114111,(std::codecvt_mode)0>,wchar_t,std::allocator<wchar_t>,std::allocator<char>>': warning STL4017: std::wbuffer_convert, std::wstring_convert, and the <codecvt> header (containing std::codecvt_mode, std::codecvt_utf8, std::codecvt_utf16, and std::codecvt_utf8_utf16) are deprecated in C++17. (The std::codecvt class template is NOT deprecated.) The C++ Standard doesn't provide equivalent non-deprecated functionality; consider using MultiByteToWideChar() and WideCharToMultiByte() from <Windows.h> instead. You can define _SILENCE_CXX17_CODECVT_HEADER_DEPRECATION_WARNING or _SILENCE_ALL_CXX17_DEPRECATION_WARNINGS to suppress this warning.
C:\Program Files (x86)\Microsoft Visual Studio\2022\BuildTools\VC\Tools\MSVC\14.44.35207\include\xlocbuf(303): note: 参见“std::wstring_convert”的声明
C:\Users\user\output\deepseek-v4部署\fastllm-master\include\models\basellm.h(344): warning C4305: “初始化”: 从“double”到“float”截断
C:\Users\user\output\deepseek-v4部署\fastllm-master\include\models\basellm.h(348): warning C4244: “初始化”: 从“double”转换到“const float”，可能丢失数据
C:\Users\user\output\deepseek-v4部署\fastllm-master\include\models\llama.h(76): warning C4305: “初始化”: 从“double”到“float”截断
C:\Users\user\output\deepseek-v4部署\fastllm-master\include\models\hunyuan.h(78): warning C4305: “初始化”: 从“double”到“float”截断
C:\Users\user\output\deepseek-v4部署\fastllm-master\src\models\hunyuan.cpp(68): warning C4244: “=”: 从“double”转换到“float”，可能丢失数据
C:\Users\user\output\deepseek-v4部署\fastllm-master\src\models\hunyuan.cpp(78): warning C4244: “=”: 从“double”转换到“float”，可能丢失数据
C:\Users\user\output\deepseek-v4部署\fastllm-master\src\models\hunyuan.cpp(81): warning C4244: “=”: 从“double”转换到“float”，可能丢失数据
C:\Users\user\output\deepseek-v4部署\fastllm-master\src\models\hunyuan.cpp(135): warning C4244: “=”: 从“double”转换到“float”，可能丢失数据
C:\Users\user\output\deepseek-v4部署\fastllm-master\src\models\hunyuan.cpp(138): warning C4244: “参数”: 从“double”转换到“_Ty”，可能丢失数据
        with
        [
            _Ty=float
        ]
C:\Users\user\output\deepseek-v4部署\fastllm-master\src\models\hunyuan.cpp(239): warning C4244: “参数”: 从“double”转换到“float”，可能丢失数据
C:\Users\user\output\deepseek-v4部署\fastllm-master\src\models\hunyuan.cpp(237): warning C4305: “参数”: 从“double”到“float”截断
C:\Users\user\output\deepseek-v4部署\fastllm-master\src\models\hunyuan.cpp(319): warning C4244: “参数”: 从“double”转换到“float”，可能丢失数据
C:\Users\user\output\deepseek-v4部署\fastllm-master\src\models\hunyuan.cpp(398): warning C4305: “=”: 从“double”到“float”截断
C:\Users\user\output\deepseek-v4部署\fastllm-master\src\models\hunyuan.cpp(400): warning C4305: “=”: 从“double”到“float”截断
C:\Users\user\output\deepseek-v4部署\fastllm-master\src\models\hunyuan.cpp(438): warning C4244: “=”: 从“int”转换到“_Ty”，可能丢失数据
        with
        [
            _Ty=float
        ]
C:\Users\user\output\deepseek-v4部署\fastllm-master\src\models\hunyuan.cpp(693): warning C4244: “参数”: 从“double”转换到“float”，可能丢失数据
C:\Users\user\output\deepseek-v4部署\fastllm-master\src\models\hunyuan.cpp(708): warning C4244: “参数”: 从“double”转换到“float”，可能丢失数据
C:\Users\user\output\deepseek-v4部署\fastllm-master\src\models\hunyuan.cpp(710): warning C4244: “参数”: 从“double”转换到“float”，可能丢失数据
C:\Users\user\output\deepseek-v4部署\fastllm-master\src\models\hunyuan.cpp(787): warning C4305: “=”: 从“double”到“float”截断
C:\Users\user\output\deepseek-v4部署\fastllm-master\src\models\hunyuan.cpp(789): warning C4305: “=”: 从“double”到“float”截断
C:\Users\user\output\deepseek-v4部署\fastllm-master\src\models\hunyuan.cpp(830): warning C4267: “初始化”: 从“size_t”转换到“int”，可能丢失数据
C:\Users\user\output\deepseek-v4部署\fastllm-master\src\models\hunyuan.cpp(846): warning C4267: “初始化”: 从“size_t”转换到“int”，可能丢失数据
C:\Users\user\output\deepseek-v4部署\fastllm-master\src\models\hunyuan.cpp(851): warning C4244: “=”: 从“int”转换到“_Ty”，可能丢失数据
        with
        [
            _Ty=float
        ]
C:\Users\user\output\deepseek-v4部署\fastllm-master\src\models\hunyuan.cpp(880): warning C4244: “=”: 从“int”转换到“_Ty”，可能丢失数据
        with
        [
            _Ty=float
        ]
C:\Program Files (x86)\Microsoft Visual Studio\2022\BuildTools\VC\Tools\MSVC\14.44.35207\include\xutility(5310): warning C4244: “=”: 从“const _Ty”转换到“_Ty”，可能丢失数据
        with
        [
            _Ty=double
        ]
        and
        [
            _Ty=float
        ]
C:\Program Files (x86)\Microsoft Visual Studio\2022\BuildTools\VC\Tools\MSVC\14.44.35207\include\xutility(5310): note: 模板实例化上下文(最早的实例化上下文)为
C:\Users\user\output\deepseek-v4部署\fastllm-master\src\models\hunyuan.cpp(854): note: 查看对正在编译的函数 模板 实例化“void std::fill<_Ty*,double>(const _FwdIt,const _FwdIt,const double &)”的引用
        with
        [
            _Ty=float,
            _FwdIt=float *
        ]
[32/81] Building CXX object CMakeFiles\fastllm_tools.dir\src\models\minimax.cpp.obj
C:\Users\user\output\deepseek-v4部署\fastllm-master\include\utils\utils.h(30): warning C4067: 预处理器指令后有意外标记 - 应输入换行符
C:\Users\user\output\deepseek-v4部署\fastllm-master\include\utils\utils.h(109): warning C4996: '_wfopen': This function or variable may be unsafe. Consider using _wfopen_s instead. To disable deprecation, use _CRT_SECURE_NO_WARNINGS. See online help for details.
C:\Users\user\output\deepseek-v4部署\fastllm-master\include\utils\utils.h(118): warning C4996: '_wopen': This function or variable may be unsafe. Consider using _wsopen_s instead. To disable deprecation, use _CRT_SECURE_NO_WARNINGS. See online help for details.
C:\Users\user\output\deepseek-v4部署\fastllm-master\include\utils\utils.h(150): warning C4244: “return”: 从“double”转换到“float”，可能丢失数据
C:\Users\user\output\deepseek-v4部署\fastllm-master\include\utils\utils.h(355): warning C4267: “初始化”: 从“size_t”转换到“int”，可能丢失数据
C:\Users\user\output\deepseek-v4部署\fastllm-master\include\utils\utils.h(417): warning C4244: “+=”: 从“double”转换到“float”，可能丢失数据
C:\Users\user\output\deepseek-v4部署\fastllm-master\include\devices/cpu/alivethreadpool.h(136): warning C4267: “初始化”: 从“size_t”转换到“int”，可能丢失数据
C:\Users\user\output\deepseek-v4部署\fastllm-master\include\devices/cpu/alivethreadpool.h(176): warning C4267: “初始化”: 从“size_t”转换到“int”，可能丢失数据
C:\Users\user\output\deepseek-v4部署\fastllm-master\include\devices/cpu/alivethreadpool.h(236): warning C4267: “初始化”: 从“size_t”转换到“int”，可能丢失数据
C:\Users\user\output\deepseek-v4部署\fastllm-master\include\devices/cpu/alivethreadpool.h(237): warning C4267: “初始化”: 从“size_t”转换到“int”，可能丢失数据
C:\Users\user\output\deepseek-v4部署\fastllm-master\include\devices/cpu/alivethreadpool.h(238): warning C4267: “初始化”: 从“size_t”转换到“int”，可能丢失数据
C:\Users\user\output\deepseek-v4部署\fastllm-master\include\devices/cpu/alivethreadpool.h(281): warning C4267: “初始化”: 从“size_t”转换到“int”，可能丢失数据
C:\Users\user\output\deepseek-v4部署\fastllm-master\include\devices/cpu/alivethreadpool.h(327): warning C4267: “初始化”: 从“size_t”转换到“int”，可能丢失数据
C:\Users\user\output\deepseek-v4部署\fastllm-master\include\devices/cpu/alivethreadpool.h(330): warning C4267: “初始化”: 从“size_t”转换到“int”，可能丢失数据
C:\Users\user\output\deepseek-v4部署\fastllm-master\include\devices/cpu/alivethreadpool.h(370): warning C4267: “初始化”: 从“size_t”转换到“int”，可能丢失数据
C:\Users\user\output\deepseek-v4部署\fastllm-master\include\devices/cpu/alivethreadpool.h(372): warning C4267: “初始化”: 从“size_t”转换到“int”，可能丢失数据
C:\Users\user\output\deepseek-v4部署\fastllm-master\include\fastllm.h(222): warning C4244: “初始化”: 从“int”转换到“float”，可能丢失数据
C:\Users\user\output\deepseek-v4部署\fastllm-master\include\fastllm.h(222): warning C4244: “初始化”: 从“int”转换到“const float”，可能丢失数据
C:\Users\user\output\deepseek-v4部署\fastllm-master\include\fastllm.h(227): warning C4244: “=”: 从“float”转换到“uint8_t”，可能丢失数据
C:\Users\user\output\deepseek-v4部署\fastllm-master\include\fastllm.h(229): warning C4244: “=”: 从“const float”转换到“uint8_t”，可能丢失数据
C:\Users\user\output\deepseek-v4部署\fastllm-master\include\fastllm.h(687): warning C4996: 'std::codecvt_utf8<wchar_t,1114111,(std::codecvt_mode)0>': warning STL4017: std::wbuffer_convert, std::wstring_convert, and the <codecvt> header (containing std::codecvt_mode, std::codecvt_utf8, std::codecvt_utf16, and std::codecvt_utf8_utf16) are deprecated in C++17. (The std::codecvt class template is NOT deprecated.) The C++ Standard doesn't provide equivalent non-deprecated functionality; consider using MultiByteToWideChar() and WideCharToMultiByte() from <Windows.h> instead. You can define _SILENCE_CXX17_CODECVT_HEADER_DEPRECATION_WARNING or _SILENCE_ALL_CXX17_DEPRECATION_WARNINGS to suppress this warning.
C:\Program Files (x86)\Microsoft Visual Studio\2022\BuildTools\VC\Tools\MSVC\14.44.35207\include\codecvt(34): note: 参见“std::codecvt_utf8”的声明
C:\Users\user\output\deepseek-v4部署\fastllm-master\include\fastllm.h(687): warning C4996: 'std::wstring_convert<std::codecvt_utf8<wchar_t,1114111,(std::codecvt_mode)0>,wchar_t,std::allocator<wchar_t>,std::allocator<char>>': warning STL4017: std::wbuffer_convert, std::wstring_convert, and the <codecvt> header (containing std::codecvt_mode, std::codecvt_utf8, std::codecvt_utf16, and std::codecvt_utf8_utf16) are deprecated in C++17. (The std::codecvt class template is NOT deprecated.) The C++ Standard doesn't provide equivalent non-deprecated functionality; consider using MultiByteToWideChar() and WideCharToMultiByte() from <Windows.h> instead. You can define _SILENCE_CXX17_CODECVT_HEADER_DEPRECATION_WARNING or _SILENCE_ALL_CXX17_DEPRECATION_WARNINGS to suppress this warning.
C:\Program Files (x86)\Microsoft Visual Studio\2022\BuildTools\VC\Tools\MSVC\14.44.35207\include\xlocbuf(303): note: 参见“std::wstring_convert”的声明
C:\Users\user\output\deepseek-v4部署\fastllm-master\include\models\basellm.h(344): warning C4305: “初始化”: 从“double”到“float”截断
C:\Users\user\output\deepseek-v4部署\fastllm-master\include\models\basellm.h(348): warning C4244: “初始化”: 从“double”转换到“const float”，可能丢失数据
C:\Users\user\output\deepseek-v4部署\fastllm-master\include\models\llama.h(76): warning C4305: “初始化”: 从“double”到“float”截断
C:\Users\user\output\deepseek-v4部署\fastllm-master\include\models\minimax.h(78): warning C4305: “初始化”: 从“double”到“float”截断
C:\Users\user\output\deepseek-v4部署\fastllm-master\src\models\minimax.cpp(56): warning C4244: “=”: 从“double”转换到“float”，可能丢失数据
C:\Users\user\output\deepseek-v4部署\fastllm-master\src\models\minimax.cpp(57): warning C4244: “=”: 从“double”转换到“float”，可能丢失数据
C:\Users\user\output\deepseek-v4部署\fastllm-master\src\models\minimax.cpp(58): warning C4244: “=”: 从“double”转换到“float”，可能丢失数据
C:\Users\user\output\deepseek-v4部署\fastllm-master\src\models\minimax.cpp(59): warning C4244: “=”: 从“double”转换到“float”，可能丢失数据
C:\Users\user\output\deepseek-v4部署\fastllm-master\src\models\minimax.cpp(61): warning C4244: “=”: 从“double”转换到“float”，可能丢失数据
C:\Users\user\output\deepseek-v4部署\fastllm-master\src\models\minimax.cpp(62): warning C4244: “=”: 从“double”转换到“float”，可能丢失数据
C:\Users\user\output\deepseek-v4部署\fastllm-master\src\models\minimax.cpp(85): warning C4244: “=”: 从“double”转换到“float”，可能丢失数据
C:\Users\user\output\deepseek-v4部署\fastllm-master\src\models\minimax.cpp(95): warning C4244: “=”: 从“double”转换到“float”，可能丢失数据
C:\Users\user\output\deepseek-v4部署\fastllm-master\src\models\minimax.cpp(98): warning C4244: “=”: 从“double”转换到“float”，可能丢失数据
C:\Users\user\output\deepseek-v4部署\fastllm-master\src\models\minimax.cpp(148): warning C4244: “参数”: 从“double”转换到“_Ty”，可能丢失数据
        with
        [
            _Ty=float
        ]
C:\Users\user\output\deepseek-v4部署\fastllm-master\src\models\minimax.cpp(151): warning C4244: “初始化”: 从“double”转换到“float”，可能丢失数据
C:\Users\user\output\deepseek-v4部署\fastllm-master\src\models\minimax.cpp(261): warning C4244: “*=”: 从“double”转换到“_Ty”，可能丢失数据
        with
        [
            _Ty=float
        ]
C:\Users\user\output\deepseek-v4部署\fastllm-master\src\models\minimax.cpp(289): warning C4244: “*=”: 从“double”转换到“_Ty”，可能丢失数据
        with
        [
            _Ty=float
        ]
C:\Users\user\output\deepseek-v4部署\fastllm-master\src\models\minimax.cpp(317): warning C4244: “=”: 从“double”转换到“_Ty”，可能丢失数据
        with
        [
            _Ty=float
        ]
C:\Users\user\output\deepseek-v4部署\fastllm-master\src\models\minimax.cpp(360): warning C4244: “*=”: 从“double”转换到“_Ty”，可能丢失数据
        with
        [
            _Ty=float
        ]
C:\Users\user\output\deepseek-v4部署\fastllm-master\src\models\minimax.cpp(442): warning C4244: “参数”: 从“double”转换到“float”，可能丢失数据
C:\Users\user\output\deepseek-v4部署\fastllm-master\src\models\minimax.cpp(440): warning C4305: “参数”: 从“double”到“float”截断
C:\Users\user\output\deepseek-v4部署\fastllm-master\src\models\minimax.cpp(472): warning C4244: “初始化”: 从“double”转换到“float”，可能丢失数据
C:\Users\user\output\deepseek-v4部署\fastllm-master\src\models\minimax.cpp(533): warning C4244: “参数”: 从“double”转换到“float”，可能丢失数据
C:\Users\user\output\deepseek-v4部署\fastllm-master\src\models\minimax.cpp(535): warning C4244: “参数”: 从“double”转换到“float”，可能丢失数据
C:\Users\user\output\deepseek-v4部署\fastllm-master\src\models\minimax.cpp(671): warning C4305: “=”: 从“double”到“float”截断
C:\Users\user\output\deepseek-v4部署\fastllm-master\src\models\minimax.cpp(673): warning C4305: “=”: 从“double”到“float”截断
C:\Users\user\output\deepseek-v4部署\fastllm-master\src\models\minimax.cpp(711): warning C4244: “=”: 从“int”转换到“_Ty”，可能丢失数据
        with
        [
            _Ty=float
        ]
C:\Users\user\output\deepseek-v4部署\fastllm-master\src\models\minimax.cpp(854): warning C4244: “初始化”: 从“double”转换到“float”，可能丢失数据
C:\Users\user\output\deepseek-v4部署\fastllm-master\src\models\minimax.cpp(968): warning C4244: “参数”: 从“double”转换到“float”，可能丢失数据
C:\Users\user\output\deepseek-v4部署\fastllm-master\src\models\minimax.cpp(982): warning C4244: “参数”: 从“double”转换到“float”，可能丢失数据
C:\Users\user\output\deepseek-v4部署\fastllm-master\src\models\minimax.cpp(984): warning C4244: “参数”: 从“double”转换到“float”，可能丢失数据
C:\Users\user\output\deepseek-v4部署\fastllm-master\src\models\minimax.cpp(1130): warning C4305: “=”: 从“double”到“float”截断
C:\Users\user\output\deepseek-v4部署\fastllm-master\src\models\minimax.cpp(1132): warning C4305: “=”: 从“double”到“float”截断
C:\Users\user\output\deepseek-v4部署\fastllm-master\src\models\minimax.cpp(1173): warning C4267: “初始化”: 从“size_t”转换到“int”，可能丢失数据
C:\Users\user\output\deepseek-v4部署\fastllm-master\src\models\minimax.cpp(1189): warning C4267: “初始化”: 从“size_t”转换到“int”，可能丢失数据
C:\Users\user\output\deepseek-v4部署\fastllm-master\src\models\minimax.cpp(1194): warning C4244: “=”: 从“int”转换到“_Ty”，可能丢失数据
        with
        [
            _Ty=float
        ]
C:\Users\user\output\deepseek-v4部署\fastllm-master\src\models\minimax.cpp(1223): warning C4244: “=”: 从“int”转换到“_Ty”，可能丢失数据
        with
        [
            _Ty=float
        ]
C:\Program Files (x86)\Microsoft Visual Studio\2022\BuildTools\VC\Tools\MSVC\14.44.35207\include\xutility(5310): warning C4244: “=”: 从“const _Ty”转换到“_Ty”，可能丢失数据
        with
        [
            _Ty=double
        ]
        and
        [
            _Ty=float
        ]
C:\Program Files (x86)\Microsoft Visual Studio\2022\BuildTools\VC\Tools\MSVC\14.44.35207\include\xutility(5310): note: 模板实例化上下文(最早的实例化上下文)为
C:\Users\user\output\deepseek-v4部署\fastllm-master\src\models\minimax.cpp(1197): note: 查看对正在编译的函数 模板 实例化“void std::fill<_Ty*,double>(const _FwdIt,const _FwdIt,const double &)”的引用
        with
        [
            _Ty=float,
            _FwdIt=float *
        ]
[33/81] Building CXX object CMakeFiles\fastllm_tools.dir\src\models\ernie4_5.cpp.obj
C:\Users\user\output\deepseek-v4部署\fastllm-master\include\utils\utils.h(30): warning C4067: 预处理器指令后有意外标记 - 应输入换行符
C:\Users\user\output\deepseek-v4部署\fastllm-master\include\utils\utils.h(109): warning C4996: '_wfopen': This function or variable may be unsafe. Consider using _wfopen_s instead. To disable deprecation, use _CRT_SECURE_NO_WARNINGS. See online help for details.
C:\Users\user\output\deepseek-v4部署\fastllm-master\include\utils\utils.h(118): warning C4996: '_wopen': This function or variable may be unsafe. Consider using _wsopen_s instead. To disable deprecation, use _CRT_SECURE_NO_WARNINGS. See online help for details.
C:\Users\user\output\deepseek-v4部署\fastllm-master\include\utils\utils.h(150): warning C4244: “return”: 从“double”转换到“float”，可能丢失数据
C:\Users\user\output\deepseek-v4部署\fastllm-master\include\utils\utils.h(355): warning C4267: “初始化”: 从“size_t”转换到“int”，可能丢失数据
C:\Users\user\output\deepseek-v4部署\fastllm-master\include\utils\utils.h(417): warning C4244: “+=”: 从“double”转换到“float”，可能丢失数据
C:\Users\user\output\deepseek-v4部署\fastllm-master\include\devices/cpu/alivethreadpool.h(136): warning C4267: “初始化”: 从“size_t”转换到“int”，可能丢失数据
C:\Users\user\output\deepseek-v4部署\fastllm-master\include\devices/cpu/alivethreadpool.h(176): warning C4267: “初始化”: 从“size_t”转换到“int”，可能丢失数据
C:\Users\user\output\deepseek-v4部署\fastllm-master\include\devices/cpu/alivethreadpool.h(236): warning C4267: “初始化”: 从“size_t”转换到“int”，可能丢失数据
C:\Users\user\output\deepseek-v4部署\fastllm-master\include\devices/cpu/alivethreadpool.h(237): warning C4267: “初始化”: 从“size_t”转换到“int”，可能丢失数据
C:\Users\user\output\deepseek-v4部署\fastllm-master\include\devices/cpu/alivethreadpool.h(238): warning C4267: “初始化”: 从“size_t”转换到“int”，可能丢失数据
C:\Users\user\output\deepseek-v4部署\fastllm-master\include\devices/cpu/alivethreadpool.h(281): warning C4267: “初始化”: 从“size_t”转换到“int”，可能丢失数据
C:\Users\user\output\deepseek-v4部署\fastllm-master\include\devices/cpu/alivethreadpool.h(327): warning C4267: “初始化”: 从“size_t”转换到“int”，可能丢失数据
C:\Users\user\output\deepseek-v4部署\fastllm-master\include\devices/cpu/alivethreadpool.h(330): warning C4267: “初始化”: 从“size_t”转换到“int”，可能丢失数据
C:\Users\user\output\deepseek-v4部署\fastllm-master\include\devices/cpu/alivethreadpool.h(370): warning C4267: “初始化”: 从“size_t”转换到“int”，可能丢失数据
C:\Users\user\output\deepseek-v4部署\fastllm-master\include\devices/cpu/alivethreadpool.h(372): warning C4267: “初始化”: 从“size_t”转换到“int”，可能丢失数据
C:\Users\user\output\deepseek-v4部署\fastllm-master\include\fastllm.h(222): warning C4244: “初始化”: 从“int”转换到“float”，可能丢失数据
C:\Users\user\output\deepseek-v4部署\fastllm-master\include\fastllm.h(222): warning C4244: “初始化”: 从“int”转换到“const float”，可能丢失数据
C:\Users\user\output\deepseek-v4部署\fastllm-master\include\fastllm.h(227): warning C4244: “=”: 从“float”转换到“uint8_t”，可能丢失数据
C:\Users\user\output\deepseek-v4部署\fastllm-master\include\fastllm.h(229): warning C4244: “=”: 从“const float”转换到“uint8_t”，可能丢失数据
C:\Users\user\output\deepseek-v4部署\fastllm-master\include\fastllm.h(687): warning C4996: 'std::codecvt_utf8<wchar_t,1114111,(std::codecvt_mode)0>': warning STL4017: std::wbuffer_convert, std::wstring_convert, and the <codecvt> header (containing std::codecvt_mode, std::codecvt_utf8, std::codecvt_utf16, and std::codecvt_utf8_utf16) are deprecated in C++17. (The std::codecvt class template is NOT deprecated.) The C++ Standard doesn't provide equivalent non-deprecated functionality; consider using MultiByteToWideChar() and WideCharToMultiByte() from <Windows.h> instead. You can define _SILENCE_CXX17_CODECVT_HEADER_DEPRECATION_WARNING or _SILENCE_ALL_CXX17_DEPRECATION_WARNINGS to suppress this warning.
C:\Program Files (x86)\Microsoft Visual Studio\2022\BuildTools\VC\Tools\MSVC\14.44.35207\include\codecvt(34): note: 参见“std::codecvt_utf8”的声明
C:\Users\user\output\deepseek-v4部署\fastllm-master\include\fastllm.h(687): warning C4996: 'std::wstring_convert<std::codecvt_utf8<wchar_t,1114111,(std::codecvt_mode)0>,wchar_t,std::allocator<wchar_t>,std::allocator<char>>': warning STL4017: std::wbuffer_convert, std::wstring_convert, and the <codecvt> header (containing std::codecvt_mode, std::codecvt_utf8, std::codecvt_utf16, and std::codecvt_utf8_utf16) are deprecated in C++17. (The std::codecvt class template is NOT deprecated.) The C++ Standard doesn't provide equivalent non-deprecated functionality; consider using MultiByteToWideChar() and WideCharToMultiByte() from <Windows.h> instead. You can define _SILENCE_CXX17_CODECVT_HEADER_DEPRECATION_WARNING or _SILENCE_ALL_CXX17_DEPRECATION_WARNINGS to suppress this warning.
C:\Program Files (x86)\Microsoft Visual Studio\2022\BuildTools\VC\Tools\MSVC\14.44.35207\include\xlocbuf(303): note: 参见“std::wstring_convert”的声明
C:\Users\user\output\deepseek-v4部署\fastllm-master\include\models\basellm.h(344): warning C4305: “初始化”: 从“double”到“float”截断
C:\Users\user\output\deepseek-v4部署\fastllm-master\include\models\basellm.h(348): warning C4244: “初始化”: 从“double”转换到“const float”，可能丢失数据
C:\Users\user\output\deepseek-v4部署\fastllm-master\include\models\llama.h(76): warning C4305: “初始化”: 从“double”到“float”截断
C:\Users\user\output\deepseek-v4部署\fastllm-master\include\models\ernie4_5.h(78): warning C4305: “初始化”: 从“double”到“float”截断
C:\Users\user\output\deepseek-v4部署\fastllm-master\src\models\ernie4_5.cpp(66): warning C4244: “=”: 从“double”转换到“float”，可能丢失数据
C:\Users\user\output\deepseek-v4部署\fastllm-master\src\models\ernie4_5.cpp(76): warning C4244: “=”: 从“double”转换到“float”，可能丢失数据
C:\Users\user\output\deepseek-v4部署\fastllm-master\src\models\ernie4_5.cpp(79): warning C4244: “=”: 从“double”转换到“float”，可能丢失数据
C:\Users\user\output\deepseek-v4部署\fastllm-master\src\models\ernie4_5.cpp(136): warning C4244: “参数”: 从“double”转换到“_Ty”，可能丢失数据
        with
        [
            _Ty=float
        ]
C:\Users\user\output\deepseek-v4部署\fastllm-master\src\models\ernie4_5.cpp(138): warning C4244: “初始化”: 从“double”转换到“float”，可能丢失数据
C:\Users\user\output\deepseek-v4部署\fastllm-master\src\models\ernie4_5.cpp(242): warning C4244: “参数”: 从“double”转换到“float”，可能丢失数据
C:\Users\user\output\deepseek-v4部署\fastllm-master\src\models\ernie4_5.cpp(240): warning C4305: “参数”: 从“double”到“float”截断
C:\Users\user\output\deepseek-v4部署\fastllm-master\src\models\ernie4_5.cpp(321): warning C4244: “参数”: 从“double”转换到“float”，可能丢失数据
C:\Users\user\output\deepseek-v4部署\fastllm-master\src\models\ernie4_5.cpp(400): warning C4305: “=”: 从“double”到“float”截断
C:\Users\user\output\deepseek-v4部署\fastllm-master\src\models\ernie4_5.cpp(402): warning C4305: “=”: 从“double”到“float”截断
C:\Users\user\output\deepseek-v4部署\fastllm-master\src\models\ernie4_5.cpp(440): warning C4244: “=”: 从“int”转换到“_Ty”，可能丢失数据
        with
        [
            _Ty=float
        ]
C:\Users\user\output\deepseek-v4部署\fastllm-master\src\models\ernie4_5.cpp(696): warning C4244: “参数”: 从“double”转换到“float”，可能丢失数据
C:\Users\user\output\deepseek-v4部署\fastllm-master\src\models\ernie4_5.cpp(711): warning C4244: “参数”: 从“double”转换到“float”，可能丢失数据
C:\Users\user\output\deepseek-v4部署\fastllm-master\src\models\ernie4_5.cpp(713): warning C4244: “参数”: 从“double”转换到“float”，可能丢失数据
C:\Users\user\output\deepseek-v4部署\fastllm-master\src\models\ernie4_5.cpp(790): warning C4305: “=”: 从“double”到“float”截断
C:\Users\user\output\deepseek-v4部署\fastllm-master\src\models\ernie4_5.cpp(792): warning C4305: “=”: 从“double”到“float”截断
C:\Users\user\output\deepseek-v4部署\fastllm-master\src\models\ernie4_5.cpp(833): warning C4267: “初始化”: 从“size_t”转换到“int”，可能丢失数据
C:\Users\user\output\deepseek-v4部署\fastllm-master\src\models\ernie4_5.cpp(849): warning C4267: “初始化”: 从“size_t”转换到“int”，可能丢失数据
C:\Users\user\output\deepseek-v4部署\fastllm-master\src\models\ernie4_5.cpp(854): warning C4244: “=”: 从“int”转换到“_Ty”，可能丢失数据
        with
        [
            _Ty=float
        ]
C:\Users\user\output\deepseek-v4部署\fastllm-master\src\models\ernie4_5.cpp(883): warning C4244: “=”: 从“int”转换到“_Ty”，可能丢失数据
        with
        [
            _Ty=float
        ]
C:\Program Files (x86)\Microsoft Visual Studio\2022\BuildTools\VC\Tools\MSVC\14.44.35207\include\xutility(5310): warning C4244: “=”: 从“const _Ty”转换到“_Ty”，可能丢失数据
        with
        [
            _Ty=double
        ]
        and
        [
            _Ty=float
        ]
C:\Program Files (x86)\Microsoft Visual Studio\2022\BuildTools\VC\Tools\MSVC\14.44.35207\include\xutility(5310): note: 模板实例化上下文(最早的实例化上下文)为
C:\Users\user\output\deepseek-v4部署\fastllm-master\src\models\ernie4_5.cpp(857): note: 查看对正在编译的函数 模板 实例化“void std::fill<_Ty*,double>(const _FwdIt,const _FwdIt,const double &)”的引用
        with
        [
            _Ty=float,
            _FwdIt=float *
        ]
[34/81] Building CXX object CMakeFiles\fastllm_tools.dir\src\models\pangu_moe.cpp.obj
C:\Users\user\output\deepseek-v4部署\fastllm-master\include\utils\utils.h(30): warning C4067: 预处理器指令后有意外标记 - 应输入换行符
C:\Users\user\output\deepseek-v4部署\fastllm-master\include\utils\utils.h(109): warning C4996: '_wfopen': This function or variable may be unsafe. Consider using _wfopen_s instead. To disable deprecation, use _CRT_SECURE_NO_WARNINGS. See online help for details.
C:\Users\user\output\deepseek-v4部署\fastllm-master\include\utils\utils.h(118): warning C4996: '_wopen': This function or variable may be unsafe. Consider using _wsopen_s instead. To disable deprecation, use _CRT_SECURE_NO_WARNINGS. See online help for details.
C:\Users\user\output\deepseek-v4部署\fastllm-master\include\utils\utils.h(150): warning C4244: “return”: 从“double”转换到“float”，可能丢失数据
C:\Users\user\output\deepseek-v4部署\fastllm-master\include\utils\utils.h(355): warning C4267: “初始化”: 从“size_t”转换到“int”，可能丢失数据
C:\Users\user\output\deepseek-v4部署\fastllm-master\include\utils\utils.h(417): warning C4244: “+=”: 从“double”转换到“float”，可能丢失数据
C:\Users\user\output\deepseek-v4部署\fastllm-master\include\devices/cpu/alivethreadpool.h(136): warning C4267: “初始化”: 从“size_t”转换到“int”，可能丢失数据
C:\Users\user\output\deepseek-v4部署\fastllm-master\include\devices/cpu/alivethreadpool.h(176): warning C4267: “初始化”: 从“size_t”转换到“int”，可能丢失数据
C:\Users\user\output\deepseek-v4部署\fastllm-master\include\devices/cpu/alivethreadpool.h(236): warning C4267: “初始化”: 从“size_t”转换到“int”，可能丢失数据
C:\Users\user\output\deepseek-v4部署\fastllm-master\include\devices/cpu/alivethreadpool.h(237): warning C4267: “初始化”: 从“size_t”转换到“int”，可能丢失数据
C:\Users\user\output\deepseek-v4部署\fastllm-master\include\devices/cpu/alivethreadpool.h(238): warning C4267: “初始化”: 从“size_t”转换到“int”，可能丢失数据
C:\Users\user\output\deepseek-v4部署\fastllm-master\include\devices/cpu/alivethreadpool.h(281): warning C4267: “初始化”: 从“size_t”转换到“int”，可能丢失数据
C:\Users\user\output\deepseek-v4部署\fastllm-master\include\devices/cpu/alivethreadpool.h(327): warning C4267: “初始化”: 从“size_t”转换到“int”，可能丢失数据
C:\Users\user\output\deepseek-v4部署\fastllm-master\include\devices/cpu/alivethreadpool.h(330): warning C4267: “初始化”: 从“size_t”转换到“int”，可能丢失数据
C:\Users\user\output\deepseek-v4部署\fastllm-master\include\devices/cpu/alivethreadpool.h(370): warning C4267: “初始化”: 从“size_t”转换到“int”，可能丢失数据
C:\Users\user\output\deepseek-v4部署\fastllm-master\include\devices/cpu/alivethreadpool.h(372): warning C4267: “初始化”: 从“size_t”转换到“int”，可能丢失数据
C:\Users\user\output\deepseek-v4部署\fastllm-master\include\fastllm.h(222): warning C4244: “初始化”: 从“int”转换到“float”，可能丢失数据
C:\Users\user\output\deepseek-v4部署\fastllm-master\include\fastllm.h(222): warning C4244: “初始化”: 从“int”转换到“const float”，可能丢失数据
C:\Users\user\output\deepseek-v4部署\fastllm-master\include\fastllm.h(227): warning C4244: “=”: 从“float”转换到“uint8_t”，可能丢失数据
C:\Users\user\output\deepseek-v4部署\fastllm-master\include\fastllm.h(229): warning C4244: “=”: 从“const float”转换到“uint8_t”，可能丢失数据
C:\Users\user\output\deepseek-v4部署\fastllm-master\include\fastllm.h(687): warning C4996: 'std::codecvt_utf8<wchar_t,1114111,(std::codecvt_mode)0>': warning STL4017: std::wbuffer_convert, std::wstring_convert, and the <codecvt> header (containing std::codecvt_mode, std::codecvt_utf8, std::codecvt_utf16, and std::codecvt_utf8_utf16) are deprecated in C++17. (The std::codecvt class template is NOT deprecated.) The C++ Standard doesn't provide equivalent non-deprecated functionality; consider using MultiByteToWideChar() and WideCharToMultiByte() from <Windows.h> instead. You can define _SILENCE_CXX17_CODECVT_HEADER_DEPRECATION_WARNING or _SILENCE_ALL_CXX17_DEPRECATION_WARNINGS to suppress this warning.
C:\Program Files (x86)\Microsoft Visual Studio\2022\BuildTools\VC\Tools\MSVC\14.44.35207\include\codecvt(34): note: 参见“std::codecvt_utf8”的声明
C:\Users\user\output\deepseek-v4部署\fastllm-master\include\fastllm.h(687): warning C4996: 'std::wstring_convert<std::codecvt_utf8<wchar_t,1114111,(std::codecvt_mode)0>,wchar_t,std::allocator<wchar_t>,std::allocator<char>>': warning STL4017: std::wbuffer_convert, std::wstring_convert, and the <codecvt> header (containing std::codecvt_mode, std::codecvt_utf8, std::codecvt_utf16, and std::codecvt_utf8_utf16) are deprecated in C++17. (The std::codecvt class template is NOT deprecated.) The C++ Standard doesn't provide equivalent non-deprecated functionality; consider using MultiByteToWideChar() and WideCharToMultiByte() from <Windows.h> instead. You can define _SILENCE_CXX17_CODECVT_HEADER_DEPRECATION_WARNING or _SILENCE_ALL_CXX17_DEPRECATION_WARNINGS to suppress this warning.
C:\Program Files (x86)\Microsoft Visual Studio\2022\BuildTools\VC\Tools\MSVC\14.44.35207\include\xlocbuf(303): note: 参见“std::wstring_convert”的声明
C:\Users\user\output\deepseek-v4部署\fastllm-master\include\models\basellm.h(344): warning C4305: “初始化”: 从“double”到“float”截断
C:\Users\user\output\deepseek-v4部署\fastllm-master\include\models\basellm.h(348): warning C4244: “初始化”: 从“double”转换到“const float”，可能丢失数据
C:\Users\user\output\deepseek-v4部署\fastllm-master\include\models\llama.h(76): warning C4305: “初始化”: 从“double”到“float”截断
C:\Users\user\output\deepseek-v4部署\fastllm-master\include\models\pangu_moe.h(78): warning C4305: “初始化”: 从“double”到“float”截断
C:\Users\user\output\deepseek-v4部署\fastllm-master\src\models\pangu_moe.cpp(64): warning C4244: “=”: 从“double”转换到“float”，可能丢失数据
C:\Users\user\output\deepseek-v4部署\fastllm-master\src\models\pangu_moe.cpp(74): warning C4244: “=”: 从“double”转换到“float”，可能丢失数据
C:\Users\user\output\deepseek-v4部署\fastllm-master\src\models\pangu_moe.cpp(77): warning C4244: “=”: 从“double”转换到“float”，可能丢失数据
C:\Users\user\output\deepseek-v4部署\fastllm-master\src\models\pangu_moe.cpp(133): warning C4244: “参数”: 从“double”转换到“_Ty”，可能丢失数据
        with
        [
            _Ty=float
        ]
C:\Users\user\output\deepseek-v4部署\fastllm-master\src\models\pangu_moe.cpp(135): warning C4244: “初始化”: 从“double”转换到“float”，可能丢失数据
C:\Users\user\output\deepseek-v4部署\fastllm-master\src\models\pangu_moe.cpp(239): warning C4244: “参数”: 从“double”转换到“float”，可能丢失数据
C:\Users\user\output\deepseek-v4部署\fastllm-master\src\models\pangu_moe.cpp(237): warning C4305: “参数”: 从“double”到“float”截断
C:\Users\user\output\deepseek-v4部署\fastllm-master\src\models\pangu_moe.cpp(316): warning C4244: “参数”: 从“double”转换到“float”，可能丢失数据
C:\Users\user\output\deepseek-v4部署\fastllm-master\src\models\pangu_moe.cpp(497): warning C4305: “=”: 从“double”到“float”截断
C:\Users\user\output\deepseek-v4部署\fastllm-master\src\models\pangu_moe.cpp(499): warning C4305: “=”: 从“double”到“float”截断
C:\Users\user\output\deepseek-v4部署\fastllm-master\src\models\pangu_moe.cpp(537): warning C4244: “=”: 从“int”转换到“_Ty”，可能丢失数据
        with
        [
            _Ty=float
        ]
C:\Users\user\output\deepseek-v4部署\fastllm-master\src\models\pangu_moe.cpp(789): warning C4244: “参数”: 从“double”转换到“float”，可能丢失数据
C:\Users\user\output\deepseek-v4部署\fastllm-master\src\models\pangu_moe.cpp(804): warning C4244: “参数”: 从“double”转换到“float”，可能丢失数据
C:\Users\user\output\deepseek-v4部署\fastllm-master\src\models\pangu_moe.cpp(806): warning C4244: “参数”: 从“double”转换到“float”，可能丢失数据
C:\Users\user\output\deepseek-v4部署\fastllm-master\src\models\pangu_moe.cpp(893): warning C4305: “=”: 从“double”到“float”截断
C:\Users\user\output\deepseek-v4部署\fastllm-master\src\models\pangu_moe.cpp(895): warning C4305: “=”: 从“double”到“float”截断
C:\Users\user\output\deepseek-v4部署\fastllm-master\src\models\pangu_moe.cpp(936): warning C4267: “初始化”: 从“size_t”转换到“int”，可能丢失数据
C:\Users\user\output\deepseek-v4部署\fastllm-master\src\models\pangu_moe.cpp(952): warning C4267: “初始化”: 从“size_t”转换到“int”，可能丢失数据
C:\Users\user\output\deepseek-v4部署\fastllm-master\src\models\pangu_moe.cpp(957): warning C4244: “=”: 从“int”转换到“_Ty”，可能丢失数据
        with
        [
            _Ty=float
        ]
C:\Users\user\output\deepseek-v4部署\fastllm-master\src\models\pangu_moe.cpp(986): warning C4244: “=”: 从“int”转换到“_Ty”，可能丢失数据
        with
        [
            _Ty=float
        ]
C:\Program Files (x86)\Microsoft Visual Studio\2022\BuildTools\VC\Tools\MSVC\14.44.35207\include\xutility(5310): warning C4244: “=”: 从“const _Ty”转换到“_Ty”，可能丢失数据
        with
        [
            _Ty=double
        ]
        and
        [
            _Ty=float
        ]
C:\Program Files (x86)\Microsoft Visual Studio\2022\BuildTools\VC\Tools\MSVC\14.44.35207\include\xutility(5310): note: 模板实例化上下文(最早的实例化上下文)为
C:\Users\user\output\deepseek-v4部署\fastllm-master\src\models\pangu_moe.cpp(960): note: 查看对正在编译的函数 模板 实例化“void std::fill<_Ty*,double>(const _FwdIt,const _FwdIt,const double &)”的引用
        with
        [
            _Ty=float,
            _FwdIt=float *
        ]
[35/81] Building CXX object CMakeFiles\fastllm_tools.dir\src\models\glm4_moe.cpp.obj
C:\Users\user\output\deepseek-v4部署\fastllm-master\include\utils\utils.h(30): warning C4067: 预处理器指令后有意外标记 - 应输入换行符
C:\Users\user\output\deepseek-v4部署\fastllm-master\include\utils\utils.h(109): warning C4996: '_wfopen': This function or variable may be unsafe. Consider using _wfopen_s instead. To disable deprecation, use _CRT_SECURE_NO_WARNINGS. See online help for details.
C:\Users\user\output\deepseek-v4部署\fastllm-master\include\utils\utils.h(118): warning C4996: '_wopen': This function or variable may be unsafe. Consider using _wsopen_s instead. To disable deprecation, use _CRT_SECURE_NO_WARNINGS. See online help for details.
C:\Users\user\output\deepseek-v4部署\fastllm-master\include\utils\utils.h(150): warning C4244: “return”: 从“double”转换到“float”，可能丢失数据
C:\Users\user\output\deepseek-v4部署\fastllm-master\include\utils\utils.h(355): warning C4267: “初始化”: 从“size_t”转换到“int”，可能丢失数据
C:\Users\user\output\deepseek-v4部署\fastllm-master\include\utils\utils.h(417): warning C4244: “+=”: 从“double”转换到“float”，可能丢失数据
C:\Users\user\output\deepseek-v4部署\fastllm-master\include\devices/cpu/alivethreadpool.h(136): warning C4267: “初始化”: 从“size_t”转换到“int”，可能丢失数据
C:\Users\user\output\deepseek-v4部署\fastllm-master\include\devices/cpu/alivethreadpool.h(176): warning C4267: “初始化”: 从“size_t”转换到“int”，可能丢失数据
C:\Users\user\output\deepseek-v4部署\fastllm-master\include\devices/cpu/alivethreadpool.h(236): warning C4267: “初始化”: 从“size_t”转换到“int”，可能丢失数据
C:\Users\user\output\deepseek-v4部署\fastllm-master\include\devices/cpu/alivethreadpool.h(237): warning C4267: “初始化”: 从“size_t”转换到“int”，可能丢失数据
C:\Users\user\output\deepseek-v4部署\fastllm-master\include\devices/cpu/alivethreadpool.h(238): warning C4267: “初始化”: 从“size_t”转换到“int”，可能丢失数据
C:\Users\user\output\deepseek-v4部署\fastllm-master\include\devices/cpu/alivethreadpool.h(281): warning C4267: “初始化”: 从“size_t”转换到“int”，可能丢失数据
C:\Users\user\output\deepseek-v4部署\fastllm-master\include\devices/cpu/alivethreadpool.h(327): warning C4267: “初始化”: 从“size_t”转换到“int”，可能丢失数据
C:\Users\user\output\deepseek-v4部署\fastllm-master\include\devices/cpu/alivethreadpool.h(330): warning C4267: “初始化”: 从“size_t”转换到“int”，可能丢失数据
C:\Users\user\output\deepseek-v4部署\fastllm-master\include\devices/cpu/alivethreadpool.h(370): warning C4267: “初始化”: 从“size_t”转换到“int”，可能丢失数据
C:\Users\user\output\deepseek-v4部署\fastllm-master\include\devices/cpu/alivethreadpool.h(372): warning C4267: “初始化”: 从“size_t”转换到“int”，可能丢失数据
C:\Users\user\output\deepseek-v4部署\fastllm-master\include\fastllm.h(222): warning C4244: “初始化”: 从“int”转换到“float”，可能丢失数据
C:\Users\user\output\deepseek-v4部署\fastllm-master\include\fastllm.h(222): warning C4244: “初始化”: 从“int”转换到“const float”，可能丢失数据
C:\Users\user\output\deepseek-v4部署\fastllm-master\include\fastllm.h(227): warning C4244: “=”: 从“float”转换到“uint8_t”，可能丢失数据
C:\Users\user\output\deepseek-v4部署\fastllm-master\include\fastllm.h(229): warning C4244: “=”: 从“const float”转换到“uint8_t”，可能丢失数据
C:\Users\user\output\deepseek-v4部署\fastllm-master\include\fastllm.h(687): warning C4996: 'std::codecvt_utf8<wchar_t,1114111,(std::codecvt_mode)0>': warning STL4017: std::wbuffer_convert, std::wstring_convert, and the <codecvt> header (containing std::codecvt_mode, std::codecvt_utf8, std::codecvt_utf16, and std::codecvt_utf8_utf16) are deprecated in C++17. (The std::codecvt class template is NOT deprecated.) The C++ Standard doesn't provide equivalent non-deprecated functionality; consider using MultiByteToWideChar() and WideCharToMultiByte() from <Windows.h> instead. You can define _SILENCE_CXX17_CODECVT_HEADER_DEPRECATION_WARNING or _SILENCE_ALL_CXX17_DEPRECATION_WARNINGS to suppress this warning.
C:\Program Files (x86)\Microsoft Visual Studio\2022\BuildTools\VC\Tools\MSVC\14.44.35207\include\codecvt(34): note: 参见“std::codecvt_utf8”的声明
C:\Users\user\output\deepseek-v4部署\fastllm-master\include\fastllm.h(687): warning C4996: 'std::wstring_convert<std::codecvt_utf8<wchar_t,1114111,(std::codecvt_mode)0>,wchar_t,std::allocator<wchar_t>,std::allocator<char>>': warning STL4017: std::wbuffer_convert, std::wstring_convert, and the <codecvt> header (containing std::codecvt_mode, std::codecvt_utf8, std::codecvt_utf16, and std::codecvt_utf8_utf16) are deprecated in C++17. (The std::codecvt class template is NOT deprecated.) The C++ Standard doesn't provide equivalent non-deprecated functionality; consider using MultiByteToWideChar() and WideCharToMultiByte() from <Windows.h> instead. You can define _SILENCE_CXX17_CODECVT_HEADER_DEPRECATION_WARNING or _SILENCE_ALL_CXX17_DEPRECATION_WARNINGS to suppress this warning.
C:\Program Files (x86)\Microsoft Visual Studio\2022\BuildTools\VC\Tools\MSVC\14.44.35207\include\xlocbuf(303): note: 参见“std::wstring_convert”的声明
C:\Users\user\output\deepseek-v4部署\fastllm-master\include\models\basellm.h(344): warning C4305: “初始化”: 从“double”到“float”截断
C:\Users\user\output\deepseek-v4部署\fastllm-master\include\models\basellm.h(348): warning C4244: “初始化”: 从“double”转换到“const float”，可能丢失数据
C:\Users\user\output\deepseek-v4部署\fastllm-master\include\models\llama.h(76): warning C4305: “初始化”: 从“double”到“float”截断
C:\Users\user\output\deepseek-v4部署\fastllm-master\include\models\glm4_moe.h(78): warning C4305: “初始化”: 从“double”到“float”截断
C:\Users\user\output\deepseek-v4部署\fastllm-master\src\models\glm4_moe.cpp(68): warning C4244: “=”: 从“double”转换到“float”，可能丢失数据
C:\Users\user\output\deepseek-v4部署\fastllm-master\src\models\glm4_moe.cpp(74): warning C4244: “=”: 从“double”转换到“float”，可能丢失数据
C:\Users\user\output\deepseek-v4部署\fastllm-master\src\models\glm4_moe.cpp(84): warning C4244: “=”: 从“double”转换到“float”，可能丢失数据
C:\Users\user\output\deepseek-v4部署\fastllm-master\src\models\glm4_moe.cpp(87): warning C4244: “=”: 从“double”转换到“float”，可能丢失数据
C:\Users\user\output\deepseek-v4部署\fastllm-master\src\models\glm4_moe.cpp(144): warning C4244: “参数”: 从“double”转换到“_Ty”，可能丢失数据
        with
        [
            _Ty=float
        ]
C:\Users\user\output\deepseek-v4部署\fastllm-master\src\models\glm4_moe.cpp(147): warning C4244: “初始化”: 从“double”转换到“float”，可能丢失数据
C:\Users\user\output\deepseek-v4部署\fastllm-master\src\models\glm4_moe.cpp(251): warning C4244: “参数”: 从“double”转换到“float”，可能丢失数据
C:\Users\user\output\deepseek-v4部署\fastllm-master\src\models\glm4_moe.cpp(294): warning C4244: “初始化”: 从“double”转换到“float”，可能丢失数据
C:\Users\user\output\deepseek-v4部署\fastllm-master\src\models\glm4_moe.cpp(356): warning C4244: “参数”: 从“double”转换到“float”，可能丢失数据
C:\Users\user\output\deepseek-v4部署\fastllm-master\src\models\glm4_moe.cpp(545): warning C4305: “=”: 从“double”到“float”截断
C:\Users\user\output\deepseek-v4部署\fastllm-master\src\models\glm4_moe.cpp(547): warning C4305: “=”: 从“double”到“float”截断
C:\Users\user\output\deepseek-v4部署\fastllm-master\src\models\glm4_moe.cpp(586): warning C4244: “=”: 从“int”转换到“_Ty”，可能丢失数据
        with
        [
            _Ty=float
        ]
C:\Users\user\output\deepseek-v4部署\fastllm-master\src\models\glm4_moe.cpp(743): warning C4244: “初始化”: 从“double”转换到“float”，可能丢失数据
C:\Users\user\output\deepseek-v4部署\fastllm-master\src\models\glm4_moe.cpp(870): warning C4244: “参数”: 从“double”转换到“float”，可能丢失数据
C:\Users\user\output\deepseek-v4部署\fastllm-master\src\models\glm4_moe.cpp(884): warning C4244: “参数”: 从“double”转换到“float”，可能丢失数据
C:\Users\user\output\deepseek-v4部署\fastllm-master\src\models\glm4_moe.cpp(886): warning C4244: “参数”: 从“double”转换到“float”，可能丢失数据
C:\Users\user\output\deepseek-v4部署\fastllm-master\src\models\glm4_moe.cpp(1071): warning C4305: “=”: 从“double”到“float”截断
C:\Users\user\output\deepseek-v4部署\fastllm-master\src\models\glm4_moe.cpp(1073): warning C4305: “=”: 从“double”到“float”截断
C:\Users\user\output\deepseek-v4部署\fastllm-master\src\models\glm4_moe.cpp(1114): warning C4267: “初始化”: 从“size_t”转换到“int”，可能丢失数据
C:\Users\user\output\deepseek-v4部署\fastllm-master\src\models\glm4_moe.cpp(1130): warning C4267: “初始化”: 从“size_t”转换到“int”，可能丢失数据
C:\Users\user\output\deepseek-v4部署\fastllm-master\src\models\glm4_moe.cpp(1135): warning C4244: “=”: 从“int”转换到“_Ty”，可能丢失数据
        with
        [
            _Ty=float
        ]
C:\Users\user\output\deepseek-v4部署\fastllm-master\src\models\glm4_moe.cpp(1164): warning C4244: “=”: 从“int”转换到“_Ty”，可能丢失数据
        with
        [
            _Ty=float
        ]
C:\Program Files (x86)\Microsoft Visual Studio\2022\BuildTools\VC\Tools\MSVC\14.44.35207\include\xutility(5310): warning C4244: “=”: 从“const _Ty”转换到“_Ty”，可能丢失数据
        with
        [
            _Ty=double
        ]
        and
        [
            _Ty=float
        ]
C:\Program Files (x86)\Microsoft Visual Studio\2022\BuildTools\VC\Tools\MSVC\14.44.35207\include\xutility(5310): note: 模板实例化上下文(最早的实例化上下文)为
C:\Users\user\output\deepseek-v4部署\fastllm-master\src\models\glm4_moe.cpp(1138): note: 查看对正在编译的函数 模板 实例化“void std::fill<_Ty*,double>(const _FwdIt,const _FwdIt,const double &)”的引用
        with
        [
            _Ty=float,
            _FwdIt=float *
        ]
[36/81] Building CXX object CMakeFiles\fastllm_tools.dir\third_party\json11\json11.cpp.obj
C:\Users\user\output\deepseek-v4部署\fastllm-master\third_party\json11\json11.cpp(167): warning C4244: “初始化”: 从“double”转换到“int”，可能丢失数据
C:\Users\user\output\deepseek-v4部署\fastllm-master\third_party\json11\json11.cpp(168): warning C4244: “初始化”: 从“double”转换到“int”，可能丢失数据
C:\Users\user\output\deepseek-v4部署\fastllm-master\third_party\json11\json11.cpp(248): warning C4244: “return”: 从“const T”转换到“double”，可能丢失数据
        with
        [
            T=__int64
        ]
C:\Users\user\output\deepseek-v4部署\fastllm-master\third_party\json11\json11.cpp(249): warning C4244: “return”: 从“const T”转换到“int”，可能丢失数据
        with
        [
            T=__int64
        ]
[37/81] Building CXX object CMakeFiles\fastllm_tools.dir\src\models\minimax_m2.cpp.obj
C:\Users\user\output\deepseek-v4部署\fastllm-master\include\utils\utils.h(30): warning C4067: 预处理器指令后有意外标记 - 应输入换行符
C:\Users\user\output\deepseek-v4部署\fastllm-master\include\utils\utils.h(109): warning C4996: '_wfopen': This function or variable may be unsafe. Consider using _wfopen_s instead. To disable deprecation, use _CRT_SECURE_NO_WARNINGS. See online help for details.
C:\Users\user\output\deepseek-v4部署\fastllm-master\include\utils\utils.h(118): warning C4996: '_wopen': This function or variable may be unsafe. Consider using _wsopen_s instead. To disable deprecation, use _CRT_SECURE_NO_WARNINGS. See online help for details.
C:\Users\user\output\deepseek-v4部署\fastllm-master\include\utils\utils.h(150): warning C4244: “return”: 从“double”转换到“float”，可能丢失数据
C:\Users\user\output\deepseek-v4部署\fastllm-master\include\utils\utils.h(355): warning C4267: “初始化”: 从“size_t”转换到“int”，可能丢失数据
C:\Users\user\output\deepseek-v4部署\fastllm-master\include\utils\utils.h(417): warning C4244: “+=”: 从“double”转换到“float”，可能丢失数据
C:\Users\user\output\deepseek-v4部署\fastllm-master\include\devices/cpu/alivethreadpool.h(136): warning C4267: “初始化”: 从“size_t”转换到“int”，可能丢失数据
C:\Users\user\output\deepseek-v4部署\fastllm-master\include\devices/cpu/alivethreadpool.h(176): warning C4267: “初始化”: 从“size_t”转换到“int”，可能丢失数据
C:\Users\user\output\deepseek-v4部署\fastllm-master\include\devices/cpu/alivethreadpool.h(236): warning C4267: “初始化”: 从“size_t”转换到“int”，可能丢失数据
C:\Users\user\output\deepseek-v4部署\fastllm-master\include\devices/cpu/alivethreadpool.h(237): warning C4267: “初始化”: 从“size_t”转换到“int”，可能丢失数据
C:\Users\user\output\deepseek-v4部署\fastllm-master\include\devices/cpu/alivethreadpool.h(238): warning C4267: “初始化”: 从“size_t”转换到“int”，可能丢失数据
C:\Users\user\output\deepseek-v4部署\fastllm-master\include\devices/cpu/alivethreadpool.h(281): warning C4267: “初始化”: 从“size_t”转换到“int”，可能丢失数据
C:\Users\user\output\deepseek-v4部署\fastllm-master\include\devices/cpu/alivethreadpool.h(327): warning C4267: “初始化”: 从“size_t”转换到“int”，可能丢失数据
C:\Users\user\output\deepseek-v4部署\fastllm-master\include\devices/cpu/alivethreadpool.h(330): warning C4267: “初始化”: 从“size_t”转换到“int”，可能丢失数据
C:\Users\user\output\deepseek-v4部署\fastllm-master\include\devices/cpu/alivethreadpool.h(370): warning C4267: “初始化”: 从“size_t”转换到“int”，可能丢失数据
C:\Users\user\output\deepseek-v4部署\fastllm-master\include\devices/cpu/alivethreadpool.h(372): warning C4267: “初始化”: 从“size_t”转换到“int”，可能丢失数据
C:\Users\user\output\deepseek-v4部署\fastllm-master\include\fastllm.h(222): warning C4244: “初始化”: 从“int”转换到“float”，可能丢失数据
C:\Users\user\output\deepseek-v4部署\fastllm-master\include\fastllm.h(222): warning C4244: “初始化”: 从“int”转换到“const float”，可能丢失数据
C:\Users\user\output\deepseek-v4部署\fastllm-master\include\fastllm.h(227): warning C4244: “=”: 从“float”转换到“uint8_t”，可能丢失数据
C:\Users\user\output\deepseek-v4部署\fastllm-master\include\fastllm.h(229): warning C4244: “=”: 从“const float”转换到“uint8_t”，可能丢失数据
C:\Users\user\output\deepseek-v4部署\fastllm-master\include\fastllm.h(687): warning C4996: 'std::codecvt_utf8<wchar_t,1114111,(std::codecvt_mode)0>': warning STL4017: std::wbuffer_convert, std::wstring_convert, and the <codecvt> header (containing std::codecvt_mode, std::codecvt_utf8, std::codecvt_utf16, and std::codecvt_utf8_utf16) are deprecated in C++17. (The std::codecvt class template is NOT deprecated.) The C++ Standard doesn't provide equivalent non-deprecated functionality; consider using MultiByteToWideChar() and WideCharToMultiByte() from <Windows.h> instead. You can define _SILENCE_CXX17_CODECVT_HEADER_DEPRECATION_WARNING or _SILENCE_ALL_CXX17_DEPRECATION_WARNINGS to suppress this warning.
C:\Program Files (x86)\Microsoft Visual Studio\2022\BuildTools\VC\Tools\MSVC\14.44.35207\include\codecvt(34): note: 参见“std::codecvt_utf8”的声明
C:\Users\user\output\deepseek-v4部署\fastllm-master\include\fastllm.h(687): warning C4996: 'std::wstring_convert<std::codecvt_utf8<wchar_t,1114111,(std::codecvt_mode)0>,wchar_t,std::allocator<wchar_t>,std::allocator<char>>': warning STL4017: std::wbuffer_convert, std::wstring_convert, and the <codecvt> header (containing std::codecvt_mode, std::codecvt_utf8, std::codecvt_utf16, and std::codecvt_utf8_utf16) are deprecated in C++17. (The std::codecvt class template is NOT deprecated.) The C++ Standard doesn't provide equivalent non-deprecated functionality; consider using MultiByteToWideChar() and WideCharToMultiByte() from <Windows.h> instead. You can define _SILENCE_CXX17_CODECVT_HEADER_DEPRECATION_WARNING or _SILENCE_ALL_CXX17_DEPRECATION_WARNINGS to suppress this warning.
C:\Program Files (x86)\Microsoft Visual Studio\2022\BuildTools\VC\Tools\MSVC\14.44.35207\include\xlocbuf(303): note: 参见“std::wstring_convert”的声明
C:\Users\user\output\deepseek-v4部署\fastllm-master\include\models\basellm.h(344): warning C4305: “初始化”: 从“double”到“float”截断
C:\Users\user\output\deepseek-v4部署\fastllm-master\include\models\basellm.h(348): warning C4244: “初始化”: 从“double”转换到“const float”，可能丢失数据
C:\Users\user\output\deepseek-v4部署\fastllm-master\include\models\llama.h(76): warning C4305: “初始化”: 从“double”到“float”截断
C:\Users\user\output\deepseek-v4部署\fastllm-master\include\models\minimax_m2.h(68): warning C4305: “初始化”: 从“double”到“float”截断
C:\Users\user\output\deepseek-v4部署\fastllm-master\src\models\minimax_m2.cpp(70): warning C4244: “=”: 从“double”转换到“float”，可能丢失数据
C:\Users\user\output\deepseek-v4部署\fastllm-master\src\models\minimax_m2.cpp(73): warning C4244: “=”: 从“double”转换到“float”，可能丢失数据
C:\Users\user\output\deepseek-v4部署\fastllm-master\src\models\minimax_m2.cpp(125): warning C4244: “参数”: 从“double”转换到“_Ty”，可能丢失数据
        with
        [
            _Ty=float
        ]
C:\Users\user\output\deepseek-v4部署\fastllm-master\src\models\minimax_m2.cpp(127): warning C4244: “初始化”: 从“double”转换到“float”，可能丢失数据
C:\Users\user\output\deepseek-v4部署\fastllm-master\src\models\minimax_m2.cpp(348): warning C4267: “初始化”: 从“size_t”转换到“int”，可能丢失数据
C:\Users\user\output\deepseek-v4部署\fastllm-master\src\models\minimax_m2.cpp(364): warning C4267: “初始化”: 从“size_t”转换到“int”，可能丢失数据
C:\Users\user\output\deepseek-v4部署\fastllm-master\src\models\minimax_m2.cpp(369): warning C4244: “=”: 从“int”转换到“_Ty”，可能丢失数据
        with
        [
            _Ty=float
        ]
C:\Users\user\output\deepseek-v4部署\fastllm-master\src\models\minimax_m2.cpp(398): warning C4244: “=”: 从“int”转换到“_Ty”，可能丢失数据
        with
        [
            _Ty=float
        ]
C:\Program Files (x86)\Microsoft Visual Studio\2022\BuildTools\VC\Tools\MSVC\14.44.35207\include\xutility(5310): warning C4244: “=”: 从“const _Ty”转换到“_Ty”，可能丢失数据
        with
        [
            _Ty=double
        ]
        and
        [
            _Ty=float
        ]
C:\Program Files (x86)\Microsoft Visual Studio\2022\BuildTools\VC\Tools\MSVC\14.44.35207\include\xutility(5310): note: 模板实例化上下文(最早的实例化上下文)为
C:\Users\user\output\deepseek-v4部署\fastllm-master\src\models\minimax_m2.cpp(372): note: 查看对正在编译的函数 模板 实例化“void std::fill<_Ty*,double>(const _FwdIt,const _FwdIt,const double &)”的引用
        with
        [
            _Ty=float,
            _FwdIt=float *
        ]
[38/81] Building CXX object CMakeFiles\fastllm_tools.dir\src\models\qwen2.cpp.obj
C:\Users\user\output\deepseek-v4部署\fastllm-master\include\utils\utils.h(30): warning C4067: 预处理器指令后有意外标记 - 应输入换行符
C:\Users\user\output\deepseek-v4部署\fastllm-master\include\utils\utils.h(109): warning C4996: '_wfopen': This function or variable may be unsafe. Consider using _wfopen_s instead. To disable deprecation, use _CRT_SECURE_NO_WARNINGS. See online help for details.
C:\Users\user\output\deepseek-v4部署\fastllm-master\include\utils\utils.h(118): warning C4996: '_wopen': This function or variable may be unsafe. Consider using _wsopen_s instead. To disable deprecation, use _CRT_SECURE_NO_WARNINGS. See online help for details.
C:\Users\user\output\deepseek-v4部署\fastllm-master\include\utils\utils.h(150): warning C4244: “return”: 从“double”转换到“float”，可能丢失数据
C:\Users\user\output\deepseek-v4部署\fastllm-master\include\utils\utils.h(355): warning C4267: “初始化”: 从“size_t”转换到“int”，可能丢失数据
C:\Users\user\output\deepseek-v4部署\fastllm-master\include\utils\utils.h(417): warning C4244: “+=”: 从“double”转换到“float”，可能丢失数据
C:\Users\user\output\deepseek-v4部署\fastllm-master\include\devices/cpu/alivethreadpool.h(136): warning C4267: “初始化”: 从“size_t”转换到“int”，可能丢失数据
C:\Users\user\output\deepseek-v4部署\fastllm-master\include\devices/cpu/alivethreadpool.h(176): warning C4267: “初始化”: 从“size_t”转换到“int”，可能丢失数据
C:\Users\user\output\deepseek-v4部署\fastllm-master\include\devices/cpu/alivethreadpool.h(236): warning C4267: “初始化”: 从“size_t”转换到“int”，可能丢失数据
C:\Users\user\output\deepseek-v4部署\fastllm-master\include\devices/cpu/alivethreadpool.h(237): warning C4267: “初始化”: 从“size_t”转换到“int”，可能丢失数据
C:\Users\user\output\deepseek-v4部署\fastllm-master\include\devices/cpu/alivethreadpool.h(238): warning C4267: “初始化”: 从“size_t”转换到“int”，可能丢失数据
C:\Users\user\output\deepseek-v4部署\fastllm-master\include\devices/cpu/alivethreadpool.h(281): warning C4267: “初始化”: 从“size_t”转换到“int”，可能丢失数据
C:\Users\user\output\deepseek-v4部署\fastllm-master\include\devices/cpu/alivethreadpool.h(327): warning C4267: “初始化”: 从“size_t”转换到“int”，可能丢失数据
C:\Users\user\output\deepseek-v4部署\fastllm-master\include\devices/cpu/alivethreadpool.h(330): warning C4267: “初始化”: 从“size_t”转换到“int”，可能丢失数据
C:\Users\user\output\deepseek-v4部署\fastllm-master\include\devices/cpu/alivethreadpool.h(370): warning C4267: “初始化”: 从“size_t”转换到“int”，可能丢失数据
C:\Users\user\output\deepseek-v4部署\fastllm-master\include\devices/cpu/alivethreadpool.h(372): warning C4267: “初始化”: 从“size_t”转换到“int”，可能丢失数据
C:\Users\user\output\deepseek-v4部署\fastllm-master\include\fastllm.h(222): warning C4244: “初始化”: 从“int”转换到“float”，可能丢失数据
C:\Users\user\output\deepseek-v4部署\fastllm-master\include\fastllm.h(222): warning C4244: “初始化”: 从“int”转换到“const float”，可能丢失数据
C:\Users\user\output\deepseek-v4部署\fastllm-master\include\fastllm.h(227): warning C4244: “=”: 从“float”转换到“uint8_t”，可能丢失数据
C:\Users\user\output\deepseek-v4部署\fastllm-master\include\fastllm.h(229): warning C4244: “=”: 从“const float”转换到“uint8_t”，可能丢失数据
C:\Users\user\output\deepseek-v4部署\fastllm-master\include\fastllm.h(687): warning C4996: 'std::codecvt_utf8<wchar_t,1114111,(std::codecvt_mode)0>': warning STL4017: std::wbuffer_convert, std::wstring_convert, and the <codecvt> header (containing std::codecvt_mode, std::codecvt_utf8, std::codecvt_utf16, and std::codecvt_utf8_utf16) are deprecated in C++17. (The std::codecvt class template is NOT deprecated.) The C++ Standard doesn't provide equivalent non-deprecated functionality; consider using MultiByteToWideChar() and WideCharToMultiByte() from <Windows.h> instead. You can define _SILENCE_CXX17_CODECVT_HEADER_DEPRECATION_WARNING or _SILENCE_ALL_CXX17_DEPRECATION_WARNINGS to suppress this warning.
C:\Program Files (x86)\Microsoft Visual Studio\2022\BuildTools\VC\Tools\MSVC\14.44.35207\include\codecvt(34): note: 参见“std::codecvt_utf8”的声明
C:\Users\user\output\deepseek-v4部署\fastllm-master\include\fastllm.h(687): warning C4996: 'std::wstring_convert<std::codecvt_utf8<wchar_t,1114111,(std::codecvt_mode)0>,wchar_t,std::allocator<wchar_t>,std::allocator<char>>': warning STL4017: std::wbuffer_convert, std::wstring_convert, and the <codecvt> header (containing std::codecvt_mode, std::codecvt_utf8, std::codecvt_utf16, and std::codecvt_utf8_utf16) are deprecated in C++17. (The std::codecvt class template is NOT deprecated.) The C++ Standard doesn't provide equivalent non-deprecated functionality; consider using MultiByteToWideChar() and WideCharToMultiByte() from <Windows.h> instead. You can define _SILENCE_CXX17_CODECVT_HEADER_DEPRECATION_WARNING or _SILENCE_ALL_CXX17_DEPRECATION_WARNINGS to suppress this warning.
C:\Program Files (x86)\Microsoft Visual Studio\2022\BuildTools\VC\Tools\MSVC\14.44.35207\include\xlocbuf(303): note: 参见“std::wstring_convert”的声明
C:\Users\user\output\deepseek-v4部署\fastllm-master\include\models\basellm.h(344): warning C4305: “初始化”: 从“double”到“float”截断
C:\Users\user\output\deepseek-v4部署\fastllm-master\include\models\basellm.h(348): warning C4244: “初始化”: 从“double”转换到“const float”，可能丢失数据
C:\Users\user\output\deepseek-v4部署\fastllm-master\include\models\qwen2.h(61): warning C4305: “初始化”: 从“double”到“float”截断
C:\Users\user\output\deepseek-v4部署\fastllm-master\src\models\qwen2.cpp(65): warning C4244: “=”: 从“double”转换到“float”，可能丢失数据
C:\Users\user\output\deepseek-v4部署\fastllm-master\src\models\qwen2.cpp(75): warning C4244: “=”: 从“double”转换到“float”，可能丢失数据
C:\Users\user\output\deepseek-v4部署\fastllm-master\src\models\qwen2.cpp(78): warning C4244: “=”: 从“double”转换到“float”，可能丢失数据
[39/81] Building CXX object CMakeFiles\fastllm_tools.dir\src\models\gpt_oss.cpp.obj
C:\Users\user\output\deepseek-v4部署\fastllm-master\include\utils\utils.h(30): warning C4067: 预处理器指令后有意外标记 - 应输入换行符
C:\Users\user\output\deepseek-v4部署\fastllm-master\include\utils\utils.h(109): warning C4996: '_wfopen': This function or variable may be unsafe. Consider using _wfopen_s instead. To disable deprecation, use _CRT_SECURE_NO_WARNINGS. See online help for details.
C:\Users\user\output\deepseek-v4部署\fastllm-master\include\utils\utils.h(118): warning C4996: '_wopen': This function or variable may be unsafe. Consider using _wsopen_s instead. To disable deprecation, use _CRT_SECURE_NO_WARNINGS. See online help for details.
C:\Users\user\output\deepseek-v4部署\fastllm-master\include\utils\utils.h(150): warning C4244: “return”: 从“double”转换到“float”，可能丢失数据
C:\Users\user\output\deepseek-v4部署\fastllm-master\include\utils\utils.h(355): warning C4267: “初始化”: 从“size_t”转换到“int”，可能丢失数据
C:\Users\user\output\deepseek-v4部署\fastllm-master\include\utils\utils.h(417): warning C4244: “+=”: 从“double”转换到“float”，可能丢失数据
C:\Users\user\output\deepseek-v4部署\fastllm-master\include\devices/cpu/alivethreadpool.h(136): warning C4267: “初始化”: 从“size_t”转换到“int”，可能丢失数据
C:\Users\user\output\deepseek-v4部署\fastllm-master\include\devices/cpu/alivethreadpool.h(176): warning C4267: “初始化”: 从“size_t”转换到“int”，可能丢失数据
C:\Users\user\output\deepseek-v4部署\fastllm-master\include\devices/cpu/alivethreadpool.h(236): warning C4267: “初始化”: 从“size_t”转换到“int”，可能丢失数据
C:\Users\user\output\deepseek-v4部署\fastllm-master\include\devices/cpu/alivethreadpool.h(237): warning C4267: “初始化”: 从“size_t”转换到“int”，可能丢失数据
C:\Users\user\output\deepseek-v4部署\fastllm-master\include\devices/cpu/alivethreadpool.h(238): warning C4267: “初始化”: 从“size_t”转换到“int”，可能丢失数据
C:\Users\user\output\deepseek-v4部署\fastllm-master\include\devices/cpu/alivethreadpool.h(281): warning C4267: “初始化”: 从“size_t”转换到“int”，可能丢失数据
C:\Users\user\output\deepseek-v4部署\fastllm-master\include\devices/cpu/alivethreadpool.h(327): warning C4267: “初始化”: 从“size_t”转换到“int”，可能丢失数据
C:\Users\user\output\deepseek-v4部署\fastllm-master\include\devices/cpu/alivethreadpool.h(330): warning C4267: “初始化”: 从“size_t”转换到“int”，可能丢失数据
C:\Users\user\output\deepseek-v4部署\fastllm-master\include\devices/cpu/alivethreadpool.h(370): warning C4267: “初始化”: 从“size_t”转换到“int”，可能丢失数据
C:\Users\user\output\deepseek-v4部署\fastllm-master\include\devices/cpu/alivethreadpool.h(372): warning C4267: “初始化”: 从“size_t”转换到“int”，可能丢失数据
C:\Users\user\output\deepseek-v4部署\fastllm-master\include\fastllm.h(222): warning C4244: “初始化”: 从“int”转换到“float”，可能丢失数据
C:\Users\user\output\deepseek-v4部署\fastllm-master\include\fastllm.h(222): warning C4244: “初始化”: 从“int”转换到“const float”，可能丢失数据
C:\Users\user\output\deepseek-v4部署\fastllm-master\include\fastllm.h(227): warning C4244: “=”: 从“float”转换到“uint8_t”，可能丢失数据
C:\Users\user\output\deepseek-v4部署\fastllm-master\include\fastllm.h(229): warning C4244: “=”: 从“const float”转换到“uint8_t”，可能丢失数据
C:\Users\user\output\deepseek-v4部署\fastllm-master\include\fastllm.h(687): warning C4996: 'std::codecvt_utf8<wchar_t,1114111,(std::codecvt_mode)0>': warning STL4017: std::wbuffer_convert, std::wstring_convert, and the <codecvt> header (containing std::codecvt_mode, std::codecvt_utf8, std::codecvt_utf16, and std::codecvt_utf8_utf16) are deprecated in C++17. (The std::codecvt class template is NOT deprecated.) The C++ Standard doesn't provide equivalent non-deprecated functionality; consider using MultiByteToWideChar() and WideCharToMultiByte() from <Windows.h> instead. You can define _SILENCE_CXX17_CODECVT_HEADER_DEPRECATION_WARNING or _SILENCE_ALL_CXX17_DEPRECATION_WARNINGS to suppress this warning.
C:\Program Files (x86)\Microsoft Visual Studio\2022\BuildTools\VC\Tools\MSVC\14.44.35207\include\codecvt(34): note: 参见“std::codecvt_utf8”的声明
C:\Users\user\output\deepseek-v4部署\fastllm-master\include\fastllm.h(687): warning C4996: 'std::wstring_convert<std::codecvt_utf8<wchar_t,1114111,(std::codecvt_mode)0>,wchar_t,std::allocator<wchar_t>,std::allocator<char>>': warning STL4017: std::wbuffer_convert, std::wstring_convert, and the <codecvt> header (containing std::codecvt_mode, std::codecvt_utf8, std::codecvt_utf16, and std::codecvt_utf8_utf16) are deprecated in C++17. (The std::codecvt class template is NOT deprecated.) The C++ Standard doesn't provide equivalent non-deprecated functionality; consider using MultiByteToWideChar() and WideCharToMultiByte() from <Windows.h> instead. You can define _SILENCE_CXX17_CODECVT_HEADER_DEPRECATION_WARNING or _SILENCE_ALL_CXX17_DEPRECATION_WARNINGS to suppress this warning.
C:\Program Files (x86)\Microsoft Visual Studio\2022\BuildTools\VC\Tools\MSVC\14.44.35207\include\xlocbuf(303): note: 参见“std::wstring_convert”的声明
C:\Users\user\output\deepseek-v4部署\fastllm-master\include\models\basellm.h(344): warning C4305: “初始化”: 从“double”到“float”截断
C:\Users\user\output\deepseek-v4部署\fastllm-master\include\models\basellm.h(348): warning C4244: “初始化”: 从“double”转换到“const float”，可能丢失数据
C:\Users\user\output\deepseek-v4部署\fastllm-master\include\models\llama.h(76): warning C4305: “初始化”: 从“double”到“float”截断
C:\Users\user\output\deepseek-v4部署\fastllm-master\include\models\gpt_oss.h(78): warning C4305: “初始化”: 从“double”到“float”截断
C:\Users\user\output\deepseek-v4部署\fastllm-master\src\models\gpt_oss.cpp(62): warning C4244: “=”: 从“int”转换到“float”，可能丢失数据
C:\Users\user\output\deepseek-v4部署\fastllm-master\src\models\gpt_oss.cpp(67): warning C4244: “=”: 从“double”转换到“float”，可能丢失数据
C:\Users\user\output\deepseek-v4部署\fastllm-master\src\models\gpt_oss.cpp(69): warning C4305: “=”: 从“double”到“float”截断
C:\Users\user\output\deepseek-v4部署\fastllm-master\src\models\gpt_oss.cpp(72): warning C4244: “=”: 从“double”转换到“float”，可能丢失数据
C:\Users\user\output\deepseek-v4部署\fastllm-master\src\models\gpt_oss.cpp(74): warning C4305: “=”: 从“double”到“float”截断
C:\Users\user\output\deepseek-v4部署\fastllm-master\src\models\gpt_oss.cpp(97): warning C4244: “=”: 从“double”转换到“float”，可能丢失数据
C:\Users\user\output\deepseek-v4部署\fastllm-master\src\models\gpt_oss.cpp(103): warning C4244: “=”: 从“double”转换到“float”，可能丢失数据
C:\Users\user\output\deepseek-v4部署\fastllm-master\src\models\gpt_oss.cpp(113): warning C4244: “=”: 从“double”转换到“float”，可能丢失数据
C:\Users\user\output\deepseek-v4部署\fastllm-master\src\models\gpt_oss.cpp(116): warning C4244: “=”: 从“double”转换到“float”，可能丢失数据
C:\Users\user\output\deepseek-v4部署\fastllm-master\src\models\gpt_oss.cpp(176): warning C4244: “参数”: 从“double”转换到“_Ty”，可能丢失数据
        with
        [
            _Ty=float
        ]
C:\Users\user\output\deepseek-v4部署\fastllm-master\src\models\gpt_oss.cpp(177): warning C4244: “参数”: 从“double”转换到“_Ty”，可能丢失数据
        with
        [
            _Ty=float
        ]
C:\Users\user\output\deepseek-v4部署\fastllm-master\src\models\gpt_oss.cpp(186): warning C4244: “参数”: 从“float”转换到“int”，可能丢失数据
C:\Users\user\output\deepseek-v4部署\fastllm-master\src\models\gpt_oss.cpp(190): warning C4244: “参数”: 从“int”转换到“float”，可能丢失数据
C:\Users\user\output\deepseek-v4部署\fastllm-master\src\models\gpt_oss.cpp(190): warning C4244: “参数”: 从“int”转换到“float”，可能丢失数据
C:\Users\user\output\deepseek-v4部署\fastllm-master\src\models\gpt_oss.cpp(192): warning C4244: “=”: 从“double”转换到“_Ty”，可能丢失数据
        with
        [
            _Ty=float
        ]
C:\Users\user\output\deepseek-v4部署\fastllm-master\src\models\gpt_oss.cpp(197): warning C4244: “参数”: 从“double”转换到“_Ty”，可能丢失数据
        with
        [
            _Ty=float
        ]
C:\Users\user\output\deepseek-v4部署\fastllm-master\src\models\gpt_oss.cpp(312): warning C4244: “参数”: 从“double”转换到“float”，可能丢失数据
C:\Users\user\output\deepseek-v4部署\fastllm-master\src\models\gpt_oss.cpp(310): warning C4305: “参数”: 从“double”到“float”截断
C:\Users\user\output\deepseek-v4部署\fastllm-master\src\models\gpt_oss.cpp(350): warning C4244: “初始化”: 从“double”转换到“float”，可能丢失数据
C:\Users\user\output\deepseek-v4部署\fastllm-master\src\models\gpt_oss.cpp(401): warning C4244: “参数”: 从“double”转换到“float”，可能丢失数据
C:\Users\user\output\deepseek-v4部署\fastllm-master\src\models\gpt_oss.cpp(403): warning C4244: “参数”: 从“double”转换到“float”，可能丢失数据
C:\Users\user\output\deepseek-v4部署\fastllm-master\src\models\gpt_oss.cpp(547): warning C4305: “=”: 从“double”到“float”截断
C:\Users\user\output\deepseek-v4部署\fastllm-master\src\models\gpt_oss.cpp(549): warning C4305: “=”: 从“double”到“float”截断
C:\Users\user\output\deepseek-v4部署\fastllm-master\src\models\gpt_oss.cpp(588): warning C4244: “=”: 从“int”转换到“_Ty”，可能丢失数据
        with
        [
            _Ty=float
        ]
C:\Users\user\output\deepseek-v4部署\fastllm-master\src\models\gpt_oss.cpp(740): warning C4244: “初始化”: 从“double”转换到“float”，可能丢失数据
C:\Users\user\output\deepseek-v4部署\fastllm-master\src\models\gpt_oss.cpp(867): warning C4244: “参数”: 从“double”转换到“float”，可能丢失数据
C:\Users\user\output\deepseek-v4部署\fastllm-master\src\models\gpt_oss.cpp(881): warning C4244: “参数”: 从“double”转换到“float”，可能丢失数据
C:\Users\user\output\deepseek-v4部署\fastllm-master\src\models\gpt_oss.cpp(883): warning C4244: “参数”: 从“double”转换到“float”，可能丢失数据
C:\Users\user\output\deepseek-v4部署\fastllm-master\src\models\gpt_oss.cpp(1068): warning C4305: “=”: 从“double”到“float”截断
C:\Users\user\output\deepseek-v4部署\fastllm-master\src\models\gpt_oss.cpp(1070): warning C4305: “=”: 从“double”到“float”截断
C:\Users\user\output\deepseek-v4部署\fastllm-master\src\models\gpt_oss.cpp(1111): warning C4267: “初始化”: 从“size_t”转换到“int”，可能丢失数据
C:\Users\user\output\deepseek-v4部署\fastllm-master\src\models\gpt_oss.cpp(1127): warning C4267: “初始化”: 从“size_t”转换到“int”，可能丢失数据
C:\Users\user\output\deepseek-v4部署\fastllm-master\src\models\gpt_oss.cpp(1132): warning C4244: “=”: 从“int”转换到“_Ty”，可能丢失数据
        with
        [
            _Ty=float
        ]
C:\Users\user\output\deepseek-v4部署\fastllm-master\src\models\gpt_oss.cpp(1161): warning C4244: “=”: 从“int”转换到“_Ty”，可能丢失数据
        with
        [
            _Ty=float
        ]
C:\Program Files (x86)\Microsoft Visual Studio\2022\BuildTools\VC\Tools\MSVC\14.44.35207\include\xutility(5310): warning C4244: “=”: 从“const _Ty”转换到“_Ty”，可能丢失数据
        with
        [
            _Ty=double
        ]
        and
        [
            _Ty=float
        ]
C:\Program Files (x86)\Microsoft Visual Studio\2022\BuildTools\VC\Tools\MSVC\14.44.35207\include\xutility(5310): note: 模板实例化上下文(最早的实例化上下文)为
C:\Users\user\output\deepseek-v4部署\fastllm-master\src\models\gpt_oss.cpp(1135): note: 查看对正在编译的函数 模板 实例化“void std::fill<_Ty*,double>(const _FwdIt,const _FwdIt,const double &)”的引用
        with
        [
            _Ty=float,
            _FwdIt=float *
        ]
[40/81] Building CXX object CMakeFiles\fastllm_tools.dir\third_party\gguf\ggml-quant.cpp.obj
C:\Users\user\output\deepseek-v4部署\fastllm-master\include\utils\utils.h(30): warning C4067: 预处理器指令后有意外标记 - 应输入换行符
C:\Users\user\output\deepseek-v4部署\fastllm-master\include\utils\utils.h(109): warning C4996: '_wfopen': This function or variable may be unsafe. Consider using _wfopen_s instead. To disable deprecation, use _CRT_SECURE_NO_WARNINGS. See online help for details.
C:\Users\user\output\deepseek-v4部署\fastllm-master\include\utils\utils.h(118): warning C4996: '_wopen': This function or variable may be unsafe. Consider using _wsopen_s instead. To disable deprecation, use _CRT_SECURE_NO_WARNINGS. See online help for details.
C:\Users\user\output\deepseek-v4部署\fastllm-master\include\utils\utils.h(150): warning C4244: “return”: 从“double”转换到“float”，可能丢失数据
C:\Users\user\output\deepseek-v4部署\fastllm-master\include\utils\utils.h(355): warning C4267: “初始化”: 从“size_t”转换到“int”，可能丢失数据
C:\Users\user\output\deepseek-v4部署\fastllm-master\include\utils\utils.h(417): warning C4244: “+=”: 从“double”转换到“float”，可能丢失数据
C:\Users\user\output\deepseek-v4部署\fastllm-master\include\devices/cpu/alivethreadpool.h(136): warning C4267: “初始化”: 从“size_t”转换到“int”，可能丢失数据
C:\Users\user\output\deepseek-v4部署\fastllm-master\include\devices/cpu/alivethreadpool.h(176): warning C4267: “初始化”: 从“size_t”转换到“int”，可能丢失数据
C:\Users\user\output\deepseek-v4部署\fastllm-master\include\devices/cpu/alivethreadpool.h(236): warning C4267: “初始化”: 从“size_t”转换到“int”，可能丢失数据
C:\Users\user\output\deepseek-v4部署\fastllm-master\include\devices/cpu/alivethreadpool.h(237): warning C4267: “初始化”: 从“size_t”转换到“int”，可能丢失数据
C:\Users\user\output\deepseek-v4部署\fastllm-master\include\devices/cpu/alivethreadpool.h(238): warning C4267: “初始化”: 从“size_t”转换到“int”，可能丢失数据
C:\Users\user\output\deepseek-v4部署\fastllm-master\include\devices/cpu/alivethreadpool.h(281): warning C4267: “初始化”: 从“size_t”转换到“int”，可能丢失数据
C:\Users\user\output\deepseek-v4部署\fastllm-master\include\devices/cpu/alivethreadpool.h(327): warning C4267: “初始化”: 从“size_t”转换到“int”，可能丢失数据
C:\Users\user\output\deepseek-v4部署\fastllm-master\include\devices/cpu/alivethreadpool.h(330): warning C4267: “初始化”: 从“size_t”转换到“int”，可能丢失数据
C:\Users\user\output\deepseek-v4部署\fastllm-master\include\devices/cpu/alivethreadpool.h(370): warning C4267: “初始化”: 从“size_t”转换到“int”，可能丢失数据
C:\Users\user\output\deepseek-v4部署\fastllm-master\include\devices/cpu/alivethreadpool.h(372): warning C4267: “初始化”: 从“size_t”转换到“int”，可能丢失数据
C:\Users\user\output\deepseek-v4部署\fastllm-master\include\fastllm.h(222): warning C4244: “初始化”: 从“int”转换到“float”，可能丢失数据
C:\Users\user\output\deepseek-v4部署\fastllm-master\include\fastllm.h(222): warning C4244: “初始化”: 从“int”转换到“const float”，可能丢失数据
C:\Users\user\output\deepseek-v4部署\fastllm-master\include\fastllm.h(227): warning C4244: “=”: 从“float”转换到“uint8_t”，可能丢失数据
C:\Users\user\output\deepseek-v4部署\fastllm-master\include\fastllm.h(229): warning C4244: “=”: 从“const float”转换到“uint8_t”，可能丢失数据
C:\Users\user\output\deepseek-v4部署\fastllm-master\include\fastllm.h(687): warning C4996: 'std::codecvt_utf8<wchar_t,1114111,(std::codecvt_mode)0>': warning STL4017: std::wbuffer_convert, std::wstring_convert, and the <codecvt> header (containing std::codecvt_mode, std::codecvt_utf8, std::codecvt_utf16, and std::codecvt_utf8_utf16) are deprecated in C++17. (The std::codecvt class template is NOT deprecated.) The C++ Standard doesn't provide equivalent non-deprecated functionality; consider using MultiByteToWideChar() and WideCharToMultiByte() from <Windows.h> instead. You can define _SILENCE_CXX17_CODECVT_HEADER_DEPRECATION_WARNING or _SILENCE_ALL_CXX17_DEPRECATION_WARNINGS to suppress this warning.
C:\Program Files (x86)\Microsoft Visual Studio\2022\BuildTools\VC\Tools\MSVC\14.44.35207\include\codecvt(34): note: 参见“std::codecvt_utf8”的声明
C:\Users\user\output\deepseek-v4部署\fastllm-master\include\fastllm.h(687): warning C4996: 'std::wstring_convert<std::codecvt_utf8<wchar_t,1114111,(std::codecvt_mode)0>,wchar_t,std::allocator<wchar_t>,std::allocator<char>>': warning STL4017: std::wbuffer_convert, std::wstring_convert, and the <codecvt> header (containing std::codecvt_mode, std::codecvt_utf8, std::codecvt_utf16, and std::codecvt_utf8_utf16) are deprecated in C++17. (The std::codecvt class template is NOT deprecated.) The C++ Standard doesn't provide equivalent non-deprecated functionality; consider using MultiByteToWideChar() and WideCharToMultiByte() from <Windows.h> instead. You can define _SILENCE_CXX17_CODECVT_HEADER_DEPRECATION_WARNING or _SILENCE_ALL_CXX17_DEPRECATION_WARNINGS to suppress this warning.
C:\Program Files (x86)\Microsoft Visual Studio\2022\BuildTools\VC\Tools\MSVC\14.44.35207\include\xlocbuf(303): note: 参见“std::wstring_convert”的声明
C:\Users\user\output\deepseek-v4部署\fastllm-master\include\models\basellm.h(344): warning C4305: “初始化”: 从“double”到“float”截断
C:\Users\user\output\deepseek-v4部署\fastllm-master\include\models\basellm.h(348): warning C4244: “初始化”: 从“double”转换到“const float”，可能丢失数据
C:\Users\user\output\deepseek-v4部署\fastllm-master\third_party\gguf\ggml-quant.cpp(1350): warning C4244: “初始化”: 从“int64_t”转换到“int”，可能丢失数据
C:\Users\user\output\deepseek-v4部署\fastllm-master\third_party\gguf\ggml-quant.cpp(1350): warning C4244: “初始化”: 从“int64_t”转换到“const int”，可能丢失数据
C:\Users\user\output\deepseek-v4部署\fastllm-master\third_party\gguf\ggml-quant.cpp(1480): warning C4244: “初始化”: 从“int64_t”转换到“int”，可能丢失数据
C:\Users\user\output\deepseek-v4部署\fastllm-master\third_party\gguf\ggml-quant.cpp(1480): warning C4244: “初始化”: 从“int64_t”转换到“const int”，可能丢失数据
C:\Users\user\output\deepseek-v4部署\fastllm-master\third_party\gguf\ggml-quant.cpp(1557): warning C4244: “初始化”: 从“int64_t”转换到“int”，可能丢失数据
C:\Users\user\output\deepseek-v4部署\fastllm-master\third_party\gguf\ggml-quant.cpp(1557): warning C4244: “初始化”: 从“int64_t”转换到“const int”，可能丢失数据
C:\Users\user\output\deepseek-v4部署\fastllm-master\third_party\gguf\ggml-quant.cpp(1789): warning C4244: “初始化”: 从“int64_t”转换到“int”，可能丢失数据
C:\Users\user\output\deepseek-v4部署\fastllm-master\third_party\gguf\ggml-quant.cpp(1789): warning C4244: “初始化”: 从“int64_t”转换到“const int”，可能丢失数据
C:\Users\user\output\deepseek-v4部署\fastllm-master\third_party\gguf\ggml-quant.cpp(1807): warning C4244: “=”: 从“float”转换到“int8_t”，可能丢失数据
C:\Users\user\output\deepseek-v4部署\fastllm-master\third_party\gguf\ggml-quant.cpp(1855): warning C4244: “初始化”: 从“int64_t”转换到“int”，可能丢失数据
C:\Users\user\output\deepseek-v4部署\fastllm-master\third_party\gguf\ggml-quant.cpp(1855): warning C4244: “初始化”: 从“int64_t”转换到“const int”，可能丢失数据
C:\Users\user\output\deepseek-v4部署\fastllm-master\third_party\gguf\ggml-quant.cpp(2141): warning C4244: “初始化”: 从“int64_t”转换到“int”，可能丢失数据
C:\Users\user\output\deepseek-v4部署\fastllm-master\third_party\gguf\ggml-quant.cpp(2141): warning C4244: “初始化”: 从“int64_t”转换到“const int”，可能丢失数据
C:\Users\user\output\deepseek-v4部署\fastllm-master\third_party\gguf\ggml-quant.cpp(2162): warning C4244: “=”: 从“float”转换到“int8_t”，可能丢失数据
C:\Users\user\output\deepseek-v4部署\fastllm-master\third_party\gguf\ggml-quant.cpp(2163): warning C4244: “=”: 从“float”转换到“int8_t”，可能丢失数据
C:\Users\user\output\deepseek-v4部署\fastllm-master\third_party\gguf\ggml-quant.cpp(2175): warning C4244: “初始化”: 从“int64_t”转换到“int”，可能丢失数据
C:\Users\user\output\deepseek-v4部署\fastllm-master\third_party\gguf\ggml-quant.cpp(2175): warning C4244: “初始化”: 从“int64_t”转换到“const int”，可能丢失数据
C:\Users\user\output\deepseek-v4部署\fastllm-master\third_party\gguf\ggml-quant.cpp(2504): warning C4244: “初始化”: 从“int64_t”转换到“int”，可能丢失数据
C:\Users\user\output\deepseek-v4部署\fastllm-master\third_party\gguf\ggml-quant.cpp(2504): note: 模板实例化上下文(最早的实例化上下文)为
C:\Users\user\output\deepseek-v4部署\fastllm-master\third_party\gguf\ggml-quant.cpp(2629): note: 查看对正在编译的函数 模板 实例化“void iqk_quantize_row_q8_K_T<0>(const float *,void *,int64_t)”的引用
C:\Users\user\output\deepseek-v4部署\fastllm-master\third_party\gguf\ggml-quant.cpp(2504): warning C4244: “初始化”: 从“int64_t”转换到“const int”，可能丢失数据
[41/81] Building CXX object CMakeFiles\fastllm_tools.dir\src\models\gemma4.cpp.obj
C:\Users\user\output\deepseek-v4部署\fastllm-master\include\utils\utils.h(30): warning C4067: 预处理器指令后有意外标记 - 应输入换行符
C:\Users\user\output\deepseek-v4部署\fastllm-master\include\utils\utils.h(109): warning C4996: '_wfopen': This function or variable may be unsafe. Consider using _wfopen_s instead. To disable deprecation, use _CRT_SECURE_NO_WARNINGS. See online help for details.
C:\Users\user\output\deepseek-v4部署\fastllm-master\include\utils\utils.h(118): warning C4996: '_wopen': This function or variable may be unsafe. Consider using _wsopen_s instead. To disable deprecation, use _CRT_SECURE_NO_WARNINGS. See online help for details.
C:\Users\user\output\deepseek-v4部署\fastllm-master\include\utils\utils.h(150): warning C4244: “return”: 从“double”转换到“float”，可能丢失数据
C:\Users\user\output\deepseek-v4部署\fastllm-master\include\utils\utils.h(355): warning C4267: “初始化”: 从“size_t”转换到“int”，可能丢失数据
C:\Users\user\output\deepseek-v4部署\fastllm-master\include\utils\utils.h(417): warning C4244: “+=”: 从“double”转换到“float”，可能丢失数据
C:\Users\user\output\deepseek-v4部署\fastllm-master\include\devices/cpu/alivethreadpool.h(136): warning C4267: “初始化”: 从“size_t”转换到“int”，可能丢失数据
C:\Users\user\output\deepseek-v4部署\fastllm-master\include\devices/cpu/alivethreadpool.h(176): warning C4267: “初始化”: 从“size_t”转换到“int”，可能丢失数据
C:\Users\user\output\deepseek-v4部署\fastllm-master\include\devices/cpu/alivethreadpool.h(236): warning C4267: “初始化”: 从“size_t”转换到“int”，可能丢失数据
C:\Users\user\output\deepseek-v4部署\fastllm-master\include\devices/cpu/alivethreadpool.h(237): warning C4267: “初始化”: 从“size_t”转换到“int”，可能丢失数据
C:\Users\user\output\deepseek-v4部署\fastllm-master\include\devices/cpu/alivethreadpool.h(238): warning C4267: “初始化”: 从“size_t”转换到“int”，可能丢失数据
C:\Users\user\output\deepseek-v4部署\fastllm-master\include\devices/cpu/alivethreadpool.h(281): warning C4267: “初始化”: 从“size_t”转换到“int”，可能丢失数据
C:\Users\user\output\deepseek-v4部署\fastllm-master\include\devices/cpu/alivethreadpool.h(327): warning C4267: “初始化”: 从“size_t”转换到“int”，可能丢失数据
C:\Users\user\output\deepseek-v4部署\fastllm-master\include\devices/cpu/alivethreadpool.h(330): warning C4267: “初始化”: 从“size_t”转换到“int”，可能丢失数据
C:\Users\user\output\deepseek-v4部署\fastllm-master\include\devices/cpu/alivethreadpool.h(370): warning C4267: “初始化”: 从“size_t”转换到“int”，可能丢失数据
C:\Users\user\output\deepseek-v4部署\fastllm-master\include\devices/cpu/alivethreadpool.h(372): warning C4267: “初始化”: 从“size_t”转换到“int”，可能丢失数据
C:\Users\user\output\deepseek-v4部署\fastllm-master\include\fastllm.h(222): warning C4244: “初始化”: 从“int”转换到“float”，可能丢失数据
C:\Users\user\output\deepseek-v4部署\fastllm-master\include\fastllm.h(222): warning C4244: “初始化”: 从“int”转换到“const float”，可能丢失数据
C:\Users\user\output\deepseek-v4部署\fastllm-master\include\fastllm.h(227): warning C4244: “=”: 从“float”转换到“uint8_t”，可能丢失数据
C:\Users\user\output\deepseek-v4部署\fastllm-master\include\fastllm.h(229): warning C4244: “=”: 从“const float”转换到“uint8_t”，可能丢失数据
C:\Users\user\output\deepseek-v4部署\fastllm-master\include\fastllm.h(687): warning C4996: 'std::codecvt_utf8<wchar_t,1114111,(std::codecvt_mode)0>': warning STL4017: std::wbuffer_convert, std::wstring_convert, and the <codecvt> header (containing std::codecvt_mode, std::codecvt_utf8, std::codecvt_utf16, and std::codecvt_utf8_utf16) are deprecated in C++17. (The std::codecvt class template is NOT deprecated.) The C++ Standard doesn't provide equivalent non-deprecated functionality; consider using MultiByteToWideChar() and WideCharToMultiByte() from <Windows.h> instead. You can define _SILENCE_CXX17_CODECVT_HEADER_DEPRECATION_WARNING or _SILENCE_ALL_CXX17_DEPRECATION_WARNINGS to suppress this warning.
C:\Program Files (x86)\Microsoft Visual Studio\2022\BuildTools\VC\Tools\MSVC\14.44.35207\include\codecvt(34): note: 参见“std::codecvt_utf8”的声明
C:\Users\user\output\deepseek-v4部署\fastllm-master\include\fastllm.h(687): warning C4996: 'std::wstring_convert<std::codecvt_utf8<wchar_t,1114111,(std::codecvt_mode)0>,wchar_t,std::allocator<wchar_t>,std::allocator<char>>': warning STL4017: std::wbuffer_convert, std::wstring_convert, and the <codecvt> header (containing std::codecvt_mode, std::codecvt_utf8, std::codecvt_utf16, and std::codecvt_utf8_utf16) are deprecated in C++17. (The std::codecvt class template is NOT deprecated.) The C++ Standard doesn't provide equivalent non-deprecated functionality; consider using MultiByteToWideChar() and WideCharToMultiByte() from <Windows.h> instead. You can define _SILENCE_CXX17_CODECVT_HEADER_DEPRECATION_WARNING or _SILENCE_ALL_CXX17_DEPRECATION_WARNINGS to suppress this warning.
C:\Program Files (x86)\Microsoft Visual Studio\2022\BuildTools\VC\Tools\MSVC\14.44.35207\include\xlocbuf(303): note: 参见“std::wstring_convert”的声明
C:\Users\user\output\deepseek-v4部署\fastllm-master\include\models\basellm.h(344): warning C4305: “初始化”: 从“double”到“float”截断
C:\Users\user\output\deepseek-v4部署\fastllm-master\include\models\basellm.h(348): warning C4244: “初始化”: 从“double”转换到“const float”，可能丢失数据
C:\Users\user\output\deepseek-v4部署\fastllm-master\include\models\gemma4.h(79): warning C4305: “初始化”: 从“double”到“float”截断
C:\Users\user\output\deepseek-v4部署\fastllm-master\src\models\gemma4.cpp(245): warning C4244: “=”: 从“double”转换到“float”，可能丢失数据
C:\Users\user\output\deepseek-v4部署\fastllm-master\src\models\gemma4.cpp(271): warning C4244: “=”: 从“double”转换到“float”，可能丢失数据
C:\Users\user\output\deepseek-v4部署\fastllm-master\src\models\gemma4.cpp(338): warning C4244: “=”: 从“double”转换到“float”，可能丢失数据
C:\Users\user\output\deepseek-v4部署\fastllm-master\src\models\gemma4.cpp(342): warning C4244: “=”: 从“double”转换到“float”，可能丢失数据
C:\Users\user\output\deepseek-v4部署\fastllm-master\src\models\gemma4.cpp(346): warning C4244: “=”: 从“double”转换到“float”，可能丢失数据
C:\Users\user\output\deepseek-v4部署\fastllm-master\src\models\gemma4.cpp(413): warning C4244: “初始化”: 从“double”转换到“float”，可能丢失数据
C:\Users\user\output\deepseek-v4部署\fastllm-master\src\models\gemma4.cpp(1048): warning C4244: “初始化”: 从“uint64_t”转换到“int”，可能丢失数据
C:\Users\user\output\deepseek-v4部署\fastllm-master\src\models\gemma4.cpp(1609): warning C4244: “初始化”: 从“uint64_t”转换到“int”，可能丢失数据
C:\Users\user\output\deepseek-v4部署\fastllm-master\src\models\gemma4.cpp(1921): warning C4244: “初始化”: 从“uint64_t”转换到“int”，可能丢失数据
C:\Users\user\output\deepseek-v4部署\fastllm-master\src\models\gemma4.cpp(1979): warning C4267: “初始化”: 从“size_t”转换到“int”，可能丢失数据
C:\Users\user\output\deepseek-v4部署\fastllm-master\src\models\gemma4.cpp(1995): warning C4267: “初始化”: 从“size_t”转换到“int”，可能丢失数据
C:\Users\user\output\deepseek-v4部署\fastllm-master\src\models\gemma4.cpp(2000): warning C4244: “=”: 从“int”转换到“_Ty”，可能丢失数据
        with
        [
            _Ty=float
        ]
C:\Users\user\output\deepseek-v4部署\fastllm-master\src\models\gemma4.cpp(2027): warning C4244: “=”: 从“int”转换到“_Ty”，可能丢失数据
        with
        [
            _Ty=float
        ]
C:\Program Files (x86)\Microsoft Visual Studio\2022\BuildTools\VC\Tools\MSVC\14.44.35207\include\xutility(5310): warning C4244: “=”: 从“const _Ty”转换到“_Ty”，可能丢失数据
        with
        [
            _Ty=double
        ]
        and
        [
            _Ty=float
        ]
C:\Program Files (x86)\Microsoft Visual Studio\2022\BuildTools\VC\Tools\MSVC\14.44.35207\include\xutility(5310): note: 模板实例化上下文(最早的实例化上下文)为
C:\Users\user\output\deepseek-v4部署\fastllm-master\src\models\gemma4.cpp(2002): note: 查看对正在编译的函数 模板 实例化“void std::fill<_Ty*,double>(const _FwdIt,const _FwdIt,const double &)”的引用
        with
        [
            _Ty=float,
            _FwdIt=float *
        ]
[42/81] Building CXX object CMakeFiles\fastllm_tools.dir\src\devices\cpu\amx_stub.cpp.obj
[43/81] Building CXX object CMakeFiles\fastllm_tools.dir\third_party\gguf\gguf.cpp.obj
C:\Users\user\output\deepseek-v4部署\fastllm-master\include\utils\utils.h(30): warning C4067: 预处理器指令后有意外标记 - 应输入换行符
C:\Users\user\output\deepseek-v4部署\fastllm-master\include\utils\utils.h(109): warning C4996: '_wfopen': This function or variable may be unsafe. Consider using _wfopen_s instead. To disable deprecation, use _CRT_SECURE_NO_WARNINGS. See online help for details.
C:\Users\user\output\deepseek-v4部署\fastllm-master\include\utils\utils.h(118): warning C4996: '_wopen': This function or variable may be unsafe. Consider using _wsopen_s instead. To disable deprecation, use _CRT_SECURE_NO_WARNINGS. See online help for details.
C:\Users\user\output\deepseek-v4部署\fastllm-master\include\utils\utils.h(150): warning C4244: “return”: 从“double”转换到“float”，可能丢失数据
C:\Users\user\output\deepseek-v4部署\fastllm-master\include\utils\utils.h(355): warning C4267: “初始化”: 从“size_t”转换到“int”，可能丢失数据
C:\Users\user\output\deepseek-v4部署\fastllm-master\include\utils\utils.h(417): warning C4244: “+=”: 从“double”转换到“float”，可能丢失数据
C:\Users\user\output\deepseek-v4部署\fastllm-master\include\devices/cpu/alivethreadpool.h(136): warning C4267: “初始化”: 从“size_t”转换到“int”，可能丢失数据
C:\Users\user\output\deepseek-v4部署\fastllm-master\include\devices/cpu/alivethreadpool.h(176): warning C4267: “初始化”: 从“size_t”转换到“int”，可能丢失数据
C:\Users\user\output\deepseek-v4部署\fastllm-master\include\devices/cpu/alivethreadpool.h(236): warning C4267: “初始化”: 从“size_t”转换到“int”，可能丢失数据
C:\Users\user\output\deepseek-v4部署\fastllm-master\include\devices/cpu/alivethreadpool.h(237): warning C4267: “初始化”: 从“size_t”转换到“int”，可能丢失数据
C:\Users\user\output\deepseek-v4部署\fastllm-master\include\devices/cpu/alivethreadpool.h(238): warning C4267: “初始化”: 从“size_t”转换到“int”，可能丢失数据
C:\Users\user\output\deepseek-v4部署\fastllm-master\include\devices/cpu/alivethreadpool.h(281): warning C4267: “初始化”: 从“size_t”转换到“int”，可能丢失数据
C:\Users\user\output\deepseek-v4部署\fastllm-master\include\devices/cpu/alivethreadpool.h(327): warning C4267: “初始化”: 从“size_t”转换到“int”，可能丢失数据
C:\Users\user\output\deepseek-v4部署\fastllm-master\include\devices/cpu/alivethreadpool.h(330): warning C4267: “初始化”: 从“size_t”转换到“int”，可能丢失数据
C:\Users\user\output\deepseek-v4部署\fastllm-master\include\devices/cpu/alivethreadpool.h(370): warning C4267: “初始化”: 从“size_t”转换到“int”，可能丢失数据
C:\Users\user\output\deepseek-v4部署\fastllm-master\include\devices/cpu/alivethreadpool.h(372): warning C4267: “初始化”: 从“size_t”转换到“int”，可能丢失数据
C:\Users\user\output\deepseek-v4部署\fastllm-master\include\fastllm.h(222): warning C4244: “初始化”: 从“int”转换到“float”，可能丢失数据
C:\Users\user\output\deepseek-v4部署\fastllm-master\include\fastllm.h(222): warning C4244: “初始化”: 从“int”转换到“const float”，可能丢失数据
C:\Users\user\output\deepseek-v4部署\fastllm-master\include\fastllm.h(227): warning C4244: “=”: 从“float”转换到“uint8_t”，可能丢失数据
C:\Users\user\output\deepseek-v4部署\fastllm-master\include\fastllm.h(229): warning C4244: “=”: 从“const float”转换到“uint8_t”，可能丢失数据
C:\Users\user\output\deepseek-v4部署\fastllm-master\include\fastllm.h(687): warning C4996: 'std::codecvt_utf8<wchar_t,1114111,(std::codecvt_mode)0>': warning STL4017: std::wbuffer_convert, std::wstring_convert, and the <codecvt> header (containing std::codecvt_mode, std::codecvt_utf8, std::codecvt_utf16, and std::codecvt_utf8_utf16) are deprecated in C++17. (The std::codecvt class template is NOT deprecated.) The C++ Standard doesn't provide equivalent non-deprecated functionality; consider using MultiByteToWideChar() and WideCharToMultiByte() from <Windows.h> instead. You can define _SILENCE_CXX17_CODECVT_HEADER_DEPRECATION_WARNING or _SILENCE_ALL_CXX17_DEPRECATION_WARNINGS to suppress this warning.
C:\Program Files (x86)\Microsoft Visual Studio\2022\BuildTools\VC\Tools\MSVC\14.44.35207\include\codecvt(34): note: 参见“std::codecvt_utf8”的声明
C:\Users\user\output\deepseek-v4部署\fastllm-master\include\fastllm.h(687): warning C4996: 'std::wstring_convert<std::codecvt_utf8<wchar_t,1114111,(std::codecvt_mode)0>,wchar_t,std::allocator<wchar_t>,std::allocator<char>>': warning STL4017: std::wbuffer_convert, std::wstring_convert, and the <codecvt> header (containing std::codecvt_mode, std::codecvt_utf8, std::codecvt_utf16, and std::codecvt_utf8_utf16) are deprecated in C++17. (The std::codecvt class template is NOT deprecated.) The C++ Standard doesn't provide equivalent non-deprecated functionality; consider using MultiByteToWideChar() and WideCharToMultiByte() from <Windows.h> instead. You can define _SILENCE_CXX17_CODECVT_HEADER_DEPRECATION_WARNING or _SILENCE_ALL_CXX17_DEPRECATION_WARNINGS to suppress this warning.
C:\Program Files (x86)\Microsoft Visual Studio\2022\BuildTools\VC\Tools\MSVC\14.44.35207\include\xlocbuf(303): note: 参见“std::wstring_convert”的声明
C:\Users\user\output\deepseek-v4部署\fastllm-master\include\models\basellm.h(344): warning C4305: “初始化”: 从“double”到“float”截断
C:\Users\user\output\deepseek-v4部署\fastllm-master\include\models\basellm.h(348): warning C4244: “初始化”: 从“double”转换到“const float”，可能丢失数据
C:\Users\user\output\deepseek-v4部署\fastllm-master\third_party\gguf\gguf.cpp(689): warning C4267: “初始化”: 从“size_t”转换到“int”，可能丢失数据
C:\Users\user\output\deepseek-v4部署\fastllm-master\third_party\gguf\gguf.cpp(697): warning C4267: “初始化”: 从“size_t”转换到“int”，可能丢失数据
C:\Users\user\output\deepseek-v4部署\fastllm-master\third_party\gguf\gguf.cpp(753): warning C4267: “初始化”: 从“size_t”转换到“int”，可能丢失数据
C:\Users\user\output\deepseek-v4部署\fastllm-master\third_party\gguf\gguf.cpp(790): warning C4267: “初始化”: 从“size_t”转换到“int”，可能丢失数据
C:\Users\user\output\deepseek-v4部署\fastllm-master\third_party\gguf\gguf.cpp(818): warning C4267: “初始化”: 从“size_t”转换到“int”，可能丢失数据
C:\Users\user\output\deepseek-v4部署\fastllm-master\third_party\gguf\gguf.cpp(829): warning C4244: “参数”: 从“uint64_t”转换到“int”，可能丢失数据
C:\Users\user\output\deepseek-v4部署\fastllm-master\third_party\gguf\gguf.cpp(989): warning C4018: “<”: 有符号/无符号不匹配
C:\Users\user\output\deepseek-v4部署\fastllm-master\third_party\gguf\gguf.cpp(991): warning C4244: “参数”: 从“int64_t”转换到“_Ty”，可能丢失数据
        with
        [
            _Ty=int
        ]
C:\Users\user\output\deepseek-v4部署\fastllm-master\third_party\gguf\gguf.cpp(996): warning C4018: “<”: 有符号/无符号不匹配
C:\Users\user\output\deepseek-v4部署\fastllm-master\third_party\gguf\gguf.cpp(1067): warning C4244: “初始化”: 从“int64_t”转换到“int”，可能丢失数据
C:\Users\user\output\deepseek-v4部署\fastllm-master\third_party\gguf\gguf.cpp(1173): warning C4018: “<”: 有符号/无符号不匹配
C:\Users\user\output\deepseek-v4部署\fastllm-master\third_party\gguf\gguf.cpp(1175): warning C4244: “参数”: 从“int64_t”转换到“_Ty”，可能丢失数据
        with
        [
            _Ty=int
        ]
C:\Users\user\output\deepseek-v4部署\fastllm-master\third_party\gguf\gguf.cpp(1180): warning C4018: “<”: 有符号/无符号不匹配
C:\Users\user\output\deepseek-v4部署\fastllm-master\third_party\gguf\gguf.cpp(1272): warning C4244: “初始化”: 从“int64_t”转换到“int”，可能丢失数据
[44/81] Building CXX object CMakeFiles\fastllm_tools.dir\third_party\gguf\ggml-iqk.cpp.obj
C:\Users\user\output\deepseek-v4部署\fastllm-master\include\utils\utils.h(30): warning C4067: 预处理器指令后有意外标记 - 应输入换行符
C:\Users\user\output\deepseek-v4部署\fastllm-master\include\utils\utils.h(109): warning C4996: '_wfopen': This function or variable may be unsafe. Consider using _wfopen_s instead. To disable deprecation, use _CRT_SECURE_NO_WARNINGS. See online help for details.
C:\Users\user\output\deepseek-v4部署\fastllm-master\include\utils\utils.h(118): warning C4996: '_wopen': This function or variable may be unsafe. Consider using _wsopen_s instead. To disable deprecation, use _CRT_SECURE_NO_WARNINGS. See online help for details.
C:\Users\user\output\deepseek-v4部署\fastllm-master\include\utils\utils.h(150): warning C4244: “return”: 从“double”转换到“float”，可能丢失数据
C:\Users\user\output\deepseek-v4部署\fastllm-master\include\utils\utils.h(355): warning C4267: “初始化”: 从“size_t”转换到“int”，可能丢失数据
C:\Users\user\output\deepseek-v4部署\fastllm-master\include\utils\utils.h(417): warning C4244: “+=”: 从“double”转换到“float”，可能丢失数据
C:\Users\user\output\deepseek-v4部署\fastllm-master\include\devices/cpu/alivethreadpool.h(136): warning C4267: “初始化”: 从“size_t”转换到“int”，可能丢失数据
C:\Users\user\output\deepseek-v4部署\fastllm-master\include\devices/cpu/alivethreadpool.h(176): warning C4267: “初始化”: 从“size_t”转换到“int”，可能丢失数据
C:\Users\user\output\deepseek-v4部署\fastllm-master\include\devices/cpu/alivethreadpool.h(236): warning C4267: “初始化”: 从“size_t”转换到“int”，可能丢失数据
C:\Users\user\output\deepseek-v4部署\fastllm-master\include\devices/cpu/alivethreadpool.h(237): warning C4267: “初始化”: 从“size_t”转换到“int”，可能丢失数据
C:\Users\user\output\deepseek-v4部署\fastllm-master\include\devices/cpu/alivethreadpool.h(238): warning C4267: “初始化”: 从“size_t”转换到“int”，可能丢失数据
C:\Users\user\output\deepseek-v4部署\fastllm-master\include\devices/cpu/alivethreadpool.h(281): warning C4267: “初始化”: 从“size_t”转换到“int”，可能丢失数据
C:\Users\user\output\deepseek-v4部署\fastllm-master\include\devices/cpu/alivethreadpool.h(327): warning C4267: “初始化”: 从“size_t”转换到“int”，可能丢失数据
C:\Users\user\output\deepseek-v4部署\fastllm-master\include\devices/cpu/alivethreadpool.h(330): warning C4267: “初始化”: 从“size_t”转换到“int”，可能丢失数据
C:\Users\user\output\deepseek-v4部署\fastllm-master\include\devices/cpu/alivethreadpool.h(370): warning C4267: “初始化”: 从“size_t”转换到“int”，可能丢失数据
C:\Users\user\output\deepseek-v4部署\fastllm-master\include\devices/cpu/alivethreadpool.h(372): warning C4267: “初始化”: 从“size_t”转换到“int”，可能丢失数据
C:\Users\user\output\deepseek-v4部署\fastllm-master\include\fastllm.h(222): warning C4244: “初始化”: 从“int”转换到“float”，可能丢失数据
C:\Users\user\output\deepseek-v4部署\fastllm-master\include\fastllm.h(222): warning C4244: “初始化”: 从“int”转换到“const float”，可能丢失数据
C:\Users\user\output\deepseek-v4部署\fastllm-master\include\fastllm.h(227): warning C4244: “=”: 从“float”转换到“uint8_t”，可能丢失数据
C:\Users\user\output\deepseek-v4部署\fastllm-master\include\fastllm.h(229): warning C4244: “=”: 从“const float”转换到“uint8_t”，可能丢失数据
C:\Users\user\output\deepseek-v4部署\fastllm-master\include\fastllm.h(687): warning C4996: 'std::codecvt_utf8<wchar_t,1114111,(std::codecvt_mode)0>': warning STL4017: std::wbuffer_convert, std::wstring_convert, and the <codecvt> header (containing std::codecvt_mode, std::codecvt_utf8, std::codecvt_utf16, and std::codecvt_utf8_utf16) are deprecated in C++17. (The std::codecvt class template is NOT deprecated.) The C++ Standard doesn't provide equivalent non-deprecated functionality; consider using MultiByteToWideChar() and WideCharToMultiByte() from <Windows.h> instead. You can define _SILENCE_CXX17_CODECVT_HEADER_DEPRECATION_WARNING or _SILENCE_ALL_CXX17_DEPRECATION_WARNINGS to suppress this warning.
C:\Program Files (x86)\Microsoft Visual Studio\2022\BuildTools\VC\Tools\MSVC\14.44.35207\include\codecvt(34): note: 参见“std::codecvt_utf8”的声明
C:\Users\user\output\deepseek-v4部署\fastllm-master\include\fastllm.h(687): warning C4996: 'std::wstring_convert<std::codecvt_utf8<wchar_t,1114111,(std::codecvt_mode)0>,wchar_t,std::allocator<wchar_t>,std::allocator<char>>': warning STL4017: std::wbuffer_convert, std::wstring_convert, and the <codecvt> header (containing std::codecvt_mode, std::codecvt_utf8, std::codecvt_utf16, and std::codecvt_utf8_utf16) are deprecated in C++17. (The std::codecvt class template is NOT deprecated.) The C++ Standard doesn't provide equivalent non-deprecated functionality; consider using MultiByteToWideChar() and WideCharToMultiByte() from <Windows.h> instead. You can define _SILENCE_CXX17_CODECVT_HEADER_DEPRECATION_WARNING or _SILENCE_ALL_CXX17_DEPRECATION_WARNINGS to suppress this warning.
C:\Program Files (x86)\Microsoft Visual Studio\2022\BuildTools\VC\Tools\MSVC\14.44.35207\include\xlocbuf(303): note: 参见“std::wstring_convert”的声明
C:\Users\user\output\deepseek-v4部署\fastllm-master\include\models\basellm.h(344): warning C4305: “初始化”: 从“double”到“float”截断
C:\Users\user\output\deepseek-v4部署\fastllm-master\include\models\basellm.h(348): warning C4244: “初始化”: 从“double”转换到“const float”，可能丢失数据
[45/81] Building CXX object CMakeFiles\fastllm_tools.dir\third_party\gguf\ggml-dequantize.cpp.obj
C:\Users\user\output\deepseek-v4部署\fastllm-master\include\utils\utils.h(30): warning C4067: 预处理器指令后有意外标记 - 应输入换行符
C:\Users\user\output\deepseek-v4部署\fastllm-master\include\utils\utils.h(109): warning C4996: '_wfopen': This function or variable may be unsafe. Consider using _wfopen_s instead. To disable deprecation, use _CRT_SECURE_NO_WARNINGS. See online help for details.
C:\Users\user\output\deepseek-v4部署\fastllm-master\include\utils\utils.h(118): warning C4996: '_wopen': This function or variable may be unsafe. Consider using _wsopen_s instead. To disable deprecation, use _CRT_SECURE_NO_WARNINGS. See online help for details.
C:\Users\user\output\deepseek-v4部署\fastllm-master\include\utils\utils.h(150): warning C4244: “return”: 从“double”转换到“float”，可能丢失数据
C:\Users\user\output\deepseek-v4部署\fastllm-master\include\utils\utils.h(355): warning C4267: “初始化”: 从“size_t”转换到“int”，可能丢失数据
C:\Users\user\output\deepseek-v4部署\fastllm-master\include\utils\utils.h(417): warning C4244: “+=”: 从“double”转换到“float”，可能丢失数据
C:\Users\user\output\deepseek-v4部署\fastllm-master\include\devices/cpu/alivethreadpool.h(136): warning C4267: “初始化”: 从“size_t”转换到“int”，可能丢失数据
C:\Users\user\output\deepseek-v4部署\fastllm-master\include\devices/cpu/alivethreadpool.h(176): warning C4267: “初始化”: 从“size_t”转换到“int”，可能丢失数据
C:\Users\user\output\deepseek-v4部署\fastllm-master\include\devices/cpu/alivethreadpool.h(236): warning C4267: “初始化”: 从“size_t”转换到“int”，可能丢失数据
C:\Users\user\output\deepseek-v4部署\fastllm-master\include\devices/cpu/alivethreadpool.h(237): warning C4267: “初始化”: 从“size_t”转换到“int”，可能丢失数据
C:\Users\user\output\deepseek-v4部署\fastllm-master\include\devices/cpu/alivethreadpool.h(238): warning C4267: “初始化”: 从“size_t”转换到“int”，可能丢失数据
C:\Users\user\output\deepseek-v4部署\fastllm-master\include\devices/cpu/alivethreadpool.h(281): warning C4267: “初始化”: 从“size_t”转换到“int”，可能丢失数据
C:\Users\user\output\deepseek-v4部署\fastllm-master\include\devices/cpu/alivethreadpool.h(327): warning C4267: “初始化”: 从“size_t”转换到“int”，可能丢失数据
C:\Users\user\output\deepseek-v4部署\fastllm-master\include\devices/cpu/alivethreadpool.h(330): warning C4267: “初始化”: 从“size_t”转换到“int”，可能丢失数据
C:\Users\user\output\deepseek-v4部署\fastllm-master\include\devices/cpu/alivethreadpool.h(370): warning C4267: “初始化”: 从“size_t”转换到“int”，可能丢失数据
C:\Users\user\output\deepseek-v4部署\fastllm-master\include\devices/cpu/alivethreadpool.h(372): warning C4267: “初始化”: 从“size_t”转换到“int”，可能丢失数据
C:\Users\user\output\deepseek-v4部署\fastllm-master\include\fastllm.h(222): warning C4244: “初始化”: 从“int”转换到“float”，可能丢失数据
C:\Users\user\output\deepseek-v4部署\fastllm-master\include\fastllm.h(222): warning C4244: “初始化”: 从“int”转换到“const float”，可能丢失数据
C:\Users\user\output\deepseek-v4部署\fastllm-master\include\fastllm.h(227): warning C4244: “=”: 从“float”转换到“uint8_t”，可能丢失数据
C:\Users\user\output\deepseek-v4部署\fastllm-master\include\fastllm.h(229): warning C4244: “=”: 从“const float”转换到“uint8_t”，可能丢失数据
C:\Users\user\output\deepseek-v4部署\fastllm-master\include\fastllm.h(687): warning C4996: 'std::codecvt_utf8<wchar_t,1114111,(std::codecvt_mode)0>': warning STL4017: std::wbuffer_convert, std::wstring_convert, and the <codecvt> header (containing std::codecvt_mode, std::codecvt_utf8, std::codecvt_utf16, and std::codecvt_utf8_utf16) are deprecated in C++17. (The std::codecvt class template is NOT deprecated.) The C++ Standard doesn't provide equivalent non-deprecated functionality; consider using MultiByteToWideChar() and WideCharToMultiByte() from <Windows.h> instead. You can define _SILENCE_CXX17_CODECVT_HEADER_DEPRECATION_WARNING or _SILENCE_ALL_CXX17_DEPRECATION_WARNINGS to suppress this warning.
C:\Program Files (x86)\Microsoft Visual Studio\2022\BuildTools\VC\Tools\MSVC\14.44.35207\include\codecvt(34): note: 参见“std::codecvt_utf8”的声明
C:\Users\user\output\deepseek-v4部署\fastllm-master\include\fastllm.h(687): warning C4996: 'std::wstring_convert<std::codecvt_utf8<wchar_t,1114111,(std::codecvt_mode)0>,wchar_t,std::allocator<wchar_t>,std::allocator<char>>': warning STL4017: std::wbuffer_convert, std::wstring_convert, and the <codecvt> header (containing std::codecvt_mode, std::codecvt_utf8, std::codecvt_utf16, and std::codecvt_utf8_utf16) are deprecated in C++17. (The std::codecvt class template is NOT deprecated.) The C++ Standard doesn't provide equivalent non-deprecated functionality; consider using MultiByteToWideChar() and WideCharToMultiByte() from <Windows.h> instead. You can define _SILENCE_CXX17_CODECVT_HEADER_DEPRECATION_WARNING or _SILENCE_ALL_CXX17_DEPRECATION_WARNINGS to suppress this warning.
C:\Program Files (x86)\Microsoft Visual Studio\2022\BuildTools\VC\Tools\MSVC\14.44.35207\include\xlocbuf(303): note: 参见“std::wstring_convert”的声明
C:\Users\user\output\deepseek-v4部署\fastllm-master\include\models\basellm.h(344): warning C4305: “初始化”: 从“double”到“float”截断
C:\Users\user\output\deepseek-v4部署\fastllm-master\include\models\basellm.h(348): warning C4244: “初始化”: 从“double”转换到“const float”，可能丢失数据
C:\Users\user\output\deepseek-v4部署\fastllm-master\third_party\gguf\ggml-dequantize.cpp(18): warning C4244: “初始化”: 从“int64_t”转换到“int”，可能丢失数据
C:\Users\user\output\deepseek-v4部署\fastllm-master\third_party\gguf\ggml-dequantize.cpp(18): warning C4244: “初始化”: 从“int64_t”转换到“const int”，可能丢失数据
C:\Users\user\output\deepseek-v4部署\fastllm-master\third_party\gguf\ggml-dequantize.cpp(38): warning C4244: “初始化”: 从“int64_t”转换到“int”，可能丢失数据
C:\Users\user\output\deepseek-v4部署\fastllm-master\third_party\gguf\ggml-dequantize.cpp(38): warning C4244: “初始化”: 从“int64_t”转换到“const int”，可能丢失数据
C:\Users\user\output\deepseek-v4部署\fastllm-master\third_party\gguf\ggml-dequantize.cpp(59): warning C4244: “初始化”: 从“int64_t”转换到“int”，可能丢失数据
C:\Users\user\output\deepseek-v4部署\fastllm-master\third_party\gguf\ggml-dequantize.cpp(59): warning C4244: “初始化”: 从“int64_t”转换到“const int”，可能丢失数据
C:\Users\user\output\deepseek-v4部署\fastllm-master\third_party\gguf\ggml-dequantize.cpp(85): warning C4244: “初始化”: 从“int64_t”转换到“int”，可能丢失数据
C:\Users\user\output\deepseek-v4部署\fastllm-master\third_party\gguf\ggml-dequantize.cpp(85): warning C4244: “初始化”: 从“int64_t”转换到“const int”，可能丢失数据
C:\Users\user\output\deepseek-v4部署\fastllm-master\third_party\gguf\ggml-dequantize.cpp(112): warning C4244: “初始化”: 从“int64_t”转换到“int”，可能丢失数据
C:\Users\user\output\deepseek-v4部署\fastllm-master\third_party\gguf\ggml-dequantize.cpp(112): warning C4244: “初始化”: 从“int64_t”转换到“const int”，可能丢失数据
C:\Users\user\output\deepseek-v4部署\fastllm-master\third_party\gguf\ggml-dequantize.cpp(134): warning C4244: “初始化”: 从“int64_t”转换到“int”，可能丢失数据
C:\Users\user\output\deepseek-v4部署\fastllm-master\third_party\gguf\ggml-dequantize.cpp(134): warning C4244: “初始化”: 从“int64_t”转换到“const int”，可能丢失数据
C:\Users\user\output\deepseek-v4部署\fastllm-master\third_party\gguf\ggml-dequantize.cpp(147): warning C4244: “初始化”: 从“int64_t”转换到“int”，可能丢失数据
C:\Users\user\output\deepseek-v4部署\fastllm-master\third_party\gguf\ggml-dequantize.cpp(147): warning C4244: “初始化”: 从“int64_t”转换到“const int”，可能丢失数据
C:\Users\user\output\deepseek-v4部署\fastllm-master\third_party\gguf\ggml-dequantize.cpp(179): warning C4244: “初始化”: 从“int64_t”转换到“int”，可能丢失数据
C:\Users\user\output\deepseek-v4部署\fastllm-master\third_party\gguf\ggml-dequantize.cpp(179): warning C4244: “初始化”: 从“int64_t”转换到“const int”，可能丢失数据
C:\Users\user\output\deepseek-v4部署\fastllm-master\third_party\gguf\ggml-dequantize.cpp(238): warning C4244: “初始化”: 从“int64_t”转换到“int”，可能丢失数据
C:\Users\user\output\deepseek-v4部署\fastllm-master\third_party\gguf\ggml-dequantize.cpp(238): warning C4244: “初始化”: 从“int64_t”转换到“const int”，可能丢失数据
[46/81] Building CXX object CMakeFiles\fastllm_tools.dir\src\devices\cpu\avx512f.cpp.obj
C:\Users\user\output\deepseek-v4部署\fastllm-master\include\utils\utils.h(30): warning C4067: 预处理器指令后有意外标记 - 应输入换行符
C:\Users\user\output\deepseek-v4部署\fastllm-master\include\utils\utils.h(109): warning C4996: '_wfopen': This function or variable may be unsafe. Consider using _wfopen_s instead. To disable deprecation, use _CRT_SECURE_NO_WARNINGS. See online help for details.
C:\Users\user\output\deepseek-v4部署\fastllm-master\include\utils\utils.h(118): warning C4996: '_wopen': This function or variable may be unsafe. Consider using _wsopen_s instead. To disable deprecation, use _CRT_SECURE_NO_WARNINGS. See online help for details.
C:\Users\user\output\deepseek-v4部署\fastllm-master\include\utils\utils.h(150): warning C4244: “return”: 从“double”转换到“float”，可能丢失数据
C:\Users\user\output\deepseek-v4部署\fastllm-master\include\utils\utils.h(355): warning C4267: “初始化”: 从“size_t”转换到“int”，可能丢失数据
C:\Users\user\output\deepseek-v4部署\fastllm-master\include\utils\utils.h(417): warning C4244: “+=”: 从“double”转换到“float”，可能丢失数据
[47/81] Building CXX object CMakeFiles\fastllm_tools.dir\src\devices\cpu\avx2.cpp.obj
C:\Users\user\output\deepseek-v4部署\fastllm-master\include\utils\utils.h(30): warning C4067: 预处理器指令后有意外标记 - 应输入换行符
C:\Users\user\output\deepseek-v4部署\fastllm-master\include\utils\utils.h(109): warning C4996: '_wfopen': This function or variable may be unsafe. Consider using _wfopen_s instead. To disable deprecation, use _CRT_SECURE_NO_WARNINGS. See online help for details.
C:\Users\user\output\deepseek-v4部署\fastllm-master\include\utils\utils.h(118): warning C4996: '_wopen': This function or variable may be unsafe. Consider using _wsopen_s instead. To disable deprecation, use _CRT_SECURE_NO_WARNINGS. See online help for details.
C:\Users\user\output\deepseek-v4部署\fastllm-master\include\utils\utils.h(150): warning C4244: “return”: 从“double”转换到“float”，可能丢失数据
C:\Users\user\output\deepseek-v4部署\fastllm-master\include\utils\utils.h(355): warning C4267: “初始化”: 从“size_t”转换到“int”，可能丢失数据
C:\Users\user\output\deepseek-v4部署\fastllm-master\include\utils\utils.h(417): warning C4244: “+=”: 从“double”转换到“float”，可能丢失数据
C:\Users\user\output\deepseek-v4部署\fastllm-master\include\devices/cpu/alivethreadpool.h(136): warning C4267: “初始化”: 从“size_t”转换到“int”，可能丢失数据
C:\Users\user\output\deepseek-v4部署\fastllm-master\include\devices/cpu/alivethreadpool.h(176): warning C4267: “初始化”: 从“size_t”转换到“int”，可能丢失数据
C:\Users\user\output\deepseek-v4部署\fastllm-master\include\devices/cpu/alivethreadpool.h(236): warning C4267: “初始化”: 从“size_t”转换到“int”，可能丢失数据
C:\Users\user\output\deepseek-v4部署\fastllm-master\include\devices/cpu/alivethreadpool.h(237): warning C4267: “初始化”: 从“size_t”转换到“int”，可能丢失数据
C:\Users\user\output\deepseek-v4部署\fastllm-master\include\devices/cpu/alivethreadpool.h(238): warning C4267: “初始化”: 从“size_t”转换到“int”，可能丢失数据
C:\Users\user\output\deepseek-v4部署\fastllm-master\include\devices/cpu/alivethreadpool.h(281): warning C4267: “初始化”: 从“size_t”转换到“int”，可能丢失数据
C:\Users\user\output\deepseek-v4部署\fastllm-master\include\devices/cpu/alivethreadpool.h(327): warning C4267: “初始化”: 从“size_t”转换到“int”，可能丢失数据
C:\Users\user\output\deepseek-v4部署\fastllm-master\include\devices/cpu/alivethreadpool.h(330): warning C4267: “初始化”: 从“size_t”转换到“int”，可能丢失数据
C:\Users\user\output\deepseek-v4部署\fastllm-master\include\devices/cpu/alivethreadpool.h(370): warning C4267: “初始化”: 从“size_t”转换到“int”，可能丢失数据
C:\Users\user\output\deepseek-v4部署\fastllm-master\include\devices/cpu/alivethreadpool.h(372): warning C4267: “初始化”: 从“size_t”转换到“int”，可能丢失数据
C:\Users\user\output\deepseek-v4部署\fastllm-master\include\fastllm.h(222): warning C4244: “初始化”: 从“int”转换到“float”，可能丢失数据
C:\Users\user\output\deepseek-v4部署\fastllm-master\include\fastllm.h(222): warning C4244: “初始化”: 从“int”转换到“const float”，可能丢失数据
C:\Users\user\output\deepseek-v4部署\fastllm-master\include\fastllm.h(227): warning C4244: “=”: 从“float”转换到“uint8_t”，可能丢失数据
C:\Users\user\output\deepseek-v4部署\fastllm-master\include\fastllm.h(229): warning C4244: “=”: 从“const float”转换到“uint8_t”，可能丢失数据
C:\Users\user\output\deepseek-v4部署\fastllm-master\include\fastllm.h(687): warning C4996: 'std::codecvt_utf8<wchar_t,1114111,(std::codecvt_mode)0>': warning STL4017: std::wbuffer_convert, std::wstring_convert, and the <codecvt> header (containing std::codecvt_mode, std::codecvt_utf8, std::codecvt_utf16, and std::codecvt_utf8_utf16) are deprecated in C++17. (The std::codecvt class template is NOT deprecated.) The C++ Standard doesn't provide equivalent non-deprecated functionality; consider using MultiByteToWideChar() and WideCharToMultiByte() from <Windows.h> instead. You can define _SILENCE_CXX17_CODECVT_HEADER_DEPRECATION_WARNING or _SILENCE_ALL_CXX17_DEPRECATION_WARNINGS to suppress this warning.
C:\Program Files (x86)\Microsoft Visual Studio\2022\BuildTools\VC\Tools\MSVC\14.44.35207\include\codecvt(34): note: 参见“std::codecvt_utf8”的声明
C:\Users\user\output\deepseek-v4部署\fastllm-master\include\fastllm.h(687): warning C4996: 'std::wstring_convert<std::codecvt_utf8<wchar_t,1114111,(std::codecvt_mode)0>,wchar_t,std::allocator<wchar_t>,std::allocator<char>>': warning STL4017: std::wbuffer_convert, std::wstring_convert, and the <codecvt> header (containing std::codecvt_mode, std::codecvt_utf8, std::codecvt_utf16, and std::codecvt_utf8_utf16) are deprecated in C++17. (The std::codecvt class template is NOT deprecated.) The C++ Standard doesn't provide equivalent non-deprecated functionality; consider using MultiByteToWideChar() and WideCharToMultiByte() from <Windows.h> instead. You can define _SILENCE_CXX17_CODECVT_HEADER_DEPRECATION_WARNING or _SILENCE_ALL_CXX17_DEPRECATION_WARNINGS to suppress this warning.
C:\Program Files (x86)\Microsoft Visual Studio\2022\BuildTools\VC\Tools\MSVC\14.44.35207\include\xlocbuf(303): note: 参见“std::wstring_convert”的声明
C:\Users\user\output\deepseek-v4部署\fastllm-master\src\devices\cpu\avx2.cpp(138): warning C4244: “初始化”: 从“float”转换到“int”，可能丢失数据
C:\Users\user\output\deepseek-v4部署\fastllm-master\src\devices\cpu\avx2.cpp(374): warning C4244: “初始化”: 从“double”转换到“float”，可能丢失数据
C:\Users\user\output\deepseek-v4部署\fastllm-master\src\devices\cpu\avx2.cpp(380): warning C4309: “参数”: 截断常量值
C:\Users\user\output\deepseek-v4部署\fastllm-master\src\devices\cpu\avx2.cpp(511): warning C4244: “初始化”: 从“double”转换到“float”，可能丢失数据
C:\Users\user\output\deepseek-v4部署\fastllm-master\src\devices\cpu\avx2.cpp(517): warning C4309: “参数”: 截断常量值
[48/81] Building CXX object CMakeFiles\fastllm_tools.dir\src\devices\cpu\avx512bf16.cpp.obj
C:\Users\user\output\deepseek-v4部署\fastllm-master\include\utils\utils.h(30): warning C4067: 预处理器指令后有意外标记 - 应输入换行符
C:\Users\user\output\deepseek-v4部署\fastllm-master\include\utils\utils.h(109): warning C4996: '_wfopen': This function or variable may be unsafe. Consider using _wfopen_s instead. To disable deprecation, use _CRT_SECURE_NO_WARNINGS. See online help for details.
C:\Users\user\output\deepseek-v4部署\fastllm-master\include\utils\utils.h(118): warning C4996: '_wopen': This function or variable may be unsafe. Consider using _wsopen_s instead. To disable deprecation, use _CRT_SECURE_NO_WARNINGS. See online help for details.
C:\Users\user\output\deepseek-v4部署\fastllm-master\include\utils\utils.h(150): warning C4244: “return”: 从“double”转换到“float”，可能丢失数据
C:\Users\user\output\deepseek-v4部署\fastllm-master\include\utils\utils.h(355): warning C4267: “初始化”: 从“size_t”转换到“int”，可能丢失数据
C:\Users\user\output\deepseek-v4部署\fastllm-master\include\utils\utils.h(417): warning C4244: “+=”: 从“double”转换到“float”，可能丢失数据
C:\Users\user\output\deepseek-v4部署\fastllm-master\include\devices/cpu/alivethreadpool.h(136): warning C4267: “初始化”: 从“size_t”转换到“int”，可能丢失数据
C:\Users\user\output\deepseek-v4部署\fastllm-master\include\devices/cpu/alivethreadpool.h(176): warning C4267: “初始化”: 从“size_t”转换到“int”，可能丢失数据
C:\Users\user\output\deepseek-v4部署\fastllm-master\include\devices/cpu/alivethreadpool.h(236): warning C4267: “初始化”: 从“size_t”转换到“int”，可能丢失数据
C:\Users\user\output\deepseek-v4部署\fastllm-master\include\devices/cpu/alivethreadpool.h(237): warning C4267: “初始化”: 从“size_t”转换到“int”，可能丢失数据
C:\Users\user\output\deepseek-v4部署\fastllm-master\include\devices/cpu/alivethreadpool.h(238): warning C4267: “初始化”: 从“size_t”转换到“int”，可能丢失数据
C:\Users\user\output\deepseek-v4部署\fastllm-master\include\devices/cpu/alivethreadpool.h(281): warning C4267: “初始化”: 从“size_t”转换到“int”，可能丢失数据
C:\Users\user\output\deepseek-v4部署\fastllm-master\include\devices/cpu/alivethreadpool.h(327): warning C4267: “初始化”: 从“size_t”转换到“int”，可能丢失数据
C:\Users\user\output\deepseek-v4部署\fastllm-master\include\devices/cpu/alivethreadpool.h(330): warning C4267: “初始化”: 从“size_t”转换到“int”，可能丢失数据
C:\Users\user\output\deepseek-v4部署\fastllm-master\include\devices/cpu/alivethreadpool.h(370): warning C4267: “初始化”: 从“size_t”转换到“int”，可能丢失数据
C:\Users\user\output\deepseek-v4部署\fastllm-master\include\devices/cpu/alivethreadpool.h(372): warning C4267: “初始化”: 从“size_t”转换到“int”，可能丢失数据
C:\Users\user\output\deepseek-v4部署\fastllm-master\include\fastllm.h(222): warning C4244: “初始化”: 从“int”转换到“float”，可能丢失数据
C:\Users\user\output\deepseek-v4部署\fastllm-master\include\fastllm.h(222): warning C4244: “初始化”: 从“int”转换到“const float”，可能丢失数据
C:\Users\user\output\deepseek-v4部署\fastllm-master\include\fastllm.h(227): warning C4244: “=”: 从“float”转换到“uint8_t”，可能丢失数据
C:\Users\user\output\deepseek-v4部署\fastllm-master\include\fastllm.h(229): warning C4244: “=”: 从“const float”转换到“uint8_t”，可能丢失数据
C:\Users\user\output\deepseek-v4部署\fastllm-master\include\fastllm.h(687): warning C4996: 'std::codecvt_utf8<wchar_t,1114111,(std::codecvt_mode)0>': warning STL4017: std::wbuffer_convert, std::wstring_convert, and the <codecvt> header (containing std::codecvt_mode, std::codecvt_utf8, std::codecvt_utf16, and std::codecvt_utf8_utf16) are deprecated in C++17. (The std::codecvt class template is NOT deprecated.) The C++ Standard doesn't provide equivalent non-deprecated functionality; consider using MultiByteToWideChar() and WideCharToMultiByte() from <Windows.h> instead. You can define _SILENCE_CXX17_CODECVT_HEADER_DEPRECATION_WARNING or _SILENCE_ALL_CXX17_DEPRECATION_WARNINGS to suppress this warning.
C:\Program Files (x86)\Microsoft Visual Studio\2022\BuildTools\VC\Tools\MSVC\14.44.35207\include\codecvt(34): note: 参见“std::codecvt_utf8”的声明
C:\Users\user\output\deepseek-v4部署\fastllm-master\include\fastllm.h(687): warning C4996: 'std::wstring_convert<std::codecvt_utf8<wchar_t,1114111,(std::codecvt_mode)0>,wchar_t,std::allocator<wchar_t>,std::allocator<char>>': warning STL4017: std::wbuffer_convert, std::wstring_convert, and the <codecvt> header (containing std::codecvt_mode, std::codecvt_utf8, std::codecvt_utf16, and std::codecvt_utf8_utf16) are deprecated in C++17. (The std::codecvt class template is NOT deprecated.) The C++ Standard doesn't provide equivalent non-deprecated functionality; consider using MultiByteToWideChar() and WideCharToMultiByte() from <Windows.h> instead. You can define _SILENCE_CXX17_CODECVT_HEADER_DEPRECATION_WARNING or _SILENCE_ALL_CXX17_DEPRECATION_WARNINGS to suppress this warning.
C:\Program Files (x86)\Microsoft Visual Studio\2022\BuildTools\VC\Tools\MSVC\14.44.35207\include\xlocbuf(303): note: 参见“std::wstring_convert”的声明
[49/81] Building CXX object CMakeFiles\fastllm_tools.dir\src\devices\cpu\avx512vnni.cpp.obj
C:\Users\user\output\deepseek-v4部署\fastllm-master\include\devices/cpu/alivethreadpool.h(136): warning C4267: “初始化”: 从“size_t”转换到“int”，可能丢失数据
C:\Users\user\output\deepseek-v4部署\fastllm-master\include\devices/cpu/alivethreadpool.h(176): warning C4267: “初始化”: 从“size_t”转换到“int”，可能丢失数据
C:\Users\user\output\deepseek-v4部署\fastllm-master\include\devices/cpu/alivethreadpool.h(236): warning C4267: “初始化”: 从“size_t”转换到“int”，可能丢失数据
C:\Users\user\output\deepseek-v4部署\fastllm-master\include\devices/cpu/alivethreadpool.h(237): warning C4267: “初始化”: 从“size_t”转换到“int”，可能丢失数据
C:\Users\user\output\deepseek-v4部署\fastllm-master\include\devices/cpu/alivethreadpool.h(238): warning C4267: “初始化”: 从“size_t”转换到“int”，可能丢失数据
C:\Users\user\output\deepseek-v4部署\fastllm-master\include\devices/cpu/alivethreadpool.h(281): warning C4267: “初始化”: 从“size_t”转换到“int”，可能丢失数据
C:\Users\user\output\deepseek-v4部署\fastllm-master\include\devices/cpu/alivethreadpool.h(327): warning C4267: “初始化”: 从“size_t”转换到“int”，可能丢失数据
C:\Users\user\output\deepseek-v4部署\fastllm-master\include\devices/cpu/alivethreadpool.h(330): warning C4267: “初始化”: 从“size_t”转换到“int”，可能丢失数据
C:\Users\user\output\deepseek-v4部署\fastllm-master\include\devices/cpu/alivethreadpool.h(370): warning C4267: “初始化”: 从“size_t”转换到“int”，可能丢失数据
C:\Users\user\output\deepseek-v4部署\fastllm-master\include\devices/cpu/alivethreadpool.h(372): warning C4267: “初始化”: 从“size_t”转换到“int”，可能丢失数据
C:\Users\user\output\deepseek-v4部署\fastllm-master\include\fastllm.h(222): warning C4244: “初始化”: 从“int”转换到“float”，可能丢失数据
C:\Users\user\output\deepseek-v4部署\fastllm-master\include\fastllm.h(222): warning C4244: “初始化”: 从“int”转换到“const float”，可能丢失数据
C:\Users\user\output\deepseek-v4部署\fastllm-master\include\fastllm.h(227): warning C4244: “=”: 从“float”转换到“uint8_t”，可能丢失数据
C:\Users\user\output\deepseek-v4部署\fastllm-master\include\fastllm.h(229): warning C4244: “=”: 从“const float”转换到“uint8_t”，可能丢失数据
C:\Users\user\output\deepseek-v4部署\fastllm-master\include\fastllm.h(687): warning C4996: 'std::codecvt_utf8<wchar_t,1114111,(std::codecvt_mode)0>': warning STL4017: std::wbuffer_convert, std::wstring_convert, and the <codecvt> header (containing std::codecvt_mode, std::codecvt_utf8, std::codecvt_utf16, and std::codecvt_utf8_utf16) are deprecated in C++17. (The std::codecvt class template is NOT deprecated.) The C++ Standard doesn't provide equivalent non-deprecated functionality; consider using MultiByteToWideChar() and WideCharToMultiByte() from <Windows.h> instead. You can define _SILENCE_CXX17_CODECVT_HEADER_DEPRECATION_WARNING or _SILENCE_ALL_CXX17_DEPRECATION_WARNINGS to suppress this warning.
C:\Program Files (x86)\Microsoft Visual Studio\2022\BuildTools\VC\Tools\MSVC\14.44.35207\include\codecvt(34): note: 参见“std::codecvt_utf8”的声明
C:\Users\user\output\deepseek-v4部署\fastllm-master\include\fastllm.h(687): warning C4996: 'std::wstring_convert<std::codecvt_utf8<wchar_t,1114111,(std::codecvt_mode)0>,wchar_t,std::allocator<wchar_t>,std::allocator<char>>': warning STL4017: std::wbuffer_convert, std::wstring_convert, and the <codecvt> header (containing std::codecvt_mode, std::codecvt_utf8, std::codecvt_utf16, and std::codecvt_utf8_utf16) are deprecated in C++17. (The std::codecvt class template is NOT deprecated.) The C++ Standard doesn't provide equivalent non-deprecated functionality; consider using MultiByteToWideChar() and WideCharToMultiByte() from <Windows.h> instead. You can define _SILENCE_CXX17_CODECVT_HEADER_DEPRECATION_WARNING or _SILENCE_ALL_CXX17_DEPRECATION_WARNINGS to suppress this warning.
C:\Program Files (x86)\Microsoft Visual Studio\2022\BuildTools\VC\Tools\MSVC\14.44.35207\include\xlocbuf(303): note: 参见“std::wstring_convert”的声明
[50/81] Building CXX object CMakeFiles\fastllm_tools.dir\src\models\qwen3_5.cpp.obj
C:\Users\user\output\deepseek-v4部署\fastllm-master\include\utils\utils.h(30): warning C4067: 预处理器指令后有意外标记 - 应输入换行符
C:\Users\user\output\deepseek-v4部署\fastllm-master\include\utils\utils.h(109): warning C4996: '_wfopen': This function or variable may be unsafe. Consider using _wfopen_s instead. To disable deprecation, use _CRT_SECURE_NO_WARNINGS. See online help for details.
C:\Users\user\output\deepseek-v4部署\fastllm-master\include\utils\utils.h(118): warning C4996: '_wopen': This function or variable may be unsafe. Consider using _wsopen_s instead. To disable deprecation, use _CRT_SECURE_NO_WARNINGS. See online help for details.
C:\Users\user\output\deepseek-v4部署\fastllm-master\include\utils\utils.h(150): warning C4244: “return”: 从“double”转换到“float”，可能丢失数据
C:\Users\user\output\deepseek-v4部署\fastllm-master\include\utils\utils.h(355): warning C4267: “初始化”: 从“size_t”转换到“int”，可能丢失数据
C:\Users\user\output\deepseek-v4部署\fastllm-master\include\utils\utils.h(417): warning C4244: “+=”: 从“double”转换到“float”，可能丢失数据
C:\Users\user\output\deepseek-v4部署\fastllm-master\include\devices/cpu/alivethreadpool.h(136): warning C4267: “初始化”: 从“size_t”转换到“int”，可能丢失数据
C:\Users\user\output\deepseek-v4部署\fastllm-master\include\devices/cpu/alivethreadpool.h(176): warning C4267: “初始化”: 从“size_t”转换到“int”，可能丢失数据
C:\Users\user\output\deepseek-v4部署\fastllm-master\include\devices/cpu/alivethreadpool.h(236): warning C4267: “初始化”: 从“size_t”转换到“int”，可能丢失数据
C:\Users\user\output\deepseek-v4部署\fastllm-master\include\devices/cpu/alivethreadpool.h(237): warning C4267: “初始化”: 从“size_t”转换到“int”，可能丢失数据
C:\Users\user\output\deepseek-v4部署\fastllm-master\include\devices/cpu/alivethreadpool.h(238): warning C4267: “初始化”: 从“size_t”转换到“int”，可能丢失数据
C:\Users\user\output\deepseek-v4部署\fastllm-master\include\devices/cpu/alivethreadpool.h(281): warning C4267: “初始化”: 从“size_t”转换到“int”，可能丢失数据
C:\Users\user\output\deepseek-v4部署\fastllm-master\include\devices/cpu/alivethreadpool.h(327): warning C4267: “初始化”: 从“size_t”转换到“int”，可能丢失数据
C:\Users\user\output\deepseek-v4部署\fastllm-master\include\devices/cpu/alivethreadpool.h(330): warning C4267: “初始化”: 从“size_t”转换到“int”，可能丢失数据
C:\Users\user\output\deepseek-v4部署\fastllm-master\include\devices/cpu/alivethreadpool.h(370): warning C4267: “初始化”: 从“size_t”转换到“int”，可能丢失数据
C:\Users\user\output\deepseek-v4部署\fastllm-master\include\devices/cpu/alivethreadpool.h(372): warning C4267: “初始化”: 从“size_t”转换到“int”，可能丢失数据
C:\Users\user\output\deepseek-v4部署\fastllm-master\include\fastllm.h(222): warning C4244: “初始化”: 从“int”转换到“float”，可能丢失数据
C:\Users\user\output\deepseek-v4部署\fastllm-master\include\fastllm.h(222): warning C4244: “初始化”: 从“int”转换到“const float”，可能丢失数据
C:\Users\user\output\deepseek-v4部署\fastllm-master\include\fastllm.h(227): warning C4244: “=”: 从“float”转换到“uint8_t”，可能丢失数据
C:\Users\user\output\deepseek-v4部署\fastllm-master\include\fastllm.h(229): warning C4244: “=”: 从“const float”转换到“uint8_t”，可能丢失数据
C:\Users\user\output\deepseek-v4部署\fastllm-master\include\fastllm.h(687): warning C4996: 'std::codecvt_utf8<wchar_t,1114111,(std::codecvt_mode)0>': warning STL4017: std::wbuffer_convert, std::wstring_convert, and the <codecvt> header (containing std::codecvt_mode, std::codecvt_utf8, std::codecvt_utf16, and std::codecvt_utf8_utf16) are deprecated in C++17. (The std::codecvt class template is NOT deprecated.) The C++ Standard doesn't provide equivalent non-deprecated functionality; consider using MultiByteToWideChar() and WideCharToMultiByte() from <Windows.h> instead. You can define _SILENCE_CXX17_CODECVT_HEADER_DEPRECATION_WARNING or _SILENCE_ALL_CXX17_DEPRECATION_WARNINGS to suppress this warning.
C:\Program Files (x86)\Microsoft Visual Studio\2022\BuildTools\VC\Tools\MSVC\14.44.35207\include\codecvt(34): note: 参见“std::codecvt_utf8”的声明
C:\Users\user\output\deepseek-v4部署\fastllm-master\include\fastllm.h(687): warning C4996: 'std::wstring_convert<std::codecvt_utf8<wchar_t,1114111,(std::codecvt_mode)0>,wchar_t,std::allocator<wchar_t>,std::allocator<char>>': warning STL4017: std::wbuffer_convert, std::wstring_convert, and the <codecvt> header (containing std::codecvt_mode, std::codecvt_utf8, std::codecvt_utf16, and std::codecvt_utf8_utf16) are deprecated in C++17. (The std::codecvt class template is NOT deprecated.) The C++ Standard doesn't provide equivalent non-deprecated functionality; consider using MultiByteToWideChar() and WideCharToMultiByte() from <Windows.h> instead. You can define _SILENCE_CXX17_CODECVT_HEADER_DEPRECATION_WARNING or _SILENCE_ALL_CXX17_DEPRECATION_WARNINGS to suppress this warning.
C:\Program Files (x86)\Microsoft Visual Studio\2022\BuildTools\VC\Tools\MSVC\14.44.35207\include\xlocbuf(303): note: 参见“std::wstring_convert”的声明
C:\Users\user\output\deepseek-v4部署\fastllm-master\include\models\basellm.h(344): warning C4305: “初始化”: 从“double”到“float”截断
C:\Users\user\output\deepseek-v4部署\fastllm-master\include\models\basellm.h(348): warning C4244: “初始化”: 从“double”转换到“const float”，可能丢失数据
C:\Users\user\output\deepseek-v4部署\fastllm-master\include\models\qwen3_5.h(76): warning C4305: “初始化”: 从“double”到“float”截断
C:\Users\user\output\deepseek-v4部署\fastllm-master\src\models\qwen3_5.cpp(40): warning C4244: “初始化”: 从“uint64_t”转换到“int”，可能丢失数据
C:\Users\user\output\deepseek-v4部署\fastllm-master\src\models\qwen3_5.cpp(582): warning C4244: “=”: 从“double”转换到“float”，可能丢失数据
C:\Users\user\output\deepseek-v4部署\fastllm-master\src\models\qwen3_5.cpp(600): warning C4244: “=”: 从“double”转换到“float”，可能丢失数据
C:\Users\user\output\deepseek-v4部署\fastllm-master\src\models\qwen3_5.cpp(603): warning C4244: “=”: 从“double”转换到“float”，可能丢失数据
C:\Users\user\output\deepseek-v4部署\fastllm-master\src\models\qwen3_5.cpp(741): warning C4244: “初始化”: 从“double”转换到“float”，可能丢失数据
C:\Users\user\output\deepseek-v4部署\fastllm-master\src\models\qwen3_5.cpp(1472): warning C4244: “初始化”: 从“uint64_t”转换到“int”，可能丢失数据
C:\Users\user\output\deepseek-v4部署\fastllm-master\src\models\qwen3_5.cpp(1590): warning C4244: “参数”: 从“double”转换到“float”，可能丢失数据
C:\Users\user\output\deepseek-v4部署\fastllm-master\src\models\qwen3_5.cpp(1768): warning C4244: “初始化”: 从“double”转换到“float”，可能丢失数据
C:\Users\user\output\deepseek-v4部署\fastllm-master\src\models\qwen3_5.cpp(1818): warning C4244: “初始化”: 从“double”转换到“float”，可能丢失数据
C:\Users\user\output\deepseek-v4部署\fastllm-master\src\models\qwen3_5.cpp(1825): warning C4244: “初始化”: 从“double”转换到“float”，可能丢失数据
C:\Users\user\output\deepseek-v4部署\fastllm-master\src\models\qwen3_5.cpp(2014): warning C4244: “初始化”: 从“uint64_t”转换到“int”，可能丢失数据
C:\Users\user\output\deepseek-v4部署\fastllm-master\src\models\qwen3_5.cpp(2535): warning C4244: “参数”: 从“double”转换到“float”，可能丢失数据
C:\Users\user\output\deepseek-v4部署\fastllm-master\src\models\qwen3_5.cpp(2721): warning C4244: “初始化”: 从“double”转换到“float”，可能丢失数据
C:\Users\user\output\deepseek-v4部署\fastllm-master\src\models\qwen3_5.cpp(2779): warning C4244: “初始化”: 从“double”转换到“float”，可能丢失数据
C:\Users\user\output\deepseek-v4部署\fastllm-master\src\models\qwen3_5.cpp(2784): warning C4244: “初始化”: 从“double”转换到“float”，可能丢失数据
C:\Users\user\output\deepseek-v4部署\fastllm-master\src\models\qwen3_5.cpp(2972): warning C4244: “初始化”: 从“uint64_t”转换到“int”，可能丢失数据
[51/81] Building CXX object CMakeFiles\fastllm_tools.dir\third_party\gguf\gguf-adapter.cpp.obj
C:\Users\user\output\deepseek-v4部署\fastllm-master\include\utils\utils.h(30): warning C4067: 预处理器指令后有意外标记 - 应输入换行符
C:\Users\user\output\deepseek-v4部署\fastllm-master\include\utils\utils.h(109): warning C4996: '_wfopen': This function or variable may be unsafe. Consider using _wfopen_s instead. To disable deprecation, use _CRT_SECURE_NO_WARNINGS. See online help for details.
C:\Users\user\output\deepseek-v4部署\fastllm-master\include\utils\utils.h(118): warning C4996: '_wopen': This function or variable may be unsafe. Consider using _wsopen_s instead. To disable deprecation, use _CRT_SECURE_NO_WARNINGS. See online help for details.
C:\Users\user\output\deepseek-v4部署\fastllm-master\include\utils\utils.h(150): warning C4244: “return”: 从“double”转换到“float”，可能丢失数据
C:\Users\user\output\deepseek-v4部署\fastllm-master\include\utils\utils.h(355): warning C4267: “初始化”: 从“size_t”转换到“int”，可能丢失数据
C:\Users\user\output\deepseek-v4部署\fastllm-master\include\utils\utils.h(417): warning C4244: “+=”: 从“double”转换到“float”，可能丢失数据
C:\Users\user\output\deepseek-v4部署\fastllm-master\include\devices/cpu/alivethreadpool.h(136): warning C4267: “初始化”: 从“size_t”转换到“int”，可能丢失数据
C:\Users\user\output\deepseek-v4部署\fastllm-master\include\devices/cpu/alivethreadpool.h(176): warning C4267: “初始化”: 从“size_t”转换到“int”，可能丢失数据
C:\Users\user\output\deepseek-v4部署\fastllm-master\include\devices/cpu/alivethreadpool.h(236): warning C4267: “初始化”: 从“size_t”转换到“int”，可能丢失数据
C:\Users\user\output\deepseek-v4部署\fastllm-master\include\devices/cpu/alivethreadpool.h(237): warning C4267: “初始化”: 从“size_t”转换到“int”，可能丢失数据
C:\Users\user\output\deepseek-v4部署\fastllm-master\include\devices/cpu/alivethreadpool.h(238): warning C4267: “初始化”: 从“size_t”转换到“int”，可能丢失数据
C:\Users\user\output\deepseek-v4部署\fastllm-master\include\devices/cpu/alivethreadpool.h(281): warning C4267: “初始化”: 从“size_t”转换到“int”，可能丢失数据
C:\Users\user\output\deepseek-v4部署\fastllm-master\include\devices/cpu/alivethreadpool.h(327): warning C4267: “初始化”: 从“size_t”转换到“int”，可能丢失数据
C:\Users\user\output\deepseek-v4部署\fastllm-master\include\devices/cpu/alivethreadpool.h(330): warning C4267: “初始化”: 从“size_t”转换到“int”，可能丢失数据
C:\Users\user\output\deepseek-v4部署\fastllm-master\include\devices/cpu/alivethreadpool.h(370): warning C4267: “初始化”: 从“size_t”转换到“int”，可能丢失数据
C:\Users\user\output\deepseek-v4部署\fastllm-master\include\devices/cpu/alivethreadpool.h(372): warning C4267: “初始化”: 从“size_t”转换到“int”，可能丢失数据
C:\Users\user\output\deepseek-v4部署\fastllm-master\include\fastllm.h(222): warning C4244: “初始化”: 从“int”转换到“float”，可能丢失数据
C:\Users\user\output\deepseek-v4部署\fastllm-master\include\fastllm.h(222): warning C4244: “初始化”: 从“int”转换到“const float”，可能丢失数据
C:\Users\user\output\deepseek-v4部署\fastllm-master\include\fastllm.h(227): warning C4244: “=”: 从“float”转换到“uint8_t”，可能丢失数据
C:\Users\user\output\deepseek-v4部署\fastllm-master\include\fastllm.h(229): warning C4244: “=”: 从“const float”转换到“uint8_t”，可能丢失数据
C:\Users\user\output\deepseek-v4部署\fastllm-master\include\fastllm.h(687): warning C4996: 'std::codecvt_utf8<wchar_t,1114111,(std::codecvt_mode)0>': warning STL4017: std::wbuffer_convert, std::wstring_convert, and the <codecvt> header (containing std::codecvt_mode, std::codecvt_utf8, std::codecvt_utf16, and std::codecvt_utf8_utf16) are deprecated in C++17. (The std::codecvt class template is NOT deprecated.) The C++ Standard doesn't provide equivalent non-deprecated functionality; consider using MultiByteToWideChar() and WideCharToMultiByte() from <Windows.h> instead. You can define _SILENCE_CXX17_CODECVT_HEADER_DEPRECATION_WARNING or _SILENCE_ALL_CXX17_DEPRECATION_WARNINGS to suppress this warning.
C:\Program Files (x86)\Microsoft Visual Studio\2022\BuildTools\VC\Tools\MSVC\14.44.35207\include\codecvt(34): note: 参见“std::codecvt_utf8”的声明
C:\Users\user\output\deepseek-v4部署\fastllm-master\include\fastllm.h(687): warning C4996: 'std::wstring_convert<std::codecvt_utf8<wchar_t,1114111,(std::codecvt_mode)0>,wchar_t,std::allocator<wchar_t>,std::allocator<char>>': warning STL4017: std::wbuffer_convert, std::wstring_convert, and the <codecvt> header (containing std::codecvt_mode, std::codecvt_utf8, std::codecvt_utf16, and std::codecvt_utf8_utf16) are deprecated in C++17. (The std::codecvt class template is NOT deprecated.) The C++ Standard doesn't provide equivalent non-deprecated functionality; consider using MultiByteToWideChar() and WideCharToMultiByte() from <Windows.h> instead. You can define _SILENCE_CXX17_CODECVT_HEADER_DEPRECATION_WARNING or _SILENCE_ALL_CXX17_DEPRECATION_WARNINGS to suppress this warning.
C:\Program Files (x86)\Microsoft Visual Studio\2022\BuildTools\VC\Tools\MSVC\14.44.35207\include\xlocbuf(303): note: 参见“std::wstring_convert”的声明
C:\Users\user\output\deepseek-v4部署\fastllm-master\include\models\basellm.h(344): warning C4305: “初始化”: 从“double”到“float”截断
C:\Users\user\output\deepseek-v4部署\fastllm-master\include\models\basellm.h(348): warning C4244: “初始化”: 从“double”转换到“const float”，可能丢失数据
[52/81] Building CXX object CMakeFiles\fastllm_tools.dir\src\blocks\embeddingblock.cpp.obj
C:\Users\user\output\deepseek-v4部署\fastllm-master\include\devices/cpu/alivethreadpool.h(136): warning C4267: “初始化”: 从“size_t”转换到“int”，可能丢失数据
C:\Users\user\output\deepseek-v4部署\fastllm-master\include\devices/cpu/alivethreadpool.h(176): warning C4267: “初始化”: 从“size_t”转换到“int”，可能丢失数据
C:\Users\user\output\deepseek-v4部署\fastllm-master\include\devices/cpu/alivethreadpool.h(236): warning C4267: “初始化”: 从“size_t”转换到“int”，可能丢失数据
C:\Users\user\output\deepseek-v4部署\fastllm-master\include\devices/cpu/alivethreadpool.h(237): warning C4267: “初始化”: 从“size_t”转换到“int”，可能丢失数据
C:\Users\user\output\deepseek-v4部署\fastllm-master\include\devices/cpu/alivethreadpool.h(238): warning C4267: “初始化”: 从“size_t”转换到“int”，可能丢失数据
C:\Users\user\output\deepseek-v4部署\fastllm-master\include\devices/cpu/alivethreadpool.h(281): warning C4267: “初始化”: 从“size_t”转换到“int”，可能丢失数据
C:\Users\user\output\deepseek-v4部署\fastllm-master\include\devices/cpu/alivethreadpool.h(327): warning C4267: “初始化”: 从“size_t”转换到“int”，可能丢失数据
C:\Users\user\output\deepseek-v4部署\fastllm-master\include\devices/cpu/alivethreadpool.h(330): warning C4267: “初始化”: 从“size_t”转换到“int”，可能丢失数据
C:\Users\user\output\deepseek-v4部署\fastllm-master\include\devices/cpu/alivethreadpool.h(370): warning C4267: “初始化”: 从“size_t”转换到“int”，可能丢失数据
C:\Users\user\output\deepseek-v4部署\fastllm-master\include\devices/cpu/alivethreadpool.h(372): warning C4267: “初始化”: 从“size_t”转换到“int”，可能丢失数据
C:\Users\user\output\deepseek-v4部署\fastllm-master\include\fastllm.h(222): warning C4244: “初始化”: 从“int”转换到“float”，可能丢失数据
C:\Users\user\output\deepseek-v4部署\fastllm-master\include\fastllm.h(222): warning C4244: “初始化”: 从“int”转换到“const float”，可能丢失数据
C:\Users\user\output\deepseek-v4部署\fastllm-master\include\fastllm.h(227): warning C4244: “=”: 从“float”转换到“uint8_t”，可能丢失数据
C:\Users\user\output\deepseek-v4部署\fastllm-master\include\fastllm.h(229): warning C4244: “=”: 从“const float”转换到“uint8_t”，可能丢失数据
C:\Users\user\output\deepseek-v4部署\fastllm-master\include\fastllm.h(687): warning C4996: 'std::codecvt_utf8<wchar_t,1114111,(std::codecvt_mode)0>': warning STL4017: std::wbuffer_convert, std::wstring_convert, and the <codecvt> header (containing std::codecvt_mode, std::codecvt_utf8, std::codecvt_utf16, and std::codecvt_utf8_utf16) are deprecated in C++17. (The std::codecvt class template is NOT deprecated.) The C++ Standard doesn't provide equivalent non-deprecated functionality; consider using MultiByteToWideChar() and WideCharToMultiByte() from <Windows.h> instead. You can define _SILENCE_CXX17_CODECVT_HEADER_DEPRECATION_WARNING or _SILENCE_ALL_CXX17_DEPRECATION_WARNINGS to suppress this warning.
C:\Program Files (x86)\Microsoft Visual Studio\2022\BuildTools\VC\Tools\MSVC\14.44.35207\include\codecvt(34): note: 参见“std::codecvt_utf8”的声明
C:\Users\user\output\deepseek-v4部署\fastllm-master\include\fastllm.h(687): warning C4996: 'std::wstring_convert<std::codecvt_utf8<wchar_t,1114111,(std::codecvt_mode)0>,wchar_t,std::allocator<wchar_t>,std::allocator<char>>': warning STL4017: std::wbuffer_convert, std::wstring_convert, and the <codecvt> header (containing std::codecvt_mode, std::codecvt_utf8, std::codecvt_utf16, and std::codecvt_utf8_utf16) are deprecated in C++17. (The std::codecvt class template is NOT deprecated.) The C++ Standard doesn't provide equivalent non-deprecated functionality; consider using MultiByteToWideChar() and WideCharToMultiByte() from <Windows.h> instead. You can define _SILENCE_CXX17_CODECVT_HEADER_DEPRECATION_WARNING or _SILENCE_ALL_CXX17_DEPRECATION_WARNINGS to suppress this warning.
C:\Program Files (x86)\Microsoft Visual Studio\2022\BuildTools\VC\Tools\MSVC\14.44.35207\include\xlocbuf(303): note: 参见“std::wstring_convert”的声明
[53/81] Building CXX object CMakeFiles\fastllm_tools.dir\src\blocks\linearaddblock.cpp.obj
C:\Users\user\output\deepseek-v4部署\fastllm-master\include\devices/cpu/alivethreadpool.h(136): warning C4267: “初始化”: 从“size_t”转换到“int”，可能丢失数据
C:\Users\user\output\deepseek-v4部署\fastllm-master\include\devices/cpu/alivethreadpool.h(176): warning C4267: “初始化”: 从“size_t”转换到“int”，可能丢失数据
C:\Users\user\output\deepseek-v4部署\fastllm-master\include\devices/cpu/alivethreadpool.h(236): warning C4267: “初始化”: 从“size_t”转换到“int”，可能丢失数据
C:\Users\user\output\deepseek-v4部署\fastllm-master\include\devices/cpu/alivethreadpool.h(237): warning C4267: “初始化”: 从“size_t”转换到“int”，可能丢失数据
C:\Users\user\output\deepseek-v4部署\fastllm-master\include\devices/cpu/alivethreadpool.h(238): warning C4267: “初始化”: 从“size_t”转换到“int”，可能丢失数据
C:\Users\user\output\deepseek-v4部署\fastllm-master\include\devices/cpu/alivethreadpool.h(281): warning C4267: “初始化”: 从“size_t”转换到“int”，可能丢失数据
C:\Users\user\output\deepseek-v4部署\fastllm-master\include\devices/cpu/alivethreadpool.h(327): warning C4267: “初始化”: 从“size_t”转换到“int”，可能丢失数据
C:\Users\user\output\deepseek-v4部署\fastllm-master\include\devices/cpu/alivethreadpool.h(330): warning C4267: “初始化”: 从“size_t”转换到“int”，可能丢失数据
C:\Users\user\output\deepseek-v4部署\fastllm-master\include\devices/cpu/alivethreadpool.h(370): warning C4267: “初始化”: 从“size_t”转换到“int”，可能丢失数据
C:\Users\user\output\deepseek-v4部署\fastllm-master\include\devices/cpu/alivethreadpool.h(372): warning C4267: “初始化”: 从“size_t”转换到“int”，可能丢失数据
C:\Users\user\output\deepseek-v4部署\fastllm-master\include\fastllm.h(222): warning C4244: “初始化”: 从“int”转换到“float”，可能丢失数据
C:\Users\user\output\deepseek-v4部署\fastllm-master\include\fastllm.h(222): warning C4244: “初始化”: 从“int”转换到“const float”，可能丢失数据
C:\Users\user\output\deepseek-v4部署\fastllm-master\include\fastllm.h(227): warning C4244: “=”: 从“float”转换到“uint8_t”，可能丢失数据
C:\Users\user\output\deepseek-v4部署\fastllm-master\include\fastllm.h(229): warning C4244: “=”: 从“const float”转换到“uint8_t”，可能丢失数据
C:\Users\user\output\deepseek-v4部署\fastllm-master\include\fastllm.h(687): warning C4996: 'std::codecvt_utf8<wchar_t,1114111,(std::codecvt_mode)0>': warning STL4017: std::wbuffer_convert, std::wstring_convert, and the <codecvt> header (containing std::codecvt_mode, std::codecvt_utf8, std::codecvt_utf16, and std::codecvt_utf8_utf16) are deprecated in C++17. (The std::codecvt class template is NOT deprecated.) The C++ Standard doesn't provide equivalent non-deprecated functionality; consider using MultiByteToWideChar() and WideCharToMultiByte() from <Windows.h> instead. You can define _SILENCE_CXX17_CODECVT_HEADER_DEPRECATION_WARNING or _SILENCE_ALL_CXX17_DEPRECATION_WARNINGS to suppress this warning.
C:\Program Files (x86)\Microsoft Visual Studio\2022\BuildTools\VC\Tools\MSVC\14.44.35207\include\codecvt(34): note: 参见“std::codecvt_utf8”的声明
C:\Users\user\output\deepseek-v4部署\fastllm-master\include\fastllm.h(687): warning C4996: 'std::wstring_convert<std::codecvt_utf8<wchar_t,1114111,(std::codecvt_mode)0>,wchar_t,std::allocator<wchar_t>,std::allocator<char>>': warning STL4017: std::wbuffer_convert, std::wstring_convert, and the <codecvt> header (containing std::codecvt_mode, std::codecvt_utf8, std::codecvt_utf16, and std::codecvt_utf8_utf16) are deprecated in C++17. (The std::codecvt class template is NOT deprecated.) The C++ Standard doesn't provide equivalent non-deprecated functionality; consider using MultiByteToWideChar() and WideCharToMultiByte() from <Windows.h> instead. You can define _SILENCE_CXX17_CODECVT_HEADER_DEPRECATION_WARNING or _SILENCE_ALL_CXX17_DEPRECATION_WARNINGS to suppress this warning.
C:\Program Files (x86)\Microsoft Visual Studio\2022\BuildTools\VC\Tools\MSVC\14.44.35207\include\xlocbuf(303): note: 参见“std::wstring_convert”的声明
[54/81] Building CXX object CMakeFiles\fastllm_tools.dir\src\blocks\linearswiglublock.cpp.obj
C:\Users\user\output\deepseek-v4部署\fastllm-master\include\devices/cpu/alivethreadpool.h(136): warning C4267: “初始化”: 从“size_t”转换到“int”，可能丢失数据
C:\Users\user\output\deepseek-v4部署\fastllm-master\include\devices/cpu/alivethreadpool.h(176): warning C4267: “初始化”: 从“size_t”转换到“int”，可能丢失数据
C:\Users\user\output\deepseek-v4部署\fastllm-master\include\devices/cpu/alivethreadpool.h(236): warning C4267: “初始化”: 从“size_t”转换到“int”，可能丢失数据
C:\Users\user\output\deepseek-v4部署\fastllm-master\include\devices/cpu/alivethreadpool.h(237): warning C4267: “初始化”: 从“size_t”转换到“int”，可能丢失数据
C:\Users\user\output\deepseek-v4部署\fastllm-master\include\devices/cpu/alivethreadpool.h(238): warning C4267: “初始化”: 从“size_t”转换到“int”，可能丢失数据
C:\Users\user\output\deepseek-v4部署\fastllm-master\include\devices/cpu/alivethreadpool.h(281): warning C4267: “初始化”: 从“size_t”转换到“int”，可能丢失数据
C:\Users\user\output\deepseek-v4部署\fastllm-master\include\devices/cpu/alivethreadpool.h(327): warning C4267: “初始化”: 从“size_t”转换到“int”，可能丢失数据
C:\Users\user\output\deepseek-v4部署\fastllm-master\include\devices/cpu/alivethreadpool.h(330): warning C4267: “初始化”: 从“size_t”转换到“int”，可能丢失数据
C:\Users\user\output\deepseek-v4部署\fastllm-master\include\devices/cpu/alivethreadpool.h(370): warning C4267: “初始化”: 从“size_t”转换到“int”，可能丢失数据
C:\Users\user\output\deepseek-v4部署\fastllm-master\include\devices/cpu/alivethreadpool.h(372): warning C4267: “初始化”: 从“size_t”转换到“int”，可能丢失数据
C:\Users\user\output\deepseek-v4部署\fastllm-master\include\fastllm.h(222): warning C4244: “初始化”: 从“int”转换到“float”，可能丢失数据
C:\Users\user\output\deepseek-v4部署\fastllm-master\include\fastllm.h(222): warning C4244: “初始化”: 从“int”转换到“const float”，可能丢失数据
C:\Users\user\output\deepseek-v4部署\fastllm-master\include\fastllm.h(227): warning C4244: “=”: 从“float”转换到“uint8_t”，可能丢失数据
C:\Users\user\output\deepseek-v4部署\fastllm-master\include\fastllm.h(229): warning C4244: “=”: 从“const float”转换到“uint8_t”，可能丢失数据
C:\Users\user\output\deepseek-v4部署\fastllm-master\include\fastllm.h(687): warning C4996: 'std::codecvt_utf8<wchar_t,1114111,(std::codecvt_mode)0>': warning STL4017: std::wbuffer_convert, std::wstring_convert, and the <codecvt> header (containing std::codecvt_mode, std::codecvt_utf8, std::codecvt_utf16, and std::codecvt_utf8_utf16) are deprecated in C++17. (The std::codecvt class template is NOT deprecated.) The C++ Standard doesn't provide equivalent non-deprecated functionality; consider using MultiByteToWideChar() and WideCharToMultiByte() from <Windows.h> instead. You can define _SILENCE_CXX17_CODECVT_HEADER_DEPRECATION_WARNING or _SILENCE_ALL_CXX17_DEPRECATION_WARNINGS to suppress this warning.
C:\Program Files (x86)\Microsoft Visual Studio\2022\BuildTools\VC\Tools\MSVC\14.44.35207\include\codecvt(34): note: 参见“std::codecvt_utf8”的声明
C:\Users\user\output\deepseek-v4部署\fastllm-master\include\fastllm.h(687): warning C4996: 'std::wstring_convert<std::codecvt_utf8<wchar_t,1114111,(std::codecvt_mode)0>,wchar_t,std::allocator<wchar_t>,std::allocator<char>>': warning STL4017: std::wbuffer_convert, std::wstring_convert, and the <codecvt> header (containing std::codecvt_mode, std::codecvt_utf8, std::codecvt_utf16, and std::codecvt_utf8_utf16) are deprecated in C++17. (The std::codecvt class template is NOT deprecated.) The C++ Standard doesn't provide equivalent non-deprecated functionality; consider using MultiByteToWideChar() and WideCharToMultiByte() from <Windows.h> instead. You can define _SILENCE_CXX17_CODECVT_HEADER_DEPRECATION_WARNING or _SILENCE_ALL_CXX17_DEPRECATION_WARNINGS to suppress this warning.
C:\Program Files (x86)\Microsoft Visual Studio\2022\BuildTools\VC\Tools\MSVC\14.44.35207\include\xlocbuf(303): note: 参见“std::wstring_convert”的声明
[55/81] Building CXX object CMakeFiles\fastllm_tools.dir\src\blocks\attentionpagedblock.cpp.obj
C:\Users\user\output\deepseek-v4部署\fastllm-master\include\devices/cpu/alivethreadpool.h(136): warning C4267: “初始化”: 从“size_t”转换到“int”，可能丢失数据
C:\Users\user\output\deepseek-v4部署\fastllm-master\include\devices/cpu/alivethreadpool.h(176): warning C4267: “初始化”: 从“size_t”转换到“int”，可能丢失数据
C:\Users\user\output\deepseek-v4部署\fastllm-master\include\devices/cpu/alivethreadpool.h(236): warning C4267: “初始化”: 从“size_t”转换到“int”，可能丢失数据
C:\Users\user\output\deepseek-v4部署\fastllm-master\include\devices/cpu/alivethreadpool.h(237): warning C4267: “初始化”: 从“size_t”转换到“int”，可能丢失数据
C:\Users\user\output\deepseek-v4部署\fastllm-master\include\devices/cpu/alivethreadpool.h(238): warning C4267: “初始化”: 从“size_t”转换到“int”，可能丢失数据
C:\Users\user\output\deepseek-v4部署\fastllm-master\include\devices/cpu/alivethreadpool.h(281): warning C4267: “初始化”: 从“size_t”转换到“int”，可能丢失数据
C:\Users\user\output\deepseek-v4部署\fastllm-master\include\devices/cpu/alivethreadpool.h(327): warning C4267: “初始化”: 从“size_t”转换到“int”，可能丢失数据
C:\Users\user\output\deepseek-v4部署\fastllm-master\include\devices/cpu/alivethreadpool.h(330): warning C4267: “初始化”: 从“size_t”转换到“int”，可能丢失数据
C:\Users\user\output\deepseek-v4部署\fastllm-master\include\devices/cpu/alivethreadpool.h(370): warning C4267: “初始化”: 从“size_t”转换到“int”，可能丢失数据
C:\Users\user\output\deepseek-v4部署\fastllm-master\include\devices/cpu/alivethreadpool.h(372): warning C4267: “初始化”: 从“size_t”转换到“int”，可能丢失数据
C:\Users\user\output\deepseek-v4部署\fastllm-master\include\fastllm.h(222): warning C4244: “初始化”: 从“int”转换到“float”，可能丢失数据
C:\Users\user\output\deepseek-v4部署\fastllm-master\include\fastllm.h(222): warning C4244: “初始化”: 从“int”转换到“const float”，可能丢失数据
C:\Users\user\output\deepseek-v4部署\fastllm-master\include\fastllm.h(227): warning C4244: “=”: 从“float”转换到“uint8_t”，可能丢失数据
C:\Users\user\output\deepseek-v4部署\fastllm-master\include\fastllm.h(229): warning C4244: “=”: 从“const float”转换到“uint8_t”，可能丢失数据
C:\Users\user\output\deepseek-v4部署\fastllm-master\include\fastllm.h(687): warning C4996: 'std::codecvt_utf8<wchar_t,1114111,(std::codecvt_mode)0>': warning STL4017: std::wbuffer_convert, std::wstring_convert, and the <codecvt> header (containing std::codecvt_mode, std::codecvt_utf8, std::codecvt_utf16, and std::codecvt_utf8_utf16) are deprecated in C++17. (The std::codecvt class template is NOT deprecated.) The C++ Standard doesn't provide equivalent non-deprecated functionality; consider using MultiByteToWideChar() and WideCharToMultiByte() from <Windows.h> instead. You can define _SILENCE_CXX17_CODECVT_HEADER_DEPRECATION_WARNING or _SILENCE_ALL_CXX17_DEPRECATION_WARNINGS to suppress this warning.
C:\Program Files (x86)\Microsoft Visual Studio\2022\BuildTools\VC\Tools\MSVC\14.44.35207\include\codecvt(34): note: 参见“std::codecvt_utf8”的声明
C:\Users\user\output\deepseek-v4部署\fastllm-master\include\fastllm.h(687): warning C4996: 'std::wstring_convert<std::codecvt_utf8<wchar_t,1114111,(std::codecvt_mode)0>,wchar_t,std::allocator<wchar_t>,std::allocator<char>>': warning STL4017: std::wbuffer_convert, std::wstring_convert, and the <codecvt> header (containing std::codecvt_mode, std::codecvt_utf8, std::codecvt_utf16, and std::codecvt_utf8_utf16) are deprecated in C++17. (The std::codecvt class template is NOT deprecated.) The C++ Standard doesn't provide equivalent non-deprecated functionality; consider using MultiByteToWideChar() and WideCharToMultiByte() from <Windows.h> instead. You can define _SILENCE_CXX17_CODECVT_HEADER_DEPRECATION_WARNING or _SILENCE_ALL_CXX17_DEPRECATION_WARNINGS to suppress this warning.
C:\Program Files (x86)\Microsoft Visual Studio\2022\BuildTools\VC\Tools\MSVC\14.44.35207\include\xlocbuf(303): note: 参见“std::wstring_convert”的声明
C:\Users\user\output\deepseek-v4部署\fastllm-master\include\utils/utils.h(30): warning C4067: 预处理器指令后有意外标记 - 应输入换行符
C:\Users\user\output\deepseek-v4部署\fastllm-master\include\utils/utils.h(109): warning C4996: '_wfopen': This function or variable may be unsafe. Consider using _wfopen_s instead. To disable deprecation, use _CRT_SECURE_NO_WARNINGS. See online help for details.
C:\Users\user\output\deepseek-v4部署\fastllm-master\include\utils/utils.h(118): warning C4996: '_wopen': This function or variable may be unsafe. Consider using _wsopen_s instead. To disable deprecation, use _CRT_SECURE_NO_WARNINGS. See online help for details.
C:\Users\user\output\deepseek-v4部署\fastllm-master\include\utils/utils.h(150): warning C4244: “return”: 从“double”转换到“float”，可能丢失数据
C:\Users\user\output\deepseek-v4部署\fastllm-master\include\utils/utils.h(355): warning C4267: “初始化”: 从“size_t”转换到“int”，可能丢失数据
C:\Users\user\output\deepseek-v4部署\fastllm-master\include\utils/utils.h(417): warning C4244: “+=”: 从“double”转换到“float”，可能丢失数据
C:\Users\user\output\deepseek-v4部署\fastllm-master\include\models\basellm.h(344): warning C4305: “初始化”: 从“double”到“float”截断
C:\Users\user\output\deepseek-v4部署\fastllm-master\include\models\basellm.h(348): warning C4244: “初始化”: 从“double”转换到“const float”，可能丢失数据
C:\Users\user\output\deepseek-v4部署\fastllm-master\src\blocks\attentionpagedblock.cpp(94): warning C4244: “初始化”: 从“double”转换到“float”，可能丢失数据
C:\Users\user\output\deepseek-v4部署\fastllm-master\src\blocks\attentionpagedblock.cpp(233): warning C4244: “参数”: 从“double”转换到“float”，可能丢失数据
C:\Users\user\output\deepseek-v4部署\fastllm-master\src\blocks\attentionpagedblock.cpp(300): warning C4244: “参数”: 从“double”转换到“float”，可能丢失数据
[56/81] Building CXX object CMakeFiles\fastllm_tools.dir\src\devices\cpu\linear.cpp.obj
C:\Users\user\output\deepseek-v4部署\fastllm-master\include\devices/cpu/alivethreadpool.h(136): warning C4267: “初始化”: 从“size_t”转换到“int”，可能丢失数据
C:\Users\user\output\deepseek-v4部署\fastllm-master\include\devices/cpu/alivethreadpool.h(176): warning C4267: “初始化”: 从“size_t”转换到“int”，可能丢失数据
C:\Users\user\output\deepseek-v4部署\fastllm-master\include\devices/cpu/alivethreadpool.h(236): warning C4267: “初始化”: 从“size_t”转换到“int”，可能丢失数据
C:\Users\user\output\deepseek-v4部署\fastllm-master\include\devices/cpu/alivethreadpool.h(237): warning C4267: “初始化”: 从“size_t”转换到“int”，可能丢失数据
C:\Users\user\output\deepseek-v4部署\fastllm-master\include\devices/cpu/alivethreadpool.h(238): warning C4267: “初始化”: 从“size_t”转换到“int”，可能丢失数据
C:\Users\user\output\deepseek-v4部署\fastllm-master\include\devices/cpu/alivethreadpool.h(281): warning C4267: “初始化”: 从“size_t”转换到“int”，可能丢失数据
C:\Users\user\output\deepseek-v4部署\fastllm-master\include\devices/cpu/alivethreadpool.h(327): warning C4267: “初始化”: 从“size_t”转换到“int”，可能丢失数据
C:\Users\user\output\deepseek-v4部署\fastllm-master\include\devices/cpu/alivethreadpool.h(330): warning C4267: “初始化”: 从“size_t”转换到“int”，可能丢失数据
C:\Users\user\output\deepseek-v4部署\fastllm-master\include\devices/cpu/alivethreadpool.h(370): warning C4267: “初始化”: 从“size_t”转换到“int”，可能丢失数据
C:\Users\user\output\deepseek-v4部署\fastllm-master\include\devices/cpu/alivethreadpool.h(372): warning C4267: “初始化”: 从“size_t”转换到“int”，可能丢失数据
C:\Users\user\output\deepseek-v4部署\fastllm-master\include\fastllm.h(222): warning C4244: “初始化”: 从“int”转换到“float”，可能丢失数据
C:\Users\user\output\deepseek-v4部署\fastllm-master\include\fastllm.h(222): warning C4244: “初始化”: 从“int”转换到“const float”，可能丢失数据
C:\Users\user\output\deepseek-v4部署\fastllm-master\include\fastllm.h(227): warning C4244: “=”: 从“float”转换到“uint8_t”，可能丢失数据
C:\Users\user\output\deepseek-v4部署\fastllm-master\include\fastllm.h(229): warning C4244: “=”: 从“const float”转换到“uint8_t”，可能丢失数据
C:\Users\user\output\deepseek-v4部署\fastllm-master\include\fastllm.h(687): warning C4996: 'std::codecvt_utf8<wchar_t,1114111,(std::codecvt_mode)0>': warning STL4017: std::wbuffer_convert, std::wstring_convert, and the <codecvt> header (containing std::codecvt_mode, std::codecvt_utf8, std::codecvt_utf16, and std::codecvt_utf8_utf16) are deprecated in C++17. (The std::codecvt class template is NOT deprecated.) The C++ Standard doesn't provide equivalent non-deprecated functionality; consider using MultiByteToWideChar() and WideCharToMultiByte() from <Windows.h> instead. You can define _SILENCE_CXX17_CODECVT_HEADER_DEPRECATION_WARNING or _SILENCE_ALL_CXX17_DEPRECATION_WARNINGS to suppress this warning.
C:\Program Files (x86)\Microsoft Visual Studio\2022\BuildTools\VC\Tools\MSVC\14.44.35207\include\codecvt(34): note: 参见“std::codecvt_utf8”的声明
C:\Users\user\output\deepseek-v4部署\fastllm-master\include\fastllm.h(687): warning C4996: 'std::wstring_convert<std::codecvt_utf8<wchar_t,1114111,(std::codecvt_mode)0>,wchar_t,std::allocator<wchar_t>,std::allocator<char>>': warning STL4017: std::wbuffer_convert, std::wstring_convert, and the <codecvt> header (containing std::codecvt_mode, std::codecvt_utf8, std::codecvt_utf16, and std::codecvt_utf8_utf16) are deprecated in C++17. (The std::codecvt class template is NOT deprecated.) The C++ Standard doesn't provide equivalent non-deprecated functionality; consider using MultiByteToWideChar() and WideCharToMultiByte() from <Windows.h> instead. You can define _SILENCE_CXX17_CODECVT_HEADER_DEPRECATION_WARNING or _SILENCE_ALL_CXX17_DEPRECATION_WARNINGS to suppress this warning.
C:\Program Files (x86)\Microsoft Visual Studio\2022\BuildTools\VC\Tools\MSVC\14.44.35207\include\xlocbuf(303): note: 参见“std::wstring_convert”的声明
C:\Users\user\output\deepseek-v4部署\fastllm-master\include\utils\utils.h(30): warning C4067: 预处理器指令后有意外标记 - 应输入换行符
C:\Users\user\output\deepseek-v4部署\fastllm-master\include\utils\utils.h(109): warning C4996: '_wfopen': This function or variable may be unsafe. Consider using _wfopen_s instead. To disable deprecation, use _CRT_SECURE_NO_WARNINGS. See online help for details.
C:\Users\user\output\deepseek-v4部署\fastllm-master\include\utils\utils.h(118): warning C4996: '_wopen': This function or variable may be unsafe. Consider using _wsopen_s instead. To disable deprecation, use _CRT_SECURE_NO_WARNINGS. See online help for details.
C:\Users\user\output\deepseek-v4部署\fastllm-master\include\utils\utils.h(150): warning C4244: “return”: 从“double”转换到“float”，可能丢失数据
C:\Users\user\output\deepseek-v4部署\fastllm-master\include\utils\utils.h(355): warning C4267: “初始化”: 从“size_t”转换到“int”，可能丢失数据
C:\Users\user\output\deepseek-v4部署\fastllm-master\include\utils\utils.h(417): warning C4244: “+=”: 从“double”转换到“float”，可能丢失数据
C:\Users\user\output\deepseek-v4部署\fastllm-master\include\models\basellm.h(344): warning C4305: “初始化”: 从“double”到“float”截断
C:\Users\user\output\deepseek-v4部署\fastllm-master\include\models\basellm.h(348): warning C4244: “初始化”: 从“double”转换到“const float”，可能丢失数据
C:\Users\user\output\deepseek-v4部署\fastllm-master\src\devices\cpu\linear.cpp(512): warning C4996: 'getenv': This function or variable may be unsafe. Consider using _dupenv_s instead. To disable deprecation, use _CRT_SECURE_NO_WARNINGS. See online help for details.
C:\Users\user\output\deepseek-v4部署\fastllm-master\src\devices\cpu\linear.cpp(743): warning C4244: “初始化”: 从“double”转换到“float”，可能丢失数据
C:\Users\user\output\deepseek-v4部署\fastllm-master\src\devices\cpu\linear.cpp(779): warning C4244: “+=”: 从“double”转换到“float”，可能丢失数据
C:\Users\user\output\deepseek-v4部署\fastllm-master\src\devices\cpu\linear.cpp(1083): warning C4244: “初始化”: 从“int32_t”转换到“float”，可能丢失数据
C:\Users\user\output\deepseek-v4部署\fastllm-master\src\devices\cpu\linear.cpp(1092): warning C4244: “=”: 从“double”转换到“float”，可能丢失数据
C:\Users\user\output\deepseek-v4部署\fastllm-master\src\devices\cpu\linear.cpp(1154): warning C4244: “=”: 从“int”转换到“_Ty”，可能丢失数据
        with
        [
            _Ty=float
        ]
C:\Users\user\output\deepseek-v4部署\fastllm-master\src\devices\cpu\linear.cpp(1155): warning C4244: “=”: 从“int”转换到“_Ty”，可能丢失数据
        with
        [
            _Ty=float
        ]
C:\Users\user\output\deepseek-v4部署\fastllm-master\src\devices\cpu\linear.cpp(1156): warning C4244: “=”: 从“int”转换到“_Ty”，可能丢失数据
        with
        [
            _Ty=float
        ]
C:\Users\user\output\deepseek-v4部署\fastllm-master\src\devices\cpu\linear.cpp(1157): warning C4244: “=”: 从“int”转换到“_Ty”，可能丢失数据
        with
        [
            _Ty=float
        ]
C:\Users\user\output\deepseek-v4部署\fastllm-master\src\devices\cpu\linear.cpp(1188): warning C4244: “=”: 从“int”转换到“_Ty”，可能丢失数据
        with
        [
            _Ty=float
        ]
C:\Users\user\output\deepseek-v4部署\fastllm-master\src\devices\cpu\linear.cpp(1189): warning C4244: “=”: 从“int”转换到“_Ty”，可能丢失数据
        with
        [
            _Ty=float
        ]
C:\Users\user\output\deepseek-v4部署\fastllm-master\src\devices\cpu\linear.cpp(1190): warning C4244: “=”: 从“int”转换到“_Ty”，可能丢失数据
        with
        [
            _Ty=float
        ]
C:\Users\user\output\deepseek-v4部署\fastllm-master\src\devices\cpu\linear.cpp(1218): warning C4244: “=”: 从“int”转换到“_Ty”，可能丢失数据
        with
        [
            _Ty=float
        ]
C:\Users\user\output\deepseek-v4部署\fastllm-master\src\devices\cpu\linear.cpp(1219): warning C4244: “=”: 从“int”转换到“_Ty”，可能丢失数据
        with
        [
            _Ty=float
        ]
C:\Users\user\output\deepseek-v4部署\fastllm-master\src\devices\cpu\linear.cpp(1242): warning C4244: “=”: 从“int”转换到“_Ty”，可能丢失数据
        with
        [
            _Ty=float
        ]
C:\Users\user\output\deepseek-v4部署\fastllm-master\src\devices\cpu\linear.cpp(1253): warning C4244: “=”: 从“double”转换到“float”，可能丢失数据
C:\Users\user\output\deepseek-v4部署\fastllm-master\src\devices\cpu\linear.cpp(1339): warning C4244: “=”: 从“double”转换到“float”，可能丢失数据
C:\Users\user\output\deepseek-v4部署\fastllm-master\src\devices\cpu\linear.cpp(1446): warning C4244: “=”: 从“double”转换到“float”，可能丢失数据
C:\Users\user\output\deepseek-v4部署\fastllm-master\src\devices\cpu\linear.cpp(2228): warning C4267: “初始化”: 从“size_t”转换到“int”，可能丢失数据
[57/81] Building CXX object CMakeFiles\fastllm_tools.dir\src\blocks\mergemoeblock.cpp.obj
C:\Users\user\output\deepseek-v4部署\fastllm-master\include\devices/cpu/alivethreadpool.h(136): warning C4267: “初始化”: 从“size_t”转换到“int”，可能丢失数据
C:\Users\user\output\deepseek-v4部署\fastllm-master\include\devices/cpu/alivethreadpool.h(176): warning C4267: “初始化”: 从“size_t”转换到“int”，可能丢失数据
C:\Users\user\output\deepseek-v4部署\fastllm-master\include\devices/cpu/alivethreadpool.h(236): warning C4267: “初始化”: 从“size_t”转换到“int”，可能丢失数据
C:\Users\user\output\deepseek-v4部署\fastllm-master\include\devices/cpu/alivethreadpool.h(237): warning C4267: “初始化”: 从“size_t”转换到“int”，可能丢失数据
C:\Users\user\output\deepseek-v4部署\fastllm-master\include\devices/cpu/alivethreadpool.h(238): warning C4267: “初始化”: 从“size_t”转换到“int”，可能丢失数据
C:\Users\user\output\deepseek-v4部署\fastllm-master\include\devices/cpu/alivethreadpool.h(281): warning C4267: “初始化”: 从“size_t”转换到“int”，可能丢失数据
C:\Users\user\output\deepseek-v4部署\fastllm-master\include\devices/cpu/alivethreadpool.h(327): warning C4267: “初始化”: 从“size_t”转换到“int”，可能丢失数据
C:\Users\user\output\deepseek-v4部署\fastllm-master\include\devices/cpu/alivethreadpool.h(330): warning C4267: “初始化”: 从“size_t”转换到“int”，可能丢失数据
C:\Users\user\output\deepseek-v4部署\fastllm-master\include\devices/cpu/alivethreadpool.h(370): warning C4267: “初始化”: 从“size_t”转换到“int”，可能丢失数据
C:\Users\user\output\deepseek-v4部署\fastllm-master\include\devices/cpu/alivethreadpool.h(372): warning C4267: “初始化”: 从“size_t”转换到“int”，可能丢失数据
C:\Users\user\output\deepseek-v4部署\fastllm-master\include\fastllm.h(222): warning C4244: “初始化”: 从“int”转换到“float”，可能丢失数据
C:\Users\user\output\deepseek-v4部署\fastllm-master\include\fastllm.h(222): warning C4244: “初始化”: 从“int”转换到“const float”，可能丢失数据
C:\Users\user\output\deepseek-v4部署\fastllm-master\include\fastllm.h(227): warning C4244: “=”: 从“float”转换到“uint8_t”，可能丢失数据
C:\Users\user\output\deepseek-v4部署\fastllm-master\include\fastllm.h(229): warning C4244: “=”: 从“const float”转换到“uint8_t”，可能丢失数据
C:\Users\user\output\deepseek-v4部署\fastllm-master\include\fastllm.h(687): warning C4996: 'std::codecvt_utf8<wchar_t,1114111,(std::codecvt_mode)0>': warning STL4017: std::wbuffer_convert, std::wstring_convert, and the <codecvt> header (containing std::codecvt_mode, std::codecvt_utf8, std::codecvt_utf16, and std::codecvt_utf8_utf16) are deprecated in C++17. (The std::codecvt class template is NOT deprecated.) The C++ Standard doesn't provide equivalent non-deprecated functionality; consider using MultiByteToWideChar() and WideCharToMultiByte() from <Windows.h> instead. You can define _SILENCE_CXX17_CODECVT_HEADER_DEPRECATION_WARNING or _SILENCE_ALL_CXX17_DEPRECATION_WARNINGS to suppress this warning.
C:\Program Files (x86)\Microsoft Visual Studio\2022\BuildTools\VC\Tools\MSVC\14.44.35207\include\codecvt(34): note: 参见“std::codecvt_utf8”的声明
C:\Users\user\output\deepseek-v4部署\fastllm-master\include\fastllm.h(687): warning C4996: 'std::wstring_convert<std::codecvt_utf8<wchar_t,1114111,(std::codecvt_mode)0>,wchar_t,std::allocator<wchar_t>,std::allocator<char>>': warning STL4017: std::wbuffer_convert, std::wstring_convert, and the <codecvt> header (containing std::codecvt_mode, std::codecvt_utf8, std::codecvt_utf16, and std::codecvt_utf8_utf16) are deprecated in C++17. (The std::codecvt class template is NOT deprecated.) The C++ Standard doesn't provide equivalent non-deprecated functionality; consider using MultiByteToWideChar() and WideCharToMultiByte() from <Windows.h> instead. You can define _SILENCE_CXX17_CODECVT_HEADER_DEPRECATION_WARNING or _SILENCE_ALL_CXX17_DEPRECATION_WARNINGS to suppress this warning.
C:\Program Files (x86)\Microsoft Visual Studio\2022\BuildTools\VC\Tools\MSVC\14.44.35207\include\xlocbuf(303): note: 参见“std::wstring_convert”的声明
[58/81] Building CXX object CMakeFiles\fastllm_tools.dir\src\blocks\mlpblock.cpp.obj
C:\Users\user\output\deepseek-v4部署\fastllm-master\include\devices/cpu/alivethreadpool.h(136): warning C4267: “初始化”: 从“size_t”转换到“int”，可能丢失数据
C:\Users\user\output\deepseek-v4部署\fastllm-master\include\devices/cpu/alivethreadpool.h(176): warning C4267: “初始化”: 从“size_t”转换到“int”，可能丢失数据
C:\Users\user\output\deepseek-v4部署\fastllm-master\include\devices/cpu/alivethreadpool.h(236): warning C4267: “初始化”: 从“size_t”转换到“int”，可能丢失数据
C:\Users\user\output\deepseek-v4部署\fastllm-master\include\devices/cpu/alivethreadpool.h(237): warning C4267: “初始化”: 从“size_t”转换到“int”，可能丢失数据
C:\Users\user\output\deepseek-v4部署\fastllm-master\include\devices/cpu/alivethreadpool.h(238): warning C4267: “初始化”: 从“size_t”转换到“int”，可能丢失数据
C:\Users\user\output\deepseek-v4部署\fastllm-master\include\devices/cpu/alivethreadpool.h(281): warning C4267: “初始化”: 从“size_t”转换到“int”，可能丢失数据
C:\Users\user\output\deepseek-v4部署\fastllm-master\include\devices/cpu/alivethreadpool.h(327): warning C4267: “初始化”: 从“size_t”转换到“int”，可能丢失数据
C:\Users\user\output\deepseek-v4部署\fastllm-master\include\devices/cpu/alivethreadpool.h(330): warning C4267: “初始化”: 从“size_t”转换到“int”，可能丢失数据
C:\Users\user\output\deepseek-v4部署\fastllm-master\include\devices/cpu/alivethreadpool.h(370): warning C4267: “初始化”: 从“size_t”转换到“int”，可能丢失数据
C:\Users\user\output\deepseek-v4部署\fastllm-master\include\devices/cpu/alivethreadpool.h(372): warning C4267: “初始化”: 从“size_t”转换到“int”，可能丢失数据
C:\Users\user\output\deepseek-v4部署\fastllm-master\include\fastllm.h(222): warning C4244: “初始化”: 从“int”转换到“float”，可能丢失数据
C:\Users\user\output\deepseek-v4部署\fastllm-master\include\fastllm.h(222): warning C4244: “初始化”: 从“int”转换到“const float”，可能丢失数据
C:\Users\user\output\deepseek-v4部署\fastllm-master\include\fastllm.h(227): warning C4244: “=”: 从“float”转换到“uint8_t”，可能丢失数据
C:\Users\user\output\deepseek-v4部署\fastllm-master\include\fastllm.h(229): warning C4244: “=”: 从“const float”转换到“uint8_t”，可能丢失数据
C:\Users\user\output\deepseek-v4部署\fastllm-master\include\fastllm.h(687): warning C4996: 'std::codecvt_utf8<wchar_t,1114111,(std::codecvt_mode)0>': warning STL4017: std::wbuffer_convert, std::wstring_convert, and the <codecvt> header (containing std::codecvt_mode, std::codecvt_utf8, std::codecvt_utf16, and std::codecvt_utf8_utf16) are deprecated in C++17. (The std::codecvt class template is NOT deprecated.) The C++ Standard doesn't provide equivalent non-deprecated functionality; consider using MultiByteToWideChar() and WideCharToMultiByte() from <Windows.h> instead. You can define _SILENCE_CXX17_CODECVT_HEADER_DEPRECATION_WARNING or _SILENCE_ALL_CXX17_DEPRECATION_WARNINGS to suppress this warning.
C:\Program Files (x86)\Microsoft Visual Studio\2022\BuildTools\VC\Tools\MSVC\14.44.35207\include\codecvt(34): note: 参见“std::codecvt_utf8”的声明
C:\Users\user\output\deepseek-v4部署\fastllm-master\include\fastllm.h(687): warning C4996: 'std::wstring_convert<std::codecvt_utf8<wchar_t,1114111,(std::codecvt_mode)0>,wchar_t,std::allocator<wchar_t>,std::allocator<char>>': warning STL4017: std::wbuffer_convert, std::wstring_convert, and the <codecvt> header (containing std::codecvt_mode, std::codecvt_utf8, std::codecvt_utf16, and std::codecvt_utf8_utf16) are deprecated in C++17. (The std::codecvt class template is NOT deprecated.) The C++ Standard doesn't provide equivalent non-deprecated functionality; consider using MultiByteToWideChar() and WideCharToMultiByte() from <Windows.h> instead. You can define _SILENCE_CXX17_CODECVT_HEADER_DEPRECATION_WARNING or _SILENCE_ALL_CXX17_DEPRECATION_WARNINGS to suppress this warning.
C:\Program Files (x86)\Microsoft Visual Studio\2022\BuildTools\VC\Tools\MSVC\14.44.35207\include\xlocbuf(303): note: 参见“std::wstring_convert”的声明
[59/81] Building CXX object CMakeFiles\fastllm_tools.dir\src\blocks\llmsamplingblock.cpp.obj
C:\Users\user\output\deepseek-v4部署\fastllm-master\include\devices/cpu/alivethreadpool.h(136): warning C4267: “初始化”: 从“size_t”转换到“int”，可能丢失数据
C:\Users\user\output\deepseek-v4部署\fastllm-master\include\devices/cpu/alivethreadpool.h(176): warning C4267: “初始化”: 从“size_t”转换到“int”，可能丢失数据
C:\Users\user\output\deepseek-v4部署\fastllm-master\include\devices/cpu/alivethreadpool.h(236): warning C4267: “初始化”: 从“size_t”转换到“int”，可能丢失数据
C:\Users\user\output\deepseek-v4部署\fastllm-master\include\devices/cpu/alivethreadpool.h(237): warning C4267: “初始化”: 从“size_t”转换到“int”，可能丢失数据
C:\Users\user\output\deepseek-v4部署\fastllm-master\include\devices/cpu/alivethreadpool.h(238): warning C4267: “初始化”: 从“size_t”转换到“int”，可能丢失数据
C:\Users\user\output\deepseek-v4部署\fastllm-master\include\devices/cpu/alivethreadpool.h(281): warning C4267: “初始化”: 从“size_t”转换到“int”，可能丢失数据
C:\Users\user\output\deepseek-v4部署\fastllm-master\include\devices/cpu/alivethreadpool.h(327): warning C4267: “初始化”: 从“size_t”转换到“int”，可能丢失数据
C:\Users\user\output\deepseek-v4部署\fastllm-master\include\devices/cpu/alivethreadpool.h(330): warning C4267: “初始化”: 从“size_t”转换到“int”，可能丢失数据
C:\Users\user\output\deepseek-v4部署\fastllm-master\include\devices/cpu/alivethreadpool.h(370): warning C4267: “初始化”: 从“size_t”转换到“int”，可能丢失数据
C:\Users\user\output\deepseek-v4部署\fastllm-master\include\devices/cpu/alivethreadpool.h(372): warning C4267: “初始化”: 从“size_t”转换到“int”，可能丢失数据
C:\Users\user\output\deepseek-v4部署\fastllm-master\include\fastllm.h(222): warning C4244: “初始化”: 从“int”转换到“float”，可能丢失数据
C:\Users\user\output\deepseek-v4部署\fastllm-master\include\fastllm.h(222): warning C4244: “初始化”: 从“int”转换到“const float”，可能丢失数据
C:\Users\user\output\deepseek-v4部署\fastllm-master\include\fastllm.h(227): warning C4244: “=”: 从“float”转换到“uint8_t”，可能丢失数据
C:\Users\user\output\deepseek-v4部署\fastllm-master\include\fastllm.h(229): warning C4244: “=”: 从“const float”转换到“uint8_t”，可能丢失数据
C:\Users\user\output\deepseek-v4部署\fastllm-master\include\fastllm.h(687): warning C4996: 'std::codecvt_utf8<wchar_t,1114111,(std::codecvt_mode)0>': warning STL4017: std::wbuffer_convert, std::wstring_convert, and the <codecvt> header (containing std::codecvt_mode, std::codecvt_utf8, std::codecvt_utf16, and std::codecvt_utf8_utf16) are deprecated in C++17. (The std::codecvt class template is NOT deprecated.) The C++ Standard doesn't provide equivalent non-deprecated functionality; consider using MultiByteToWideChar() and WideCharToMultiByte() from <Windows.h> instead. You can define _SILENCE_CXX17_CODECVT_HEADER_DEPRECATION_WARNING or _SILENCE_ALL_CXX17_DEPRECATION_WARNINGS to suppress this warning.
C:\Program Files (x86)\Microsoft Visual Studio\2022\BuildTools\VC\Tools\MSVC\14.44.35207\include\codecvt(34): note: 参见“std::codecvt_utf8”的声明
C:\Users\user\output\deepseek-v4部署\fastllm-master\include\fastllm.h(687): warning C4996: 'std::wstring_convert<std::codecvt_utf8<wchar_t,1114111,(std::codecvt_mode)0>,wchar_t,std::allocator<wchar_t>,std::allocator<char>>': warning STL4017: std::wbuffer_convert, std::wstring_convert, and the <codecvt> header (containing std::codecvt_mode, std::codecvt_utf8, std::codecvt_utf16, and std::codecvt_utf8_utf16) are deprecated in C++17. (The std::codecvt class template is NOT deprecated.) The C++ Standard doesn't provide equivalent non-deprecated functionality; consider using MultiByteToWideChar() and WideCharToMultiByte() from <Windows.h> instead. You can define _SILENCE_CXX17_CODECVT_HEADER_DEPRECATION_WARNING or _SILENCE_ALL_CXX17_DEPRECATION_WARNINGS to suppress this warning.
C:\Program Files (x86)\Microsoft Visual Studio\2022\BuildTools\VC\Tools\MSVC\14.44.35207\include\xlocbuf(303): note: 参见“std::wstring_convert”的声明
C:\Users\user\output\deepseek-v4部署\fastllm-master\include\utils/utils.h(30): warning C4067: 预处理器指令后有意外标记 - 应输入换行符
C:\Users\user\output\deepseek-v4部署\fastllm-master\include\utils/utils.h(109): warning C4996: '_wfopen': This function or variable may be unsafe. Consider using _wfopen_s instead. To disable deprecation, use _CRT_SECURE_NO_WARNINGS. See online help for details.
C:\Users\user\output\deepseek-v4部署\fastllm-master\include\utils/utils.h(118): warning C4996: '_wopen': This function or variable may be unsafe. Consider using _wsopen_s instead. To disable deprecation, use _CRT_SECURE_NO_WARNINGS. See online help for details.
C:\Users\user\output\deepseek-v4部署\fastllm-master\include\utils/utils.h(150): warning C4244: “return”: 从“double”转换到“float”，可能丢失数据
C:\Users\user\output\deepseek-v4部署\fastllm-master\include\utils/utils.h(355): warning C4267: “初始化”: 从“size_t”转换到“int”，可能丢失数据
C:\Users\user\output\deepseek-v4部署\fastllm-master\include\utils/utils.h(417): warning C4244: “+=”: 从“double”转换到“float”，可能丢失数据
C:\Users\user\output\deepseek-v4部署\fastllm-master\include\models/basellm.h(344): warning C4305: “初始化”: 从“double”到“float”截断
C:\Users\user\output\deepseek-v4部署\fastllm-master\include\models/basellm.h(348): warning C4244: “初始化”: 从“double”转换到“const float”，可能丢失数据
C:\Users\user\output\deepseek-v4部署\fastllm-master\src\blocks\llmsamplingblock.cpp(27): warning C4996: 'getenv': This function or variable may be unsafe. Consider using _dupenv_s instead. To disable deprecation, use _CRT_SECURE_NO_WARNINGS. See online help for details.
C:\Users\user\output\deepseek-v4部署\fastllm-master\src\blocks\llmsamplingblock.cpp(28): warning C4996: 'getenv': This function or variable may be unsafe. Consider using _dupenv_s instead. To disable deprecation, use _CRT_SECURE_NO_WARNINGS. See online help for details.
C:\Users\user\output\deepseek-v4部署\fastllm-master\src\blocks\llmsamplingblock.cpp(152): warning C4244: “=”: 从“int”转换到“_Ty”，可能丢失数据
        with
        [
            _Ty=float
        ]
[60/81] Building CXX object CMakeFiles\fastllm_tools.dir\src\models\graph\fastllmjson.cpp.obj
C:\Users\user\output\deepseek-v4部署\fastllm-master\include\devices/cpu/alivethreadpool.h(136): warning C4267: “初始化”: 从“size_t”转换到“int”，可能丢失数据
C:\Users\user\output\deepseek-v4部署\fastllm-master\include\devices/cpu/alivethreadpool.h(176): warning C4267: “初始化”: 从“size_t”转换到“int”，可能丢失数据
C:\Users\user\output\deepseek-v4部署\fastllm-master\include\devices/cpu/alivethreadpool.h(236): warning C4267: “初始化”: 从“size_t”转换到“int”，可能丢失数据
C:\Users\user\output\deepseek-v4部署\fastllm-master\include\devices/cpu/alivethreadpool.h(237): warning C4267: “初始化”: 从“size_t”转换到“int”，可能丢失数据
C:\Users\user\output\deepseek-v4部署\fastllm-master\include\devices/cpu/alivethreadpool.h(238): warning C4267: “初始化”: 从“size_t”转换到“int”，可能丢失数据
C:\Users\user\output\deepseek-v4部署\fastllm-master\include\devices/cpu/alivethreadpool.h(281): warning C4267: “初始化”: 从“size_t”转换到“int”，可能丢失数据
C:\Users\user\output\deepseek-v4部署\fastllm-master\include\devices/cpu/alivethreadpool.h(327): warning C4267: “初始化”: 从“size_t”转换到“int”，可能丢失数据
C:\Users\user\output\deepseek-v4部署\fastllm-master\include\devices/cpu/alivethreadpool.h(330): warning C4267: “初始化”: 从“size_t”转换到“int”，可能丢失数据
C:\Users\user\output\deepseek-v4部署\fastllm-master\include\devices/cpu/alivethreadpool.h(370): warning C4267: “初始化”: 从“size_t”转换到“int”，可能丢失数据
C:\Users\user\output\deepseek-v4部署\fastllm-master\include\devices/cpu/alivethreadpool.h(372): warning C4267: “初始化”: 从“size_t”转换到“int”，可能丢失数据
C:\Users\user\output\deepseek-v4部署\fastllm-master\include\fastllm.h(222): warning C4244: “初始化”: 从“int”转换到“float”，可能丢失数据
C:\Users\user\output\deepseek-v4部署\fastllm-master\include\fastllm.h(222): warning C4244: “初始化”: 从“int”转换到“const float”，可能丢失数据
C:\Users\user\output\deepseek-v4部署\fastllm-master\include\fastllm.h(227): warning C4244: “=”: 从“float”转换到“uint8_t”，可能丢失数据
C:\Users\user\output\deepseek-v4部署\fastllm-master\include\fastllm.h(229): warning C4244: “=”: 从“const float”转换到“uint8_t”，可能丢失数据
C:\Users\user\output\deepseek-v4部署\fastllm-master\include\fastllm.h(687): warning C4996: 'std::codecvt_utf8<wchar_t,1114111,(std::codecvt_mode)0>': warning STL4017: std::wbuffer_convert, std::wstring_convert, and the <codecvt> header (containing std::codecvt_mode, std::codecvt_utf8, std::codecvt_utf16, and std::codecvt_utf8_utf16) are deprecated in C++17. (The std::codecvt class template is NOT deprecated.) The C++ Standard doesn't provide equivalent non-deprecated functionality; consider using MultiByteToWideChar() and WideCharToMultiByte() from <Windows.h> instead. You can define _SILENCE_CXX17_CODECVT_HEADER_DEPRECATION_WARNING or _SILENCE_ALL_CXX17_DEPRECATION_WARNINGS to suppress this warning.
C:\Program Files (x86)\Microsoft Visual Studio\2022\BuildTools\VC\Tools\MSVC\14.44.35207\include\codecvt(34): note: 参见“std::codecvt_utf8”的声明
C:\Users\user\output\deepseek-v4部署\fastllm-master\include\fastllm.h(687): warning C4996: 'std::wstring_convert<std::codecvt_utf8<wchar_t,1114111,(std::codecvt_mode)0>,wchar_t,std::allocator<wchar_t>,std::allocator<char>>': warning STL4017: std::wbuffer_convert, std::wstring_convert, and the <codecvt> header (containing std::codecvt_mode, std::codecvt_utf8, std::codecvt_utf16, and std::codecvt_utf8_utf16) are deprecated in C++17. (The std::codecvt class template is NOT deprecated.) The C++ Standard doesn't provide equivalent non-deprecated functionality; consider using MultiByteToWideChar() and WideCharToMultiByte() from <Windows.h> instead. You can define _SILENCE_CXX17_CODECVT_HEADER_DEPRECATION_WARNING or _SILENCE_ALL_CXX17_DEPRECATION_WARNINGS to suppress this warning.
C:\Program Files (x86)\Microsoft Visual Studio\2022\BuildTools\VC\Tools\MSVC\14.44.35207\include\xlocbuf(303): note: 参见“std::wstring_convert”的声明
C:\Users\user\output\deepseek-v4部署\fastllm-master\include\utils/utils.h(30): warning C4067: 预处理器指令后有意外标记 - 应输入换行符
C:\Users\user\output\deepseek-v4部署\fastllm-master\include\utils/utils.h(109): warning C4996: '_wfopen': This function or variable may be unsafe. Consider using _wfopen_s instead. To disable deprecation, use _CRT_SECURE_NO_WARNINGS. See online help for details.
C:\Users\user\output\deepseek-v4部署\fastllm-master\include\utils/utils.h(118): warning C4996: '_wopen': This function or variable may be unsafe. Consider using _wsopen_s instead. To disable deprecation, use _CRT_SECURE_NO_WARNINGS. See online help for details.
C:\Users\user\output\deepseek-v4部署\fastllm-master\include\utils/utils.h(150): warning C4244: “return”: 从“double”转换到“float”，可能丢失数据
C:\Users\user\output\deepseek-v4部署\fastllm-master\include\utils/utils.h(355): warning C4267: “初始化”: 从“size_t”转换到“int”，可能丢失数据
C:\Users\user\output\deepseek-v4部署\fastllm-master\include\utils/utils.h(417): warning C4244: “+=”: 从“double”转换到“float”，可能丢失数据
C:\Users\user\output\deepseek-v4部署\fastllm-master\include\models\basellm.h(344): warning C4305: “初始化”: 从“double”到“float”截断
C:\Users\user\output\deepseek-v4部署\fastllm-master\include\models\basellm.h(348): warning C4244: “初始化”: 从“double”转换到“const float”，可能丢失数据
C:\Users\user\output\deepseek-v4部署\fastllm-master\include\models\graphllm.h(78): warning C4305: “初始化”: 从“double”到“float”截断
C:\Users\user\output\deepseek-v4部署\fastllm-master\src\models\graph\fastllmjson.cpp(22): warning C4244: “=”: 从“double”转换到“float”，可能丢失数据
C:\Users\user\output\deepseek-v4部署\fastllm-master\src\models\graph\fastllmjson.cpp(25): warning C4244: “=”: 从“double”转换到“float”，可能丢失数据
C:\Users\user\output\deepseek-v4部署\fastllm-master\src\models\graph\fastllmjson.cpp(99): warning C4244: “=”: 从“double”转换到“float”，可能丢失数据
C:\Users\user\output\deepseek-v4部署\fastllm-master\src\models\graph\fastllmjson.cpp(103): warning C4244: “=”: 从“double”转换到“float”，可能丢失数据
[61/81] Building CXX object CMakeFiles\fastllm_tools.dir\src\models\graph\gemma2.cpp.obj
C:\Users\user\output\deepseek-v4部署\fastllm-master\include\devices/cpu/alivethreadpool.h(136): warning C4267: “初始化”: 从“size_t”转换到“int”，可能丢失数据
C:\Users\user\output\deepseek-v4部署\fastllm-master\include\devices/cpu/alivethreadpool.h(176): warning C4267: “初始化”: 从“size_t”转换到“int”，可能丢失数据
C:\Users\user\output\deepseek-v4部署\fastllm-master\include\devices/cpu/alivethreadpool.h(236): warning C4267: “初始化”: 从“size_t”转换到“int”，可能丢失数据
C:\Users\user\output\deepseek-v4部署\fastllm-master\include\devices/cpu/alivethreadpool.h(237): warning C4267: “初始化”: 从“size_t”转换到“int”，可能丢失数据
C:\Users\user\output\deepseek-v4部署\fastllm-master\include\devices/cpu/alivethreadpool.h(238): warning C4267: “初始化”: 从“size_t”转换到“int”，可能丢失数据
C:\Users\user\output\deepseek-v4部署\fastllm-master\include\devices/cpu/alivethreadpool.h(281): warning C4267: “初始化”: 从“size_t”转换到“int”，可能丢失数据
C:\Users\user\output\deepseek-v4部署\fastllm-master\include\devices/cpu/alivethreadpool.h(327): warning C4267: “初始化”: 从“size_t”转换到“int”，可能丢失数据
C:\Users\user\output\deepseek-v4部署\fastllm-master\include\devices/cpu/alivethreadpool.h(330): warning C4267: “初始化”: 从“size_t”转换到“int”，可能丢失数据
C:\Users\user\output\deepseek-v4部署\fastllm-master\include\devices/cpu/alivethreadpool.h(370): warning C4267: “初始化”: 从“size_t”转换到“int”，可能丢失数据
C:\Users\user\output\deepseek-v4部署\fastllm-master\include\devices/cpu/alivethreadpool.h(372): warning C4267: “初始化”: 从“size_t”转换到“int”，可能丢失数据
C:\Users\user\output\deepseek-v4部署\fastllm-master\include\fastllm.h(222): warning C4244: “初始化”: 从“int”转换到“float”，可能丢失数据
C:\Users\user\output\deepseek-v4部署\fastllm-master\include\fastllm.h(222): warning C4244: “初始化”: 从“int”转换到“const float”，可能丢失数据
C:\Users\user\output\deepseek-v4部署\fastllm-master\include\fastllm.h(227): warning C4244: “=”: 从“float”转换到“uint8_t”，可能丢失数据
C:\Users\user\output\deepseek-v4部署\fastllm-master\include\fastllm.h(229): warning C4244: “=”: 从“const float”转换到“uint8_t”，可能丢失数据
C:\Users\user\output\deepseek-v4部署\fastllm-master\include\fastllm.h(687): warning C4996: 'std::codecvt_utf8<wchar_t,1114111,(std::codecvt_mode)0>': warning STL4017: std::wbuffer_convert, std::wstring_convert, and the <codecvt> header (containing std::codecvt_mode, std::codecvt_utf8, std::codecvt_utf16, and std::codecvt_utf8_utf16) are deprecated in C++17. (The std::codecvt class template is NOT deprecated.) The C++ Standard doesn't provide equivalent non-deprecated functionality; consider using MultiByteToWideChar() and WideCharToMultiByte() from <Windows.h> instead. You can define _SILENCE_CXX17_CODECVT_HEADER_DEPRECATION_WARNING or _SILENCE_ALL_CXX17_DEPRECATION_WARNINGS to suppress this warning.
C:\Program Files (x86)\Microsoft Visual Studio\2022\BuildTools\VC\Tools\MSVC\14.44.35207\include\codecvt(34): note: 参见“std::codecvt_utf8”的声明
C:\Users\user\output\deepseek-v4部署\fastllm-master\include\fastllm.h(687): warning C4996: 'std::wstring_convert<std::codecvt_utf8<wchar_t,1114111,(std::codecvt_mode)0>,wchar_t,std::allocator<wchar_t>,std::allocator<char>>': warning STL4017: std::wbuffer_convert, std::wstring_convert, and the <codecvt> header (containing std::codecvt_mode, std::codecvt_utf8, std::codecvt_utf16, and std::codecvt_utf8_utf16) are deprecated in C++17. (The std::codecvt class template is NOT deprecated.) The C++ Standard doesn't provide equivalent non-deprecated functionality; consider using MultiByteToWideChar() and WideCharToMultiByte() from <Windows.h> instead. You can define _SILENCE_CXX17_CODECVT_HEADER_DEPRECATION_WARNING or _SILENCE_ALL_CXX17_DEPRECATION_WARNINGS to suppress this warning.
C:\Program Files (x86)\Microsoft Visual Studio\2022\BuildTools\VC\Tools\MSVC\14.44.35207\include\xlocbuf(303): note: 参见“std::wstring_convert”的声明
C:\Users\user\output\deepseek-v4部署\fastllm-master\include\utils/utils.h(30): warning C4067: 预处理器指令后有意外标记 - 应输入换行符
C:\Users\user\output\deepseek-v4部署\fastllm-master\include\utils/utils.h(109): warning C4996: '_wfopen': This function or variable may be unsafe. Consider using _wfopen_s instead. To disable deprecation, use _CRT_SECURE_NO_WARNINGS. See online help for details.
C:\Users\user\output\deepseek-v4部署\fastllm-master\include\utils/utils.h(118): warning C4996: '_wopen': This function or variable may be unsafe. Consider using _wsopen_s instead. To disable deprecation, use _CRT_SECURE_NO_WARNINGS. See online help for details.
C:\Users\user\output\deepseek-v4部署\fastllm-master\include\utils/utils.h(150): warning C4244: “return”: 从“double”转换到“float”，可能丢失数据
C:\Users\user\output\deepseek-v4部署\fastllm-master\include\utils/utils.h(355): warning C4267: “初始化”: 从“size_t”转换到“int”，可能丢失数据
C:\Users\user\output\deepseek-v4部署\fastllm-master\include\utils/utils.h(417): warning C4244: “+=”: 从“double”转换到“float”，可能丢失数据
C:\Users\user\output\deepseek-v4部署\fastllm-master\include\models\basellm.h(344): warning C4305: “初始化”: 从“double”到“float”截断
C:\Users\user\output\deepseek-v4部署\fastllm-master\include\models\basellm.h(348): warning C4244: “初始化”: 从“double”转换到“const float”，可能丢失数据
C:\Users\user\output\deepseek-v4部署\fastllm-master\include\models\graphllm.h(78): warning C4305: “初始化”: 从“double”到“float”截断
C:\Users\user\output\deepseek-v4部署\fastllm-master\src\models\graph\gemma2.cpp(53): warning C4244: “参数”: 从“double”转换到“float”，可能丢失数据
C:\Users\user\output\deepseek-v4部署\fastllm-master\src\models\graph\gemma2.cpp(68): warning C4244: “参数”: 从“double”转换到“float”，可能丢失数据
[62/81] Building CXX object CMakeFiles\fastllm_tools.dir\src\models\graph\minicpm3.cpp.obj
C:\Users\user\output\deepseek-v4部署\fastllm-master\include\devices/cpu/alivethreadpool.h(136): warning C4267: “初始化”: 从“size_t”转换到“int”，可能丢失数据
C:\Users\user\output\deepseek-v4部署\fastllm-master\include\devices/cpu/alivethreadpool.h(176): warning C4267: “初始化”: 从“size_t”转换到“int”，可能丢失数据
C:\Users\user\output\deepseek-v4部署\fastllm-master\include\devices/cpu/alivethreadpool.h(236): warning C4267: “初始化”: 从“size_t”转换到“int”，可能丢失数据
C:\Users\user\output\deepseek-v4部署\fastllm-master\include\devices/cpu/alivethreadpool.h(237): warning C4267: “初始化”: 从“size_t”转换到“int”，可能丢失数据
C:\Users\user\output\deepseek-v4部署\fastllm-master\include\devices/cpu/alivethreadpool.h(238): warning C4267: “初始化”: 从“size_t”转换到“int”，可能丢失数据
C:\Users\user\output\deepseek-v4部署\fastllm-master\include\devices/cpu/alivethreadpool.h(281): warning C4267: “初始化”: 从“size_t”转换到“int”，可能丢失数据
C:\Users\user\output\deepseek-v4部署\fastllm-master\include\devices/cpu/alivethreadpool.h(327): warning C4267: “初始化”: 从“size_t”转换到“int”，可能丢失数据
C:\Users\user\output\deepseek-v4部署\fastllm-master\include\devices/cpu/alivethreadpool.h(330): warning C4267: “初始化”: 从“size_t”转换到“int”，可能丢失数据
C:\Users\user\output\deepseek-v4部署\fastllm-master\include\devices/cpu/alivethreadpool.h(370): warning C4267: “初始化”: 从“size_t”转换到“int”，可能丢失数据
C:\Users\user\output\deepseek-v4部署\fastllm-master\include\devices/cpu/alivethreadpool.h(372): warning C4267: “初始化”: 从“size_t”转换到“int”，可能丢失数据
C:\Users\user\output\deepseek-v4部署\fastllm-master\include\fastllm.h(222): warning C4244: “初始化”: 从“int”转换到“float”，可能丢失数据
C:\Users\user\output\deepseek-v4部署\fastllm-master\include\fastllm.h(222): warning C4244: “初始化”: 从“int”转换到“const float”，可能丢失数据
C:\Users\user\output\deepseek-v4部署\fastllm-master\include\fastllm.h(227): warning C4244: “=”: 从“float”转换到“uint8_t”，可能丢失数据
C:\Users\user\output\deepseek-v4部署\fastllm-master\include\fastllm.h(229): warning C4244: “=”: 从“const float”转换到“uint8_t”，可能丢失数据
C:\Users\user\output\deepseek-v4部署\fastllm-master\include\fastllm.h(687): warning C4996: 'std::codecvt_utf8<wchar_t,1114111,(std::codecvt_mode)0>': warning STL4017: std::wbuffer_convert, std::wstring_convert, and the <codecvt> header (containing std::codecvt_mode, std::codecvt_utf8, std::codecvt_utf16, and std::codecvt_utf8_utf16) are deprecated in C++17. (The std::codecvt class template is NOT deprecated.) The C++ Standard doesn't provide equivalent non-deprecated functionality; consider using MultiByteToWideChar() and WideCharToMultiByte() from <Windows.h> instead. You can define _SILENCE_CXX17_CODECVT_HEADER_DEPRECATION_WARNING or _SILENCE_ALL_CXX17_DEPRECATION_WARNINGS to suppress this warning.
C:\Program Files (x86)\Microsoft Visual Studio\2022\BuildTools\VC\Tools\MSVC\14.44.35207\include\codecvt(34): note: 参见“std::codecvt_utf8”的声明
C:\Users\user\output\deepseek-v4部署\fastllm-master\include\fastllm.h(687): warning C4996: 'std::wstring_convert<std::codecvt_utf8<wchar_t,1114111,(std::codecvt_mode)0>,wchar_t,std::allocator<wchar_t>,std::allocator<char>>': warning STL4017: std::wbuffer_convert, std::wstring_convert, and the <codecvt> header (containing std::codecvt_mode, std::codecvt_utf8, std::codecvt_utf16, and std::codecvt_utf8_utf16) are deprecated in C++17. (The std::codecvt class template is NOT deprecated.) The C++ Standard doesn't provide equivalent non-deprecated functionality; consider using MultiByteToWideChar() and WideCharToMultiByte() from <Windows.h> instead. You can define _SILENCE_CXX17_CODECVT_HEADER_DEPRECATION_WARNING or _SILENCE_ALL_CXX17_DEPRECATION_WARNINGS to suppress this warning.
C:\Program Files (x86)\Microsoft Visual Studio\2022\BuildTools\VC\Tools\MSVC\14.44.35207\include\xlocbuf(303): note: 参见“std::wstring_convert”的声明
C:\Users\user\output\deepseek-v4部署\fastllm-master\include\utils/utils.h(30): warning C4067: 预处理器指令后有意外标记 - 应输入换行符
C:\Users\user\output\deepseek-v4部署\fastllm-master\include\utils/utils.h(109): warning C4996: '_wfopen': This function or variable may be unsafe. Consider using _wfopen_s instead. To disable deprecation, use _CRT_SECURE_NO_WARNINGS. See online help for details.
C:\Users\user\output\deepseek-v4部署\fastllm-master\include\utils/utils.h(118): warning C4996: '_wopen': This function or variable may be unsafe. Consider using _wsopen_s instead. To disable deprecation, use _CRT_SECURE_NO_WARNINGS. See online help for details.
C:\Users\user\output\deepseek-v4部署\fastllm-master\include\utils/utils.h(150): warning C4244: “return”: 从“double”转换到“float”，可能丢失数据
C:\Users\user\output\deepseek-v4部署\fastllm-master\include\utils/utils.h(355): warning C4267: “初始化”: 从“size_t”转换到“int”，可能丢失数据
C:\Users\user\output\deepseek-v4部署\fastllm-master\include\utils/utils.h(417): warning C4244: “+=”: 从“double”转换到“float”，可能丢失数据
C:\Users\user\output\deepseek-v4部署\fastllm-master\include\models\basellm.h(344): warning C4305: “初始化”: 从“double”到“float”截断
C:\Users\user\output\deepseek-v4部署\fastllm-master\include\models\basellm.h(348): warning C4244: “初始化”: 从“double”转换到“const float”，可能丢失数据
C:\Users\user\output\deepseek-v4部署\fastllm-master\include\models\graphllm.h(78): warning C4305: “初始化”: 从“double”到“float”截断
C:\Users\user\output\deepseek-v4部署\fastllm-master\src\models\graph\minicpm3.cpp(50): warning C4244: “初始化”: 从“double”转换到“float”，可能丢失数据
C:\Users\user\output\deepseek-v4部署\fastllm-master\src\models\graph\minicpm3.cpp(51): warning C4244: “初始化”: 从“double”转换到“float”，可能丢失数据
C:\Users\user\output\deepseek-v4部署\fastllm-master\src\models\graph\minicpm3.cpp(65): warning C4244: “参数”: 从“double”转换到“float”，可能丢失数据
C:\Users\user\output\deepseek-v4部署\fastllm-master\src\models\graph\minicpm3.cpp(91): warning C4244: “参数”: 从“double”转换到“float”，可能丢失数据
[63/81] Building CXX object CMakeFiles\fastllm_tools.dir\src\models\graph\phi3.cpp.obj
C:\Users\user\output\deepseek-v4部署\fastllm-master\include\devices/cpu/alivethreadpool.h(136): warning C4267: “初始化”: 从“size_t”转换到“int”，可能丢失数据
C:\Users\user\output\deepseek-v4部署\fastllm-master\include\devices/cpu/alivethreadpool.h(176): warning C4267: “初始化”: 从“size_t”转换到“int”，可能丢失数据
C:\Users\user\output\deepseek-v4部署\fastllm-master\include\devices/cpu/alivethreadpool.h(236): warning C4267: “初始化”: 从“size_t”转换到“int”，可能丢失数据
C:\Users\user\output\deepseek-v4部署\fastllm-master\include\devices/cpu/alivethreadpool.h(237): warning C4267: “初始化”: 从“size_t”转换到“int”，可能丢失数据
C:\Users\user\output\deepseek-v4部署\fastllm-master\include\devices/cpu/alivethreadpool.h(238): warning C4267: “初始化”: 从“size_t”转换到“int”，可能丢失数据
C:\Users\user\output\deepseek-v4部署\fastllm-master\include\devices/cpu/alivethreadpool.h(281): warning C4267: “初始化”: 从“size_t”转换到“int”，可能丢失数据
C:\Users\user\output\deepseek-v4部署\fastllm-master\include\devices/cpu/alivethreadpool.h(327): warning C4267: “初始化”: 从“size_t”转换到“int”，可能丢失数据
C:\Users\user\output\deepseek-v4部署\fastllm-master\include\devices/cpu/alivethreadpool.h(330): warning C4267: “初始化”: 从“size_t”转换到“int”，可能丢失数据
C:\Users\user\output\deepseek-v4部署\fastllm-master\include\devices/cpu/alivethreadpool.h(370): warning C4267: “初始化”: 从“size_t”转换到“int”，可能丢失数据
C:\Users\user\output\deepseek-v4部署\fastllm-master\include\devices/cpu/alivethreadpool.h(372): warning C4267: “初始化”: 从“size_t”转换到“int”，可能丢失数据
C:\Users\user\output\deepseek-v4部署\fastllm-master\include\fastllm.h(222): warning C4244: “初始化”: 从“int”转换到“float”，可能丢失数据
C:\Users\user\output\deepseek-v4部署\fastllm-master\include\fastllm.h(222): warning C4244: “初始化”: 从“int”转换到“const float”，可能丢失数据
C:\Users\user\output\deepseek-v4部署\fastllm-master\include\fastllm.h(227): warning C4244: “=”: 从“float”转换到“uint8_t”，可能丢失数据
C:\Users\user\output\deepseek-v4部署\fastllm-master\include\fastllm.h(229): warning C4244: “=”: 从“const float”转换到“uint8_t”，可能丢失数据
C:\Users\user\output\deepseek-v4部署\fastllm-master\include\fastllm.h(687): warning C4996: 'std::codecvt_utf8<wchar_t,1114111,(std::codecvt_mode)0>': warning STL4017: std::wbuffer_convert, std::wstring_convert, and the <codecvt> header (containing std::codecvt_mode, std::codecvt_utf8, std::codecvt_utf16, and std::codecvt_utf8_utf16) are deprecated in C++17. (The std::codecvt class template is NOT deprecated.) The C++ Standard doesn't provide equivalent non-deprecated functionality; consider using MultiByteToWideChar() and WideCharToMultiByte() from <Windows.h> instead. You can define _SILENCE_CXX17_CODECVT_HEADER_DEPRECATION_WARNING or _SILENCE_ALL_CXX17_DEPRECATION_WARNINGS to suppress this warning.
C:\Program Files (x86)\Microsoft Visual Studio\2022\BuildTools\VC\Tools\MSVC\14.44.35207\include\codecvt(34): note: 参见“std::codecvt_utf8”的声明
C:\Users\user\output\deepseek-v4部署\fastllm-master\include\fastllm.h(687): warning C4996: 'std::wstring_convert<std::codecvt_utf8<wchar_t,1114111,(std::codecvt_mode)0>,wchar_t,std::allocator<wchar_t>,std::allocator<char>>': warning STL4017: std::wbuffer_convert, std::wstring_convert, and the <codecvt> header (containing std::codecvt_mode, std::codecvt_utf8, std::codecvt_utf16, and std::codecvt_utf8_utf16) are deprecated in C++17. (The std::codecvt class template is NOT deprecated.) The C++ Standard doesn't provide equivalent non-deprecated functionality; consider using MultiByteToWideChar() and WideCharToMultiByte() from <Windows.h> instead. You can define _SILENCE_CXX17_CODECVT_HEADER_DEPRECATION_WARNING or _SILENCE_ALL_CXX17_DEPRECATION_WARNINGS to suppress this warning.
C:\Program Files (x86)\Microsoft Visual Studio\2022\BuildTools\VC\Tools\MSVC\14.44.35207\include\xlocbuf(303): note: 参见“std::wstring_convert”的声明
C:\Users\user\output\deepseek-v4部署\fastllm-master\include\utils/utils.h(30): warning C4067: 预处理器指令后有意外标记 - 应输入换行符
C:\Users\user\output\deepseek-v4部署\fastllm-master\include\utils/utils.h(109): warning C4996: '_wfopen': This function or variable may be unsafe. Consider using _wfopen_s instead. To disable deprecation, use _CRT_SECURE_NO_WARNINGS. See online help for details.
C:\Users\user\output\deepseek-v4部署\fastllm-master\include\utils/utils.h(118): warning C4996: '_wopen': This function or variable may be unsafe. Consider using _wsopen_s instead. To disable deprecation, use _CRT_SECURE_NO_WARNINGS. See online help for details.
C:\Users\user\output\deepseek-v4部署\fastllm-master\include\utils/utils.h(150): warning C4244: “return”: 从“double”转换到“float”，可能丢失数据
C:\Users\user\output\deepseek-v4部署\fastllm-master\include\utils/utils.h(355): warning C4267: “初始化”: 从“size_t”转换到“int”，可能丢失数据
C:\Users\user\output\deepseek-v4部署\fastllm-master\include\utils/utils.h(417): warning C4244: “+=”: 从“double”转换到“float”，可能丢失数据
C:\Users\user\output\deepseek-v4部署\fastllm-master\include\models\basellm.h(344): warning C4305: “初始化”: 从“double”到“float”截断
C:\Users\user\output\deepseek-v4部署\fastllm-master\include\models\basellm.h(348): warning C4244: “初始化”: 从“double”转换到“const float”，可能丢失数据
C:\Users\user\output\deepseek-v4部署\fastllm-master\include\models\graphllm.h(78): warning C4305: “初始化”: 从“double”到“float”截断
C:\Users\user\output\deepseek-v4部署\fastllm-master\src\models\graph\phi3.cpp(60): warning C4244: “参数”: 从“double”转换到“float”，可能丢失数据
[64/81] Building CXX object CMakeFiles\fastllm_tools.dir\src\models\graph\qwen2.cpp.obj
C:\Users\user\output\deepseek-v4部署\fastllm-master\include\devices/cpu/alivethreadpool.h(136): warning C4267: “初始化”: 从“size_t”转换到“int”，可能丢失数据
C:\Users\user\output\deepseek-v4部署\fastllm-master\include\devices/cpu/alivethreadpool.h(176): warning C4267: “初始化”: 从“size_t”转换到“int”，可能丢失数据
C:\Users\user\output\deepseek-v4部署\fastllm-master\include\devices/cpu/alivethreadpool.h(236): warning C4267: “初始化”: 从“size_t”转换到“int”，可能丢失数据
C:\Users\user\output\deepseek-v4部署\fastllm-master\include\devices/cpu/alivethreadpool.h(237): warning C4267: “初始化”: 从“size_t”转换到“int”，可能丢失数据
C:\Users\user\output\deepseek-v4部署\fastllm-master\include\devices/cpu/alivethreadpool.h(238): warning C4267: “初始化”: 从“size_t”转换到“int”，可能丢失数据
C:\Users\user\output\deepseek-v4部署\fastllm-master\include\devices/cpu/alivethreadpool.h(281): warning C4267: “初始化”: 从“size_t”转换到“int”，可能丢失数据
C:\Users\user\output\deepseek-v4部署\fastllm-master\include\devices/cpu/alivethreadpool.h(327): warning C4267: “初始化”: 从“size_t”转换到“int”，可能丢失数据
C:\Users\user\output\deepseek-v4部署\fastllm-master\include\devices/cpu/alivethreadpool.h(330): warning C4267: “初始化”: 从“size_t”转换到“int”，可能丢失数据
C:\Users\user\output\deepseek-v4部署\fastllm-master\include\devices/cpu/alivethreadpool.h(370): warning C4267: “初始化”: 从“size_t”转换到“int”，可能丢失数据
C:\Users\user\output\deepseek-v4部署\fastllm-master\include\devices/cpu/alivethreadpool.h(372): warning C4267: “初始化”: 从“size_t”转换到“int”，可能丢失数据
C:\Users\user\output\deepseek-v4部署\fastllm-master\include\fastllm.h(222): warning C4244: “初始化”: 从“int”转换到“float”，可能丢失数据
C:\Users\user\output\deepseek-v4部署\fastllm-master\include\fastllm.h(222): warning C4244: “初始化”: 从“int”转换到“const float”，可能丢失数据
C:\Users\user\output\deepseek-v4部署\fastllm-master\include\fastllm.h(227): warning C4244: “=”: 从“float”转换到“uint8_t”，可能丢失数据
C:\Users\user\output\deepseek-v4部署\fastllm-master\include\fastllm.h(229): warning C4244: “=”: 从“const float”转换到“uint8_t”，可能丢失数据
C:\Users\user\output\deepseek-v4部署\fastllm-master\include\fastllm.h(687): warning C4996: 'std::codecvt_utf8<wchar_t,1114111,(std::codecvt_mode)0>': warning STL4017: std::wbuffer_convert, std::wstring_convert, and the <codecvt> header (containing std::codecvt_mode, std::codecvt_utf8, std::codecvt_utf16, and std::codecvt_utf8_utf16) are deprecated in C++17. (The std::codecvt class template is NOT deprecated.) The C++ Standard doesn't provide equivalent non-deprecated functionality; consider using MultiByteToWideChar() and WideCharToMultiByte() from <Windows.h> instead. You can define _SILENCE_CXX17_CODECVT_HEADER_DEPRECATION_WARNING or _SILENCE_ALL_CXX17_DEPRECATION_WARNINGS to suppress this warning.
C:\Program Files (x86)\Microsoft Visual Studio\2022\BuildTools\VC\Tools\MSVC\14.44.35207\include\codecvt(34): note: 参见“std::codecvt_utf8”的声明
C:\Users\user\output\deepseek-v4部署\fastllm-master\include\fastllm.h(687): warning C4996: 'std::wstring_convert<std::codecvt_utf8<wchar_t,1114111,(std::codecvt_mode)0>,wchar_t,std::allocator<wchar_t>,std::allocator<char>>': warning STL4017: std::wbuffer_convert, std::wstring_convert, and the <codecvt> header (containing std::codecvt_mode, std::codecvt_utf8, std::codecvt_utf16, and std::codecvt_utf8_utf16) are deprecated in C++17. (The std::codecvt class template is NOT deprecated.) The C++ Standard doesn't provide equivalent non-deprecated functionality; consider using MultiByteToWideChar() and WideCharToMultiByte() from <Windows.h> instead. You can define _SILENCE_CXX17_CODECVT_HEADER_DEPRECATION_WARNING or _SILENCE_ALL_CXX17_DEPRECATION_WARNINGS to suppress this warning.
C:\Program Files (x86)\Microsoft Visual Studio\2022\BuildTools\VC\Tools\MSVC\14.44.35207\include\xlocbuf(303): note: 参见“std::wstring_convert”的声明
C:\Users\user\output\deepseek-v4部署\fastllm-master\include\utils/utils.h(30): warning C4067: 预处理器指令后有意外标记 - 应输入换行符
C:\Users\user\output\deepseek-v4部署\fastllm-master\include\utils/utils.h(109): warning C4996: '_wfopen': This function or variable may be unsafe. Consider using _wfopen_s instead. To disable deprecation, use _CRT_SECURE_NO_WARNINGS. See online help for details.
C:\Users\user\output\deepseek-v4部署\fastllm-master\include\utils/utils.h(118): warning C4996: '_wopen': This function or variable may be unsafe. Consider using _wsopen_s instead. To disable deprecation, use _CRT_SECURE_NO_WARNINGS. See online help for details.
C:\Users\user\output\deepseek-v4部署\fastllm-master\include\utils/utils.h(150): warning C4244: “return”: 从“double”转换到“float”，可能丢失数据
C:\Users\user\output\deepseek-v4部署\fastllm-master\include\utils/utils.h(355): warning C4267: “初始化”: 从“size_t”转换到“int”，可能丢失数据
C:\Users\user\output\deepseek-v4部署\fastllm-master\include\utils/utils.h(417): warning C4244: “+=”: 从“double”转换到“float”，可能丢失数据
C:\Users\user\output\deepseek-v4部署\fastllm-master\include\models\basellm.h(344): warning C4305: “初始化”: 从“double”到“float”截断
C:\Users\user\output\deepseek-v4部署\fastllm-master\include\models\basellm.h(348): warning C4244: “初始化”: 从“double”转换到“const float”，可能丢失数据
C:\Users\user\output\deepseek-v4部署\fastllm-master\include\models\graphllm.h(78): warning C4305: “初始化”: 从“double”到“float”截断
C:\Users\user\output\deepseek-v4部署\fastllm-master\src\models\graph\qwen2.cpp(61): warning C4244: “参数”: 从“double”转换到“float”，可能丢失数据
[65/81] Building CXX object CMakeFiles\fastllm_tools.dir\src\models\graph\telechat.cpp.obj
C:\Users\user\output\deepseek-v4部署\fastllm-master\include\devices/cpu/alivethreadpool.h(136): warning C4267: “初始化”: 从“size_t”转换到“int”，可能丢失数据
C:\Users\user\output\deepseek-v4部署\fastllm-master\include\devices/cpu/alivethreadpool.h(176): warning C4267: “初始化”: 从“size_t”转换到“int”，可能丢失数据
C:\Users\user\output\deepseek-v4部署\fastllm-master\include\devices/cpu/alivethreadpool.h(236): warning C4267: “初始化”: 从“size_t”转换到“int”，可能丢失数据
C:\Users\user\output\deepseek-v4部署\fastllm-master\include\devices/cpu/alivethreadpool.h(237): warning C4267: “初始化”: 从“size_t”转换到“int”，可能丢失数据
C:\Users\user\output\deepseek-v4部署\fastllm-master\include\devices/cpu/alivethreadpool.h(238): warning C4267: “初始化”: 从“size_t”转换到“int”，可能丢失数据
C:\Users\user\output\deepseek-v4部署\fastllm-master\include\devices/cpu/alivethreadpool.h(281): warning C4267: “初始化”: 从“size_t”转换到“int”，可能丢失数据
C:\Users\user\output\deepseek-v4部署\fastllm-master\include\devices/cpu/alivethreadpool.h(327): warning C4267: “初始化”: 从“size_t”转换到“int”，可能丢失数据
C:\Users\user\output\deepseek-v4部署\fastllm-master\include\devices/cpu/alivethreadpool.h(330): warning C4267: “初始化”: 从“size_t”转换到“int”，可能丢失数据
C:\Users\user\output\deepseek-v4部署\fastllm-master\include\devices/cpu/alivethreadpool.h(370): warning C4267: “初始化”: 从“size_t”转换到“int”，可能丢失数据
C:\Users\user\output\deepseek-v4部署\fastllm-master\include\devices/cpu/alivethreadpool.h(372): warning C4267: “初始化”: 从“size_t”转换到“int”，可能丢失数据
C:\Users\user\output\deepseek-v4部署\fastllm-master\include\fastllm.h(222): warning C4244: “初始化”: 从“int”转换到“float”，可能丢失数据
C:\Users\user\output\deepseek-v4部署\fastllm-master\include\fastllm.h(222): warning C4244: “初始化”: 从“int”转换到“const float”，可能丢失数据
C:\Users\user\output\deepseek-v4部署\fastllm-master\include\fastllm.h(227): warning C4244: “=”: 从“float”转换到“uint8_t”，可能丢失数据
C:\Users\user\output\deepseek-v4部署\fastllm-master\include\fastllm.h(229): warning C4244: “=”: 从“const float”转换到“uint8_t”，可能丢失数据
C:\Users\user\output\deepseek-v4部署\fastllm-master\include\fastllm.h(687): warning C4996: 'std::codecvt_utf8<wchar_t,1114111,(std::codecvt_mode)0>': warning STL4017: std::wbuffer_convert, std::wstring_convert, and the <codecvt> header (containing std::codecvt_mode, std::codecvt_utf8, std::codecvt_utf16, and std::codecvt_utf8_utf16) are deprecated in C++17. (The std::codecvt class template is NOT deprecated.) The C++ Standard doesn't provide equivalent non-deprecated functionality; consider using MultiByteToWideChar() and WideCharToMultiByte() from <Windows.h> instead. You can define _SILENCE_CXX17_CODECVT_HEADER_DEPRECATION_WARNING or _SILENCE_ALL_CXX17_DEPRECATION_WARNINGS to suppress this warning.
C:\Program Files (x86)\Microsoft Visual Studio\2022\BuildTools\VC\Tools\MSVC\14.44.35207\include\codecvt(34): note: 参见“std::codecvt_utf8”的声明
C:\Users\user\output\deepseek-v4部署\fastllm-master\include\fastllm.h(687): warning C4996: 'std::wstring_convert<std::codecvt_utf8<wchar_t,1114111,(std::codecvt_mode)0>,wchar_t,std::allocator<wchar_t>,std::allocator<char>>': warning STL4017: std::wbuffer_convert, std::wstring_convert, and the <codecvt> header (containing std::codecvt_mode, std::codecvt_utf8, std::codecvt_utf16, and std::codecvt_utf8_utf16) are deprecated in C++17. (The std::codecvt class template is NOT deprecated.) The C++ Standard doesn't provide equivalent non-deprecated functionality; consider using MultiByteToWideChar() and WideCharToMultiByte() from <Windows.h> instead. You can define _SILENCE_CXX17_CODECVT_HEADER_DEPRECATION_WARNING or _SILENCE_ALL_CXX17_DEPRECATION_WARNINGS to suppress this warning.
C:\Program Files (x86)\Microsoft Visual Studio\2022\BuildTools\VC\Tools\MSVC\14.44.35207\include\xlocbuf(303): note: 参见“std::wstring_convert”的声明
C:\Users\user\output\deepseek-v4部署\fastllm-master\include\utils/utils.h(30): warning C4067: 预处理器指令后有意外标记 - 应输入换行符
C:\Users\user\output\deepseek-v4部署\fastllm-master\include\utils/utils.h(109): warning C4996: '_wfopen': This function or variable may be unsafe. Consider using _wfopen_s instead. To disable deprecation, use _CRT_SECURE_NO_WARNINGS. See online help for details.
C:\Users\user\output\deepseek-v4部署\fastllm-master\include\utils/utils.h(118): warning C4996: '_wopen': This function or variable may be unsafe. Consider using _wsopen_s instead. To disable deprecation, use _CRT_SECURE_NO_WARNINGS. See online help for details.
C:\Users\user\output\deepseek-v4部署\fastllm-master\include\utils/utils.h(150): warning C4244: “return”: 从“double”转换到“float”，可能丢失数据
C:\Users\user\output\deepseek-v4部署\fastllm-master\include\utils/utils.h(355): warning C4267: “初始化”: 从“size_t”转换到“int”，可能丢失数据
C:\Users\user\output\deepseek-v4部署\fastllm-master\include\utils/utils.h(417): warning C4244: “+=”: 从“double”转换到“float”，可能丢失数据
C:\Users\user\output\deepseek-v4部署\fastllm-master\include\models\basellm.h(344): warning C4305: “初始化”: 从“double”到“float”截断
C:\Users\user\output\deepseek-v4部署\fastllm-master\include\models\basellm.h(348): warning C4244: “初始化”: 从“double”转换到“const float”，可能丢失数据
C:\Users\user\output\deepseek-v4部署\fastllm-master\include\models\graphllm.h(78): warning C4305: “初始化”: 从“double”到“float”截断
C:\Users\user\output\deepseek-v4部署\fastllm-master\src\models\graph\telechat.cpp(36): warning C4244: “=”: 从“double”转换到“float”，可能丢失数据
C:\Users\user\output\deepseek-v4部署\fastllm-master\src\models\graph\telechat.cpp(130): warning C4244: “参数”: 从“double”转换到“float”，可能丢失数据
C:\Users\user\output\deepseek-v4部署\fastllm-master\src\models\graph\telechat.cpp(174): warning C4244: “参数”: 从“double”转换到“float”，可能丢失数据
[66/81] Building CXX object CMakeFiles\fastllm_tools.dir\src\devices\cuda\cudadevicebatch.cpp.obj
C:\Users\user\output\deepseek-v4部署\fastllm-master\include\devices/cpu/alivethreadpool.h(136): warning C4267: “初始化”: 从“size_t”转换到“int”，可能丢失数据
C:\Users\user\output\deepseek-v4部署\fastllm-master\include\devices/cpu/alivethreadpool.h(176): warning C4267: “初始化”: 从“size_t”转换到“int”，可能丢失数据
C:\Users\user\output\deepseek-v4部署\fastllm-master\include\devices/cpu/alivethreadpool.h(236): warning C4267: “初始化”: 从“size_t”转换到“int”，可能丢失数据
C:\Users\user\output\deepseek-v4部署\fastllm-master\include\devices/cpu/alivethreadpool.h(237): warning C4267: “初始化”: 从“size_t”转换到“int”，可能丢失数据
C:\Users\user\output\deepseek-v4部署\fastllm-master\include\devices/cpu/alivethreadpool.h(238): warning C4267: “初始化”: 从“size_t”转换到“int”，可能丢失数据
C:\Users\user\output\deepseek-v4部署\fastllm-master\include\devices/cpu/alivethreadpool.h(281): warning C4267: “初始化”: 从“size_t”转换到“int”，可能丢失数据
C:\Users\user\output\deepseek-v4部署\fastllm-master\include\devices/cpu/alivethreadpool.h(327): warning C4267: “初始化”: 从“size_t”转换到“int”，可能丢失数据
C:\Users\user\output\deepseek-v4部署\fastllm-master\include\devices/cpu/alivethreadpool.h(330): warning C4267: “初始化”: 从“size_t”转换到“int”，可能丢失数据
C:\Users\user\output\deepseek-v4部署\fastllm-master\include\devices/cpu/alivethreadpool.h(370): warning C4267: “初始化”: 从“size_t”转换到“int”，可能丢失数据
C:\Users\user\output\deepseek-v4部署\fastllm-master\include\devices/cpu/alivethreadpool.h(372): warning C4267: “初始化”: 从“size_t”转换到“int”，可能丢失数据
C:\Users\user\output\deepseek-v4部署\fastllm-master\include\fastllm.h(222): warning C4244: “初始化”: 从“int”转换到“float”，可能丢失数据
C:\Users\user\output\deepseek-v4部署\fastllm-master\include\fastllm.h(222): warning C4244: “初始化”: 从“int”转换到“const float”，可能丢失数据
C:\Users\user\output\deepseek-v4部署\fastllm-master\include\fastllm.h(227): warning C4244: “=”: 从“float”转换到“uint8_t”，可能丢失数据
C:\Users\user\output\deepseek-v4部署\fastllm-master\include\fastllm.h(229): warning C4244: “=”: 从“const float”转换到“uint8_t”，可能丢失数据
C:\Users\user\output\deepseek-v4部署\fastllm-master\include\fastllm.h(687): warning C4996: 'std::codecvt_utf8<wchar_t,1114111,(std::codecvt_mode)0>': warning STL4017: std::wbuffer_convert, std::wstring_convert, and the <codecvt> header (containing std::codecvt_mode, std::codecvt_utf8, std::codecvt_utf16, and std::codecvt_utf8_utf16) are deprecated in C++17. (The std::codecvt class template is NOT deprecated.) The C++ Standard doesn't provide equivalent non-deprecated functionality; consider using MultiByteToWideChar() and WideCharToMultiByte() from <Windows.h> instead. You can define _SILENCE_CXX17_CODECVT_HEADER_DEPRECATION_WARNING or _SILENCE_ALL_CXX17_DEPRECATION_WARNINGS to suppress this warning.
C:\Program Files (x86)\Microsoft Visual Studio\2022\BuildTools\VC\Tools\MSVC\14.44.35207\include\codecvt(34): note: 参见“std::codecvt_utf8”的声明
C:\Users\user\output\deepseek-v4部署\fastllm-master\include\fastllm.h(687): warning C4996: 'std::wstring_convert<std::codecvt_utf8<wchar_t,1114111,(std::codecvt_mode)0>,wchar_t,std::allocator<wchar_t>,std::allocator<char>>': warning STL4017: std::wbuffer_convert, std::wstring_convert, and the <codecvt> header (containing std::codecvt_mode, std::codecvt_utf8, std::codecvt_utf16, and std::codecvt_utf8_utf16) are deprecated in C++17. (The std::codecvt class template is NOT deprecated.) The C++ Standard doesn't provide equivalent non-deprecated functionality; consider using MultiByteToWideChar() and WideCharToMultiByte() from <Windows.h> instead. You can define _SILENCE_CXX17_CODECVT_HEADER_DEPRECATION_WARNING or _SILENCE_ALL_CXX17_DEPRECATION_WARNINGS to suppress this warning.
C:\Program Files (x86)\Microsoft Visual Studio\2022\BuildTools\VC\Tools\MSVC\14.44.35207\include\xlocbuf(303): note: 参见“std::wstring_convert”的声明
C:\Users\user\output\deepseek-v4部署\fastllm-master\include\utils\utils.h(30): warning C4067: 预处理器指令后有意外标记 - 应输入换行符
C:\Users\user\output\deepseek-v4部署\fastllm-master\include\utils\utils.h(109): warning C4996: '_wfopen': This function or variable may be unsafe. Consider using _wfopen_s instead. To disable deprecation, use _CRT_SECURE_NO_WARNINGS. See online help for details.
C:\Users\user\output\deepseek-v4部署\fastllm-master\include\utils\utils.h(118): warning C4996: '_wopen': This function or variable may be unsafe. Consider using _wsopen_s instead. To disable deprecation, use _CRT_SECURE_NO_WARNINGS. See online help for details.
C:\Users\user\output\deepseek-v4部署\fastllm-master\include\utils\utils.h(150): warning C4244: “return”: 从“double”转换到“float”，可能丢失数据
C:\Users\user\output\deepseek-v4部署\fastllm-master\include\utils\utils.h(355): warning C4267: “初始化”: 从“size_t”转换到“int”，可能丢失数据
C:\Users\user\output\deepseek-v4部署\fastllm-master\include\utils\utils.h(417): warning C4244: “+=”: 从“double”转换到“float”，可能丢失数据
C:\Users\user\output\deepseek-v4部署\fastllm-master\src\devices\cuda\cudadevicebatch.cpp(17): warning C4267: “初始化”: 从“size_t”转换到“int”，可能丢失数据
C:\Users\user\output\deepseek-v4部署\fastllm-master\src\devices\cuda\cudadevicebatch.cpp(33): warning C4267: “初始化”: 从“size_t”转换到“int”，可能丢失数据
C:\Users\user\output\deepseek-v4部署\fastllm-master\src\devices\cuda\cudadevicebatch.cpp(47): warning C4267: “初始化”: 从“size_t”转换到“int”，可能丢失数据
C:\Users\user\output\deepseek-v4部署\fastllm-master\src\devices\cuda\cudadevicebatch.cpp(61): warning C4267: “初始化”: 从“size_t”转换到“int”，可能丢失数据
C:\Users\user\output\deepseek-v4部署\fastllm-master\src\devices\cuda\cudadevicebatch.cpp(73): warning C4244: “初始化”: 从“double”转换到“float”，可能丢失数据
C:\Users\user\output\deepseek-v4部署\fastllm-master\src\devices\cuda\cudadevicebatch.cpp(132): warning C4267: “参数”: 从“size_t”转换到“int”，可能丢失数据
C:\Users\user\output\deepseek-v4部署\fastllm-master\src\devices\cuda\cudadevicebatch.cpp(132): warning C4244: “初始化”: 从“uint64_t”转换到“int”，可能丢失数据
C:\Users\user\output\deepseek-v4部署\fastllm-master\src\devices\cuda\cudadevicebatch.cpp(133): warning C4267: “参数”: 从“size_t”转换到“int”，可能丢失数据
C:\Users\user\output\deepseek-v4部署\fastllm-master\src\devices\cuda\cudadevicebatch.cpp(133): warning C4244: “初始化”: 从“uint64_t”转换到“int”，可能丢失数据
C:\Users\user\output\deepseek-v4部署\fastllm-master\src\devices\cuda\cudadevicebatch.cpp(134): warning C4244: “初始化”: 从“_Ty”转换到“int”，可能丢失数据
        with
        [
            _Ty=uint64_t
        ]
C:\Users\user\output\deepseek-v4部署\fastllm-master\src\devices\cuda\cudadevicebatch.cpp(135): warning C4244: “初始化”: 从“_Ty”转换到“int”，可能丢失数据
        with
        [
            _Ty=uint64_t
        ]
C:\Users\user\output\deepseek-v4部署\fastllm-master\src\devices\cuda\cudadevicebatch.cpp(139): warning C4244: “初始化”: 从“uint64_t”转换到“int”，可能丢失数据
C:\Users\user\output\deepseek-v4部署\fastllm-master\src\devices\cuda\cudadevicebatch.cpp(140): warning C4244: “初始化”: 从“uint64_t”转换到“int”，可能丢失数据
C:\Users\user\output\deepseek-v4部署\fastllm-master\src\devices\cuda\cudadevicebatch.cpp(141): warning C4267: “参数”: 从“size_t”转换到“int”，可能丢失数据
C:\Users\user\output\deepseek-v4部署\fastllm-master\src\devices\cuda\cudadevicebatch.cpp(141): warning C4244: “初始化”: 从“uint64_t”转换到“int”，可能丢失数据
C:\Users\user\output\deepseek-v4部署\fastllm-master\src\devices\cuda\cudadevicebatch.cpp(205): warning C4267: “参数”: 从“size_t”转换到“int”，可能丢失数据
C:\Users\user\output\deepseek-v4部署\fastllm-master\src\devices\cuda\cudadevicebatch.cpp(205): warning C4244: “初始化”: 从“uint64_t”转换到“int”，可能丢失数据
C:\Users\user\output\deepseek-v4部署\fastllm-master\src\devices\cuda\cudadevicebatch.cpp(206): warning C4267: “参数”: 从“size_t”转换到“int”，可能丢失数据
C:\Users\user\output\deepseek-v4部署\fastllm-master\src\devices\cuda\cudadevicebatch.cpp(206): warning C4244: “初始化”: 从“uint64_t”转换到“int”，可能丢失数据
C:\Users\user\output\deepseek-v4部署\fastllm-master\src\devices\cuda\cudadevicebatch.cpp(207): warning C4244: “初始化”: 从“_Ty”转换到“int”，可能丢失数据
        with
        [
            _Ty=uint64_t
        ]
C:\Users\user\output\deepseek-v4部署\fastllm-master\src\devices\cuda\cudadevicebatch.cpp(208): warning C4244: “初始化”: 从“_Ty”转换到“int”，可能丢失数据
        with
        [
            _Ty=uint64_t
        ]
C:\Users\user\output\deepseek-v4部署\fastllm-master\src\devices\cuda\cudadevicebatch.cpp(212): warning C4244: “初始化”: 从“uint64_t”转换到“int”，可能丢失数据
C:\Users\user\output\deepseek-v4部署\fastllm-master\src\devices\cuda\cudadevicebatch.cpp(213): warning C4244: “初始化”: 从“uint64_t”转换到“int”，可能丢失数据
C:\Users\user\output\deepseek-v4部署\fastllm-master\src\devices\cuda\cudadevicebatch.cpp(215): warning C4267: “参数”: 从“size_t”转换到“int”，可能丢失数据
C:\Users\user\output\deepseek-v4部署\fastllm-master\src\devices\cuda\cudadevicebatch.cpp(215): warning C4244: “初始化”: 从“uint64_t”转换到“int”，可能丢失数据
C:\Users\user\output\deepseek-v4部署\fastllm-master\src\devices\cuda\cudadevicebatch.cpp(264): warning C4244: “初始化”: 从“uint64_t”转换到“int”，可能丢失数据
C:\Users\user\output\deepseek-v4部署\fastllm-master\src\devices\cuda\cudadevicebatch.cpp(265): warning C4244: “初始化”: 从“uint64_t”转换到“int”，可能丢失数据
C:\Users\user\output\deepseek-v4部署\fastllm-master\src\devices\cuda\cudadevicebatch.cpp(266): warning C4244: “初始化”: 从“uint64_t”转换到“int”，可能丢失数据
C:\Users\user\output\deepseek-v4部署\fastllm-master\src\devices\cuda\cudadevicebatch.cpp(267): warning C4244: “初始化”: 从“_Ty”转换到“int”，可能丢失数据
        with
        [
            _Ty=uint64_t
        ]
C:\Users\user\output\deepseek-v4部署\fastllm-master\src\devices\cuda\cudadevicebatch.cpp(281): warning C4244: “初始化”: 从“uint64_t”转换到“int”，可能丢失数据
C:\Users\user\output\deepseek-v4部署\fastllm-master\src\devices\cuda\cudadevicebatch.cpp(282): warning C4244: “初始化”: 从“uint64_t”转换到“int”，可能丢失数据
C:\Users\user\output\deepseek-v4部署\fastllm-master\src\devices\cuda\cudadevicebatch.cpp(283): warning C4244: “初始化”: 从“uint64_t”转换到“int”，可能丢失数据
C:\Users\user\output\deepseek-v4部署\fastllm-master\src\devices\cuda\cudadevicebatch.cpp(285): warning C4244: “初始化”: 从“_Ty”转换到“int”，可能丢失数据
        with
        [
            _Ty=uint64_t
        ]
C:\Users\user\output\deepseek-v4部署\fastllm-master\src\devices\cuda\cudadevicebatch.cpp(297): warning C4267: “参数”: 从“size_t”转换到“int”，可能丢失数据
C:\Users\user\output\deepseek-v4部署\fastllm-master\src\devices\cuda\cudadevicebatch.cpp(314): warning C4267: “初始化”: 从“size_t”转换到“int”，可能丢失数据
C:\Users\user\output\deepseek-v4部署\fastllm-master\src\devices\cuda\cudadevicebatch.cpp(349): warning C4267: “参数”: 从“size_t”转换到“int”，可能丢失数据
[67/81] Building CXX object CMakeFiles\fastllm_tools.dir\src\devices\cuda\cudadevice.cpp.obj
C:\Users\user\output\deepseek-v4部署\fastllm-master\include\devices/cpu/alivethreadpool.h(136): warning C4267: “初始化”: 从“size_t”转换到“int”，可能丢失数据
C:\Users\user\output\deepseek-v4部署\fastllm-master\include\devices/cpu/alivethreadpool.h(176): warning C4267: “初始化”: 从“size_t”转换到“int”，可能丢失数据
C:\Users\user\output\deepseek-v4部署\fastllm-master\include\devices/cpu/alivethreadpool.h(236): warning C4267: “初始化”: 从“size_t”转换到“int”，可能丢失数据
C:\Users\user\output\deepseek-v4部署\fastllm-master\include\devices/cpu/alivethreadpool.h(237): warning C4267: “初始化”: 从“size_t”转换到“int”，可能丢失数据
C:\Users\user\output\deepseek-v4部署\fastllm-master\include\devices/cpu/alivethreadpool.h(238): warning C4267: “初始化”: 从“size_t”转换到“int”，可能丢失数据
C:\Users\user\output\deepseek-v4部署\fastllm-master\include\devices/cpu/alivethreadpool.h(281): warning C4267: “初始化”: 从“size_t”转换到“int”，可能丢失数据
C:\Users\user\output\deepseek-v4部署\fastllm-master\include\devices/cpu/alivethreadpool.h(327): warning C4267: “初始化”: 从“size_t”转换到“int”，可能丢失数据
C:\Users\user\output\deepseek-v4部署\fastllm-master\include\devices/cpu/alivethreadpool.h(330): warning C4267: “初始化”: 从“size_t”转换到“int”，可能丢失数据
C:\Users\user\output\deepseek-v4部署\fastllm-master\include\devices/cpu/alivethreadpool.h(370): warning C4267: “初始化”: 从“size_t”转换到“int”，可能丢失数据
C:\Users\user\output\deepseek-v4部署\fastllm-master\include\devices/cpu/alivethreadpool.h(372): warning C4267: “初始化”: 从“size_t”转换到“int”，可能丢失数据
C:\Users\user\output\deepseek-v4部署\fastllm-master\include\fastllm.h(222): warning C4244: “初始化”: 从“int”转换到“float”，可能丢失数据
C:\Users\user\output\deepseek-v4部署\fastllm-master\include\fastllm.h(222): warning C4244: “初始化”: 从“int”转换到“const float”，可能丢失数据
C:\Users\user\output\deepseek-v4部署\fastllm-master\include\fastllm.h(227): warning C4244: “=”: 从“float”转换到“uint8_t”，可能丢失数据
C:\Users\user\output\deepseek-v4部署\fastllm-master\include\fastllm.h(229): warning C4244: “=”: 从“const float”转换到“uint8_t”，可能丢失数据
C:\Users\user\output\deepseek-v4部署\fastllm-master\include\fastllm.h(687): warning C4996: 'std::codecvt_utf8<wchar_t,1114111,(std::codecvt_mode)0>': warning STL4017: std::wbuffer_convert, std::wstring_convert, and the <codecvt> header (containing std::codecvt_mode, std::codecvt_utf8, std::codecvt_utf16, and std::codecvt_utf8_utf16) are deprecated in C++17. (The std::codecvt class template is NOT deprecated.) The C++ Standard doesn't provide equivalent non-deprecated functionality; consider using MultiByteToWideChar() and WideCharToMultiByte() from <Windows.h> instead. You can define _SILENCE_CXX17_CODECVT_HEADER_DEPRECATION_WARNING or _SILENCE_ALL_CXX17_DEPRECATION_WARNINGS to suppress this warning.
C:\Program Files (x86)\Microsoft Visual Studio\2022\BuildTools\VC\Tools\MSVC\14.44.35207\include\codecvt(34): note: 参见“std::codecvt_utf8”的声明
C:\Users\user\output\deepseek-v4部署\fastllm-master\include\fastllm.h(687): warning C4996: 'std::wstring_convert<std::codecvt_utf8<wchar_t,1114111,(std::codecvt_mode)0>,wchar_t,std::allocator<wchar_t>,std::allocator<char>>': warning STL4017: std::wbuffer_convert, std::wstring_convert, and the <codecvt> header (containing std::codecvt_mode, std::codecvt_utf8, std::codecvt_utf16, and std::codecvt_utf8_utf16) are deprecated in C++17. (The std::codecvt class template is NOT deprecated.) The C++ Standard doesn't provide equivalent non-deprecated functionality; consider using MultiByteToWideChar() and WideCharToMultiByte() from <Windows.h> instead. You can define _SILENCE_CXX17_CODECVT_HEADER_DEPRECATION_WARNING or _SILENCE_ALL_CXX17_DEPRECATION_WARNINGS to suppress this warning.
C:\Program Files (x86)\Microsoft Visual Studio\2022\BuildTools\VC\Tools\MSVC\14.44.35207\include\xlocbuf(303): note: 参见“std::wstring_convert”的声明
C:\Users\user\output\deepseek-v4部署\fastllm-master\include\utils\utils.h(30): warning C4067: 预处理器指令后有意外标记 - 应输入换行符
C:\Users\user\output\deepseek-v4部署\fastllm-master\include\utils\utils.h(109): warning C4996: '_wfopen': This function or variable may be unsafe. Consider using _wfopen_s instead. To disable deprecation, use _CRT_SECURE_NO_WARNINGS. See online help for details.
C:\Users\user\output\deepseek-v4部署\fastllm-master\include\utils\utils.h(118): warning C4996: '_wopen': This function or variable may be unsafe. Consider using _wsopen_s instead. To disable deprecation, use _CRT_SECURE_NO_WARNINGS. See online help for details.
C:\Users\user\output\deepseek-v4部署\fastllm-master\include\utils\utils.h(150): warning C4244: “return”: 从“double”转换到“float”，可能丢失数据
C:\Users\user\output\deepseek-v4部署\fastllm-master\include\utils\utils.h(355): warning C4267: “初始化”: 从“size_t”转换到“int”，可能丢失数据
C:\Users\user\output\deepseek-v4部署\fastllm-master\include\utils\utils.h(417): warning C4244: “+=”: 从“double”转换到“float”，可能丢失数据
C:\Users\user\output\deepseek-v4部署\fastllm-master\src\devices\cuda\cudadevice.cpp(159): warning C4244: “初始化”: 从“uint64_t”转换到“int”，可能丢失数据
C:\Users\user\output\deepseek-v4部署\fastllm-master\src\devices\cuda\cudadevice.cpp(165): warning C4244: “初始化”: 从“uint64_t”转换到“int”，可能丢失数据
C:\Users\user\output\deepseek-v4部署\fastllm-master\src\devices\cuda\cudadevice.cpp(191): warning C4244: “初始化”: 从“uint64_t”转换到“int”，可能丢失数据
C:\Users\user\output\deepseek-v4部署\fastllm-master\src\devices\cuda\cudadevice.cpp(200): warning C4244: “初始化”: 从“uint64_t”转换到“int”，可能丢失数据
C:\Users\user\output\deepseek-v4部署\fastllm-master\src\devices\cuda\cudadevice.cpp(231): warning C4244: “参数”: 从“uint64_t”转换到“int”，可能丢失数据
C:\Users\user\output\deepseek-v4部署\fastllm-master\src\devices\cuda\cudadevice.cpp(233): warning C4244: “参数”: 从“uint64_t”转换到“int”，可能丢失数据
C:\Users\user\output\deepseek-v4部署\fastllm-master\src\devices\cuda\cudadevice.cpp(260): warning C4244: “参数”: 从“uint64_t”转换到“int”，可能丢失数据
C:\Users\user\output\deepseek-v4部署\fastllm-master\src\devices\cuda\cudadevice.cpp(262): warning C4244: “参数”: 从“uint64_t”转换到“int”，可能丢失数据
C:\Users\user\output\deepseek-v4部署\fastllm-master\src\devices\cuda\cudadevice.cpp(285): warning C4244: “初始化”: 从“uint64_t”转换到“int”，可能丢失数据
C:\Users\user\output\deepseek-v4部署\fastllm-master\src\devices\cuda\cudadevice.cpp(291): warning C4244: “初始化”: 从“uint64_t”转换到“int”，可能丢失数据
C:\Users\user\output\deepseek-v4部署\fastllm-master\src\devices\cuda\cudadevice.cpp(321): warning C4244: “参数”: 从“uint64_t”转换到“int”，可能丢失数据
C:\Users\user\output\deepseek-v4部署\fastllm-master\src\devices\cuda\cudadevice.cpp(323): warning C4244: “参数”: 从“uint64_t”转换到“int”，可能丢失数据
C:\Users\user\output\deepseek-v4部署\fastllm-master\src\devices\cuda\cudadevice.cpp(388): warning C4244: “初始化”: 从“double”转换到“float”，可能丢失数据
C:\Users\user\output\deepseek-v4部署\fastllm-master\src\devices\cuda\cudadevice.cpp(437): warning C4244: “初始化”: 从“double”转换到“float”，可能丢失数据
C:\Users\user\output\deepseek-v4部署\fastllm-master\src\devices\cuda\cudadevice.cpp(459): warning C4244: “初始化”: 从“double”转换到“float”，可能丢失数据
C:\Users\user\output\deepseek-v4部署\fastllm-master\src\devices\cuda\cudadevice.cpp(469): warning C4267: “初始化”: 从“size_t”转换到“int”，可能丢失数据
C:\Users\user\output\deepseek-v4部署\fastllm-master\src\devices\cuda\cudadevice.cpp(471): warning C4244: “初始化”: 从“_Ty”转换到“int”，可能丢失数据
        with
        [
            _Ty=uint64_t
        ]
C:\Users\user\output\deepseek-v4部署\fastllm-master\src\devices\cuda\cudadevice.cpp(483): warning C4267: “初始化”: 从“size_t”转换到“int”，可能丢失数据
C:\Users\user\output\deepseek-v4部署\fastllm-master\src\devices\cuda\cudadevice.cpp(604): warning C4244: “初始化”: 从“uint64_t”转换到“int”，可能丢失数据
C:\Users\user\output\deepseek-v4部署\fastllm-master\src\devices\cuda\cudadevice.cpp(688): warning C4244: “初始化”: 从“uint64_t”转换到“int”，可能丢失数据
C:\Users\user\output\deepseek-v4部署\fastllm-master\src\devices\cuda\cudadevice.cpp(785): warning C4244: “初始化”: 从“uint64_t”转换到“int”，可能丢失数据
C:\Users\user\output\deepseek-v4部署\fastllm-master\src\devices\cuda\cudadevice.cpp(827): warning C4267: “初始化”: 从“size_t”转换到“int”，可能丢失数据
C:\Users\user\output\deepseek-v4部署\fastllm-master\src\devices\cuda\cudadevice.cpp(852): warning C4267: “初始化”: 从“size_t”转换到“int”，可能丢失数据
C:\Users\user\output\deepseek-v4部署\fastllm-master\src\devices\cuda\cudadevice.cpp(857): warning C4244: “初始化”: 从“uint64_t”转换到“int”，可能丢失数据
C:\Users\user\output\deepseek-v4部署\fastllm-master\src\devices\cuda\cudadevice.cpp(858): warning C4244: “初始化”: 从“uint64_t”转换到“int”，可能丢失数据
C:\Users\user\output\deepseek-v4部署\fastllm-master\src\devices\cuda\cudadevice.cpp(859): warning C4244: “初始化”: 从“uint64_t”转换到“int”，可能丢失数据
C:\Users\user\output\deepseek-v4部署\fastllm-master\src\devices\cuda\cudadevice.cpp(861): warning C4244: “初始化”: 从“_Ty”转换到“int”，可能丢失数据
        with
        [
            _Ty=uint64_t
        ]
C:\Users\user\output\deepseek-v4部署\fastllm-master\src\devices\cuda\cudadevice.cpp(885): warning C4267: “初始化”: 从“size_t”转换到“int”，可能丢失数据
C:\Users\user\output\deepseek-v4部署\fastllm-master\src\devices\cuda\cudadevice.cpp(890): warning C4244: “初始化”: 从“uint64_t”转换到“int”，可能丢失数据
C:\Users\user\output\deepseek-v4部署\fastllm-master\src\devices\cuda\cudadevice.cpp(891): warning C4244: “初始化”: 从“uint64_t”转换到“int”，可能丢失数据
C:\Users\user\output\deepseek-v4部署\fastllm-master\src\devices\cuda\cudadevice.cpp(892): warning C4244: “初始化”: 从“uint64_t”转换到“int”，可能丢失数据
C:\Users\user\output\deepseek-v4部署\fastllm-master\src\devices\cuda\cudadevice.cpp(894): warning C4244: “初始化”: 从“_Ty”转换到“int”，可能丢失数据
        with
        [
            _Ty=uint64_t
        ]
C:\Users\user\output\deepseek-v4部署\fastllm-master\src\devices\cuda\cudadevice.cpp(917): warning C4267: “初始化”: 从“size_t”转换到“int”，可能丢失数据
C:\Users\user\output\deepseek-v4部署\fastllm-master\src\devices\cuda\cudadevice.cpp(920): warning C4244: “初始化”: 从“uint64_t”转换到“int”，可能丢失数据
C:\Users\user\output\deepseek-v4部署\fastllm-master\src\devices\cuda\cudadevice.cpp(921): warning C4244: “初始化”: 从“uint64_t”转换到“int”，可能丢失数据
C:\Users\user\output\deepseek-v4部署\fastllm-master\src\devices\cuda\cudadevice.cpp(922): warning C4244: “初始化”: 从“uint64_t”转换到“int”，可能丢失数据
C:\Users\user\output\deepseek-v4部署\fastllm-master\src\devices\cuda\cudadevice.cpp(923): warning C4244: “初始化”: 从“uint64_t”转换到“int”，可能丢失数据
C:\Users\user\output\deepseek-v4部署\fastllm-master\src\devices\cuda\cudadevice.cpp(924): warning C4244: “初始化”: 从“_Ty”转换到“int”，可能丢失数据
        with
        [
            _Ty=uint64_t
        ]
C:\Users\user\output\deepseek-v4部署\fastllm-master\src\devices\cuda\cudadevice.cpp(948): warning C4267: “初始化”: 从“size_t”转换到“int”，可能丢失数据
C:\Users\user\output\deepseek-v4部署\fastllm-master\src\devices\cuda\cudadevice.cpp(954): warning C4244: “初始化”: 从“uint64_t”转换到“int”，可能丢失数据
C:\Users\user\output\deepseek-v4部署\fastllm-master\src\devices\cuda\cudadevice.cpp(955): warning C4244: “初始化”: 从“uint64_t”转换到“int”，可能丢失数据
C:\Users\user\output\deepseek-v4部署\fastllm-master\src\devices\cuda\cudadevice.cpp(956): warning C4244: “初始化”: 从“uint64_t”转换到“int”，可能丢失数据
C:\Users\user\output\deepseek-v4部署\fastllm-master\src\devices\cuda\cudadevice.cpp(957): warning C4244: “初始化”: 从“_Ty”转换到“int”，可能丢失数据
        with
        [
            _Ty=uint64_t
        ]
C:\Users\user\output\deepseek-v4部署\fastllm-master\src\devices\cuda\cudadevice.cpp(977): warning C4244: “初始化”: 从“uint64_t”转换到“int”，可能丢失数据
C:\Users\user\output\deepseek-v4部署\fastllm-master\src\devices\cuda\cudadevice.cpp(978): warning C4244: “初始化”: 从“uint64_t”转换到“int”，可能丢失数据
C:\Users\user\output\deepseek-v4部署\fastllm-master\src\devices\cuda\cudadevice.cpp(979): warning C4244: “初始化”: 从“uint64_t”转换到“int”，可能丢失数据
C:\Users\user\output\deepseek-v4部署\fastllm-master\src\devices\cuda\cudadevice.cpp(980): warning C4244: “初始化”: 从“_Ty”转换到“int”，可能丢失数据
        with
        [
            _Ty=uint64_t
        ]
C:\Users\user\output\deepseek-v4部署\fastllm-master\src\devices\cuda\cudadevice.cpp(989): warning C4267: “初始化”: 从“size_t”转换到“int”，可能丢失数据
C:\Users\user\output\deepseek-v4部署\fastllm-master\src\devices\cuda\cudadevice.cpp(1002): warning C4244: “初始化”: 从“uint64_t”转换到“int”，可能丢失数据
C:\Users\user\output\deepseek-v4部署\fastllm-master\src\devices\cuda\cudadevice.cpp(1003): warning C4244: “初始化”: 从“uint64_t”转换到“int”，可能丢失数据
C:\Users\user\output\deepseek-v4部署\fastllm-master\src\devices\cuda\cudadevice.cpp(1004): warning C4244: “初始化”: 从“uint64_t”转换到“int”，可能丢失数据
C:\Users\user\output\deepseek-v4部署\fastllm-master\src\devices\cuda\cudadevice.cpp(1006): warning C4244: “初始化”: 从“_Ty”转换到“int”，可能丢失数据
        with
        [
            _Ty=uint64_t
        ]
C:\Users\user\output\deepseek-v4部署\fastllm-master\src\devices\cuda\cudadevice.cpp(1039): warning C4267: “参数”: 从“size_t”转换到“int”，可能丢失数据
C:\Users\user\output\deepseek-v4部署\fastllm-master\src\devices\cuda\cudadevice.cpp(1039): warning C4244: “初始化”: 从“uint64_t”转换到“int”，可能丢失数据
C:\Users\user\output\deepseek-v4部署\fastllm-master\src\devices\cuda\cudadevice.cpp(1040): warning C4267: “参数”: 从“size_t”转换到“int”，可能丢失数据
C:\Users\user\output\deepseek-v4部署\fastllm-master\src\devices\cuda\cudadevice.cpp(1040): warning C4244: “初始化”: 从“uint64_t”转换到“int”，可能丢失数据
C:\Users\user\output\deepseek-v4部署\fastllm-master\src\devices\cuda\cudadevice.cpp(1041): warning C4244: “初始化”: 从“uint64_t”转换到“int”，可能丢失数据
C:\Users\user\output\deepseek-v4部署\fastllm-master\src\devices\cuda\cudadevice.cpp(1042): warning C4244: “初始化”: 从“uint64_t”转换到“int”，可能丢失数据
C:\Users\user\output\deepseek-v4部署\fastllm-master\src\devices\cuda\cudadevice.cpp(1064): warning C4267: “参数”: 从“size_t”转换到“int”，可能丢失数据
C:\Users\user\output\deepseek-v4部署\fastllm-master\src\devices\cuda\cudadevice.cpp(1064): warning C4244: “初始化”: 从“uint64_t”转换到“int”，可能丢失数据
C:\Users\user\output\deepseek-v4部署\fastllm-master\src\devices\cuda\cudadevice.cpp(1065): warning C4267: “参数”: 从“size_t”转换到“int”，可能丢失数据
C:\Users\user\output\deepseek-v4部署\fastllm-master\src\devices\cuda\cudadevice.cpp(1065): warning C4244: “初始化”: 从“uint64_t”转换到“int”，可能丢失数据
C:\Users\user\output\deepseek-v4部署\fastllm-master\src\devices\cuda\cudadevice.cpp(1066): warning C4244: “初始化”: 从“_Ty”转换到“int”，可能丢失数据
        with
        [
            _Ty=uint64_t
        ]
C:\Users\user\output\deepseek-v4部署\fastllm-master\src\devices\cuda\cudadevice.cpp(1067): warning C4244: “初始化”: 从“_Ty”转换到“int”，可能丢失数据
        with
        [
            _Ty=uint64_t
        ]
C:\Users\user\output\deepseek-v4部署\fastllm-master\src\devices\cuda\cudadevice.cpp(1071): warning C4244: “初始化”: 从“uint64_t”转换到“int”，可能丢失数据
C:\Users\user\output\deepseek-v4部署\fastllm-master\src\devices\cuda\cudadevice.cpp(1072): warning C4244: “初始化”: 从“uint64_t”转换到“int”，可能丢失数据
C:\Users\user\output\deepseek-v4部署\fastllm-master\src\devices\cuda\cudadevice.cpp(1074): warning C4267: “参数”: 从“size_t”转换到“int”，可能丢失数据
C:\Users\user\output\deepseek-v4部署\fastllm-master\src\devices\cuda\cudadevice.cpp(1074): warning C4244: “初始化”: 从“uint64_t”转换到“int”，可能丢失数据
C:\Users\user\output\deepseek-v4部署\fastllm-master\src\devices\cuda\cudadevice.cpp(1095): warning C4267: “参数”: 从“size_t”转换到“int”，可能丢失数据
C:\Users\user\output\deepseek-v4部署\fastllm-master\src\devices\cuda\cudadevice.cpp(1095): warning C4244: “初始化”: 从“uint64_t”转换到“int”，可能丢失数据
C:\Users\user\output\deepseek-v4部署\fastllm-master\src\devices\cuda\cudadevice.cpp(1096): warning C4267: “参数”: 从“size_t”转换到“int”，可能丢失数据
C:\Users\user\output\deepseek-v4部署\fastllm-master\src\devices\cuda\cudadevice.cpp(1096): warning C4244: “初始化”: 从“uint64_t”转换到“int”，可能丢失数据
C:\Users\user\output\deepseek-v4部署\fastllm-master\src\devices\cuda\cudadevice.cpp(1097): warning C4244: “初始化”: 从“uint64_t”转换到“int”，可能丢失数据
C:\Users\user\output\deepseek-v4部署\fastllm-master\src\devices\cuda\cudadevice.cpp(1098): warning C4244: “初始化”: 从“uint64_t”转换到“int”，可能丢失数据
C:\Users\user\output\deepseek-v4部署\fastllm-master\src\devices\cuda\cudadevice.cpp(1119): warning C4267: “参数”: 从“size_t”转换到“int”，可能丢失数据
C:\Users\user\output\deepseek-v4部署\fastllm-master\src\devices\cuda\cudadevice.cpp(1119): warning C4244: “初始化”: 从“uint64_t”转换到“int”，可能丢失数据
C:\Users\user\output\deepseek-v4部署\fastllm-master\src\devices\cuda\cudadevice.cpp(1120): warning C4267: “参数”: 从“size_t”转换到“int”，可能丢失数据
C:\Users\user\output\deepseek-v4部署\fastllm-master\src\devices\cuda\cudadevice.cpp(1120): warning C4244: “初始化”: 从“uint64_t”转换到“int”，可能丢失数据
C:\Users\user\output\deepseek-v4部署\fastllm-master\src\devices\cuda\cudadevice.cpp(1121): warning C4244: “初始化”: 从“_Ty”转换到“int”，可能丢失数据
        with
        [
            _Ty=uint64_t
        ]
C:\Users\user\output\deepseek-v4部署\fastllm-master\src\devices\cuda\cudadevice.cpp(1122): warning C4244: “初始化”: 从“_Ty”转换到“int”，可能丢失数据
        with
        [
            _Ty=uint64_t
        ]
C:\Users\user\output\deepseek-v4部署\fastllm-master\src\devices\cuda\cudadevice.cpp(1126): warning C4244: “初始化”: 从“uint64_t”转换到“int”，可能丢失数据
C:\Users\user\output\deepseek-v4部署\fastllm-master\src\devices\cuda\cudadevice.cpp(1127): warning C4244: “初始化”: 从“uint64_t”转换到“int”，可能丢失数据
C:\Users\user\output\deepseek-v4部署\fastllm-master\src\devices\cuda\cudadevice.cpp(1129): warning C4267: “参数”: 从“size_t”转换到“int”，可能丢失数据
C:\Users\user\output\deepseek-v4部署\fastllm-master\src\devices\cuda\cudadevice.cpp(1129): warning C4244: “初始化”: 从“uint64_t”转换到“int”，可能丢失数据
C:\Users\user\output\deepseek-v4部署\fastllm-master\src\devices\cuda\cudadevice.cpp(1140): warning C4267: “初始化”: 从“size_t”转换到“int”，可能丢失数据
C:\Users\user\output\deepseek-v4部署\fastllm-master\src\devices\cuda\cudadevice.cpp(1142): warning C4244: “初始化”: 从“uint64_t”转换到“int”，可能丢失数据
C:\Users\user\output\deepseek-v4部署\fastllm-master\src\devices\cuda\cudadevice.cpp(1158): warning C4267: “初始化”: 从“size_t”转换到“int”，可能丢失数据
C:\Users\user\output\deepseek-v4部署\fastllm-master\src\devices\cuda\cudadevice.cpp(1339): warning C4244: “初始化”: 从“double”转换到“float”，可能丢失数据
C:\Users\user\output\deepseek-v4部署\fastllm-master\src\devices\cuda\cudadevice.cpp(1352): warning C4244: “初始化”: 从“double”转换到“float”，可能丢失数据
C:\Users\user\output\deepseek-v4部署\fastllm-master\src\devices\cuda\cudadevice.cpp(1363): warning C4244: “初始化”: 从“double”转换到“float”，可能丢失数据
C:\Users\user\output\deepseek-v4部署\fastllm-master\src\devices\cuda\cudadevice.cpp(1397): warning C4244: “初始化”: 从“double”转换到“float”，可能丢失数据
C:\Users\user\output\deepseek-v4部署\fastllm-master\src\devices\cuda\cudadevice.cpp(1410): warning C4244: “初始化”: 从“double”转换到“float”，可能丢失数据
C:\Users\user\output\deepseek-v4部署\fastllm-master\src\devices\cuda\cudadevice.cpp(1418): warning C4244: “初始化”: 从“double”转换到“float”，可能丢失数据
C:\Users\user\output\deepseek-v4部署\fastllm-master\src\devices\cuda\cudadevice.cpp(1458): warning C4267: “初始化”: 从“size_t”转换到“int”，可能丢失数据
C:\Users\user\output\deepseek-v4部署\fastllm-master\src\devices\cuda\cudadevice.cpp(1493): warning C4267: “初始化”: 从“size_t”转换到“int”，可能丢失数据
C:\Users\user\output\deepseek-v4部署\fastllm-master\src\devices\cuda\cudadevice.cpp(1494): warning C4244: “初始化”: 从“uint64_t”转换到“int”，可能丢失数据
C:\Users\user\output\deepseek-v4部署\fastllm-master\src\devices\cuda\cudadevice.cpp(1747): warning C4244: “初始化”: 从“double”转换到“float”，可能丢失数据
C:\Users\user\output\deepseek-v4部署\fastllm-master\src\devices\cuda\cudadevice.cpp(1881): warning C4244: “初始化”: 从“uint64_t”转换到“int”，可能丢失数据
C:\Users\user\output\deepseek-v4部署\fastllm-master\src\devices\cuda\cudadevice.cpp(1965): warning C4267: “参数”: 从“size_t”转换到“_Ty”，可能丢失数据
        with
        [
            _Ty=int
        ]
C:\Users\user\output\deepseek-v4部署\fastllm-master\src\devices\cuda\cudadevice.cpp(2004): warning C4267: “参数”: 从“size_t”转换到“int”，可能丢失数据
C:\Users\user\output\deepseek-v4部署\fastllm-master\src\devices\cuda\cudadevice.cpp(2051): warning C4267: “参数”: 从“size_t”转换到“int”，可能丢失数据
C:\Users\user\output\deepseek-v4部署\fastllm-master\src\devices\cuda\cudadevice.cpp(2050): warning C4267: “参数”: 从“size_t”转换到“int”，可能丢失数据
C:\Users\user\output\deepseek-v4部署\fastllm-master\src\devices\cuda\cudadevice.cpp(2136): warning C4267: “参数”: 从“size_t”转换到“int”，可能丢失数据
C:\Users\user\output\deepseek-v4部署\fastllm-master\src\devices\cuda\cudadevice.cpp(2280): warning C4267: “参数”: 从“size_t”转换到“_Ty”，可能丢失数据
        with
        [
            _Ty=int
        ]
C:\Users\user\output\deepseek-v4部署\fastllm-master\src\devices\cuda\cudadevice.cpp(2329): warning C4267: “参数”: 从“size_t”转换到“int”，可能丢失数据
C:\Users\user\output\deepseek-v4部署\fastllm-master\src\devices\cuda\cudadevice.cpp(2328): warning C4267: “参数”: 从“size_t”转换到“int”，可能丢失数据
C:\Users\user\output\deepseek-v4部署\fastllm-master\src\devices\cuda\cudadevice.cpp(2348): warning C4267: “参数”: 从“size_t”转换到“int”，可能丢失数据
C:\Users\user\output\deepseek-v4部署\fastllm-master\src\devices\cuda\cudadevice.cpp(2537): warning C4267: “=”: 从“size_t”转换到“int”，可能丢失数据
C:\Users\user\output\deepseek-v4部署\fastllm-master\src\devices\cuda\cudadevice.cpp(2646): warning C4244: “初始化”: 从“double”转换到“float”，可能丢失数据
C:\Users\user\output\deepseek-v4部署\fastllm-master\src\devices\cuda\cudadevice.cpp(2783): warning C4244: “初始化”: 从“double”转换到“float”，可能丢失数据
C:\Users\user\output\deepseek-v4部署\fastllm-master\src\devices\cuda\cudadevice.cpp(2817): warning C4267: “+=”: 从“size_t”转换到“int”，可能丢失数据
C:\Users\user\output\deepseek-v4部署\fastllm-master\src\devices\cuda\cudadevice.cpp(2854): warning C4267: “初始化”: 从“size_t”转换到“int”，可能丢失数据
[68/81] Building CUDA object CMakeFiles\fastllm_tools.dir\src\devices\cuda\attention\fastllm-attention.cu.obj
FAILED: [code=4] CMakeFiles/fastllm_tools.dir/src/devices/cuda/attention/fastllm-attention.cu.obj 
C:\Users\user\output\deepseek-v4部署\cuda-12.4-toolkit\bin\nvcc.exe -forward-unknown-to-host-compiler -DUSE_CUDA -Dfastllm_tools_EXPORTS -IC:\Users\user\output\deepseek-v4部署\fastllm-master\include -IC:\Users\user\output\deepseek-v4部署\fastllm-master\include\utils -IC:\Users\user\output\deepseek-v4部署\fastllm-master\include\models -IC:\Users\user\output\deepseek-v4部署\fastllm-master\include\blocks -IC:\Users\user\output\deepseek-v4部署\fastllm-master\include\devices\cpu -IC:\Users\user\output\deepseek-v4部署\fastllm-master\include\devices\disk -IC:\Users\user\output\deepseek-v4部署\fastllm-master\third_party\json11 -IC:\Users\user\output\deepseek-v4部署\fastllm-master\third_party\gguf -IC:\Users\user\output\deepseek-v4部署\fastllm-master\third_party\flashinfer -IC:\Users\user\output\deepseek-v4部署\fastllm-master\include\devices\cuda --allow-unsupported-compiler -D_ALLOW_COMPILER_AND_STL_VERSION_MISMATCH -Xcompiler=/utf-8 -Xcompiler="-MD -O2 -Ob2" -DNDEBUG -std=c++20 "--generate-code=arch=compute_89,code=[compute_89,sm_89]" -MD -MT CMakeFiles\fastllm_tools.dir\src\devices\cuda\attention\fastllm-attention.cu.obj -MF CMakeFiles\fastllm_tools.dir\src\devices\cuda\attention\fastllm-attention.cu.obj.d -x cu -c C:\Users\user\output\deepseek-v4部署\fastllm-master\src\devices\cuda\attention\fastllm-attention.cu -o CMakeFiles\fastllm_tools.dir\src\devices\cuda\attention\fastllm-attention.cu.obj -Xcompiler=-FdCMakeFiles\fastllm_tools.dir\,-FS
C:\Users\user\output\deepseek-v4部署\fastllm-master\third_party\flashinfer\attention\../math.cuh(74): error: identifier "ushort" is undefined
    ushort y_u16;
    ^

C:\Users\user\output\deepseek-v4部署\fastllm-master\third_party\flashinfer\attention\../math.cuh(75): error: an asm operand must have scalar type
    asm volatile("ex2.approx.f16 %0, %1;" : "=h"(y_u16) : "h"(__half_as_ushort(x)));
                                            ^

C:\Users\user\output\deepseek-v4部署\fastllm-master\third_party\flashinfer\attention\../math.cuh(149): error: identifier "ushort" is undefined
    ushort y_u16;
    ^

C:\Users\user\output\deepseek-v4部署\fastllm-master\third_party\flashinfer\attention\../math.cuh(150): error: an asm operand must have scalar type
    asm volatile("tanh.approx.f16 %0, %1;" : "=h"(y_u16) : "h"(__half_as_ushort(x)));
                                             ^

C:\Users\user\output\deepseek-v4部署\fastllm-master\third_party\flashinfer\attention\../vec_dtypes.cuh(114): error: expected a type specifier
    inline __attribute__((always_inline)) __declspec(__device__) static void cast(dst_t* dst, const src_t* src) {
                         ^

C:\Users\user\output\deepseek-v4部署\fastllm-master\third_party\flashinfer\attention\../vec_dtypes.cuh(114): error: explicit type is missing ("int" assumed)
    inline __attribute__((always_inline)) __declspec(__device__) static void cast(dst_t* dst, const src_t* src) {
           ^

C:\Users\user\output\deepseek-v4部署\fastllm-master\third_party\flashinfer\attention\../vec_dtypes.cuh(114): error: expected a ";"
    inline __attribute__((always_inline)) __declspec(__device__) static void cast(dst_t* dst, const src_t* src) {
                                          ^

C:\Users\user\output\deepseek-v4部署\fastllm-master\third_party\flashinfer\attention\../vec_dtypes.cuh(120): warning #12-D: parsing restarts here after previous syntax error
  };
  ^

Remark: The warnings can be suppressed with "-diag-suppress <warning-number>"

C:\Users\user\output\deepseek-v4部署\fastllm-master\third_party\flashinfer\attention\../vec_dtypes.cuh(125): error: expected a type specifier
    inline __attribute__((always_inline)) __declspec(__device__) static void cast(__nv_fp8_e4m3* dst, const float* src) {
                         ^

C:\Users\user\output\deepseek-v4部署\fastllm-master\third_party\flashinfer\attention\../vec_dtypes.cuh(125): error: explicit type is missing ("int" assumed)
    inline __attribute__((always_inline)) __declspec(__device__) static void cast(__nv_fp8_e4m3* dst, const float* src) {
           ^

C:\Users\user\output\deepseek-v4部署\fastllm-master\third_party\flashinfer\attention\../vec_dtypes.cuh(125): error: expected a ";"
    inline __attribute__((always_inline)) __declspec(__device__) static void cast(__nv_fp8_e4m3* dst, const float* src) {
                                          ^

C:\Users\user\output\deepseek-v4部署\fastllm-master\third_party\flashinfer\attention\../vec_dtypes.cuh(129): warning #607-D: this pragma must immediately precede a statement
  #pragma unroll
          ^

C:\Users\user\output\deepseek-v4部署\fastllm-master\third_party\flashinfer\attention\../vec_dtypes.cuh(136): warning #12-D: parsing restarts here after previous syntax error
  };
  ^

C:\Users\user\output\deepseek-v4部署\fastllm-master\third_party\flashinfer\attention\../vec_dtypes.cuh(141): error: expected a type specifier
    inline __attribute__((always_inline)) __declspec(__device__) static void cast(__nv_fp8_e5m2* dst, const float* src) {
                         ^

C:\Users\user\output\deepseek-v4部署\fastllm-master\third_party\flashinfer\attention\../vec_dtypes.cuh(141): error: explicit type is missing ("int" assumed)
    inline __attribute__((always_inline)) __declspec(__device__) static void cast(__nv_fp8_e5m2* dst, const float* src) {
           ^

C:\Users\user\output\deepseek-v4部署\fastllm-master\third_party\flashinfer\attention\../vec_dtypes.cuh(141): error: expected a ";"
    inline __attribute__((always_inline)) __declspec(__device__) static void cast(__nv_fp8_e5m2* dst, const float* src) {
                                          ^

C:\Users\user\output\deepseek-v4部署\fastllm-master\third_party\flashinfer\attention\../vec_dtypes.cuh(145): warning #607-D: this pragma must immediately precede a statement
  #pragma unroll
          ^

C:\Users\user\output\deepseek-v4部署\fastllm-master\third_party\flashinfer\attention\../vec_dtypes.cuh(152): warning #12-D: parsing restarts here after previous syntax error
  };
  ^

C:\Users\user\output\deepseek-v4部署\fastllm-master\third_party\flashinfer\attention\../vec_dtypes.cuh(157): error: expected a type specifier
    inline __attribute__((always_inline)) __declspec(__device__) static void cast(float* dst, const half* src) {
                         ^

C:\Users\user\output\deepseek-v4部署\fastllm-master\third_party\flashinfer\attention\../vec_dtypes.cuh(157): error: explicit type is missing ("int" assumed)
    inline __attribute__((always_inline)) __declspec(__device__) static void cast(float* dst, const half* src) {
           ^

C:\Users\user\output\deepseek-v4部署\fastllm-master\third_party\flashinfer\attention\../vec_dtypes.cuh(157): error: expected a ";"
    inline __attribute__((always_inline)) __declspec(__device__) static void cast(float* dst, const half* src) {
                                          ^

C:\Users\user\output\deepseek-v4部署\fastllm-master\third_party\flashinfer\attention\../vec_dtypes.cuh(161): warning #607-D: this pragma must immediately precede a statement
  #pragma unroll
          ^

C:\Users\user\output\deepseek-v4部署\fastllm-master\third_party\flashinfer\attention\../vec_dtypes.cuh(167): warning #12-D: parsing restarts here after previous syntax error
  };
  ^

C:\Users\user\output\deepseek-v4部署\fastllm-master\third_party\flashinfer\attention\../vec_dtypes.cuh(172): error: expected a type specifier
    inline __attribute__((always_inline)) __declspec(__device__) static void cast(half* dst, const float* src) {
                         ^

C:\Users\user\output\deepseek-v4部署\fastllm-master\third_party\flashinfer\attention\../vec_dtypes.cuh(172): error: explicit type is missing ("int" assumed)
    inline __attribute__((always_inline)) __declspec(__device__) static void cast(half* dst, const float* src) {
           ^

C:\Users\user\output\deepseek-v4部署\fastllm-master\third_party\flashinfer\attention\../vec_dtypes.cuh(172): error: expected a ";"
    inline __attribute__((always_inline)) __declspec(__device__) static void cast(half* dst, const float* src) {
                                          ^

C:\Users\user\output\deepseek-v4部署\fastllm-master\third_party\flashinfer\attention\../vec_dtypes.cuh(176): warning #607-D: this pragma must immediately precede a statement
  #pragma unroll
          ^

C:\Users\user\output\deepseek-v4部署\fastllm-master\third_party\flashinfer\attention\../vec_dtypes.cuh(182): warning #12-D: parsing restarts here after previous syntax error
  };
  ^

C:\Users\user\output\deepseek-v4部署\fastllm-master\third_party\flashinfer\attention\../vec_dtypes.cuh(185): error: explicit type is missing ("int" assumed)
  constexpr inline __attribute__((always_inline)) __declspec(__device__) int get_exponent_bits() {
  ^

C:\Users\user\output\deepseek-v4部署\fastllm-master\third_party\flashinfer\attention\../vec_dtypes.cuh(185): error: identifier "always_inline" is undefined
  constexpr inline __attribute__((always_inline)) __declspec(__device__) int get_exponent_bits() {
                                  ^

C:\Users\user\output\deepseek-v4部署\fastllm-master\third_party\flashinfer\attention\../vec_dtypes.cuh(185): error: expected a ";"
  constexpr inline __attribute__((always_inline)) __declspec(__device__) int get_exponent_bits() {
                                                  ^

C:\Users\user\output\deepseek-v4部署\fastllm-master\third_party\flashinfer\attention\../vec_dtypes.cuh(272): warning #607-D: this pragma must immediately precede a statement
  #pragma unroll
          ^

C:\Users\user\output\deepseek-v4部署\fastllm-master\third_party\flashinfer\attention\../vec_dtypes.cuh(284): error: expected a type specifier
    inline __attribute__((always_inline)) __declspec(__device__) static void cast(nv_bfloat16* dst, const __nv_fp8_e5m2* src) {
                         ^

C:\Users\user\output\deepseek-v4部署\fastllm-master\third_party\flashinfer\attention\../vec_dtypes.cuh(284): error: explicit type is missing ("int" assumed)
    inline __attribute__((always_inline)) __declspec(__device__) static void cast(nv_bfloat16* dst, const __nv_fp8_e5m2* src) {
           ^

C:\Users\user\output\deepseek-v4部署\fastllm-master\third_party\flashinfer\attention\../vec_dtypes.cuh(284): error: expected a ";"
    inline __attribute__((always_inline)) __declspec(__device__) static void cast(nv_bfloat16* dst, const __nv_fp8_e5m2* src) {
                                          ^

C:\Users\user\output\deepseek-v4部署\fastllm-master\third_party\flashinfer\attention\../vec_dtypes.cuh(292): warning #607-D: this pragma must immediately precede a statement
  #pragma unroll
          ^

C:\Users\user\output\deepseek-v4部署\fastllm-master\third_party\flashinfer\attention\../vec_dtypes.cuh(299): warning #12-D: parsing restarts here after previous syntax error
  };
  ^

C:\Users\user\output\deepseek-v4部署\fastllm-master\third_party\flashinfer\attention\../vec_dtypes.cuh(304): error: expected a type specifier
    inline __attribute__((always_inline)) __declspec(__device__) static void cast(__nv_fp8_e4m3* dst, const half* src) {
                         ^

C:\Users\user\output\deepseek-v4部署\fastllm-master\third_party\flashinfer\attention\../vec_dtypes.cuh(304): error: explicit type is missing ("int" assumed)
    inline __attribute__((always_inline)) __declspec(__device__) static void cast(__nv_fp8_e4m3* dst, const half* src) {
           ^

C:\Users\user\output\deepseek-v4部署\fastllm-master\third_party\flashinfer\attention\../vec_dtypes.cuh(304): error: expected a ";"
    inline __attribute__((always_inline)) __declspec(__device__) static void cast(__nv_fp8_e4m3* dst, const half* src) {
                                          ^

C:\Users\user\output\deepseek-v4部署\fastllm-master\third_party\flashinfer\attention\../vec_dtypes.cuh(309): warning #607-D: this pragma must immediately precede a statement
  #pragma unroll
          ^

C:\Users\user\output\deepseek-v4部署\fastllm-master\third_party\flashinfer\attention\../vec_dtypes.cuh(324): warning #12-D: parsing restarts here after previous syntax error
  };
  ^

C:\Users\user\output\deepseek-v4部署\fastllm-master\third_party\flashinfer\attention\../vec_dtypes.cuh(329): error: expected a type specifier
    inline __attribute__((always_inline)) __declspec(__device__) static void cast(__nv_fp8_e5m2* dst, const half* src) {
                         ^

C:\Users\user\output\deepseek-v4部署\fastllm-master\third_party\flashinfer\attention\../vec_dtypes.cuh(329): error: explicit type is missing ("int" assumed)
    inline __attribute__((always_inline)) __declspec(__device__) static void cast(__nv_fp8_e5m2* dst, const half* src) {
           ^

C:\Users\user\output\deepseek-v4部署\fastllm-master\third_party\flashinfer\attention\../vec_dtypes.cuh(329): error: expected a ";"
    inline __attribute__((always_inline)) __declspec(__device__) static void cast(__nv_fp8_e5m2* dst, const half* src) {
                                          ^

C:\Users\user\output\deepseek-v4部署\fastllm-master\third_party\flashinfer\attention\../vec_dtypes.cuh(334): warning #607-D: this pragma must immediately precede a statement
  #pragma unroll
          ^

C:\Users\user\output\deepseek-v4部署\fastllm-master\third_party\flashinfer\attention\../vec_dtypes.cuh(349): warning #12-D: parsing restarts here after previous syntax error
  };
  ^

C:\Users\user\output\deepseek-v4部署\fastllm-master\third_party\flashinfer\attention\../vec_dtypes.cuh(354): error: expected a type specifier
    inline __attribute__((always_inline)) __declspec(__device__) static void cast(half* dst, const __nv_fp8_e4m3* src) {
                         ^

C:\Users\user\output\deepseek-v4部署\fastllm-master\third_party\flashinfer\attention\../vec_dtypes.cuh(354): error: explicit type is missing ("int" assumed)
    inline __attribute__((always_inline)) __declspec(__device__) static void cast(half* dst, const __nv_fp8_e4m3* src) {
           ^

C:\Users\user\output\deepseek-v4部署\fastllm-master\third_party\flashinfer\attention\../vec_dtypes.cuh(354): error: expected a ";"
    inline __attribute__((always_inline)) __declspec(__device__) static void cast(half* dst, const __nv_fp8_e4m3* src) {
                                          ^

C:\Users\user\output\deepseek-v4部署\fastllm-master\third_party\flashinfer\attention\../vec_dtypes.cuh(359): warning #607-D: this pragma must immediately precede a statement
  #pragma unroll
          ^

C:\Users\user\output\deepseek-v4部署\fastllm-master\third_party\flashinfer\attention\../vec_dtypes.cuh(382): warning #12-D: parsing restarts here after previous syntax error
  };
  ^

C:\Users\user\output\deepseek-v4部署\fastllm-master\third_party\flashinfer\attention\../vec_dtypes.cuh(387): error: expected a type specifier
    inline __attribute__((always_inline)) __declspec(__device__) static void cast(half* dst, const __nv_fp8_e5m2* src) {
                         ^

C:\Users\user\output\deepseek-v4部署\fastllm-master\third_party\flashinfer\attention\../vec_dtypes.cuh(387): error: explicit type is missing ("int" assumed)
    inline __attribute__((always_inline)) __declspec(__device__) static void cast(half* dst, const __nv_fp8_e5m2* src) {
           ^

C:\Users\user\output\deepseek-v4部署\fastllm-master\third_party\flashinfer\attention\../vec_dtypes.cuh(387): error: expected a ";"
    inline __attribute__((always_inline)) __declspec(__device__) static void cast(half* dst, const __nv_fp8_e5m2* src) {
                                          ^

C:\Users\user\output\deepseek-v4部署\fastllm-master\third_party\flashinfer\attention\../vec_dtypes.cuh(392): warning #607-D: this pragma must immediately precede a statement
  #pragma unroll
          ^

C:\Users\user\output\deepseek-v4部署\fastllm-master\third_party\flashinfer\attention\../vec_dtypes.cuh(415): warning #12-D: parsing restarts here after previous syntax error
  };
  ^

C:\Users\user\output\deepseek-v4部署\fastllm-master\third_party\flashinfer\attention\../vec_dtypes.cuh(420): error: expected a type specifier
    inline __attribute__((always_inline)) __declspec(__device__) static void cast(float* dst, const nv_bfloat16* src) {
                         ^

C:\Users\user\output\deepseek-v4部署\fastllm-master\third_party\flashinfer\attention\../vec_dtypes.cuh(420): error: explicit type is missing ("int" assumed)
    inline __attribute__((always_inline)) __declspec(__device__) static void cast(float* dst, const nv_bfloat16* src) {
           ^

C:\Users\user\output\deepseek-v4部署\fastllm-master\third_party\flashinfer\attention\../vec_dtypes.cuh(420): error: expected a ";"
    inline __attribute__((always_inline)) __declspec(__device__) static void cast(float* dst, const nv_bfloat16* src) {
                                          ^

C:\Users\user\output\deepseek-v4部署\fastllm-master\third_party\flashinfer\attention\../vec_dtypes.cuh(424): warning #607-D: this pragma must immediately precede a statement
  #pragma unroll
          ^

C:\Users\user\output\deepseek-v4部署\fastllm-master\third_party\flashinfer\attention\../vec_dtypes.cuh(430): warning #12-D: parsing restarts here after previous syntax error
  };
  ^

C:\Users\user\output\deepseek-v4部署\fastllm-master\third_party\flashinfer\attention\../vec_dtypes.cuh(435): error: expected a type specifier
    inline __attribute__((always_inline)) __declspec(__device__) static void cast(nv_bfloat16* dst, const float* src) {
                         ^

C:\Users\user\output\deepseek-v4部署\fastllm-master\third_party\flashinfer\attention\../vec_dtypes.cuh(435): error: explicit type is missing ("int" assumed)
    inline __attribute__((always_inline)) __declspec(__device__) static void cast(nv_bfloat16* dst, const float* src) {
           ^

C:\Users\user\output\deepseek-v4部署\fastllm-master\third_party\flashinfer\attention\../vec_dtypes.cuh(435): error: expected a ";"
    inline __attribute__((always_inline)) __declspec(__device__) static void cast(nv_bfloat16* dst, const float* src) {
                                          ^

C:\Users\user\output\deepseek-v4部署\fastllm-master\third_party\flashinfer\attention\../vec_dtypes.cuh(439): warning #607-D: this pragma must immediately precede a statement
  #pragma unroll
          ^

C:\Users\user\output\deepseek-v4部署\fastllm-master\third_party\flashinfer\attention\../vec_dtypes.cuh(445): warning #12-D: parsing restarts here after previous syntax error
  };
  ^

C:\Users\user\output\deepseek-v4部署\fastllm-master\third_party\flashinfer\attention\../vec_dtypes.cuh(449): error: expected a type specifier
    inline __attribute__((always_inline)) __declspec(__device__) float_t& operator[](size_t i);
                         ^

C:\Users\user\output\deepseek-v4部署\fastllm-master\third_party\flashinfer\attention\../vec_dtypes.cuh(449): error: explicit type is missing ("int" assumed)
    inline __attribute__((always_inline)) __declspec(__device__) float_t& operator[](size_t i);
           ^

C:\Users\user\output\deepseek-v4部署\fastllm-master\third_party\flashinfer\attention\../vec_dtypes.cuh(449): error: expected a ";"
    inline __attribute__((always_inline)) __declspec(__device__) float_t& operator[](size_t i);
                                          ^

C:\Users\user\output\deepseek-v4部署\fastllm-master\third_party\flashinfer\attention\../vec_dtypes.cuh(450): error: expected a type specifier
    inline __attribute__((always_inline)) __declspec(__device__) const float_t& operator[](size_t i) const;
                         ^

C:\Users\user\output\deepseek-v4部署\fastllm-master\third_party\flashinfer\attention\../vec_dtypes.cuh(450): error: explicit type is missing ("int" assumed)
    inline __attribute__((always_inline)) __declspec(__device__) const float_t& operator[](size_t i) const;
           ^

C:\Users\user\output\deepseek-v4部署\fastllm-master\third_party\flashinfer\attention\../vec_dtypes.cuh(450): error: invalid redeclaration of member function "flashinfer::vec_t<float_t, vec_size>::__attribute__(<error-type>)" (declared at line 449)
    inline __attribute__((always_inline)) __declspec(__device__) const float_t& operator[](size_t i) const;
           ^

C:\Users\user\output\deepseek-v4部署\fastllm-master\third_party\flashinfer\attention\../vec_dtypes.cuh(450): error: expected a ";"
    inline __attribute__((always_inline)) __declspec(__device__) const float_t& operator[](size_t i) const;
                                          ^

C:\Users\user\output\deepseek-v4部署\fastllm-master\third_party\flashinfer\attention\../vec_dtypes.cuh(451): error: expected a type specifier
    inline __attribute__((always_inline)) __declspec(__device__) void fill(float_t val);
                         ^

C:\Users\user\output\deepseek-v4部署\fastllm-master\third_party\flashinfer\attention\../vec_dtypes.cuh(451): error: explicit type is missing ("int" assumed)
    inline __attribute__((always_inline)) __declspec(__device__) void fill(float_t val);
           ^

C:\Users\user\output\deepseek-v4部署\fastllm-master\third_party\flashinfer\attention\../vec_dtypes.cuh(451): error: invalid redeclaration of member function "flashinfer::vec_t<float_t, vec_size>::__attribute__(<error-type>)" (declared at line 449)
    inline __attribute__((always_inline)) __declspec(__device__) void fill(float_t val);
           ^

C:\Users\user\output\deepseek-v4部署\fastllm-master\third_party\flashinfer\attention\../vec_dtypes.cuh(451): error: expected a ";"
    inline __attribute__((always_inline)) __declspec(__device__) void fill(float_t val);
                                          ^

C:\Users\user\output\deepseek-v4部署\fastllm-master\third_party\flashinfer\attention\../vec_dtypes.cuh(452): error: expected a type specifier
    inline __attribute__((always_inline)) __declspec(__device__) void load(const float_t* ptr);
                         ^

C:\Users\user\output\deepseek-v4部署\fastllm-master\third_party\flashinfer\attention\../vec_dtypes.cuh(452): error: explicit type is missing ("int" assumed)
    inline __attribute__((always_inline)) __declspec(__device__) void load(const float_t* ptr);
           ^

C:\Users\user\output\deepseek-v4部署\fastllm-master\third_party\flashinfer\attention\../vec_dtypes.cuh(452): error: invalid redeclaration of member function "flashinfer::vec_t<float_t, vec_size>::__attribute__(<error-type>)" (declared at line 449)
    inline __attribute__((always_inline)) __declspec(__device__) void load(const float_t* ptr);
           ^

C:\Users\user\output\deepseek-v4部署\fastllm-master\third_party\flashinfer\attention\../vec_dtypes.cuh(452): error: expected a ";"
    inline __attribute__((always_inline)) __declspec(__device__) void load(const float_t* ptr);
                                          ^

C:\Users\user\output\deepseek-v4部署\fastllm-master\third_party\flashinfer\attention\../vec_dtypes.cuh(453): error: expected a type specifier
    inline __attribute__((always_inline)) __declspec(__device__) void store(float_t* ptr) const;
                         ^

C:\Users\user\output\deepseek-v4部署\fastllm-master\third_party\flashinfer\attention\../vec_dtypes.cuh(453): error: explicit type is missing ("int" assumed)
    inline __attribute__((always_inline)) __declspec(__device__) void store(float_t* ptr) const;
           ^

C:\Users\user\output\deepseek-v4部署\fastllm-master\third_party\flashinfer\attention\../vec_dtypes.cuh(453): error: invalid redeclaration of member function "flashinfer::vec_t<float_t, vec_size>::__attribute__(<error-type>)" (declared at line 449)
    inline __attribute__((always_inline)) __declspec(__device__) void store(float_t* ptr) const;
           ^

C:\Users\user\output\deepseek-v4部署\fastllm-master\third_party\flashinfer\attention\../vec_dtypes.cuh(453): error: expected a ";"
    inline __attribute__((always_inline)) __declspec(__device__) void store(float_t* ptr) const;
                                          ^

C:\Users\user\output\deepseek-v4部署\fastllm-master\third_party\flashinfer\attention\../vec_dtypes.cuh(454): error: expected a type specifier
    inline __attribute__((always_inline)) __declspec(__device__) void load_global_acquire(float* addr);
                         ^

C:\Users\user\output\deepseek-v4部署\fastllm-master\third_party\flashinfer\attention\../vec_dtypes.cuh(454): error: explicit type is missing ("int" assumed)
    inline __attribute__((always_inline)) __declspec(__device__) void load_global_acquire(float* addr);
           ^

C:\Users\user\output\deepseek-v4部署\fastllm-master\third_party\flashinfer\attention\../vec_dtypes.cuh(454): error: invalid redeclaration of member function "flashinfer::vec_t<float_t, vec_size>::__attribute__(<error-type>)" (declared at line 449)
    inline __attribute__((always_inline)) __declspec(__device__) void load_global_acquire(float* addr);
           ^

C:\Users\user\output\deepseek-v4部署\fastllm-master\third_party\flashinfer\attention\../vec_dtypes.cuh(454): error: expected a ";"
    inline __attribute__((always_inline)) __declspec(__device__) void load_global_acquire(float* addr);
                                          ^

C:\Users\user\output\deepseek-v4部署\fastllm-master\third_party\flashinfer\attention\../vec_dtypes.cuh(455): error: expected a type specifier
    inline __attribute__((always_inline)) __declspec(__device__) void store_global_release(float* addr) const;
                         ^

C:\Users\user\output\deepseek-v4部署\fastllm-master\third_party\flashinfer\attention\../vec_dtypes.cuh(455): error: explicit type is missing ("int" assumed)
    inline __attribute__((always_inline)) __declspec(__device__) void store_global_release(float* addr) const;
           ^

C:\Users\user\output\deepseek-v4部署\fastllm-master\third_party\flashinfer\attention\../vec_dtypes.cuh(455): error: invalid redeclaration of member function "flashinfer::vec_t<float_t, vec_size>::__attribute__(<error-type>)" (declared at line 449)
    inline __attribute__((always_inline)) __declspec(__device__) void store_global_release(float* addr) const;
           ^

C:\Users\user\output\deepseek-v4部署\fastllm-master\third_party\flashinfer\attention\../vec_dtypes.cuh(455): error: expected a ";"
    inline __attribute__((always_inline)) __declspec(__device__) void store_global_release(float* addr) const;
                                          ^

C:\Users\user\output\deepseek-v4部署\fastllm-master\third_party\flashinfer\attention\../vec_dtypes.cuh(456): error: expected a type specifier
    inline __attribute__((always_inline)) __declspec(__device__) void load_global_volatile(float* addr);
                         ^

C:\Users\user\output\deepseek-v4部署\fastllm-master\third_party\flashinfer\attention\../vec_dtypes.cuh(456): error: explicit type is missing ("int" assumed)
    inline __attribute__((always_inline)) __declspec(__device__) void load_global_volatile(float* addr);
           ^

C:\Users\user\output\deepseek-v4部署\fastllm-master\third_party\flashinfer\attention\../vec_dtypes.cuh(456): error: invalid redeclaration of member function "flashinfer::vec_t<float_t, vec_size>::__attribute__(<error-type>)" (declared at line 449)
    inline __attribute__((always_inline)) __declspec(__device__) void load_global_volatile(float* addr);
           ^

C:\Users\user\output\deepseek-v4部署\fastllm-master\third_party\flashinfer\attention\../vec_dtypes.cuh(456): error: expected a ";"
    inline __attribute__((always_inline)) __declspec(__device__) void load_global_volatile(float* addr);
                                          ^

C:\Users\user\output\deepseek-v4部署\fastllm-master\third_party\flashinfer\attention\../vec_dtypes.cuh(457): error: expected a type specifier
    inline __attribute__((always_inline)) __declspec(__device__) void store_global_volatile(float* addr) const;
                         ^

C:\Users\user\output\deepseek-v4部署\fastllm-master\third_party\flashinfer\attention\../vec_dtypes.cuh(457): error: explicit type is missing ("int" assumed)
    inline __attribute__((always_inline)) __declspec(__device__) void store_global_volatile(float* addr) const;
           ^

C:\Users\user\output\deepseek-v4部署\fastllm-master\third_party\flashinfer\attention\../vec_dtypes.cuh(457): error: invalid redeclaration of member function "flashinfer::vec_t<float_t, vec_size>::__attribute__(<error-type>)" (declared at line 449)
    inline __attribute__((always_inline)) __declspec(__device__) void store_global_volatile(float* addr) const;
           ^

C:\Users\user\output\deepseek-v4部署\fastllm-master\third_party\flashinfer\attention\../vec_dtypes.cuh(457): error: expected a ";"
    inline __attribute__((always_inline)) __declspec(__device__) void store_global_volatile(float* addr) const;
                                          ^

C:\Users\user\output\deepseek-v4部署\fastllm-master\third_party\flashinfer\attention\../vec_dtypes.cuh(459): error: expected a type specifier
    inline __attribute__((always_inline)) __declspec(__device__) void cast_from(const vec_t<T, vec_size>& src);
                         ^

C:\Users\user\output\deepseek-v4部署\fastllm-master\third_party\flashinfer\attention\../vec_dtypes.cuh(459): error: explicit type is missing ("int" assumed)
    inline __attribute__((always_inline)) __declspec(__device__) void cast_from(const vec_t<T, vec_size>& src);
           ^

C:\Users\user\output\deepseek-v4部署\fastllm-master\third_party\flashinfer\attention\../vec_dtypes.cuh(459): error: expected a ";"
    inline __attribute__((always_inline)) __declspec(__device__) void cast_from(const vec_t<T, vec_size>& src);
                                          ^

C:\Users\user\output\deepseek-v4部署\fastllm-master\third_party\flashinfer\attention\../vec_dtypes.cuh(461): error: expected a type specifier
    inline __attribute__((always_inline)) __declspec(__device__) void cast_load(const T* ptr);
                         ^

C:\Users\user\output\deepseek-v4部署\fastllm-master\third_party\flashinfer\attention\../vec_dtypes.cuh(461): error: explicit type is missing ("int" assumed)
    inline __attribute__((always_inline)) __declspec(__device__) void cast_load(const T* ptr);
           ^

C:\Users\user\output\deepseek-v4部署\fastllm-master\third_party\flashinfer\attention\../vec_dtypes.cuh(461): error: invalid redeclaration of member function template "int flashinfer::vec_t<float_t, vec_size>::__attribute__<T>(<error-type>)" (declared at line 459)
    inline __attribute__((always_inline)) __declspec(__device__) void cast_load(const T* ptr);
           ^

C:\Users\user\output\deepseek-v4部署\fastllm-master\third_party\flashinfer\attention\../vec_dtypes.cuh(461): error: expected a ";"
    inline __attribute__((always_inline)) __declspec(__device__) void cast_load(const T* ptr);
                                          ^

C:\Users\user\output\deepseek-v4部署\fastllm-master\third_party\flashinfer\attention\../vec_dtypes.cuh(463): error: expected a type specifier
    inline __attribute__((always_inline)) __declspec(__device__) void cast_store(T* ptr) const;
                         ^

C:\Users\user\output\deepseek-v4部署\fastllm-master\third_party\flashinfer\attention\../vec_dtypes.cuh(463): error: explicit type is missing ("int" assumed)
    inline __attribute__((always_inline)) __declspec(__device__) void cast_store(T* ptr) const;
           ^

C:\Users\user\output\deepseek-v4部署\fastllm-master\third_party\flashinfer\attention\../vec_dtypes.cuh(463): error: invalid redeclaration of member function template "int flashinfer::vec_t<float_t, vec_size>::__attribute__<T>(<error-type>)" (declared at line 459)
    inline __attribute__((always_inline)) __declspec(__device__) void cast_store(T* ptr) const;
           ^

C:\Users\user\output\deepseek-v4部署\fastllm-master\third_party\flashinfer\attention\../vec_dtypes.cuh(463): error: expected a ";"
    inline __attribute__((always_inline)) __declspec(__device__) void cast_store(T* ptr) const;
                                          ^

C:\Users\user\output\deepseek-v4部署\fastllm-master\third_party\flashinfer\attention\../vec_dtypes.cuh(464): error: expected a type specifier
    inline __attribute__((always_inline)) __declspec(__device__) static void memcpy(float_t* dst, const float_t* src);
                         ^

C:\Users\user\output\deepseek-v4部署\fastllm-master\third_party\flashinfer\attention\../vec_dtypes.cuh(464): error: explicit type is missing ("int" assumed)
    inline __attribute__((always_inline)) __declspec(__device__) static void memcpy(float_t* dst, const float_t* src);
           ^

C:\Users\user\output\deepseek-v4部署\fastllm-master\third_party\flashinfer\attention\../vec_dtypes.cuh(464): error: invalid redeclaration of member function "flashinfer::vec_t<float_t, vec_size>::__attribute__(<error-type>)" (declared at line 449)
    inline __attribute__((always_inline)) __declspec(__device__) static void memcpy(float_t* dst, const float_t* src);
           ^

C:\Users\user\output\deepseek-v4部署\fastllm-master\third_party\flashinfer\attention\../vec_dtypes.cuh(464): error: expected a ";"
    inline __attribute__((always_inline)) __declspec(__device__) static void memcpy(float_t* dst, const float_t* src);
                                          ^

C:\Users\user\output\deepseek-v4部署\fastllm-master\third_party\flashinfer\attention\../vec_dtypes.cuh(465): error: expected a type specifier
    inline __attribute__((always_inline)) __declspec(__device__) float_t* ptr();
                         ^

C:\Users\user\output\deepseek-v4部署\fastllm-master\third_party\flashinfer\attention\../vec_dtypes.cuh(465): error: explicit type is missing ("int" assumed)
    inline __attribute__((always_inline)) __declspec(__device__) float_t* ptr();
           ^

C:\Users\user\output\deepseek-v4部署\fastllm-master\third_party\flashinfer\attention\../vec_dtypes.cuh(465): error: invalid redeclaration of member function "flashinfer::vec_t<float_t, vec_size>::__attribute__(<error-type>)" (declared at line 449)
    inline __attribute__((always_inline)) __declspec(__device__) float_t* ptr();
           ^

C:\Users\user\output\deepseek-v4部署\fastllm-master\third_party\flashinfer\attention\../vec_dtypes.cuh(465): error: expected a ";"
    inline __attribute__((always_inline)) __declspec(__device__) float_t* ptr();
                                          ^

C:\Users\user\output\deepseek-v4部署\fastllm-master\third_party\flashinfer\attention\../vec_dtypes.cuh(469): error: explicit type is missing ("int" assumed)
  inline __attribute__((always_inline)) __declspec(__device__) void cast_from_impl(vec_t<tgt_float_t, vec_size>& dst,
  ^

C:\Users\user\output\deepseek-v4部署\fastllm-master\third_party\flashinfer\attention\../vec_dtypes.cuh(469): error: declaration is incompatible with variable template "flashinfer::__attribute__" (declared at line 185)
  inline __attribute__((always_inline)) __declspec(__device__) void cast_from_impl(vec_t<tgt_float_t, vec_size>& dst,
         ^

C:\Users\user\output\deepseek-v4部署\fastllm-master\third_party\flashinfer\attention\../vec_dtypes.cuh(530): error: explicit type is missing ("int" assumed)
  inline __attribute__((always_inline)) __declspec(__device__) void vec_t<__nv_fp8_e4m3, 1>::fill(__nv_fp8_e4m3 val) { data = val; }
         ^

Error limit reached.
100 errors detected in the compilation of "C:/Users/user/output/deepseek-v42?��e/fastllm-master/src/devices/cuda/attention/fastllm-attention.cu".
Compilation terminated.
fastllm-attention.cu
[69/81] Building CUDA object CMakeFiles\fastllm_tools.dir\src\devices\cuda\fastllm-cuda.cu.obj
FAILED: [code=4] CMakeFiles/fastllm_tools.dir/src/devices/cuda/fastllm-cuda.cu.obj 
C:\Users\user\output\deepseek-v4部署\cuda-12.4-toolkit\bin\nvcc.exe -forward-unknown-to-host-compiler -DUSE_CUDA -Dfastllm_tools_EXPORTS -IC:\Users\user\output\deepseek-v4部署\fastllm-master\include -IC:\Users\user\output\deepseek-v4部署\fastllm-master\include\utils -IC:\Users\user\output\deepseek-v4部署\fastllm-master\include\models -IC:\Users\user\output\deepseek-v4部署\fastllm-master\include\blocks -IC:\Users\user\output\deepseek-v4部署\fastllm-master\include\devices\cpu -IC:\Users\user\output\deepseek-v4部署\fastllm-master\include\devices\disk -IC:\Users\user\output\deepseek-v4部署\fastllm-master\third_party\json11 -IC:\Users\user\output\deepseek-v4部署\fastllm-master\third_party\gguf -IC:\Users\user\output\deepseek-v4部署\fastllm-master\third_party\flashinfer -IC:\Users\user\output\deepseek-v4部署\fastllm-master\include\devices\cuda --allow-unsupported-compiler -D_ALLOW_COMPILER_AND_STL_VERSION_MISMATCH -Xcompiler=/utf-8 -Xcompiler="-MD -O2 -Ob2" -DNDEBUG -std=c++20 "--generate-code=arch=compute_89,code=[compute_89,sm_89]" -MD -MT CMakeFiles\fastllm_tools.dir\src\devices\cuda\fastllm-cuda.cu.obj -MF CMakeFiles\fastllm_tools.dir\src\devices\cuda\fastllm-cuda.cu.obj.d -x cu -c C:\Users\user\output\deepseek-v4部署\fastllm-master\src\devices\cuda\fastllm-cuda.cu -o CMakeFiles\fastllm_tools.dir\src\devices\cuda\fastllm-cuda.cu.obj -Xcompiler=-FdCMakeFiles\fastllm_tools.dir\,-FS
C:\Users\user\output\deepseek-v4部署\fastllm-master\third_party\flashinfer\math.cuh(74): error: identifier "ushort" is undefined
    ushort y_u16;
    ^

C:\Users\user\output\deepseek-v4部署\fastllm-master\third_party\flashinfer\math.cuh(75): error: an asm operand must have scalar type
    asm volatile("ex2.approx.f16 %0, %1;" : "=h"(y_u16) : "h"(__half_as_ushort(x)));
                                            ^

C:\Users\user\output\deepseek-v4部署\fastllm-master\third_party\flashinfer\math.cuh(149): error: identifier "ushort" is undefined
    ushort y_u16;
    ^

C:\Users\user\output\deepseek-v4部署\fastllm-master\third_party\flashinfer\math.cuh(150): error: an asm operand must have scalar type
    asm volatile("tanh.approx.f16 %0, %1;" : "=h"(y_u16) : "h"(__half_as_ushort(x)));
                                             ^

C:\Users\user\output\deepseek-v4部署\fastllm-master\third_party\flashinfer\vec_dtypes.cuh(114): error: expected a type specifier
    inline __attribute__((always_inline)) __declspec(__device__) static void cast(dst_t* dst, const src_t* src) {
                         ^

C:\Users\user\output\deepseek-v4部署\fastllm-master\third_party\flashinfer\vec_dtypes.cuh(114): error: explicit type is missing ("int" assumed)
    inline __attribute__((always_inline)) __declspec(__device__) static void cast(dst_t* dst, const src_t* src) {
           ^

C:\Users\user\output\deepseek-v4部署\fastllm-master\third_party\flashinfer\vec_dtypes.cuh(114): error: expected a ";"
    inline __attribute__((always_inline)) __declspec(__device__) static void cast(dst_t* dst, const src_t* src) {
                                          ^

C:\Users\user\output\deepseek-v4部署\fastllm-master\third_party\flashinfer\vec_dtypes.cuh(120): warning #12-D: parsing restarts here after previous syntax error
  };
  ^

Remark: The warnings can be suppressed with "-diag-suppress <warning-number>"

C:\Users\user\output\deepseek-v4部署\fastllm-master\third_party\flashinfer\vec_dtypes.cuh(125): error: expected a type specifier
    inline __attribute__((always_inline)) __declspec(__device__) static void cast(__nv_fp8_e4m3* dst, const float* src) {
                         ^

C:\Users\user\output\deepseek-v4部署\fastllm-master\third_party\flashinfer\vec_dtypes.cuh(125): error: explicit type is missing ("int" assumed)
    inline __attribute__((always_inline)) __declspec(__device__) static void cast(__nv_fp8_e4m3* dst, const float* src) {
           ^

C:\Users\user\output\deepseek-v4部署\fastllm-master\third_party\flashinfer\vec_dtypes.cuh(125): error: expected a ";"
    inline __attribute__((always_inline)) __declspec(__device__) static void cast(__nv_fp8_e4m3* dst, const float* src) {
                                          ^

C:\Users\user\output\deepseek-v4部署\fastllm-master\third_party\flashinfer\vec_dtypes.cuh(129): warning #607-D: this pragma must immediately precede a statement
  #pragma unroll
          ^

C:\Users\user\output\deepseek-v4部署\fastllm-master\third_party\flashinfer\vec_dtypes.cuh(136): warning #12-D: parsing restarts here after previous syntax error
  };
  ^

C:\Users\user\output\deepseek-v4部署\fastllm-master\third_party\flashinfer\vec_dtypes.cuh(141): error: expected a type specifier
    inline __attribute__((always_inline)) __declspec(__device__) static void cast(__nv_fp8_e5m2* dst, const float* src) {
                         ^

C:\Users\user\output\deepseek-v4部署\fastllm-master\third_party\flashinfer\vec_dtypes.cuh(141): error: explicit type is missing ("int" assumed)
    inline __attribute__((always_inline)) __declspec(__device__) static void cast(__nv_fp8_e5m2* dst, const float* src) {
           ^

C:\Users\user\output\deepseek-v4部署\fastllm-master\third_party\flashinfer\vec_dtypes.cuh(141): error: expected a ";"
    inline __attribute__((always_inline)) __declspec(__device__) static void cast(__nv_fp8_e5m2* dst, const float* src) {
                                          ^

C:\Users\user\output\deepseek-v4部署\fastllm-master\third_party\flashinfer\vec_dtypes.cuh(145): warning #607-D: this pragma must immediately precede a statement
  #pragma unroll
          ^

C:\Users\user\output\deepseek-v4部署\fastllm-master\third_party\flashinfer\vec_dtypes.cuh(152): warning #12-D: parsing restarts here after previous syntax error
  };
  ^

C:\Users\user\output\deepseek-v4部署\fastllm-master\third_party\flashinfer\vec_dtypes.cuh(157): error: expected a type specifier
    inline __attribute__((always_inline)) __declspec(__device__) static void cast(float* dst, const half* src) {
                         ^

C:\Users\user\output\deepseek-v4部署\fastllm-master\third_party\flashinfer\vec_dtypes.cuh(157): error: explicit type is missing ("int" assumed)
    inline __attribute__((always_inline)) __declspec(__device__) static void cast(float* dst, const half* src) {
           ^

C:\Users\user\output\deepseek-v4部署\fastllm-master\third_party\flashinfer\vec_dtypes.cuh(157): error: expected a ";"
    inline __attribute__((always_inline)) __declspec(__device__) static void cast(float* dst, const half* src) {
                                          ^

C:\Users\user\output\deepseek-v4部署\fastllm-master\third_party\flashinfer\vec_dtypes.cuh(161): warning #607-D: this pragma must immediately precede a statement
  #pragma unroll
          ^

C:\Users\user\output\deepseek-v4部署\fastllm-master\third_party\flashinfer\vec_dtypes.cuh(167): warning #12-D: parsing restarts here after previous syntax error
  };
  ^

C:\Users\user\output\deepseek-v4部署\fastllm-master\third_party\flashinfer\vec_dtypes.cuh(172): error: expected a type specifier
    inline __attribute__((always_inline)) __declspec(__device__) static void cast(half* dst, const float* src) {
                         ^

C:\Users\user\output\deepseek-v4部署\fastllm-master\third_party\flashinfer\vec_dtypes.cuh(172): error: explicit type is missing ("int" assumed)
    inline __attribute__((always_inline)) __declspec(__device__) static void cast(half* dst, const float* src) {
           ^

C:\Users\user\output\deepseek-v4部署\fastllm-master\third_party\flashinfer\vec_dtypes.cuh(172): error: expected a ";"
    inline __attribute__((always_inline)) __declspec(__device__) static void cast(half* dst, const float* src) {
                                          ^

C:\Users\user\output\deepseek-v4部署\fastllm-master\third_party\flashinfer\vec_dtypes.cuh(176): warning #607-D: this pragma must immediately precede a statement
  #pragma unroll
          ^

C:\Users\user\output\deepseek-v4部署\fastllm-master\third_party\flashinfer\vec_dtypes.cuh(182): warning #12-D: parsing restarts here after previous syntax error
  };
  ^

C:\Users\user\output\deepseek-v4部署\fastllm-master\third_party\flashinfer\vec_dtypes.cuh(185): error: explicit type is missing ("int" assumed)
  constexpr inline __attribute__((always_inline)) __declspec(__device__) int get_exponent_bits() {
  ^

C:\Users\user\output\deepseek-v4部署\fastllm-master\third_party\flashinfer\vec_dtypes.cuh(185): error: identifier "always_inline" is undefined
  constexpr inline __attribute__((always_inline)) __declspec(__device__) int get_exponent_bits() {
                                  ^

C:\Users\user\output\deepseek-v4部署\fastllm-master\third_party\flashinfer\vec_dtypes.cuh(185): error: expected a ";"
  constexpr inline __attribute__((always_inline)) __declspec(__device__) int get_exponent_bits() {
                                                  ^

C:\Users\user\output\deepseek-v4部署\fastllm-master\third_party\flashinfer\vec_dtypes.cuh(272): warning #607-D: this pragma must immediately precede a statement
  #pragma unroll
          ^

C:\Users\user\output\deepseek-v4部署\fastllm-master\third_party\flashinfer\vec_dtypes.cuh(284): error: expected a type specifier
    inline __attribute__((always_inline)) __declspec(__device__) static void cast(nv_bfloat16* dst, const __nv_fp8_e5m2* src) {
                         ^

C:\Users\user\output\deepseek-v4部署\fastllm-master\third_party\flashinfer\vec_dtypes.cuh(284): error: explicit type is missing ("int" assumed)
    inline __attribute__((always_inline)) __declspec(__device__) static void cast(nv_bfloat16* dst, const __nv_fp8_e5m2* src) {
           ^

C:\Users\user\output\deepseek-v4部署\fastllm-master\third_party\flashinfer\vec_dtypes.cuh(284): error: expected a ";"
    inline __attribute__((always_inline)) __declspec(__device__) static void cast(nv_bfloat16* dst, const __nv_fp8_e5m2* src) {
                                          ^

C:\Users\user\output\deepseek-v4部署\fastllm-master\third_party\flashinfer\vec_dtypes.cuh(292): warning #607-D: this pragma must immediately precede a statement
  #pragma unroll
          ^

C:\Users\user\output\deepseek-v4部署\fastllm-master\third_party\flashinfer\vec_dtypes.cuh(299): warning #12-D: parsing restarts here after previous syntax error
  };
  ^

C:\Users\user\output\deepseek-v4部署\fastllm-master\third_party\flashinfer\vec_dtypes.cuh(304): error: expected a type specifier
    inline __attribute__((always_inline)) __declspec(__device__) static void cast(__nv_fp8_e4m3* dst, const half* src) {
                         ^

C:\Users\user\output\deepseek-v4部署\fastllm-master\third_party\flashinfer\vec_dtypes.cuh(304): error: explicit type is missing ("int" assumed)
    inline __attribute__((always_inline)) __declspec(__device__) static void cast(__nv_fp8_e4m3* dst, const half* src) {
           ^

C:\Users\user\output\deepseek-v4部署\fastllm-master\third_party\flashinfer\vec_dtypes.cuh(304): error: expected a ";"
    inline __attribute__((always_inline)) __declspec(__device__) static void cast(__nv_fp8_e4m3* dst, const half* src) {
                                          ^

C:\Users\user\output\deepseek-v4部署\fastllm-master\third_party\flashinfer\vec_dtypes.cuh(309): warning #607-D: this pragma must immediately precede a statement
  #pragma unroll
          ^

C:\Users\user\output\deepseek-v4部署\fastllm-master\third_party\flashinfer\vec_dtypes.cuh(324): warning #12-D: parsing restarts here after previous syntax error
  };
  ^

C:\Users\user\output\deepseek-v4部署\fastllm-master\third_party\flashinfer\vec_dtypes.cuh(329): error: expected a type specifier
    inline __attribute__((always_inline)) __declspec(__device__) static void cast(__nv_fp8_e5m2* dst, const half* src) {
                         ^

C:\Users\user\output\deepseek-v4部署\fastllm-master\third_party\flashinfer\vec_dtypes.cuh(329): error: explicit type is missing ("int" assumed)
    inline __attribute__((always_inline)) __declspec(__device__) static void cast(__nv_fp8_e5m2* dst, const half* src) {
           ^

C:\Users\user\output\deepseek-v4部署\fastllm-master\third_party\flashinfer\vec_dtypes.cuh(329): error: expected a ";"
    inline __attribute__((always_inline)) __declspec(__device__) static void cast(__nv_fp8_e5m2* dst, const half* src) {
                                          ^

C:\Users\user\output\deepseek-v4部署\fastllm-master\third_party\flashinfer\vec_dtypes.cuh(334): warning #607-D: this pragma must immediately precede a statement
  #pragma unroll
          ^

C:\Users\user\output\deepseek-v4部署\fastllm-master\third_party\flashinfer\vec_dtypes.cuh(349): warning #12-D: parsing restarts here after previous syntax error
  };
  ^

C:\Users\user\output\deepseek-v4部署\fastllm-master\third_party\flashinfer\vec_dtypes.cuh(354): error: expected a type specifier
    inline __attribute__((always_inline)) __declspec(__device__) static void cast(half* dst, const __nv_fp8_e4m3* src) {
                         ^

C:\Users\user\output\deepseek-v4部署\fastllm-master\third_party\flashinfer\vec_dtypes.cuh(354): error: explicit type is missing ("int" assumed)
    inline __attribute__((always_inline)) __declspec(__device__) static void cast(half* dst, const __nv_fp8_e4m3* src) {
           ^

C:\Users\user\output\deepseek-v4部署\fastllm-master\third_party\flashinfer\vec_dtypes.cuh(354): error: expected a ";"
    inline __attribute__((always_inline)) __declspec(__device__) static void cast(half* dst, const __nv_fp8_e4m3* src) {
                                          ^

C:\Users\user\output\deepseek-v4部署\fastllm-master\third_party\flashinfer\vec_dtypes.cuh(359): warning #607-D: this pragma must immediately precede a statement
  #pragma unroll
          ^

C:\Users\user\output\deepseek-v4部署\fastllm-master\third_party\flashinfer\vec_dtypes.cuh(382): warning #12-D: parsing restarts here after previous syntax error
  };
  ^

C:\Users\user\output\deepseek-v4部署\fastllm-master\third_party\flashinfer\vec_dtypes.cuh(387): error: expected a type specifier
    inline __attribute__((always_inline)) __declspec(__device__) static void cast(half* dst, const __nv_fp8_e5m2* src) {
                         ^

C:\Users\user\output\deepseek-v4部署\fastllm-master\third_party\flashinfer\vec_dtypes.cuh(387): error: explicit type is missing ("int" assumed)
    inline __attribute__((always_inline)) __declspec(__device__) static void cast(half* dst, const __nv_fp8_e5m2* src) {
           ^

C:\Users\user\output\deepseek-v4部署\fastllm-master\third_party\flashinfer\vec_dtypes.cuh(387): error: expected a ";"
    inline __attribute__((always_inline)) __declspec(__device__) static void cast(half* dst, const __nv_fp8_e5m2* src) {
                                          ^

C:\Users\user\output\deepseek-v4部署\fastllm-master\third_party\flashinfer\vec_dtypes.cuh(392): warning #607-D: this pragma must immediately precede a statement
  #pragma unroll
          ^

C:\Users\user\output\deepseek-v4部署\fastllm-master\third_party\flashinfer\vec_dtypes.cuh(415): warning #12-D: parsing restarts here after previous syntax error
  };
  ^

C:\Users\user\output\deepseek-v4部署\fastllm-master\third_party\flashinfer\vec_dtypes.cuh(420): error: expected a type specifier
    inline __attribute__((always_inline)) __declspec(__device__) static void cast(float* dst, const nv_bfloat16* src) {
                         ^

C:\Users\user\output\deepseek-v4部署\fastllm-master\third_party\flashinfer\vec_dtypes.cuh(420): error: explicit type is missing ("int" assumed)
    inline __attribute__((always_inline)) __declspec(__device__) static void cast(float* dst, const nv_bfloat16* src) {
           ^

C:\Users\user\output\deepseek-v4部署\fastllm-master\third_party\flashinfer\vec_dtypes.cuh(420): error: expected a ";"
    inline __attribute__((always_inline)) __declspec(__device__) static void cast(float* dst, const nv_bfloat16* src) {
                                          ^

C:\Users\user\output\deepseek-v4部署\fastllm-master\third_party\flashinfer\vec_dtypes.cuh(424): warning #607-D: this pragma must immediately precede a statement
  #pragma unroll
          ^

C:\Users\user\output\deepseek-v4部署\fastllm-master\third_party\flashinfer\vec_dtypes.cuh(430): warning #12-D: parsing restarts here after previous syntax error
  };
  ^

C:\Users\user\output\deepseek-v4部署\fastllm-master\third_party\flashinfer\vec_dtypes.cuh(435): error: expected a type specifier
    inline __attribute__((always_inline)) __declspec(__device__) static void cast(nv_bfloat16* dst, const float* src) {
                         ^

C:\Users\user\output\deepseek-v4部署\fastllm-master\third_party\flashinfer\vec_dtypes.cuh(435): error: explicit type is missing ("int" assumed)
    inline __attribute__((always_inline)) __declspec(__device__) static void cast(nv_bfloat16* dst, const float* src) {
           ^

C:\Users\user\output\deepseek-v4部署\fastllm-master\third_party\flashinfer\vec_dtypes.cuh(435): error: expected a ";"
    inline __attribute__((always_inline)) __declspec(__device__) static void cast(nv_bfloat16* dst, const float* src) {
                                          ^

C:\Users\user\output\deepseek-v4部署\fastllm-master\third_party\flashinfer\vec_dtypes.cuh(439): warning #607-D: this pragma must immediately precede a statement
  #pragma unroll
          ^

C:\Users\user\output\deepseek-v4部署\fastllm-master\third_party\flashinfer\vec_dtypes.cuh(445): warning #12-D: parsing restarts here after previous syntax error
  };
  ^

C:\Users\user\output\deepseek-v4部署\fastllm-master\third_party\flashinfer\vec_dtypes.cuh(449): error: expected a type specifier
    inline __attribute__((always_inline)) __declspec(__device__) float_t& operator[](size_t i);
                         ^

C:\Users\user\output\deepseek-v4部署\fastllm-master\third_party\flashinfer\vec_dtypes.cuh(449): error: explicit type is missing ("int" assumed)
    inline __attribute__((always_inline)) __declspec(__device__) float_t& operator[](size_t i);
           ^

C:\Users\user\output\deepseek-v4部署\fastllm-master\third_party\flashinfer\vec_dtypes.cuh(449): error: expected a ";"
    inline __attribute__((always_inline)) __declspec(__device__) float_t& operator[](size_t i);
                                          ^

C:\Users\user\output\deepseek-v4部署\fastllm-master\third_party\flashinfer\vec_dtypes.cuh(450): error: expected a type specifier
    inline __attribute__((always_inline)) __declspec(__device__) const float_t& operator[](size_t i) const;
                         ^

C:\Users\user\output\deepseek-v4部署\fastllm-master\third_party\flashinfer\vec_dtypes.cuh(450): error: explicit type is missing ("int" assumed)
    inline __attribute__((always_inline)) __declspec(__device__) const float_t& operator[](size_t i) const;
           ^

C:\Users\user\output\deepseek-v4部署\fastllm-master\third_party\flashinfer\vec_dtypes.cuh(450): error: invalid redeclaration of member function "flashinfer::vec_t<float_t, vec_size>::__attribute__(<error-type>)" (declared at line 449)
    inline __attribute__((always_inline)) __declspec(__device__) const float_t& operator[](size_t i) const;
           ^

C:\Users\user\output\deepseek-v4部署\fastllm-master\third_party\flashinfer\vec_dtypes.cuh(450): error: expected a ";"
    inline __attribute__((always_inline)) __declspec(__device__) const float_t& operator[](size_t i) const;
                                          ^

C:\Users\user\output\deepseek-v4部署\fastllm-master\third_party\flashinfer\vec_dtypes.cuh(451): error: expected a type specifier
    inline __attribute__((always_inline)) __declspec(__device__) void fill(float_t val);
                         ^

C:\Users\user\output\deepseek-v4部署\fastllm-master\third_party\flashinfer\vec_dtypes.cuh(451): error: explicit type is missing ("int" assumed)
    inline __attribute__((always_inline)) __declspec(__device__) void fill(float_t val);
           ^

C:\Users\user\output\deepseek-v4部署\fastllm-master\third_party\flashinfer\vec_dtypes.cuh(451): error: invalid redeclaration of member function "flashinfer::vec_t<float_t, vec_size>::__attribute__(<error-type>)" (declared at line 449)
    inline __attribute__((always_inline)) __declspec(__device__) void fill(float_t val);
           ^

C:\Users\user\output\deepseek-v4部署\fastllm-master\third_party\flashinfer\vec_dtypes.cuh(451): error: expected a ";"
    inline __attribute__((always_inline)) __declspec(__device__) void fill(float_t val);
                                          ^

C:\Users\user\output\deepseek-v4部署\fastllm-master\third_party\flashinfer\vec_dtypes.cuh(452): error: expected a type specifier
    inline __attribute__((always_inline)) __declspec(__device__) void load(const float_t* ptr);
                         ^

C:\Users\user\output\deepseek-v4部署\fastllm-master\third_party\flashinfer\vec_dtypes.cuh(452): error: explicit type is missing ("int" assumed)
    inline __attribute__((always_inline)) __declspec(__device__) void load(const float_t* ptr);
           ^

C:\Users\user\output\deepseek-v4部署\fastllm-master\third_party\flashinfer\vec_dtypes.cuh(452): error: invalid redeclaration of member function "flashinfer::vec_t<float_t, vec_size>::__attribute__(<error-type>)" (declared at line 449)
    inline __attribute__((always_inline)) __declspec(__device__) void load(const float_t* ptr);
           ^

C:\Users\user\output\deepseek-v4部署\fastllm-master\third_party\flashinfer\vec_dtypes.cuh(452): error: expected a ";"
    inline __attribute__((always_inline)) __declspec(__device__) void load(const float_t* ptr);
                                          ^

C:\Users\user\output\deepseek-v4部署\fastllm-master\third_party\flashinfer\vec_dtypes.cuh(453): error: expected a type specifier
    inline __attribute__((always_inline)) __declspec(__device__) void store(float_t* ptr) const;
                         ^

C:\Users\user\output\deepseek-v4部署\fastllm-master\third_party\flashinfer\vec_dtypes.cuh(453): error: explicit type is missing ("int" assumed)
    inline __attribute__((always_inline)) __declspec(__device__) void store(float_t* ptr) const;
           ^

C:\Users\user\output\deepseek-v4部署\fastllm-master\third_party\flashinfer\vec_dtypes.cuh(453): error: invalid redeclaration of member function "flashinfer::vec_t<float_t, vec_size>::__attribute__(<error-type>)" (declared at line 449)
    inline __attribute__((always_inline)) __declspec(__device__) void store(float_t* ptr) const;
           ^

C:\Users\user\output\deepseek-v4部署\fastllm-master\third_party\flashinfer\vec_dtypes.cuh(453): error: expected a ";"
    inline __attribute__((always_inline)) __declspec(__device__) void store(float_t* ptr) const;
                                          ^

C:\Users\user\output\deepseek-v4部署\fastllm-master\third_party\flashinfer\vec_dtypes.cuh(454): error: expected a type specifier
    inline __attribute__((always_inline)) __declspec(__device__) void load_global_acquire(float* addr);
                         ^

C:\Users\user\output\deepseek-v4部署\fastllm-master\third_party\flashinfer\vec_dtypes.cuh(454): error: explicit type is missing ("int" assumed)
    inline __attribute__((always_inline)) __declspec(__device__) void load_global_acquire(float* addr);
           ^

C:\Users\user\output\deepseek-v4部署\fastllm-master\third_party\flashinfer\vec_dtypes.cuh(454): error: invalid redeclaration of member function "flashinfer::vec_t<float_t, vec_size>::__attribute__(<error-type>)" (declared at line 449)
    inline __attribute__((always_inline)) __declspec(__device__) void load_global_acquire(float* addr);
           ^

C:\Users\user\output\deepseek-v4部署\fastllm-master\third_party\flashinfer\vec_dtypes.cuh(454): error: expected a ";"
    inline __attribute__((always_inline)) __declspec(__device__) void load_global_acquire(float* addr);
                                          ^

C:\Users\user\output\deepseek-v4部署\fastllm-master\third_party\flashinfer\vec_dtypes.cuh(455): error: expected a type specifier
    inline __attribute__((always_inline)) __declspec(__device__) void store_global_release(float* addr) const;
                         ^

C:\Users\user\output\deepseek-v4部署\fastllm-master\third_party\flashinfer\vec_dtypes.cuh(455): error: explicit type is missing ("int" assumed)
    inline __attribute__((always_inline)) __declspec(__device__) void store_global_release(float* addr) const;
           ^

C:\Users\user\output\deepseek-v4部署\fastllm-master\third_party\flashinfer\vec_dtypes.cuh(455): error: invalid redeclaration of member function "flashinfer::vec_t<float_t, vec_size>::__attribute__(<error-type>)" (declared at line 449)
    inline __attribute__((always_inline)) __declspec(__device__) void store_global_release(float* addr) const;
           ^

C:\Users\user\output\deepseek-v4部署\fastllm-master\third_party\flashinfer\vec_dtypes.cuh(455): error: expected a ";"
    inline __attribute__((always_inline)) __declspec(__device__) void store_global_release(float* addr) const;
                                          ^

C:\Users\user\output\deepseek-v4部署\fastllm-master\third_party\flashinfer\vec_dtypes.cuh(456): error: expected a type specifier
    inline __attribute__((always_inline)) __declspec(__device__) void load_global_volatile(float* addr);
                         ^

C:\Users\user\output\deepseek-v4部署\fastllm-master\third_party\flashinfer\vec_dtypes.cuh(456): error: explicit type is missing ("int" assumed)
    inline __attribute__((always_inline)) __declspec(__device__) void load_global_volatile(float* addr);
           ^

C:\Users\user\output\deepseek-v4部署\fastllm-master\third_party\flashinfer\vec_dtypes.cuh(456): error: invalid redeclaration of member function "flashinfer::vec_t<float_t, vec_size>::__attribute__(<error-type>)" (declared at line 449)
    inline __attribute__((always_inline)) __declspec(__device__) void load_global_volatile(float* addr);
           ^

C:\Users\user\output\deepseek-v4部署\fastllm-master\third_party\flashinfer\vec_dtypes.cuh(456): error: expected a ";"
    inline __attribute__((always_inline)) __declspec(__device__) void load_global_volatile(float* addr);
                                          ^

C:\Users\user\output\deepseek-v4部署\fastllm-master\third_party\flashinfer\vec_dtypes.cuh(457): error: expected a type specifier
    inline __attribute__((always_inline)) __declspec(__device__) void store_global_volatile(float* addr) const;
                         ^

C:\Users\user\output\deepseek-v4部署\fastllm-master\third_party\flashinfer\vec_dtypes.cuh(457): error: explicit type is missing ("int" assumed)
    inline __attribute__((always_inline)) __declspec(__device__) void store_global_volatile(float* addr) const;
           ^

C:\Users\user\output\deepseek-v4部署\fastllm-master\third_party\flashinfer\vec_dtypes.cuh(457): error: invalid redeclaration of member function "flashinfer::vec_t<float_t, vec_size>::__attribute__(<error-type>)" (declared at line 449)
    inline __attribute__((always_inline)) __declspec(__device__) void store_global_volatile(float* addr) const;
           ^

C:\Users\user\output\deepseek-v4部署\fastllm-master\third_party\flashinfer\vec_dtypes.cuh(457): error: expected a ";"
    inline __attribute__((always_inline)) __declspec(__device__) void store_global_volatile(float* addr) const;
                                          ^

C:\Users\user\output\deepseek-v4部署\fastllm-master\third_party\flashinfer\vec_dtypes.cuh(459): error: expected a type specifier
    inline __attribute__((always_inline)) __declspec(__device__) void cast_from(const vec_t<T, vec_size>& src);
                         ^

C:\Users\user\output\deepseek-v4部署\fastllm-master\third_party\flashinfer\vec_dtypes.cuh(459): error: explicit type is missing ("int" assumed)
    inline __attribute__((always_inline)) __declspec(__device__) void cast_from(const vec_t<T, vec_size>& src);
           ^

C:\Users\user\output\deepseek-v4部署\fastllm-master\third_party\flashinfer\vec_dtypes.cuh(459): error: expected a ";"
    inline __attribute__((always_inline)) __declspec(__device__) void cast_from(const vec_t<T, vec_size>& src);
                                          ^

C:\Users\user\output\deepseek-v4部署\fastllm-master\third_party\flashinfer\vec_dtypes.cuh(461): error: expected a type specifier
    inline __attribute__((always_inline)) __declspec(__device__) void cast_load(const T* ptr);
                         ^

C:\Users\user\output\deepseek-v4部署\fastllm-master\third_party\flashinfer\vec_dtypes.cuh(461): error: explicit type is missing ("int" assumed)
    inline __attribute__((always_inline)) __declspec(__device__) void cast_load(const T* ptr);
           ^

C:\Users\user\output\deepseek-v4部署\fastllm-master\third_party\flashinfer\vec_dtypes.cuh(461): error: invalid redeclaration of member function template "int flashinfer::vec_t<float_t, vec_size>::__attribute__<T>(<error-type>)" (declared at line 459)
    inline __attribute__((always_inline)) __declspec(__device__) void cast_load(const T* ptr);
           ^

C:\Users\user\output\deepseek-v4部署\fastllm-master\third_party\flashinfer\vec_dtypes.cuh(461): error: expected a ";"
    inline __attribute__((always_inline)) __declspec(__device__) void cast_load(const T* ptr);
                                          ^

C:\Users\user\output\deepseek-v4部署\fastllm-master\third_party\flashinfer\vec_dtypes.cuh(463): error: expected a type specifier
    inline __attribute__((always_inline)) __declspec(__device__) void cast_store(T* ptr) const;
                         ^

C:\Users\user\output\deepseek-v4部署\fastllm-master\third_party\flashinfer\vec_dtypes.cuh(463): error: explicit type is missing ("int" assumed)
    inline __attribute__((always_inline)) __declspec(__device__) void cast_store(T* ptr) const;
           ^

C:\Users\user\output\deepseek-v4部署\fastllm-master\third_party\flashinfer\vec_dtypes.cuh(463): error: invalid redeclaration of member function template "int flashinfer::vec_t<float_t, vec_size>::__attribute__<T>(<error-type>)" (declared at line 459)
    inline __attribute__((always_inline)) __declspec(__device__) void cast_store(T* ptr) const;
           ^

C:\Users\user\output\deepseek-v4部署\fastllm-master\third_party\flashinfer\vec_dtypes.cuh(463): error: expected a ";"
    inline __attribute__((always_inline)) __declspec(__device__) void cast_store(T* ptr) const;
                                          ^

C:\Users\user\output\deepseek-v4部署\fastllm-master\third_party\flashinfer\vec_dtypes.cuh(464): error: expected a type specifier
    inline __attribute__((always_inline)) __declspec(__device__) static void memcpy(float_t* dst, const float_t* src);
                         ^

C:\Users\user\output\deepseek-v4部署\fastllm-master\third_party\flashinfer\vec_dtypes.cuh(464): error: explicit type is missing ("int" assumed)
    inline __attribute__((always_inline)) __declspec(__device__) static void memcpy(float_t* dst, const float_t* src);
           ^

C:\Users\user\output\deepseek-v4部署\fastllm-master\third_party\flashinfer\vec_dtypes.cuh(464): error: invalid redeclaration of member function "flashinfer::vec_t<float_t, vec_size>::__attribute__(<error-type>)" (declared at line 449)
    inline __attribute__((always_inline)) __declspec(__device__) static void memcpy(float_t* dst, const float_t* src);
           ^

C:\Users\user\output\deepseek-v4部署\fastllm-master\third_party\flashinfer\vec_dtypes.cuh(464): error: expected a ";"
    inline __attribute__((always_inline)) __declspec(__device__) static void memcpy(float_t* dst, const float_t* src);
                                          ^

C:\Users\user\output\deepseek-v4部署\fastllm-master\third_party\flashinfer\vec_dtypes.cuh(465): error: expected a type specifier
    inline __attribute__((always_inline)) __declspec(__device__) float_t* ptr();
                         ^

C:\Users\user\output\deepseek-v4部署\fastllm-master\third_party\flashinfer\vec_dtypes.cuh(465): error: explicit type is missing ("int" assumed)
    inline __attribute__((always_inline)) __declspec(__device__) float_t* ptr();
           ^

C:\Users\user\output\deepseek-v4部署\fastllm-master\third_party\flashinfer\vec_dtypes.cuh(465): error: invalid redeclaration of member function "flashinfer::vec_t<float_t, vec_size>::__attribute__(<error-type>)" (declared at line 449)
    inline __attribute__((always_inline)) __declspec(__device__) float_t* ptr();
           ^

C:\Users\user\output\deepseek-v4部署\fastllm-master\third_party\flashinfer\vec_dtypes.cuh(465): error: expected a ";"
    inline __attribute__((always_inline)) __declspec(__device__) float_t* ptr();
                                          ^

C:\Users\user\output\deepseek-v4部署\fastllm-master\third_party\flashinfer\vec_dtypes.cuh(469): error: explicit type is missing ("int" assumed)
  inline __attribute__((always_inline)) __declspec(__device__) void cast_from_impl(vec_t<tgt_float_t, vec_size>& dst,
  ^

C:\Users\user\output\deepseek-v4部署\fastllm-master\third_party\flashinfer\vec_dtypes.cuh(469): error: declaration is incompatible with variable template "flashinfer::__attribute__" (declared at line 185)
  inline __attribute__((always_inline)) __declspec(__device__) void cast_from_impl(vec_t<tgt_float_t, vec_size>& dst,
         ^

C:\Users\user\output\deepseek-v4部署\fastllm-master\third_party\flashinfer\vec_dtypes.cuh(530): error: explicit type is missing ("int" assumed)
  inline __attribute__((always_inline)) __declspec(__device__) void vec_t<__nv_fp8_e4m3, 1>::fill(__nv_fp8_e4m3 val) { data = val; }
         ^

Error limit reached.
100 errors detected in the compilation of "C:/Users/user/output/deepseek-v42?��e/fastllm-master/src/devices/cuda/fastllm-cuda.cu".
Compilation terminated.
fastllm-cuda.cu
[70/81] Building CUDA object CMakeFiles\fastllm_tools.dir\src\devices\cuda\linear\fastllm-linear-fp32.cu.obj
fastllm-linear-fp32.cu
tmpxft_00009650_00000000-10_fastllm-linear-fp32.cudafe1.cpp
C:\Users\user\output\deepseek-v4部署\fastllm-master\src\devices\cuda\linear\fastllm-linear-fp32.cu(77): warning C4297: “FastllmCudaMatMulFloat32”: 假定函数不引发异常，但确实发生了
C:\Users\user\output\deepseek-v4部署\fastllm-master\src\devices\cuda\linear\fastllm-linear-fp32.cu(77): note: 在函数上指定了 __declspec(nothrow)、throw()、noexcept(true)或 noexcept
C:\Users\user\output\deepseek-v4部署\fastllm-master\src\devices\cuda\linear\fastllm-linear-fp32.cu(121): warning C4297: “FastllmCudaHalfMatMulFloat32”: 假定函数不引发异常，但确实发生了
C:\Users\user\output\deepseek-v4部署\fastllm-master\src\devices\cuda\linear\fastllm-linear-fp32.cu(121): note: 在函数上指定了 __declspec(nothrow)、throw()、noexcept(true)或 noexcept
[71/81] Building CUDA object CMakeFiles\fastllm_tools.dir\src\devices\cuda\linear\fastllm-linear-bf16.cu.obj
fastllm-linear-bf16.cu
tmpxft_0000902c_00000000-10_fastllm-linear-bf16.cudafe1.cpp
C:\Users\user\output\deepseek-v4部署\fastllm-master\src\devices\cuda\linear\fastllm-linear-bf16.cu(446): warning C4297: “FastllmCudaMatMulBFloat16”: 假定函数不引发异常，但确实发生了
C:\Users\user\output\deepseek-v4部署\fastllm-master\src\devices\cuda\linear\fastllm-linear-bf16.cu(446): note: 在函数上指定了 __declspec(nothrow)、throw()、noexcept(true)或 noexcept
C:\Users\user\output\deepseek-v4部署\fastllm-master\src\devices\cuda\linear\fastllm-linear-bf16.cu(521): warning C4297: “FastllmCudaHalfMatMulBFloat16”: 假定函数不引发异常，但确实发生了
C:\Users\user\output\deepseek-v4部署\fastllm-master\src\devices\cuda\linear\fastllm-linear-bf16.cu(521): note: 在函数上指定了 __declspec(nothrow)、throw()、noexcept(true)或 noexcept
C:\Users\user\output\deepseek-v4部署\fastllm-master\src\devices\cuda\linear\fastllm-linear-bf16.cu(561): warning C4297: “FastllmCudaHalfMatMulBFloat16”: 假定函数不引发异常，但确实发生了
C:\Users\user\output\deepseek-v4部署\fastllm-master\src\devices\cuda\linear\fastllm-linear-bf16.cu(561): note: 在函数上指定了 __declspec(nothrow)、throw()、noexcept(true)或 noexcept
C:\Users\user\output\deepseek-v4部署\fastllm-master\src\devices\cuda\linear\fastllm-linear-bf16.cu(612): warning C4297: “FastllmCudaBFloat16MatMulBFloat16”: 假定函数不引发异常，但确实发生了
C:\Users\user\output\deepseek-v4部署\fastllm-master\src\devices\cuda\linear\fastllm-linear-bf16.cu(612): note: 在函数上指定了 __declspec(nothrow)、throw()、noexcept(true)或 noexcept
C:\Users\user\output\deepseek-v4部署\fastllm-master\src\devices\cuda\linear\fastllm-linear-bf16.cu(652): warning C4297: “FastllmCudaBFloat16MatMulFloat32”: 假定函数不引发异常，但确实发生了
C:\Users\user\output\deepseek-v4部署\fastllm-master\src\devices\cuda\linear\fastllm-linear-bf16.cu(652): note: 在函数上指定了 __declspec(nothrow)、throw()、noexcept(true)或 noexcept
[72/81] Building CUDA object CMakeFiles\fastllm_tools.dir\src\devices\cuda\linear\fastllm-linear-fp16.cu.obj
fastllm-linear-fp16.cu
tmpxft_00004bc4_00000000-10_fastllm-linear-fp16.cudafe1.cpp
C:\Users\user\output\deepseek-v4部署\fastllm-master\src\devices\cuda\linear\fastllm-linear-fp16.cu(431): warning C4297: “FastllmCudaMatMulFloat16”: 假定函数不引发异常，但确实发生了
C:\Users\user\output\deepseek-v4部署\fastllm-master\src\devices\cuda\linear\fastllm-linear-fp16.cu(431): note: 在函数上指定了 __declspec(nothrow)、throw()、noexcept(true)或 noexcept
C:\Users\user\output\deepseek-v4部署\fastllm-master\src\devices\cuda\linear\fastllm-linear-fp16.cu(541): warning C4297: “FastllmCudaHalfMatMulFloat16”: 假定函数不引发异常，但确实发生了
C:\Users\user\output\deepseek-v4部署\fastllm-master\src\devices\cuda\linear\fastllm-linear-fp16.cu(541): note: 在函数上指定了 __declspec(nothrow)、throw()、noexcept(true)或 noexcept
C:\Users\user\output\deepseek-v4部署\fastllm-master\src\devices\cuda\linear\fastllm-linear-fp16.cu(831): warning C4297: “FastllmCudaBFloat16MatMulFloat16”: 假定函数不引发异常，但确实发生了
C:\Users\user\output\deepseek-v4部署\fastllm-master\src\devices\cuda\linear\fastllm-linear-fp16.cu(831): note: 在函数上指定了 __declspec(nothrow)、throw()、noexcept(true)或 noexcept
[73/81] Building CUDA object CMakeFiles\fastllm_tools.dir\src\devices\cuda\fastllm-ggml-cuda.cu.obj
fastllm-ggml-cuda.cu
tmpxft_000078b4_00000000-10_fastllm-ggml-cuda.cudafe1.cpp
C:\Users\user\output\deepseek-v4部署\fastllm-master\src\devices\cuda\fastllm-ggml-cuda.cu(2051): warning C4297: “FastllmCudaMatMulFloatGGUF”: 假定函数不引发异常，但确实发生了
C:\Users\user\output\deepseek-v4部署\fastllm-master\src\devices\cuda\fastllm-ggml-cuda.cu(2051): note: 在函数上指定了 __declspec(nothrow)、throw()、noexcept(true)或 noexcept
C:\Users\user\output\deepseek-v4部署\fastllm-master\src\devices\cuda\fastllm-ggml-cuda.cu(2172): warning C4297: “FastllmCudaHalfMatMulGGUF”: 假定函数不引发异常，但确实发生了
C:\Users\user\output\deepseek-v4部署\fastllm-master\src\devices\cuda\fastllm-ggml-cuda.cu(2172): note: 在函数上指定了 __declspec(nothrow)、throw()、noexcept(true)或 noexcept
C:\Users\user\output\deepseek-v4部署\fastllm-master\src\devices\cuda\fastllm-ggml-cuda.cu(2282): warning C4297: “FastllmCudaBFloat16MatMulGGUF”: 假定函数不引发异常，但确实发生了
C:\Users\user\output\deepseek-v4部署\fastllm-master\src\devices\cuda\fastllm-ggml-cuda.cu(2282): note: 在函数上指定了 __declspec(nothrow)、throw()、noexcept(true)或 noexcept
ninja: build stopped: subcommand failed.
