**********************************************************************
** Visual Studio 2022 Developer Command Prompt v17.14.31
** Copyright (c) 2025 Microsoft Corporation
**********************************************************************
CMake Deprecation Warning at CMakeLists.txt:1 (cmake_minimum_required):
  Compatibility with CMake < 3.10 will be removed from a future version of
  CMake.

  Update the VERSION argument <min> value.  Or, use the <min>...<max> syntax
  to tell CMake that the project requires at least <min> but has been updated
  to work with policies introduced by <max> or earlier.


-- USE_NUMAS: OFF
-- USE_CUDA: ON
-- USE_ROCM: OFF
-- CUDA_ARCH: 86
-- USE_TFACC: OFF
-- For legacy CUDA GPUs: OFF
-- CUDA_MEM_DEBUG: OFF
-- PYTHON_API: OFF
-- BUILD_CLI: OFF
-- USE_SENTENCEPIECE: OFF
-- USE_IVCOREX: OFF
-- MAKE_WHL_X86: 
-- CMAKE_CXX_FLAGS: /DWIN32 /D_WINDOWS /W3 /GR /EHsc -DNOMINMAX /std:c++17 /arch:AVX2 /source-charset:utf-8
-- CUDA20 is unavailable for this CMake/NVCC combination, falling back to CUDA17
-- Configuring done (0.1s)
-- Generating done (0.1s)
-- Build files have been written to: C:/Users/user/output/deepseek-v4部署/fastllm-master/build-cuda-ninja
[1/39] Building CXX object CMakeFiles\fastllm_tools.dir\src\devices\cpu\amx_stub.cpp.obj
注意: 包含文件:  C:\Program Files (x86)\Microsoft Visual Studio\2022\BuildTools\VC\Tools\MSVC\14.44.35207\include\cstdint
注意: 包含文件:   C:\Program Files (x86)\Microsoft Visual Studio\2022\BuildTools\VC\Tools\MSVC\14.44.35207\include\yvals_core.h
注意: 包含文件:    C:\Program Files (x86)\Microsoft Visual Studio\2022\BuildTools\VC\Tools\MSVC\14.44.35207\include\vcruntime.h
注意: 包含文件:     C:\Program Files (x86)\Microsoft Visual Studio\2022\BuildTools\VC\Tools\MSVC\14.44.35207\include\sal.h
注意: 包含文件:      C:\Program Files (x86)\Microsoft Visual Studio\2022\BuildTools\VC\Tools\MSVC\14.44.35207\include\concurrencysal.h
注意: 包含文件:     C:\Program Files (x86)\Microsoft Visual Studio\2022\BuildTools\VC\Tools\MSVC\14.44.35207\include\vadefs.h
注意: 包含文件:    C:\Program Files (x86)\Microsoft Visual Studio\2022\BuildTools\VC\Tools\MSVC\14.44.35207\include\xkeycheck.h
注意: 包含文件:   C:\Program Files (x86)\Microsoft Visual Studio\2022\BuildTools\VC\Tools\MSVC\14.44.35207\include\stdint.h
[2/39] Building CXX object CMakeFiles\fastllm_tools.dir\src\devices\cpu\avx2.cpp.obj
FAILED: [code=2] CMakeFiles/fastllm_tools.dir/src/devices/cpu/avx2.cpp.obj 
"C:\PROGRA~2\Microsoft Visual Studio\2022\BuildTools\VC\Tools\MSVC\14.44.35207\bin\Hostx64\x64\cl.exe"  /nologo /TP -DUSE_CUDA -Dfastllm_tools_EXPORTS -IC:\Users\user\output\deepseek-v4部署\fastllm-master\include -IC:\Users\user\output\deepseek-v4部署\fastllm-master\include\utils -IC:\Users\user\output\deepseek-v4部署\fastllm-master\include\models -IC:\Users\user\output\deepseek-v4部署\fastllm-master\include\blocks -IC:\Users\user\output\deepseek-v4部署\fastllm-master\include\devices\cpu -IC:\Users\user\output\deepseek-v4部署\fastllm-master\include\devices\disk -IC:\Users\user\output\deepseek-v4部署\fastllm-master\third_party\json11 -IC:\Users\user\output\deepseek-v4部署\fastllm-master\third_party\gguf -IC:\Users\user\output\deepseek-v4部署\fastllm-master\third_party\flashinfer -IC:\Users\user\output\deepseek-v4部署\fastllm-master\include\devices\cuda -IC:\Users\user\output\deepseek-v4部署\fastllm-master\include\devices\multicuda /DWIN32 /D_WINDOWS /W3 /GR /EHsc -DNOMINMAX /std:c++17 /arch:AVX2 /source-charset:utf-8 /MD /O2 /Ob1 /Gy /DNDEBUG /showIncludes /FoCMakeFiles\fastllm_tools.dir\src\devices\cpu\avx2.cpp.obj /FdCMakeFiles\fastllm_tools.dir\ /FS -c C:\Users\user\output\deepseek-v4部署\fastllm-master\src\devices\cpu\avx2.cpp
注意: 包含文件:  C:\Program Files (x86)\Microsoft Visual Studio\2022\BuildTools\VC\Tools\MSVC\14.44.35207\include\cstdint
注意: 包含文件:   C:\Program Files (x86)\Microsoft Visual Studio\2022\BuildTools\VC\Tools\MSVC\14.44.35207\include\yvals_core.h
注意: 包含文件:    C:\Program Files (x86)\Microsoft Visual Studio\2022\BuildTools\VC\Tools\MSVC\14.44.35207\include\vcruntime.h
注意: 包含文件:     C:\Program Files (x86)\Microsoft Visual Studio\2022\BuildTools\VC\Tools\MSVC\14.44.35207\include\sal.h
注意: 包含文件:      C:\Program Files (x86)\Microsoft Visual Studio\2022\BuildTools\VC\Tools\MSVC\14.44.35207\include\concurrencysal.h
注意: 包含文件:     C:\Program Files (x86)\Microsoft Visual Studio\2022\BuildTools\VC\Tools\MSVC\14.44.35207\include\vadefs.h
注意: 包含文件:    C:\Program Files (x86)\Microsoft Visual Studio\2022\BuildTools\VC\Tools\MSVC\14.44.35207\include\xkeycheck.h
注意: 包含文件:   C:\Program Files (x86)\Microsoft Visual Studio\2022\BuildTools\VC\Tools\MSVC\14.44.35207\include\stdint.h
注意: 包含文件:  C:\Program Files (x86)\Microsoft Visual Studio\2022\BuildTools\VC\Tools\MSVC\14.44.35207\include\algorithm
注意: 包含文件:   C:\Program Files (x86)\Microsoft Visual Studio\2022\BuildTools\VC\Tools\MSVC\14.44.35207\include\__msvc_heap_algorithms.hpp
注意: 包含文件:    C:\Program Files (x86)\Microsoft Visual Studio\2022\BuildTools\VC\Tools\MSVC\14.44.35207\include\xutility
注意: 包含文件:     C:\Program Files (x86)\Microsoft Visual Studio\2022\BuildTools\VC\Tools\MSVC\14.44.35207\include\yvals.h
注意: 包含文件:      C:\Program Files (x86)\Windows Kits\10\include\10.0.26100.0\ucrt\crtdbg.h
注意: 包含文件:       C:\Program Files (x86)\Windows Kits\10\include\10.0.26100.0\ucrt\corecrt.h
注意: 包含文件:       C:\Program Files (x86)\Microsoft Visual Studio\2022\BuildTools\VC\Tools\MSVC\14.44.35207\include\vcruntime_new_debug.h
注意: 包含文件:        C:\Program Files (x86)\Microsoft Visual Studio\2022\BuildTools\VC\Tools\MSVC\14.44.35207\include\vcruntime_new.h
注意: 包含文件:      C:\Program Files (x86)\Microsoft Visual Studio\2022\BuildTools\VC\Tools\MSVC\14.44.35207\include\crtdefs.h
注意: 包含文件:      C:\Program Files (x86)\Microsoft Visual Studio\2022\BuildTools\VC\Tools\MSVC\14.44.35207\include\use_ansi.h
注意: 包含文件:     C:\Program Files (x86)\Microsoft Visual Studio\2022\BuildTools\VC\Tools\MSVC\14.44.35207\include\__msvc_iter_core.hpp
注意: 包含文件:      C:\Program Files (x86)\Microsoft Visual Studio\2022\BuildTools\VC\Tools\MSVC\14.44.35207\include\utility
注意: 包含文件:       C:\Program Files (x86)\Microsoft Visual Studio\2022\BuildTools\VC\Tools\MSVC\14.44.35207\include\initializer_list
注意: 包含文件:        C:\Program Files (x86)\Microsoft Visual Studio\2022\BuildTools\VC\Tools\MSVC\14.44.35207\include\cstddef
注意: 包含文件:         C:\Program Files (x86)\Windows Kits\10\include\10.0.26100.0\ucrt\stddef.h
注意: 包含文件:         C:\Program Files (x86)\Microsoft Visual Studio\2022\BuildTools\VC\Tools\MSVC\14.44.35207\include\xtr1common
注意: 包含文件:       C:\Program Files (x86)\Microsoft Visual Studio\2022\BuildTools\VC\Tools\MSVC\14.44.35207\include\type_traits
注意: 包含文件:        C:\Program Files (x86)\Microsoft Visual Studio\2022\BuildTools\VC\Tools\MSVC\14.44.35207\include\cstring
注意: 包含文件:         C:\Program Files (x86)\Windows Kits\10\include\10.0.26100.0\ucrt\string.h
注意: 包含文件:          C:\Program Files (x86)\Windows Kits\10\include\10.0.26100.0\ucrt\corecrt_memory.h
注意: 包含文件:           C:\Program Files (x86)\Windows Kits\10\include\10.0.26100.0\ucrt\corecrt_memcpy_s.h
注意: 包含文件:            C:\Program Files (x86)\Windows Kits\10\include\10.0.26100.0\ucrt\errno.h
注意: 包含文件:            C:\Program Files (x86)\Microsoft Visual Studio\2022\BuildTools\VC\Tools\MSVC\14.44.35207\include\vcruntime_string.h
注意: 包含文件:          C:\Program Files (x86)\Windows Kits\10\include\10.0.26100.0\ucrt\corecrt_wstring.h
注意: 包含文件:     C:\Program Files (x86)\Microsoft Visual Studio\2022\BuildTools\VC\Tools\MSVC\14.44.35207\include\climits
注意: 包含文件:      C:\Program Files (x86)\Microsoft Visual Studio\2022\BuildTools\VC\Tools\MSVC\14.44.35207\include\limits.h
注意: 包含文件:     C:\Program Files (x86)\Microsoft Visual Studio\2022\BuildTools\VC\Tools\MSVC\14.44.35207\include\cstdlib
注意: 包含文件:      C:\Program Files (x86)\Windows Kits\10\include\10.0.26100.0\ucrt\math.h
注意: 包含文件:       C:\Program Files (x86)\Windows Kits\10\include\10.0.26100.0\ucrt\corecrt_math.h
注意: 包含文件:      C:\Program Files (x86)\Windows Kits\10\include\10.0.26100.0\ucrt\stdlib.h
注意: 包含文件:       C:\Program Files (x86)\Windows Kits\10\include\10.0.26100.0\ucrt\corecrt_malloc.h
注意: 包含文件:       C:\Program Files (x86)\Windows Kits\10\include\10.0.26100.0\ucrt\corecrt_search.h
注意: 包含文件:       C:\Program Files (x86)\Windows Kits\10\include\10.0.26100.0\ucrt\corecrt_wstdlib.h
注意: 包含文件:     C:\Program Files (x86)\Microsoft Visual Studio\2022\BuildTools\VC\Tools\MSVC\14.44.35207\include\cwchar
注意: 包含文件:      C:\Program Files (x86)\Microsoft Visual Studio\2022\BuildTools\VC\Tools\MSVC\14.44.35207\include\cstdio
注意: 包含文件:       C:\Program Files (x86)\Windows Kits\10\include\10.0.26100.0\ucrt\stdio.h
注意: 包含文件:        C:\Program Files (x86)\Windows Kits\10\include\10.0.26100.0\ucrt\corecrt_wstdio.h
注意: 包含文件:         C:\Program Files (x86)\Windows Kits\10\include\10.0.26100.0\ucrt\corecrt_stdio_config.h
注意: 包含文件:      C:\Program Files (x86)\Windows Kits\10\include\10.0.26100.0\ucrt\wchar.h
注意: 包含文件:       C:\Program Files (x86)\Windows Kits\10\include\10.0.26100.0\ucrt\corecrt_wconio.h
注意: 包含文件:       C:\Program Files (x86)\Windows Kits\10\include\10.0.26100.0\ucrt\corecrt_wctype.h
注意: 包含文件:       C:\Program Files (x86)\Windows Kits\10\include\10.0.26100.0\ucrt\corecrt_wdirect.h
注意: 包含文件:       C:\Program Files (x86)\Windows Kits\10\include\10.0.26100.0\ucrt\corecrt_wio.h
注意: 包含文件:        C:\Program Files (x86)\Windows Kits\10\include\10.0.26100.0\ucrt\corecrt_share.h
注意: 包含文件:       C:\Program Files (x86)\Windows Kits\10\include\10.0.26100.0\ucrt\corecrt_wprocess.h
注意: 包含文件:       C:\Program Files (x86)\Windows Kits\10\include\10.0.26100.0\ucrt\corecrt_wtime.h
注意: 包含文件:       C:\Program Files (x86)\Windows Kits\10\include\10.0.26100.0\ucrt\sys/stat.h
注意: 包含文件:        C:\Program Files (x86)\Windows Kits\10\include\10.0.26100.0\ucrt\sys/types.h
注意: 包含文件:       C:\Program Files (x86)\Microsoft Visual Studio\2022\BuildTools\VC\Tools\MSVC\14.44.35207\include\intrin.h
注意: 包含文件:        C:\Program Files (x86)\Microsoft Visual Studio\2022\BuildTools\VC\Tools\MSVC\14.44.35207\include\intrin0.inl.h
注意: 包含文件:        C:\Program Files (x86)\Microsoft Visual Studio\2022\BuildTools\VC\Tools\MSVC\14.44.35207\include\setjmp.h
注意: 包含文件:        C:\Program Files (x86)\Microsoft Visual Studio\2022\BuildTools\VC\Tools\MSVC\14.44.35207\include\immintrin.h
注意: 包含文件:         C:\Program Files (x86)\Microsoft Visual Studio\2022\BuildTools\VC\Tools\MSVC\14.44.35207\include\wmmintrin.h
注意: 包含文件:          C:\Program Files (x86)\Microsoft Visual Studio\2022\BuildTools\VC\Tools\MSVC\14.44.35207\include\nmmintrin.h
注意: 包含文件:           C:\Program Files (x86)\Microsoft Visual Studio\2022\BuildTools\VC\Tools\MSVC\14.44.35207\include\smmintrin.h
注意: 包含文件:            C:\Program Files (x86)\Microsoft Visual Studio\2022\BuildTools\VC\Tools\MSVC\14.44.35207\include\tmmintrin.h
注意: 包含文件:             C:\Program Files (x86)\Microsoft Visual Studio\2022\BuildTools\VC\Tools\MSVC\14.44.35207\include\pmmintrin.h
注意: 包含文件:              C:\Program Files (x86)\Microsoft Visual Studio\2022\BuildTools\VC\Tools\MSVC\14.44.35207\include\emmintrin.h
注意: 包含文件:               C:\Program Files (x86)\Microsoft Visual Studio\2022\BuildTools\VC\Tools\MSVC\14.44.35207\include\xmmintrin.h
注意: 包含文件:                C:\Program Files (x86)\Microsoft Visual Studio\2022\BuildTools\VC\Tools\MSVC\14.44.35207\include\mmintrin.h
注意: 包含文件:                C:\Program Files (x86)\Windows Kits\10\include\10.0.26100.0\ucrt\malloc.h
注意: 包含文件:         C:\Program Files (x86)\Microsoft Visual Studio\2022\BuildTools\VC\Tools\MSVC\14.44.35207\include\zmmintrin.h
注意: 包含文件:        C:\Program Files (x86)\Microsoft Visual Studio\2022\BuildTools\VC\Tools\MSVC\14.44.35207\include\ammintrin.h
注意: 包含文件:   C:\Program Files (x86)\Microsoft Visual Studio\2022\BuildTools\VC\Tools\MSVC\14.44.35207\include\__msvc_minmax.hpp
注意: 包含文件:   C:\Program Files (x86)\Microsoft Visual Studio\2022\BuildTools\VC\Tools\MSVC\14.44.35207\include\xmemory
注意: 包含文件:    C:\Program Files (x86)\Microsoft Visual Studio\2022\BuildTools\VC\Tools\MSVC\14.44.35207\include\limits
注意: 包含文件:     C:\Program Files (x86)\Microsoft Visual Studio\2022\BuildTools\VC\Tools\MSVC\14.44.35207\include\cfloat
注意: 包含文件:      C:\Program Files (x86)\Windows Kits\10\include\10.0.26100.0\ucrt\float.h
注意: 包含文件:     C:\Program Files (x86)\Microsoft Visual Studio\2022\BuildTools\VC\Tools\MSVC\14.44.35207\include\intrin0.h
注意: 包含文件:    C:\Program Files (x86)\Microsoft Visual Studio\2022\BuildTools\VC\Tools\MSVC\14.44.35207\include\new
注意: 包含文件:     C:\Program Files (x86)\Microsoft Visual Studio\2022\BuildTools\VC\Tools\MSVC\14.44.35207\include\exception
注意: 包含文件:      C:\Program Files (x86)\Microsoft Visual Studio\2022\BuildTools\VC\Tools\MSVC\14.44.35207\include\vcruntime_exception.h
注意: 包含文件:       C:\Program Files (x86)\Microsoft Visual Studio\2022\BuildTools\VC\Tools\MSVC\14.44.35207\include\eh.h
注意: 包含文件:        C:\Program Files (x86)\Windows Kits\10\include\10.0.26100.0\ucrt\corecrt_terminate.h
注意: 包含文件:    C:\Program Files (x86)\Microsoft Visual Studio\2022\BuildTools\VC\Tools\MSVC\14.44.35207\include\xatomic.h
注意: 包含文件:  C:\Users\user\output\deepseek-v4部署\fastllm-master\include\utils\utils.h
注意: 包含文件:   C:\Program Files (x86)\Microsoft Visual Studio\2022\BuildTools\VC\Tools\MSVC\14.44.35207\include\cmath
注意: 包含文件:   C:\Program Files (x86)\Microsoft Visual Studio\2022\BuildTools\VC\Tools\MSVC\14.44.35207\include\map
注意: 包含文件:    C:\Program Files (x86)\Microsoft Visual Studio\2022\BuildTools\VC\Tools\MSVC\14.44.35207\include\tuple
注意: 包含文件:    C:\Program Files (x86)\Microsoft Visual Studio\2022\BuildTools\VC\Tools\MSVC\14.44.35207\include\xtree
注意: 包含文件:     C:\Program Files (x86)\Microsoft Visual Studio\2022\BuildTools\VC\Tools\MSVC\14.44.35207\include\xnode_handle.h
注意: 包含文件:    C:\Program Files (x86)\Microsoft Visual Studio\2022\BuildTools\VC\Tools\MSVC\14.44.35207\include\xpolymorphic_allocator.h
注意: 包含文件:   C:\Program Files (x86)\Microsoft Visual Studio\2022\BuildTools\VC\Tools\MSVC\14.44.35207\include\chrono
注意: 包含文件:    C:\Program Files (x86)\Microsoft Visual Studio\2022\BuildTools\VC\Tools\MSVC\14.44.35207\include\__msvc_chrono.hpp
注意: 包含文件:     C:\Program Files (x86)\Microsoft Visual Studio\2022\BuildTools\VC\Tools\MSVC\14.44.35207\include\ctime
注意: 包含文件:      C:\Program Files (x86)\Windows Kits\10\include\10.0.26100.0\ucrt\time.h
注意: 包含文件:     C:\Program Files (x86)\Microsoft Visual Studio\2022\BuildTools\VC\Tools\MSVC\14.44.35207\include\ratio
注意: 包含文件:     C:\Program Files (x86)\Microsoft Visual Studio\2022\BuildTools\VC\Tools\MSVC\14.44.35207\include\xtimec.h
注意: 包含文件:    C:\Program Files (x86)\Microsoft Visual Studio\2022\BuildTools\VC\Tools\MSVC\14.44.35207\include\system_error
注意: 包含文件:     C:\Program Files (x86)\Microsoft Visual Studio\2022\BuildTools\VC\Tools\MSVC\14.44.35207\include\__msvc_system_error_abi.hpp
注意: 包含文件:     C:\Program Files (x86)\Microsoft Visual Studio\2022\BuildTools\VC\Tools\MSVC\14.44.35207\include\cerrno
注意: 包含文件:     C:\Program Files (x86)\Microsoft Visual Studio\2022\BuildTools\VC\Tools\MSVC\14.44.35207\include\stdexcept
注意: 包含文件:      C:\Program Files (x86)\Microsoft Visual Studio\2022\BuildTools\VC\Tools\MSVC\14.44.35207\include\xstring
注意: 包含文件:       C:\Program Files (x86)\Microsoft Visual Studio\2022\BuildTools\VC\Tools\MSVC\14.44.35207\include\__msvc_sanitizer_annotate_container.hpp
注意: 包含文件:       C:\Program Files (x86)\Microsoft Visual Studio\2022\BuildTools\VC\Tools\MSVC\14.44.35207\include\__msvc_string_view.hpp
注意: 包含文件:        C:\Program Files (x86)\Microsoft Visual Studio\2022\BuildTools\VC\Tools\MSVC\14.44.35207\include\iosfwd
注意: 包含文件:     C:\Program Files (x86)\Microsoft Visual Studio\2022\BuildTools\VC\Tools\MSVC\14.44.35207\include\xcall_once.h
注意: 包含文件:     C:\Program Files (x86)\Microsoft Visual Studio\2022\BuildTools\VC\Tools\MSVC\14.44.35207\include\xerrc.h
注意: 包含文件:     C:\Program Files (x86)\Microsoft Visual Studio\2022\BuildTools\VC\Tools\MSVC\14.44.35207\include\atomic
注意: 包含文件:      C:\Program Files (x86)\Microsoft Visual Studio\2022\BuildTools\VC\Tools\MSVC\14.44.35207\include\xthreads.h
注意: 包含文件:       C:\Program Files (x86)\Microsoft Visual Studio\2022\BuildTools\VC\Tools\MSVC\14.44.35207\include\__msvc_threads_core.hpp
注意: 包含文件:    C:\Program Files (x86)\Microsoft Visual Studio\2022\BuildTools\VC\Tools\MSVC\14.44.35207\include\xfilesystem_abi.h
注意: 包含文件:   C:\Program Files (x86)\Microsoft Visual Studio\2022\BuildTools\VC\Tools\MSVC\14.44.35207\include\string
注意: 包含文件:    C:\Program Files (x86)\Microsoft Visual Studio\2022\BuildTools\VC\Tools\MSVC\14.44.35207\include\cctype
注意: 包含文件:     C:\Program Files (x86)\Windows Kits\10\include\10.0.26100.0\ucrt\ctype.h
注意: 包含文件:   C:\Program Files (x86)\Windows Kits\10\include\10.0.26100.0\ucrt\fcntl.h
注意: 包含文件:   C:\Program Files (x86)\Microsoft Visual Studio\2022\BuildTools\VC\Tools\MSVC\14.44.35207\include\thread
注意: 包含文件:    C:\Program Files (x86)\Microsoft Visual Studio\2022\BuildTools\VC\Tools\MSVC\14.44.35207\include\memory
注意: 包含文件:     C:\Program Files (x86)\Microsoft Visual Studio\2022\BuildTools\VC\Tools\MSVC\14.44.35207\include\typeinfo
注意: 包含文件:      C:\Program Files (x86)\Microsoft Visual Studio\2022\BuildTools\VC\Tools\MSVC\14.44.35207\include\vcruntime_typeinfo.h
注意: 包含文件:    C:\Program Files (x86)\Windows Kits\10\include\10.0.26100.0\ucrt\process.h
注意: 包含文件:     C:\Program Files (x86)\Windows Kits\10\include\10.0.26100.0\ucrt\corecrt_startup.h
注意: 包含文件:      C:\Program Files (x86)\Windows Kits\10\include\10.0.26100.0\ucrt\math.h
注意: 包含文件:      C:\Program Files (x86)\Microsoft Visual Studio\2022\BuildTools\VC\Tools\MSVC\14.44.35207\include\vcruntime_startup.h
注意: 包含文件:   C:\Program Files (x86)\Microsoft Visual Studio\2022\BuildTools\VC\Tools\MSVC\14.44.35207\include\vector
注意: 包含文件:    C:\Program Files (x86)\Microsoft Visual Studio\2022\BuildTools\VC\Tools\MSVC\14.44.35207\include\__msvc_bit_utils.hpp
注意: 包含文件:   C:\Program Files (x86)\Microsoft Visual Studio\2022\BuildTools\VC\Tools\MSVC\14.44.35207\include\deque
注意: 包含文件:   C:\Program Files (x86)\Microsoft Visual Studio\2022\BuildTools\VC\Tools\MSVC\14.44.35207\include\array
注意: 包含文件:   C:\Program Files (x86)\Microsoft Visual Studio\2022\BuildTools\VC\Tools\MSVC\14.44.35207\include\filesystem
注意: 包含文件:    C:\Program Files (x86)\Microsoft Visual Studio\2022\BuildTools\VC\Tools\MSVC\14.44.35207\include\iomanip
注意: 包含文件:     C:\Program Files (x86)\Microsoft Visual Studio\2022\BuildTools\VC\Tools\MSVC\14.44.35207\include\istream
注意: 包含文件:      C:\Program Files (x86)\Microsoft Visual Studio\2022\BuildTools\VC\Tools\MSVC\14.44.35207\include\__msvc_ostream.hpp
注意: 包含文件:       C:\Program Files (x86)\Microsoft Visual Studio\2022\BuildTools\VC\Tools\MSVC\14.44.35207\include\ios
注意: 包含文件:        C:\Program Files (x86)\Microsoft Visual Studio\2022\BuildTools\VC\Tools\MSVC\14.44.35207\include\xlocnum
注意: 包含文件:         C:\Program Files (x86)\Microsoft Visual Studio\2022\BuildTools\VC\Tools\MSVC\14.44.35207\include\iterator
注意: 包含文件:         C:\Program Files (x86)\Microsoft Visual Studio\2022\BuildTools\VC\Tools\MSVC\14.44.35207\include\streambuf
注意: 包含文件:          C:\Program Files (x86)\Microsoft Visual Studio\2022\BuildTools\VC\Tools\MSVC\14.44.35207\include\xiosbase
注意: 包含文件:           C:\Program Files (x86)\Windows Kits\10\include\10.0.26100.0\ucrt\share.h
注意: 包含文件:           C:\Program Files (x86)\Microsoft Visual Studio\2022\BuildTools\VC\Tools\MSVC\14.44.35207\include\xlocale
注意: 包含文件:            C:\Program Files (x86)\Microsoft Visual Studio\2022\BuildTools\VC\Tools\MSVC\14.44.35207\include\xfacet
注意: 包含文件:            C:\Program Files (x86)\Microsoft Visual Studio\2022\BuildTools\VC\Tools\MSVC\14.44.35207\include\xlocinfo
注意: 包含文件:             C:\Program Files (x86)\Microsoft Visual Studio\2022\BuildTools\VC\Tools\MSVC\14.44.35207\include\__msvc_xlocinfo_types.hpp
注意: 包含文件:             C:\Program Files (x86)\Microsoft Visual Studio\2022\BuildTools\VC\Tools\MSVC\14.44.35207\include\clocale
注意: 包含文件:              C:\Program Files (x86)\Windows Kits\10\include\10.0.26100.0\ucrt\locale.h
注意: 包含文件:     C:\Program Files (x86)\Microsoft Visual Studio\2022\BuildTools\VC\Tools\MSVC\14.44.35207\include\xlocmon
注意: 包含文件:     C:\Program Files (x86)\Microsoft Visual Studio\2022\BuildTools\VC\Tools\MSVC\14.44.35207\include\xloctime
注意: 包含文件:    C:\Program Files (x86)\Microsoft Visual Studio\2022\BuildTools\VC\Tools\MSVC\14.44.35207\include\locale
注意: 包含文件:     C:\Program Files (x86)\Microsoft Visual Studio\2022\BuildTools\VC\Tools\MSVC\14.44.35207\include\xlocbuf
注意: 包含文件:     C:\Program Files (x86)\Microsoft Visual Studio\2022\BuildTools\VC\Tools\MSVC\14.44.35207\include\xlocmes
C:\Users\user\output\deepseek-v4部署\fastllm-master\include\utils\utils.h(30): warning C4067: 预处理器指令后有意外标记 - 应输入换行符
注意: 包含文件:   C:\Program Files (x86)\Windows Kits\10\\include\10.0.26100.0\\um\Windows.h
注意: 包含文件:    C:\Program Files (x86)\Windows Kits\10\\include\10.0.26100.0\\shared\winapifamily.h
注意: 包含文件:     C:\Program Files (x86)\Windows Kits\10\\include\10.0.26100.0\\shared\winpackagefamily.h
注意: 包含文件:    C:\Program Files (x86)\Windows Kits\10\\include\10.0.26100.0\\shared\sdkddkver.h
注意: 包含文件:    C:\Program Files (x86)\Microsoft Visual Studio\2022\BuildTools\VC\Tools\MSVC\14.44.35207\include\excpt.h
注意: 包含文件:    C:\Program Files (x86)\Microsoft Visual Studio\2022\BuildTools\VC\Tools\MSVC\14.44.35207\include\stdarg.h
注意: 包含文件:    C:\Program Files (x86)\Windows Kits\10\\include\10.0.26100.0\\shared\windef.h
注意: 包含文件:     C:\Program Files (x86)\Windows Kits\10\\include\10.0.26100.0\\shared\minwindef.h
注意: 包含文件:      C:\Program Files (x86)\Windows Kits\10\\include\10.0.26100.0\\shared\specstrings.h
注意: 包含文件:       C:\Program Files (x86)\Windows Kits\10\\include\10.0.26100.0\\shared\specstrings_strict.h
注意: 包含文件:        C:\Program Files (x86)\Windows Kits\10\\include\10.0.26100.0\\shared\specstrings_undef.h
注意: 包含文件:       C:\Program Files (x86)\Windows Kits\10\\include\10.0.26100.0\\shared\driverspecs.h
注意: 包含文件:        C:\Program Files (x86)\Windows Kits\10\include\10.0.26100.0\shared\sdv_driverspecs.h
注意: 包含文件:      C:\Program Files (x86)\Windows Kits\10\\include\10.0.26100.0\\um\winnt.h
注意: 包含文件:       C:\Program Files (x86)\Windows Kits\10\\include\10.0.26100.0\\shared\kernelspecs.h
注意: 包含文件:       C:\Program Files (x86)\Windows Kits\10\\include\10.0.26100.0\\shared\basetsd.h
注意: 包含文件:       C:\Program Files (x86)\Windows Kits\10\\include\10.0.26100.0\\shared\guiddef.h
注意: 包含文件:       C:\Program Files (x86)\Windows Kits\10\include\10.0.26100.0\shared\pshpack4.h
注意: 包含文件:       C:\Program Files (x86)\Windows Kits\10\include\10.0.26100.0\shared\poppack.h
注意: 包含文件:       C:\Program Files (x86)\Windows Kits\10\\include\10.0.26100.0\\shared\pshpack4.h
注意: 包含文件:       C:\Program Files (x86)\Windows Kits\10\\include\10.0.26100.0\\shared\poppack.h
注意: 包含文件:       C:\Program Files (x86)\Windows Kits\10\include\10.0.26100.0\shared\pshpack4.h
注意: 包含文件:       C:\Program Files (x86)\Windows Kits\10\include\10.0.26100.0\shared\pshpack2.h
注意: 包含文件:       C:\Program Files (x86)\Windows Kits\10\include\10.0.26100.0\shared\poppack.h
注意: 包含文件:       C:\Program Files (x86)\Windows Kits\10\include\10.0.26100.0\shared\pshpack2.h
注意: 包含文件:       C:\Program Files (x86)\Windows Kits\10\\include\10.0.26100.0\\shared\pshpack2.h
注意: 包含文件:       C:\Program Files (x86)\Windows Kits\10\\include\10.0.26100.0\\shared\poppack.h
注意: 包含文件:       C:\Program Files (x86)\Windows Kits\10\include\10.0.26100.0\shared\poppack.h
注意: 包含文件:       C:\Program Files (x86)\Windows Kits\10\include\10.0.26100.0\shared\pshpack8.h
注意: 包含文件:       C:\Program Files (x86)\Windows Kits\10\include\10.0.26100.0\shared\poppack.h
注意: 包含文件:       C:\Program Files (x86)\Windows Kits\10\include\10.0.26100.0\shared\pshpack1.h
注意: 包含文件:       C:\Program Files (x86)\Windows Kits\10\include\10.0.26100.0\shared\poppack.h
注意: 包含文件:       C:\Program Files (x86)\Windows Kits\10\include\10.0.26100.0\shared\pshpack1.h
注意: 包含文件:       C:\Program Files (x86)\Windows Kits\10\include\10.0.26100.0\shared\poppack.h
注意: 包含文件:       C:\Program Files (x86)\Windows Kits\10\include\10.0.26100.0\shared\poppack.h
注意: 包含文件:       C:\Program Files (x86)\Windows Kits\10\\include\10.0.26100.0\\shared\apiset.h
注意: 包含文件:       C:\Program Files (x86)\Windows Kits\10\\include\10.0.26100.0\\shared\ktmtypes.h
注意: 包含文件:    C:\Program Files (x86)\Windows Kits\10\\include\10.0.26100.0\\um\winbase.h
注意: 包含文件:     C:\Program Files (x86)\Windows Kits\10\\include\10.0.26100.0\\shared\apisetcconv.h
注意: 包含文件:     C:\Program Files (x86)\Windows Kits\10\\include\10.0.26100.0\\um\minwinbase.h
注意: 包含文件:     C:\Program Files (x86)\Windows Kits\10\\include\10.0.26100.0\\um\apiquery2.h
注意: 包含文件:     C:\Program Files (x86)\Windows Kits\10\\include\10.0.26100.0\\um\processenv.h
注意: 包含文件:     C:\Program Files (x86)\Windows Kits\10\\include\10.0.26100.0\\um\fileapifromapp.h
注意: 包含文件:      C:\Program Files (x86)\Windows Kits\10\\include\10.0.26100.0\\um\fileapi.h
注意: 包含文件:     C:\Program Files (x86)\Windows Kits\10\\include\10.0.26100.0\\um\debugapi.h
注意: 包含文件:     C:\Program Files (x86)\Windows Kits\10\\include\10.0.26100.0\\um\utilapiset.h
注意: 包含文件:     C:\Program Files (x86)\Windows Kits\10\\include\10.0.26100.0\\um\handleapi.h
注意: 包含文件:     C:\Program Files (x86)\Windows Kits\10\\include\10.0.26100.0\\um\errhandlingapi.h
注意: 包含文件:     C:\Program Files (x86)\Windows Kits\10\\include\10.0.26100.0\\um\fibersapi.h
注意: 包含文件:     C:\Program Files (x86)\Windows Kits\10\\include\10.0.26100.0\\um\namedpipeapi.h
注意: 包含文件:     C:\Program Files (x86)\Windows Kits\10\\include\10.0.26100.0\\um\profileapi.h
注意: 包含文件:     C:\Program Files (x86)\Windows Kits\10\\include\10.0.26100.0\\um\heapapi.h
注意: 包含文件:     C:\Program Files (x86)\Windows Kits\10\\include\10.0.26100.0\\um\ioapiset.h
注意: 包含文件:     C:\Program Files (x86)\Windows Kits\10\\include\10.0.26100.0\\um\synchapi.h
注意: 包含文件:     C:\Program Files (x86)\Windows Kits\10\\include\10.0.26100.0\\um\interlockedapi.h
注意: 包含文件:     C:\Program Files (x86)\Windows Kits\10\\include\10.0.26100.0\\um\processthreadsapi.h
注意: 包含文件:     C:\Program Files (x86)\Windows Kits\10\\include\10.0.26100.0\\um\sysinfoapi.h
注意: 包含文件:     C:\Program Files (x86)\Windows Kits\10\\include\10.0.26100.0\\um\memoryapi.h
注意: 包含文件:     C:\Program Files (x86)\Windows Kits\10\\include\10.0.26100.0\\um\enclaveapi.h
注意: 包含文件:     C:\Program Files (x86)\Windows Kits\10\\include\10.0.26100.0\\um\threadpoollegacyapiset.h
注意: 包含文件:     C:\Program Files (x86)\Windows Kits\10\\include\10.0.26100.0\\um\threadpoolapiset.h
注意: 包含文件:     C:\Program Files (x86)\Windows Kits\10\\include\10.0.26100.0\\um\jobapi.h
注意: 包含文件:     C:\Program Files (x86)\Windows Kits\10\\include\10.0.26100.0\\um\jobapi2.h
注意: 包含文件:     C:\Program Files (x86)\Windows Kits\10\\include\10.0.26100.0\\um\wow64apiset.h
注意: 包含文件:     C:\Program Files (x86)\Windows Kits\10\\include\10.0.26100.0\\um\libloaderapi.h
注意: 包含文件:     C:\Program Files (x86)\Windows Kits\10\\include\10.0.26100.0\\um\securitybaseapi.h
注意: 包含文件:     C:\Program Files (x86)\Windows Kits\10\\include\10.0.26100.0\\um\namespaceapi.h
注意: 包含文件:     C:\Program Files (x86)\Windows Kits\10\\include\10.0.26100.0\\um\systemtopologyapi.h
注意: 包含文件:     C:\Program Files (x86)\Windows Kits\10\\include\10.0.26100.0\\um\processtopologyapi.h
注意: 包含文件:     C:\Program Files (x86)\Windows Kits\10\\include\10.0.26100.0\\um\securityappcontainer.h
注意: 包含文件:     C:\Program Files (x86)\Windows Kits\10\\include\10.0.26100.0\\um\realtimeapiset.h
注意: 包含文件:     C:\Program Files (x86)\Windows Kits\10\\include\10.0.26100.0\\shared\winerror.h
注意: 包含文件:     C:\Program Files (x86)\Windows Kits\10\\include\10.0.26100.0\\um\timezoneapi.h
注意: 包含文件:    C:\Program Files (x86)\Windows Kits\10\\include\10.0.26100.0\\um\wingdi.h
注意: 包含文件:     C:\Program Files (x86)\Windows Kits\10\\include\10.0.26100.0\\shared\pshpack1.h
注意: 包含文件:     C:\Program Files (x86)\Windows Kits\10\\include\10.0.26100.0\\shared\poppack.h
注意: 包含文件:     C:\Program Files (x86)\Windows Kits\10\\include\10.0.26100.0\\shared\pshpack2.h
注意: 包含文件:     C:\Program Files (x86)\Windows Kits\10\\include\10.0.26100.0\\shared\poppack.h
注意: 包含文件:     C:\Program Files (x86)\Windows Kits\10\\include\10.0.26100.0\\shared\pshpack2.h
注意: 包含文件:     C:\Program Files (x86)\Windows Kits\10\\include\10.0.26100.0\\shared\poppack.h
注意: 包含文件:     C:\Program Files (x86)\Windows Kits\10\\include\10.0.26100.0\\shared\pshpack4.h
注意: 包含文件:     C:\Program Files (x86)\Windows Kits\10\\include\10.0.26100.0\\shared\poppack.h
注意: 包含文件:     C:\Program Files (x86)\Windows Kits\10\\include\10.0.26100.0\\shared\pshpack4.h
注意: 包含文件:     C:\Program Files (x86)\Windows Kits\10\\include\10.0.26100.0\\shared\poppack.h
注意: 包含文件:    C:\Program Files (x86)\Windows Kits\10\\include\10.0.26100.0\\um\winuser.h
注意: 包含文件:     C:\Program Files (x86)\Windows Kits\10\\include\10.0.26100.0\\shared\pshpack2.h
注意: 包含文件:     C:\Program Files (x86)\Windows Kits\10\\include\10.0.26100.0\\shared\poppack.h
注意: 包含文件:     C:\Program Files (x86)\Windows Kits\10\\include\10.0.26100.0\\shared\tvout.h
注意: 包含文件:    C:\Program Files (x86)\Windows Kits\10\\include\10.0.26100.0\\um\winnls.h
注意: 包含文件:     C:\Program Files (x86)\Windows Kits\10\\include\10.0.26100.0\\um\datetimeapi.h
注意: 包含文件:     C:\Program Files (x86)\Windows Kits\10\\include\10.0.26100.0\\um\stringapiset.h
注意: 包含文件:      C:\Program Files (x86)\Windows Kits\10\\include\10.0.26100.0\\um\winnls.h
注意: 包含文件:    C:\Program Files (x86)\Windows Kits\10\\include\10.0.26100.0\\um\wincon.h
注意: 包含文件:     C:\Program Files (x86)\Windows Kits\10\\include\10.0.26100.0\\um\wincontypes.h
注意: 包含文件:     C:\Program Files (x86)\Windows Kits\10\\include\10.0.26100.0\\um\consoleapi.h
注意: 包含文件:     C:\Program Files (x86)\Windows Kits\10\\include\10.0.26100.0\\um\consoleapi2.h
注意: 包含文件:     C:\Program Files (x86)\Windows Kits\10\\include\10.0.26100.0\\um\consoleapi3.h
注意: 包含文件:    C:\Program Files (x86)\Windows Kits\10\\include\10.0.26100.0\\um\winver.h
注意: 包含文件:     C:\Program Files (x86)\Windows Kits\10\\include\10.0.26100.0\\um\verrsrc.h
注意: 包含文件:    C:\Program Files (x86)\Windows Kits\10\\include\10.0.26100.0\\um\winreg.h
注意: 包含文件:     C:\Program Files (x86)\Windows Kits\10\\include\10.0.26100.0\\um\reason.h
注意: 包含文件:    C:\Program Files (x86)\Windows Kits\10\\include\10.0.26100.0\\um\winnetwk.h
注意: 包含文件:     C:\Program Files (x86)\Windows Kits\10\\include\10.0.26100.0\\shared\wnnc.h
注意: 包含文件:    C:\Program Files (x86)\Windows Kits\10\\include\10.0.26100.0\\shared\cderr.h
注意: 包含文件:    C:\Program Files (x86)\Windows Kits\10\\include\10.0.26100.0\\um\dde.h
注意: 包含文件:    C:\Program Files (x86)\Windows Kits\10\\include\10.0.26100.0\\um\ddeml.h
注意: 包含文件:    C:\Program Files (x86)\Windows Kits\10\\include\10.0.26100.0\\um\dlgs.h
注意: 包含文件:    C:\Program Files (x86)\Windows Kits\10\\include\10.0.26100.0\\um\lzexpand.h
注意: 包含文件:    C:\Program Files (x86)\Windows Kits\10\\include\10.0.26100.0\\um\mmsystem.h
注意: 包含文件:     C:\Program Files (x86)\Windows Kits\10\\include\10.0.26100.0\\um\mmsyscom.h
注意: 包含文件:      C:\Program Files (x86)\Windows Kits\10\\include\10.0.26100.0\\shared\pshpack1.h
注意: 包含文件:      C:\Program Files (x86)\Windows Kits\10\\include\10.0.26100.0\\shared\poppack.h
注意: 包含文件:     C:\Program Files (x86)\Windows Kits\10\\include\10.0.26100.0\\shared\pshpack1.h
注意: 包含文件:     C:\Program Files (x86)\Windows Kits\10\\include\10.0.26100.0\\um\mciapi.h
注意: 包含文件:      C:\Program Files (x86)\Windows Kits\10\\include\10.0.26100.0\\um\mmsyscom.h
注意: 包含文件:     C:\Program Files (x86)\Windows Kits\10\\include\10.0.26100.0\\um\mmiscapi.h
注意: 包含文件:      C:\Program Files (x86)\Windows Kits\10\\include\10.0.26100.0\\um\mmsyscom.h
注意: 包含文件:     C:\Program Files (x86)\Windows Kits\10\\include\10.0.26100.0\\um\mmiscapi2.h
注意: 包含文件:      C:\Program Files (x86)\Windows Kits\10\\include\10.0.26100.0\\um\mmsyscom.h
注意: 包含文件:     C:\Program Files (x86)\Windows Kits\10\\include\10.0.26100.0\\um\playsoundapi.h
注意: 包含文件:      C:\Program Files (x86)\Windows Kits\10\\include\10.0.26100.0\\um\mmsyscom.h
注意: 包含文件:     C:\Program Files (x86)\Windows Kits\10\\include\10.0.26100.0\\um\mmeapi.h
注意: 包含文件:      C:\Program Files (x86)\Windows Kits\10\\include\10.0.26100.0\\um\mmsyscom.h
注意: 包含文件:     C:\Program Files (x86)\Windows Kits\10\\include\10.0.26100.0\\um\timeapi.h
注意: 包含文件:      C:\Program Files (x86)\Windows Kits\10\\include\10.0.26100.0\\um\mmsyscom.h
注意: 包含文件:     C:\Program Files (x86)\Windows Kits\10\\include\10.0.26100.0\\um\joystickapi.h
注意: 包含文件:      C:\Program Files (x86)\Windows Kits\10\\include\10.0.26100.0\\um\mmsyscom.h
注意: 包含文件:     C:\Program Files (x86)\Windows Kits\10\\include\10.0.26100.0\\shared\poppack.h
注意: 包含文件:    C:\Program Files (x86)\Windows Kits\10\\include\10.0.26100.0\\um\nb30.h
注意: 包含文件:    C:\Program Files (x86)\Windows Kits\10\\include\10.0.26100.0\\shared\rpc.h
注意: 包含文件:     C:\Program Files (x86)\Windows Kits\10\\include\10.0.26100.0\\shared\pshpack8.h
注意: 包含文件:     C:\Program Files (x86)\Windows Kits\10\\include\10.0.26100.0\\shared\rpcdce.h
注意: 包含文件:      C:\Program Files (x86)\Windows Kits\10\\include\10.0.26100.0\\shared\rpcdcep.h
注意: 包含文件:     C:\Program Files (x86)\Windows Kits\10\\include\10.0.26100.0\\um\rpcnsi.h
注意: 包含文件:     C:\Program Files (x86)\Windows Kits\10\\include\10.0.26100.0\\shared\rpcnterr.h
注意: 包含文件:     C:\Program Files (x86)\Windows Kits\10\\include\10.0.26100.0\\shared\rpcasync.h
注意: 包含文件:      C:\Program Files (x86)\Windows Kits\10\\include\10.0.26100.0\\shared\pshpack8.h
注意: 包含文件:      C:\Program Files (x86)\Windows Kits\10\\include\10.0.26100.0\\shared\poppack.h
注意: 包含文件:     C:\Program Files (x86)\Windows Kits\10\\include\10.0.26100.0\\shared\poppack.h
注意: 包含文件:    C:\Program Files (x86)\Windows Kits\10\\include\10.0.26100.0\\um\shellapi.h
注意: 包含文件:    C:\Program Files (x86)\Windows Kits\10\\include\10.0.26100.0\\um\winperf.h
注意: 包含文件:     C:\Program Files (x86)\Windows Kits\10\\include\10.0.26100.0\\shared\pshpack8.h
注意: 包含文件:     C:\Program Files (x86)\Windows Kits\10\\include\10.0.26100.0\\shared\poppack.h
注意: 包含文件:    C:\Program Files (x86)\Windows Kits\10\\include\10.0.26100.0\\um\winsock.h
注意: 包含文件:     C:\Program Files (x86)\Windows Kits\10\\include\10.0.26100.0\\shared\inaddr.h
注意: 包含文件:    C:\Program Files (x86)\Windows Kits\10\\include\10.0.26100.0\\um\wincrypt.h
注意: 包含文件:     C:\Program Files (x86)\Windows Kits\10\\include\10.0.26100.0\\shared\bcrypt.h
注意: 包含文件:     C:\Program Files (x86)\Windows Kits\10\\include\10.0.26100.0\\um\ncrypt.h
注意: 包含文件:     C:\Program Files (x86)\Windows Kits\10\\include\10.0.26100.0\\um\dpapi.h
注意: 包含文件:    C:\Program Files (x86)\Windows Kits\10\\include\10.0.26100.0\\um\winefs.h
注意: 包含文件:    C:\Program Files (x86)\Windows Kits\10\\include\10.0.26100.0\\um\winscard.h
注意: 包含文件:     C:\Program Files (x86)\Windows Kits\10\\include\10.0.26100.0\\shared\wtypes.h
注意: 包含文件:      C:\Program Files (x86)\Windows Kits\10\include\10.0.26100.0\shared\rpcndr.h
注意: 包含文件:       C:\Program Files (x86)\Windows Kits\10\\include\10.0.26100.0\\shared\pshpack8.h
注意: 包含文件:       C:\Program Files (x86)\Windows Kits\10\\include\10.0.26100.0\\um\rpcnsip.h
注意: 包含文件:       C:\Program Files (x86)\Windows Kits\10\\include\10.0.26100.0\\shared\rpcsal.h
注意: 包含文件:       C:\Program Files (x86)\Windows Kits\10\\include\10.0.26100.0\\shared\poppack.h
注意: 包含文件:      C:\Program Files (x86)\Windows Kits\10\include\10.0.26100.0\shared\wtypesbase.h
注意: 包含文件:       C:\Program Files (x86)\Windows Kits\10\include\10.0.26100.0\shared\guiddef.h
注意: 包含文件:     C:\Program Files (x86)\Windows Kits\10\\include\10.0.26100.0\\um\winioctl.h
注意: 包含文件:      C:\Program Files (x86)\Windows Kits\10\\include\10.0.26100.0\\shared\pshpack1.h
注意: 包含文件:      C:\Program Files (x86)\Windows Kits\10\\include\10.0.26100.0\\shared\poppack.h
注意: 包含文件:      C:\Program Files (x86)\Windows Kits\10\\include\10.0.26100.0\\shared\pshpack1.h
注意: 包含文件:      C:\Program Files (x86)\Windows Kits\10\\include\10.0.26100.0\\shared\poppack.h
注意: 包含文件:      C:\Program Files (x86)\Windows Kits\10\\include\10.0.26100.0\\shared\pshpack1.h
注意: 包含文件:      C:\Program Files (x86)\Windows Kits\10\\include\10.0.26100.0\\shared\poppack.h
注意: 包含文件:      C:\Program Files (x86)\Windows Kits\10\\include\10.0.26100.0\\shared\pshpack1.h
注意: 包含文件:      C:\Program Files (x86)\Windows Kits\10\\include\10.0.26100.0\\shared\poppack.h
注意: 包含文件:      C:\Program Files (x86)\Windows Kits\10\\include\10.0.26100.0\\shared\pshpack1.h
注意: 包含文件:      C:\Program Files (x86)\Windows Kits\10\\include\10.0.26100.0\\shared\poppack.h
注意: 包含文件:      C:\Program Files (x86)\Windows Kits\10\\include\10.0.26100.0\\shared\pshpack1.h
注意: 包含文件:      C:\Program Files (x86)\Windows Kits\10\\include\10.0.26100.0\\shared\poppack.h
注意: 包含文件:      C:\Program Files (x86)\Windows Kits\10\\include\10.0.26100.0\\shared\pshpack1.h
注意: 包含文件:      C:\Program Files (x86)\Windows Kits\10\\include\10.0.26100.0\\shared\poppack.h
注意: 包含文件:     C:\Program Files (x86)\Windows Kits\10\\include\10.0.26100.0\\shared\winsmcrd.h
注意: 包含文件:    C:\Program Files (x86)\Windows Kits\10\\include\10.0.26100.0\\um\winspool.h
注意: 包含文件:     C:\Program Files (x86)\Windows Kits\10\\include\10.0.26100.0\\um\prsht.h
注意: 包含文件:      C:\Program Files (x86)\Windows Kits\10\\include\10.0.26100.0\\shared\pshpack8.h
注意: 包含文件:      C:\Program Files (x86)\Windows Kits\10\\include\10.0.26100.0\\shared\poppack.h
注意: 包含文件:    C:\Program Files (x86)\Windows Kits\10\\include\10.0.26100.0\\um\ole2.h
注意: 包含文件:     C:\Program Files (x86)\Windows Kits\10\\include\10.0.26100.0\\shared\pshpack8.h
注意: 包含文件:     C:\Program Files (x86)\Windows Kits\10\\include\10.0.26100.0\\um\objbase.h
注意: 包含文件:      C:\Program Files (x86)\Windows Kits\10\\include\10.0.26100.0\\shared\pshpack8.h
注意: 包含文件:      C:\Program Files (x86)\Windows Kits\10\\include\10.0.26100.0\\um\combaseapi.h
注意: 包含文件:       C:\Program Files (x86)\Windows Kits\10\\include\10.0.26100.0\\shared\pshpack8.h
注意: 包含文件:       C:\Program Files (x86)\Windows Kits\10\\include\10.0.26100.0\\um\unknwnbase.h
注意: 包含文件:       C:\Program Files (x86)\Windows Kits\10\\include\10.0.26100.0\\um\objidlbase.h
注意: 包含文件:       C:\Program Files (x86)\Windows Kits\10\\include\10.0.26100.0\\shared\guiddef.h
注意: 包含文件:       C:\Program Files (x86)\Windows Kits\10\\include\10.0.26100.0\\um\cguid.h
注意: 包含文件:       C:\Program Files (x86)\Windows Kits\10\\include\10.0.26100.0\\shared\poppack.h
注意: 包含文件:      C:\Program Files (x86)\Windows Kits\10\\include\10.0.26100.0\\um\coml2api.h
注意: 包含文件:       C:\Program Files (x86)\Windows Kits\10\\include\10.0.26100.0\\um\objidl.h
注意: 包含文件:        C:\Program Files (x86)\Windows Kits\10\include\10.0.26100.0\um\unknwn.h
注意: 包含文件:       C:\Program Files (x86)\Windows Kits\10\\include\10.0.26100.0\\um\propidlbase.h
注意: 包含文件:        C:\Program Files (x86)\Windows Kits\10\include\10.0.26100.0\um\oaidl.h
注意: 包含文件:      C:\Program Files (x86)\Windows Kits\10\\include\10.0.26100.0\\um\urlmon.h
注意: 包含文件:       C:\Program Files (x86)\Windows Kits\10\include\10.0.26100.0\um\oleidl.h
注意: 包含文件:       C:\Program Files (x86)\Windows Kits\10\include\10.0.26100.0\um\servprov.h
注意: 包含文件:       C:\Program Files (x86)\Windows Kits\10\include\10.0.26100.0\um\msxml.h
注意: 包含文件:      C:\Program Files (x86)\Windows Kits\10\\include\10.0.26100.0\\um\propidl.h
注意: 包含文件:      C:\Program Files (x86)\Windows Kits\10\\include\10.0.26100.0\\shared\poppack.h
注意: 包含文件:     C:\Program Files (x86)\Windows Kits\10\\include\10.0.26100.0\\um\oleauto.h
注意: 包含文件:      C:\Program Files (x86)\Windows Kits\10\\include\10.0.26100.0\\shared\pshpack8.h
注意: 包含文件:      C:\Program Files (x86)\Windows Kits\10\\include\10.0.26100.0\\shared\poppack.h
注意: 包含文件:     C:\Program Files (x86)\Windows Kits\10\\include\10.0.26100.0\\shared\poppack.h
注意: 包含文件:    C:\Program Files (x86)\Windows Kits\10\\include\10.0.26100.0\\um\commdlg.h
注意: 包含文件:     C:\Program Files (x86)\Windows Kits\10\\include\10.0.26100.0\\um\prsht.h
注意: 包含文件:    C:\Program Files (x86)\Windows Kits\10\\include\10.0.26100.0\\shared\stralign.h
注意: 包含文件:    C:\Program Files (x86)\Windows Kits\10\\include\10.0.26100.0\\um\winsvc.h
注意: 包含文件:    C:\Program Files (x86)\Windows Kits\10\\include\10.0.26100.0\\um\mcx.h
注意: 包含文件:    C:\Program Files (x86)\Windows Kits\10\\include\10.0.26100.0\\um\imm.h
注意: 包含文件:     C:\Program Files (x86)\Windows Kits\10\\include\10.0.26100.0\\um\ime_cmodes.h
注意: 包含文件:   C:\Program Files (x86)\Windows Kits\10\include\10.0.26100.0\ucrt\io.h
注意: 包含文件:    C:\Program Files (x86)\Windows Kits\10\include\10.0.26100.0\ucrt\corecrt_io.h
C:\Users\user\output\deepseek-v4部署\fastllm-master\include\utils\utils.h(109): warning C4996: '_wfopen': This function or variable may be unsafe. Consider using _wfopen_s instead. To disable deprecation, use _CRT_SECURE_NO_WARNINGS. See online help for details.
C:\Users\user\output\deepseek-v4部署\fastllm-master\include\utils\utils.h(118): warning C4996: '_wopen': This function or variable may be unsafe. Consider using _wsopen_s instead. To disable deprecation, use _CRT_SECURE_NO_WARNINGS. See online help for details.
C:\Users\user\output\deepseek-v4部署\fastllm-master\include\utils\utils.h(150): warning C4244: “return”: 从“double”转换到“float”，可能丢失数据
C:\Users\user\output\deepseek-v4部署\fastllm-master\include\utils\utils.h(355): warning C4267: “初始化”: 从“size_t”转换到“int”，可能丢失数据
C:\Users\user\output\deepseek-v4部署\fastllm-master\include\utils\utils.h(417): warning C4244: “+=”: 从“double”转换到“float”，可能丢失数据
注意: 包含文件:  C:\Users\user\output\deepseek-v4部署\fastllm-master\include\fastllm.h
注意: 包含文件:   C:\Program Files (x86)\Microsoft Visual Studio\2022\BuildTools\VC\Tools\MSVC\14.44.35207\include\set
注意: 包含文件:   C:\Program Files (x86)\Microsoft Visual Studio\2022\BuildTools\VC\Tools\MSVC\14.44.35207\include\queue
注意: 包含文件:   C:\Program Files (x86)\Microsoft Visual Studio\2022\BuildTools\VC\Tools\MSVC\14.44.35207\include\unordered_map
注意: 包含文件:    C:\Program Files (x86)\Microsoft Visual Studio\2022\BuildTools\VC\Tools\MSVC\14.44.35207\include\xhash
注意: 包含文件:     C:\Program Files (x86)\Microsoft Visual Studio\2022\BuildTools\VC\Tools\MSVC\14.44.35207\include\list
注意: 包含文件:     C:\Program Files (x86)\Microsoft Visual Studio\2022\BuildTools\VC\Tools\MSVC\14.44.35207\include\xbit_ops.h
注意: 包含文件:   C:\Program Files (x86)\Microsoft Visual Studio\2022\BuildTools\VC\Tools\MSVC\14.44.35207\include\unordered_set
注意: 包含文件:   C:\Program Files (x86)\Microsoft Visual Studio\2022\BuildTools\VC\Tools\MSVC\14.44.35207\include\iostream
注意: 包含文件:    C:\Program Files (x86)\Microsoft Visual Studio\2022\BuildTools\VC\Tools\MSVC\14.44.35207\include\ostream
注意: 包含文件:   C:\Program Files (x86)\Microsoft Visual Studio\2022\BuildTools\VC\Tools\MSVC\14.44.35207\include\functional
注意: 包含文件:   C:\Program Files (x86)\Microsoft Visual Studio\2022\BuildTools\VC\Tools\MSVC\14.44.35207\include\mutex
注意: 包含文件:   C:\Program Files (x86)\Microsoft Visual Studio\2022\BuildTools\VC\Tools\MSVC\14.44.35207\include\codecvt
注意: 包含文件:   C:\Users\user\output\deepseek-v4部署\fastllm-master\include\devices/cpu/alivethreadpool.h
C:\Users\user\output\deepseek-v4部署\fastllm-master\include\devices/cpu/alivethreadpool.h(136): warning C4267: “初始化”: 从“size_t”转换到“int”，可能丢失数据
C:\Users\user\output\deepseek-v4部署\fastllm-master\include\devices/cpu/alivethreadpool.h(176): warning C4267: “初始化”: 从“size_t”转换到“int”，可能丢失数据
C:\Users\user\output\deepseek-v4部署\fastllm-master\include\devices/cpu/alivethreadpool.h(236): warning C4267: “初始化”: 从“size_t”转换到“int”，可能丢失数据
C:\Users\user\output\deepseek-v4部署\fastllm-master\include\devices/cpu/alivethreadpool.h(237): warning C4267: “初始化”: 从“size_t”转换到“int”，可能丢失数据
C:\Users\user\output\deepseek-v4部署\fastllm-master\include\devices/cpu/alivethreadpool.h(238): warning C4267: “初始化”: 从“size_t”转换到“int”，可能丢失数据
C:\Users\user\output\deepseek-v4部署\fastllm-master\include\devices/cpu/alivethreadpool.h(281): warning C4267: “初始化”: 从“size_t”转换到“int”，可能丢失数据
C:\Users\user\output\deepseek-v4部署\fastllm-master\include\devices/cpu/alivethreadpool.h(327): warning C4267: “初始化”: 从“size_t”转换到“int”，可能丢失数据
C:\Users\user\output\deepseek-v4部署\fastllm-master\include\devices/cpu/alivethreadpool.h(330): warning C4267: “初始化”: 从“size_t”转换到“int”，可能丢失数据
C:\Users\user\output\deepseek-v4部署\fastllm-master\include\devices/cpu/alivethreadpool.h(370): warning C4267: “初始化”: 从“size_t”转换到“int”，可能丢失数据
C:\Users\user\output\deepseek-v4部署\fastllm-master\include\devices/cpu/alivethreadpool.h(372): warning C4267: “初始化”: 从“size_t”转换到“int”，可能丢失数据
注意: 包含文件:   C:\Users\user\output\deepseek-v4部署\fastllm-master\third_party\json11\json11.hpp
C:\Users\user\output\deepseek-v4部署\fastllm-master\include\fastllm.h(222): warning C4244: “初始化”: 从“int”转换到“float”，可能丢失数据
C:\Users\user\output\deepseek-v4部署\fastllm-master\include\fastllm.h(222): warning C4244: “初始化”: 从“int”转换到“const float”，可能丢失数据
C:\Users\user\output\deepseek-v4部署\fastllm-master\include\fastllm.h(227): warning C4244: “=”: 从“float”转换到“uint8_t”，可能丢失数据
C:\Users\user\output\deepseek-v4部署\fastllm-master\include\fastllm.h(229): warning C4244: “=”: 从“const float”转换到“uint8_t”，可能丢失数据
C:\Users\user\output\deepseek-v4部署\fastllm-master\include\fastllm.h(687): warning C4996: 'std::codecvt_utf8<wchar_t,1114111,(std::codecvt_mode)0>': warning STL4017: std::wbuffer_convert, std::wstring_convert, and the <codecvt> header (containing std::codecvt_mode, std::codecvt_utf8, std::codecvt_utf16, and std::codecvt_utf8_utf16) are deprecated in C++17. (The std::codecvt class template is NOT deprecated.) The C++ Standard doesn't provide equivalent non-deprecated functionality; consider using MultiByteToWideChar() and WideCharToMultiByte() from <Windows.h> instead. You can define _SILENCE_CXX17_CODECVT_HEADER_DEPRECATION_WARNING or _SILENCE_ALL_CXX17_DEPRECATION_WARNINGS to suppress this warning.
C:\Program Files (x86)\Microsoft Visual Studio\2022\BuildTools\VC\Tools\MSVC\14.44.35207\include\codecvt(34): note: 参见“std::codecvt_utf8”的声明
C:\Users\user\output\deepseek-v4部署\fastllm-master\include\fastllm.h(687): warning C4996: 'std::wstring_convert<std::codecvt_utf8<wchar_t,1114111,(std::codecvt_mode)0>,wchar_t,std::allocator<wchar_t>,std::allocator<char>>': warning STL4017: std::wbuffer_convert, std::wstring_convert, and the <codecvt> header (containing std::codecvt_mode, std::codecvt_utf8, std::codecvt_utf16, and std::codecvt_utf8_utf16) are deprecated in C++17. (The std::codecvt class template is NOT deprecated.) The C++ Standard doesn't provide equivalent non-deprecated functionality; consider using MultiByteToWideChar() and WideCharToMultiByte() from <Windows.h> instead. You can define _SILENCE_CXX17_CODECVT_HEADER_DEPRECATION_WARNING or _SILENCE_ALL_CXX17_DEPRECATION_WARNINGS to suppress this warning.
C:\Program Files (x86)\Microsoft Visual Studio\2022\BuildTools\VC\Tools\MSVC\14.44.35207\include\xlocbuf(303): note: 参见“std::wstring_convert”的声明
C:\Users\user\output\deepseek-v4部署\fastllm-master\src\devices\cpu\avx2.cpp(138): warning C4244: “初始化”: 从“float”转换到“int”，可能丢失数据
C:\Users\user\output\deepseek-v4部署\fastllm-master\src\devices\cpu\avx2.cpp(374): warning C4244: “初始化”: 从“double”转换到“float”，可能丢失数据
C:\Users\user\output\deepseek-v4部署\fastllm-master\src\devices\cpu\avx2.cpp(380): warning C4309: “参数”: 截断常量值
C:\Users\user\output\deepseek-v4部署\fastllm-master\src\devices\cpu\avx2.cpp(511): warning C4244: “初始化”: 从“double”转换到“float”，可能丢失数据
C:\Users\user\output\deepseek-v4部署\fastllm-master\src\devices\cpu\avx2.cpp(517): warning C4309: “参数”: 截断常量值
C:\Users\user\output\deepseek-v4部署\fastllm-master\src\devices\cpu\avx2.cpp(635): error C2146: 语法错误: 缺少“;”(在标识符“__attribute__”的前面)
C:\Users\user\output\deepseek-v4部署\fastllm-master\src\devices\cpu\avx2.cpp(635): error C3861: “aligned”: 找不到标识符
C:\Users\user\output\deepseek-v4部署\fastllm-master\src\devices\cpu\avx2.cpp(635): error C3861: “__attribute__”: 找不到标识符
C:\Users\user\output\deepseek-v4部署\fastllm-master\src\devices\cpu\avx2.cpp(667): error C2065: “always_inline”: 未声明的标识符
C:\Users\user\output\deepseek-v4部署\fastllm-master\src\devices\cpu\avx2.cpp(667): error C4430: 缺少类型说明符 - 假定为 int。注意: C++ 不支持默认 int
C:\Users\user\output\deepseek-v4部署\fastllm-master\src\devices\cpu\avx2.cpp(667): error C2062: 意外的类型“__m128i” 
C:\Users\user\output\deepseek-v4部署\fastllm-master\src\devices\cpu\avx2.cpp(667): error C2143: 语法错误: 缺少“;”(在“{”的前面)
C:\Users\user\output\deepseek-v4部署\fastllm-master\src\devices\cpu\avx2.cpp(667): error C2447: “{”: 缺少函数标题(是否是老式的形式表?)
C:\Users\user\output\deepseek-v4部署\fastllm-master\src\devices\cpu\avx2.cpp(753): error C3861: “fp32_to_bf16_vec”: 找不到标识符
C:\Users\user\output\deepseek-v4部署\fastllm-master\src\devices\cpu\avx2.cpp(754): error C3861: “fp32_to_bf16_vec”: 找不到标识符
C:\Users\user\output\deepseek-v4部署\fastllm-master\src\devices\cpu\avx2.cpp(755): error C3861: “fp32_to_bf16_vec”: 找不到标识符
C:\Users\user\output\deepseek-v4部署\fastllm-master\src\devices\cpu\avx2.cpp(756): error C3861: “fp32_to_bf16_vec”: 找不到标识符
[3/39] Building CXX object CMakeFiles\fastllm_tools.dir\src\devices\cpu\avx512f.cpp.obj
注意: 包含文件:  C:\Program Files (x86)\Microsoft Visual Studio\2022\BuildTools\VC\Tools\MSVC\14.44.35207\include\cstdint
注意: 包含文件:   C:\Program Files (x86)\Microsoft Visual Studio\2022\BuildTools\VC\Tools\MSVC\14.44.35207\include\yvals_core.h
注意: 包含文件:    C:\Program Files (x86)\Microsoft Visual Studio\2022\BuildTools\VC\Tools\MSVC\14.44.35207\include\vcruntime.h
注意: 包含文件:     C:\Program Files (x86)\Microsoft Visual Studio\2022\BuildTools\VC\Tools\MSVC\14.44.35207\include\sal.h
注意: 包含文件:      C:\Program Files (x86)\Microsoft Visual Studio\2022\BuildTools\VC\Tools\MSVC\14.44.35207\include\concurrencysal.h
注意: 包含文件:     C:\Program Files (x86)\Microsoft Visual Studio\2022\BuildTools\VC\Tools\MSVC\14.44.35207\include\vadefs.h
注意: 包含文件:    C:\Program Files (x86)\Microsoft Visual Studio\2022\BuildTools\VC\Tools\MSVC\14.44.35207\include\xkeycheck.h
注意: 包含文件:   C:\Program Files (x86)\Microsoft Visual Studio\2022\BuildTools\VC\Tools\MSVC\14.44.35207\include\stdint.h
注意: 包含文件:  C:\Program Files (x86)\Microsoft Visual Studio\2022\BuildTools\VC\Tools\MSVC\14.44.35207\include\algorithm
注意: 包含文件:   C:\Program Files (x86)\Microsoft Visual Studio\2022\BuildTools\VC\Tools\MSVC\14.44.35207\include\__msvc_heap_algorithms.hpp
注意: 包含文件:    C:\Program Files (x86)\Microsoft Visual Studio\2022\BuildTools\VC\Tools\MSVC\14.44.35207\include\xutility
注意: 包含文件:     C:\Program Files (x86)\Microsoft Visual Studio\2022\BuildTools\VC\Tools\MSVC\14.44.35207\include\yvals.h
注意: 包含文件:      C:\Program Files (x86)\Windows Kits\10\include\10.0.26100.0\ucrt\crtdbg.h
注意: 包含文件:       C:\Program Files (x86)\Windows Kits\10\include\10.0.26100.0\ucrt\corecrt.h
注意: 包含文件:       C:\Program Files (x86)\Microsoft Visual Studio\2022\BuildTools\VC\Tools\MSVC\14.44.35207\include\vcruntime_new_debug.h
注意: 包含文件:        C:\Program Files (x86)\Microsoft Visual Studio\2022\BuildTools\VC\Tools\MSVC\14.44.35207\include\vcruntime_new.h
注意: 包含文件:      C:\Program Files (x86)\Microsoft Visual Studio\2022\BuildTools\VC\Tools\MSVC\14.44.35207\include\crtdefs.h
注意: 包含文件:      C:\Program Files (x86)\Microsoft Visual Studio\2022\BuildTools\VC\Tools\MSVC\14.44.35207\include\use_ansi.h
注意: 包含文件:     C:\Program Files (x86)\Microsoft Visual Studio\2022\BuildTools\VC\Tools\MSVC\14.44.35207\include\__msvc_iter_core.hpp
注意: 包含文件:      C:\Program Files (x86)\Microsoft Visual Studio\2022\BuildTools\VC\Tools\MSVC\14.44.35207\include\utility
注意: 包含文件:       C:\Program Files (x86)\Microsoft Visual Studio\2022\BuildTools\VC\Tools\MSVC\14.44.35207\include\initializer_list
注意: 包含文件:        C:\Program Files (x86)\Microsoft Visual Studio\2022\BuildTools\VC\Tools\MSVC\14.44.35207\include\cstddef
注意: 包含文件:         C:\Program Files (x86)\Windows Kits\10\include\10.0.26100.0\ucrt\stddef.h
注意: 包含文件:         C:\Program Files (x86)\Microsoft Visual Studio\2022\BuildTools\VC\Tools\MSVC\14.44.35207\include\xtr1common
注意: 包含文件:       C:\Program Files (x86)\Microsoft Visual Studio\2022\BuildTools\VC\Tools\MSVC\14.44.35207\include\type_traits
注意: 包含文件:        C:\Program Files (x86)\Microsoft Visual Studio\2022\BuildTools\VC\Tools\MSVC\14.44.35207\include\cstring
注意: 包含文件:         C:\Program Files (x86)\Windows Kits\10\include\10.0.26100.0\ucrt\string.h
注意: 包含文件:          C:\Program Files (x86)\Windows Kits\10\include\10.0.26100.0\ucrt\corecrt_memory.h
注意: 包含文件:           C:\Program Files (x86)\Windows Kits\10\include\10.0.26100.0\ucrt\corecrt_memcpy_s.h
注意: 包含文件:            C:\Program Files (x86)\Windows Kits\10\include\10.0.26100.0\ucrt\errno.h
注意: 包含文件:            C:\Program Files (x86)\Microsoft Visual Studio\2022\BuildTools\VC\Tools\MSVC\14.44.35207\include\vcruntime_string.h
注意: 包含文件:          C:\Program Files (x86)\Windows Kits\10\include\10.0.26100.0\ucrt\corecrt_wstring.h
注意: 包含文件:     C:\Program Files (x86)\Microsoft Visual Studio\2022\BuildTools\VC\Tools\MSVC\14.44.35207\include\climits
注意: 包含文件:      C:\Program Files (x86)\Microsoft Visual Studio\2022\BuildTools\VC\Tools\MSVC\14.44.35207\include\limits.h
注意: 包含文件:     C:\Program Files (x86)\Microsoft Visual Studio\2022\BuildTools\VC\Tools\MSVC\14.44.35207\include\cstdlib
注意: 包含文件:      C:\Program Files (x86)\Windows Kits\10\include\10.0.26100.0\ucrt\math.h
注意: 包含文件:       C:\Program Files (x86)\Windows Kits\10\include\10.0.26100.0\ucrt\corecrt_math.h
注意: 包含文件:      C:\Program Files (x86)\Windows Kits\10\include\10.0.26100.0\ucrt\stdlib.h
注意: 包含文件:       C:\Program Files (x86)\Windows Kits\10\include\10.0.26100.0\ucrt\corecrt_malloc.h
注意: 包含文件:       C:\Program Files (x86)\Windows Kits\10\include\10.0.26100.0\ucrt\corecrt_search.h
注意: 包含文件:       C:\Program Files (x86)\Windows Kits\10\include\10.0.26100.0\ucrt\corecrt_wstdlib.h
注意: 包含文件:     C:\Program Files (x86)\Microsoft Visual Studio\2022\BuildTools\VC\Tools\MSVC\14.44.35207\include\cwchar
注意: 包含文件:      C:\Program Files (x86)\Microsoft Visual Studio\2022\BuildTools\VC\Tools\MSVC\14.44.35207\include\cstdio
注意: 包含文件:       C:\Program Files (x86)\Windows Kits\10\include\10.0.26100.0\ucrt\stdio.h
注意: 包含文件:        C:\Program Files (x86)\Windows Kits\10\include\10.0.26100.0\ucrt\corecrt_wstdio.h
注意: 包含文件:         C:\Program Files (x86)\Windows Kits\10\include\10.0.26100.0\ucrt\corecrt_stdio_config.h
注意: 包含文件:      C:\Program Files (x86)\Windows Kits\10\include\10.0.26100.0\ucrt\wchar.h
注意: 包含文件:       C:\Program Files (x86)\Windows Kits\10\include\10.0.26100.0\ucrt\corecrt_wconio.h
注意: 包含文件:       C:\Program Files (x86)\Windows Kits\10\include\10.0.26100.0\ucrt\corecrt_wctype.h
注意: 包含文件:       C:\Program Files (x86)\Windows Kits\10\include\10.0.26100.0\ucrt\corecrt_wdirect.h
注意: 包含文件:       C:\Program Files (x86)\Windows Kits\10\include\10.0.26100.0\ucrt\corecrt_wio.h
注意: 包含文件:        C:\Program Files (x86)\Windows Kits\10\include\10.0.26100.0\ucrt\corecrt_share.h
注意: 包含文件:       C:\Program Files (x86)\Windows Kits\10\include\10.0.26100.0\ucrt\corecrt_wprocess.h
注意: 包含文件:       C:\Program Files (x86)\Windows Kits\10\include\10.0.26100.0\ucrt\corecrt_wtime.h
注意: 包含文件:       C:\Program Files (x86)\Windows Kits\10\include\10.0.26100.0\ucrt\sys/stat.h
注意: 包含文件:        C:\Program Files (x86)\Windows Kits\10\include\10.0.26100.0\ucrt\sys/types.h
注意: 包含文件:       C:\Program Files (x86)\Microsoft Visual Studio\2022\BuildTools\VC\Tools\MSVC\14.44.35207\include\intrin.h
注意: 包含文件:        C:\Program Files (x86)\Microsoft Visual Studio\2022\BuildTools\VC\Tools\MSVC\14.44.35207\include\intrin0.inl.h
注意: 包含文件:        C:\Program Files (x86)\Microsoft Visual Studio\2022\BuildTools\VC\Tools\MSVC\14.44.35207\include\setjmp.h
注意: 包含文件:        C:\Program Files (x86)\Microsoft Visual Studio\2022\BuildTools\VC\Tools\MSVC\14.44.35207\include\immintrin.h
注意: 包含文件:         C:\Program Files (x86)\Microsoft Visual Studio\2022\BuildTools\VC\Tools\MSVC\14.44.35207\include\wmmintrin.h
注意: 包含文件:          C:\Program Files (x86)\Microsoft Visual Studio\2022\BuildTools\VC\Tools\MSVC\14.44.35207\include\nmmintrin.h
注意: 包含文件:           C:\Program Files (x86)\Microsoft Visual Studio\2022\BuildTools\VC\Tools\MSVC\14.44.35207\include\smmintrin.h
注意: 包含文件:            C:\Program Files (x86)\Microsoft Visual Studio\2022\BuildTools\VC\Tools\MSVC\14.44.35207\include\tmmintrin.h
注意: 包含文件:             C:\Program Files (x86)\Microsoft Visual Studio\2022\BuildTools\VC\Tools\MSVC\14.44.35207\include\pmmintrin.h
注意: 包含文件:              C:\Program Files (x86)\Microsoft Visual Studio\2022\BuildTools\VC\Tools\MSVC\14.44.35207\include\emmintrin.h
注意: 包含文件:               C:\Program Files (x86)\Microsoft Visual Studio\2022\BuildTools\VC\Tools\MSVC\14.44.35207\include\xmmintrin.h
注意: 包含文件:                C:\Program Files (x86)\Microsoft Visual Studio\2022\BuildTools\VC\Tools\MSVC\14.44.35207\include\mmintrin.h
注意: 包含文件:                C:\Program Files (x86)\Windows Kits\10\include\10.0.26100.0\ucrt\malloc.h
注意: 包含文件:         C:\Program Files (x86)\Microsoft Visual Studio\2022\BuildTools\VC\Tools\MSVC\14.44.35207\include\zmmintrin.h
注意: 包含文件:        C:\Program Files (x86)\Microsoft Visual Studio\2022\BuildTools\VC\Tools\MSVC\14.44.35207\include\ammintrin.h
注意: 包含文件:   C:\Program Files (x86)\Microsoft Visual Studio\2022\BuildTools\VC\Tools\MSVC\14.44.35207\include\__msvc_minmax.hpp
注意: 包含文件:   C:\Program Files (x86)\Microsoft Visual Studio\2022\BuildTools\VC\Tools\MSVC\14.44.35207\include\xmemory
注意: 包含文件:    C:\Program Files (x86)\Microsoft Visual Studio\2022\BuildTools\VC\Tools\MSVC\14.44.35207\include\limits
注意: 包含文件:     C:\Program Files (x86)\Microsoft Visual Studio\2022\BuildTools\VC\Tools\MSVC\14.44.35207\include\cfloat
注意: 包含文件:      C:\Program Files (x86)\Windows Kits\10\include\10.0.26100.0\ucrt\float.h
注意: 包含文件:     C:\Program Files (x86)\Microsoft Visual Studio\2022\BuildTools\VC\Tools\MSVC\14.44.35207\include\intrin0.h
注意: 包含文件:    C:\Program Files (x86)\Microsoft Visual Studio\2022\BuildTools\VC\Tools\MSVC\14.44.35207\include\new
注意: 包含文件:     C:\Program Files (x86)\Microsoft Visual Studio\2022\BuildTools\VC\Tools\MSVC\14.44.35207\include\exception
注意: 包含文件:      C:\Program Files (x86)\Microsoft Visual Studio\2022\BuildTools\VC\Tools\MSVC\14.44.35207\include\vcruntime_exception.h
注意: 包含文件:       C:\Program Files (x86)\Microsoft Visual Studio\2022\BuildTools\VC\Tools\MSVC\14.44.35207\include\eh.h
注意: 包含文件:        C:\Program Files (x86)\Windows Kits\10\include\10.0.26100.0\ucrt\corecrt_terminate.h
注意: 包含文件:    C:\Program Files (x86)\Microsoft Visual Studio\2022\BuildTools\VC\Tools\MSVC\14.44.35207\include\xatomic.h
注意: 包含文件:  C:\Users\user\output\deepseek-v4部署\fastllm-master\include\utils\utils.h
注意: 包含文件:   C:\Program Files (x86)\Microsoft Visual Studio\2022\BuildTools\VC\Tools\MSVC\14.44.35207\include\cmath
注意: 包含文件:   C:\Program Files (x86)\Microsoft Visual Studio\2022\BuildTools\VC\Tools\MSVC\14.44.35207\include\map
注意: 包含文件:    C:\Program Files (x86)\Microsoft Visual Studio\2022\BuildTools\VC\Tools\MSVC\14.44.35207\include\tuple
注意: 包含文件:    C:\Program Files (x86)\Microsoft Visual Studio\2022\BuildTools\VC\Tools\MSVC\14.44.35207\include\xtree
注意: 包含文件:     C:\Program Files (x86)\Microsoft Visual Studio\2022\BuildTools\VC\Tools\MSVC\14.44.35207\include\xnode_handle.h
注意: 包含文件:    C:\Program Files (x86)\Microsoft Visual Studio\2022\BuildTools\VC\Tools\MSVC\14.44.35207\include\xpolymorphic_allocator.h
注意: 包含文件:   C:\Program Files (x86)\Microsoft Visual Studio\2022\BuildTools\VC\Tools\MSVC\14.44.35207\include\chrono
注意: 包含文件:    C:\Program Files (x86)\Microsoft Visual Studio\2022\BuildTools\VC\Tools\MSVC\14.44.35207\include\__msvc_chrono.hpp
注意: 包含文件:     C:\Program Files (x86)\Microsoft Visual Studio\2022\BuildTools\VC\Tools\MSVC\14.44.35207\include\ctime
注意: 包含文件:      C:\Program Files (x86)\Windows Kits\10\include\10.0.26100.0\ucrt\time.h
注意: 包含文件:     C:\Program Files (x86)\Microsoft Visual Studio\2022\BuildTools\VC\Tools\MSVC\14.44.35207\include\ratio
注意: 包含文件:     C:\Program Files (x86)\Microsoft Visual Studio\2022\BuildTools\VC\Tools\MSVC\14.44.35207\include\xtimec.h
注意: 包含文件:    C:\Program Files (x86)\Microsoft Visual Studio\2022\BuildTools\VC\Tools\MSVC\14.44.35207\include\system_error
注意: 包含文件:     C:\Program Files (x86)\Microsoft Visual Studio\2022\BuildTools\VC\Tools\MSVC\14.44.35207\include\__msvc_system_error_abi.hpp
注意: 包含文件:     C:\Program Files (x86)\Microsoft Visual Studio\2022\BuildTools\VC\Tools\MSVC\14.44.35207\include\cerrno
注意: 包含文件:     C:\Program Files (x86)\Microsoft Visual Studio\2022\BuildTools\VC\Tools\MSVC\14.44.35207\include\stdexcept
注意: 包含文件:      C:\Program Files (x86)\Microsoft Visual Studio\2022\BuildTools\VC\Tools\MSVC\14.44.35207\include\xstring
注意: 包含文件:       C:\Program Files (x86)\Microsoft Visual Studio\2022\BuildTools\VC\Tools\MSVC\14.44.35207\include\__msvc_sanitizer_annotate_container.hpp
注意: 包含文件:       C:\Program Files (x86)\Microsoft Visual Studio\2022\BuildTools\VC\Tools\MSVC\14.44.35207\include\__msvc_string_view.hpp
注意: 包含文件:        C:\Program Files (x86)\Microsoft Visual Studio\2022\BuildTools\VC\Tools\MSVC\14.44.35207\include\iosfwd
注意: 包含文件:     C:\Program Files (x86)\Microsoft Visual Studio\2022\BuildTools\VC\Tools\MSVC\14.44.35207\include\xcall_once.h
注意: 包含文件:     C:\Program Files (x86)\Microsoft Visual Studio\2022\BuildTools\VC\Tools\MSVC\14.44.35207\include\xerrc.h
注意: 包含文件:     C:\Program Files (x86)\Microsoft Visual Studio\2022\BuildTools\VC\Tools\MSVC\14.44.35207\include\atomic
注意: 包含文件:      C:\Program Files (x86)\Microsoft Visual Studio\2022\BuildTools\VC\Tools\MSVC\14.44.35207\include\xthreads.h
注意: 包含文件:       C:\Program Files (x86)\Microsoft Visual Studio\2022\BuildTools\VC\Tools\MSVC\14.44.35207\include\__msvc_threads_core.hpp
注意: 包含文件:    C:\Program Files (x86)\Microsoft Visual Studio\2022\BuildTools\VC\Tools\MSVC\14.44.35207\include\xfilesystem_abi.h
注意: 包含文件:   C:\Program Files (x86)\Microsoft Visual Studio\2022\BuildTools\VC\Tools\MSVC\14.44.35207\include\string
注意: 包含文件:    C:\Program Files (x86)\Microsoft Visual Studio\2022\BuildTools\VC\Tools\MSVC\14.44.35207\include\cctype
注意: 包含文件:     C:\Program Files (x86)\Windows Kits\10\include\10.0.26100.0\ucrt\ctype.h
注意: 包含文件:   C:\Program Files (x86)\Windows Kits\10\include\10.0.26100.0\ucrt\fcntl.h
注意: 包含文件:   C:\Program Files (x86)\Microsoft Visual Studio\2022\BuildTools\VC\Tools\MSVC\14.44.35207\include\thread
注意: 包含文件:    C:\Program Files (x86)\Microsoft Visual Studio\2022\BuildTools\VC\Tools\MSVC\14.44.35207\include\memory
注意: 包含文件:     C:\Program Files (x86)\Microsoft Visual Studio\2022\BuildTools\VC\Tools\MSVC\14.44.35207\include\typeinfo
注意: 包含文件:      C:\Program Files (x86)\Microsoft Visual Studio\2022\BuildTools\VC\Tools\MSVC\14.44.35207\include\vcruntime_typeinfo.h
注意: 包含文件:    C:\Program Files (x86)\Windows Kits\10\include\10.0.26100.0\ucrt\process.h
注意: 包含文件:     C:\Program Files (x86)\Windows Kits\10\include\10.0.26100.0\ucrt\corecrt_startup.h
注意: 包含文件:      C:\Program Files (x86)\Windows Kits\10\include\10.0.26100.0\ucrt\math.h
注意: 包含文件:      C:\Program Files (x86)\Microsoft Visual Studio\2022\BuildTools\VC\Tools\MSVC\14.44.35207\include\vcruntime_startup.h
注意: 包含文件:   C:\Program Files (x86)\Microsoft Visual Studio\2022\BuildTools\VC\Tools\MSVC\14.44.35207\include\vector
注意: 包含文件:    C:\Program Files (x86)\Microsoft Visual Studio\2022\BuildTools\VC\Tools\MSVC\14.44.35207\include\__msvc_bit_utils.hpp
注意: 包含文件:   C:\Program Files (x86)\Microsoft Visual Studio\2022\BuildTools\VC\Tools\MSVC\14.44.35207\include\deque
注意: 包含文件:   C:\Program Files (x86)\Microsoft Visual Studio\2022\BuildTools\VC\Tools\MSVC\14.44.35207\include\array
注意: 包含文件:   C:\Program Files (x86)\Microsoft Visual Studio\2022\BuildTools\VC\Tools\MSVC\14.44.35207\include\filesystem
注意: 包含文件:    C:\Program Files (x86)\Microsoft Visual Studio\2022\BuildTools\VC\Tools\MSVC\14.44.35207\include\iomanip
注意: 包含文件:     C:\Program Files (x86)\Microsoft Visual Studio\2022\BuildTools\VC\Tools\MSVC\14.44.35207\include\istream
注意: 包含文件:      C:\Program Files (x86)\Microsoft Visual Studio\2022\BuildTools\VC\Tools\MSVC\14.44.35207\include\__msvc_ostream.hpp
注意: 包含文件:       C:\Program Files (x86)\Microsoft Visual Studio\2022\BuildTools\VC\Tools\MSVC\14.44.35207\include\ios
注意: 包含文件:        C:\Program Files (x86)\Microsoft Visual Studio\2022\BuildTools\VC\Tools\MSVC\14.44.35207\include\xlocnum
注意: 包含文件:         C:\Program Files (x86)\Microsoft Visual Studio\2022\BuildTools\VC\Tools\MSVC\14.44.35207\include\iterator
注意: 包含文件:         C:\Program Files (x86)\Microsoft Visual Studio\2022\BuildTools\VC\Tools\MSVC\14.44.35207\include\streambuf
注意: 包含文件:          C:\Program Files (x86)\Microsoft Visual Studio\2022\BuildTools\VC\Tools\MSVC\14.44.35207\include\xiosbase
注意: 包含文件:           C:\Program Files (x86)\Windows Kits\10\include\10.0.26100.0\ucrt\share.h
注意: 包含文件:           C:\Program Files (x86)\Microsoft Visual Studio\2022\BuildTools\VC\Tools\MSVC\14.44.35207\include\xlocale
注意: 包含文件:            C:\Program Files (x86)\Microsoft Visual Studio\2022\BuildTools\VC\Tools\MSVC\14.44.35207\include\xfacet
注意: 包含文件:            C:\Program Files (x86)\Microsoft Visual Studio\2022\BuildTools\VC\Tools\MSVC\14.44.35207\include\xlocinfo
注意: 包含文件:             C:\Program Files (x86)\Microsoft Visual Studio\2022\BuildTools\VC\Tools\MSVC\14.44.35207\include\__msvc_xlocinfo_types.hpp
注意: 包含文件:             C:\Program Files (x86)\Microsoft Visual Studio\2022\BuildTools\VC\Tools\MSVC\14.44.35207\include\clocale
注意: 包含文件:              C:\Program Files (x86)\Windows Kits\10\include\10.0.26100.0\ucrt\locale.h
注意: 包含文件:     C:\Program Files (x86)\Microsoft Visual Studio\2022\BuildTools\VC\Tools\MSVC\14.44.35207\include\xlocmon
注意: 包含文件:     C:\Program Files (x86)\Microsoft Visual Studio\2022\BuildTools\VC\Tools\MSVC\14.44.35207\include\xloctime
注意: 包含文件:    C:\Program Files (x86)\Microsoft Visual Studio\2022\BuildTools\VC\Tools\MSVC\14.44.35207\include\locale
注意: 包含文件:     C:\Program Files (x86)\Microsoft Visual Studio\2022\BuildTools\VC\Tools\MSVC\14.44.35207\include\xlocbuf
注意: 包含文件:     C:\Program Files (x86)\Microsoft Visual Studio\2022\BuildTools\VC\Tools\MSVC\14.44.35207\include\xlocmes
C:\Users\user\output\deepseek-v4部署\fastllm-master\include\utils\utils.h(30): warning C4067: 预处理器指令后有意外标记 - 应输入换行符
注意: 包含文件:   C:\Program Files (x86)\Windows Kits\10\\include\10.0.26100.0\\um\Windows.h
注意: 包含文件:    C:\Program Files (x86)\Windows Kits\10\\include\10.0.26100.0\\shared\winapifamily.h
注意: 包含文件:     C:\Program Files (x86)\Windows Kits\10\\include\10.0.26100.0\\shared\winpackagefamily.h
注意: 包含文件:    C:\Program Files (x86)\Windows Kits\10\\include\10.0.26100.0\\shared\sdkddkver.h
注意: 包含文件:    C:\Program Files (x86)\Microsoft Visual Studio\2022\BuildTools\VC\Tools\MSVC\14.44.35207\include\excpt.h
注意: 包含文件:    C:\Program Files (x86)\Microsoft Visual Studio\2022\BuildTools\VC\Tools\MSVC\14.44.35207\include\stdarg.h
注意: 包含文件:    C:\Program Files (x86)\Windows Kits\10\\include\10.0.26100.0\\shared\windef.h
注意: 包含文件:     C:\Program Files (x86)\Windows Kits\10\\include\10.0.26100.0\\shared\minwindef.h
注意: 包含文件:      C:\Program Files (x86)\Windows Kits\10\\include\10.0.26100.0\\shared\specstrings.h
注意: 包含文件:       C:\Program Files (x86)\Windows Kits\10\\include\10.0.26100.0\\shared\specstrings_strict.h
注意: 包含文件:        C:\Program Files (x86)\Windows Kits\10\\include\10.0.26100.0\\shared\specstrings_undef.h
注意: 包含文件:       C:\Program Files (x86)\Windows Kits\10\\include\10.0.26100.0\\shared\driverspecs.h
注意: 包含文件:        C:\Program Files (x86)\Windows Kits\10\include\10.0.26100.0\shared\sdv_driverspecs.h
注意: 包含文件:      C:\Program Files (x86)\Windows Kits\10\\include\10.0.26100.0\\um\winnt.h
注意: 包含文件:       C:\Program Files (x86)\Windows Kits\10\\include\10.0.26100.0\\shared\kernelspecs.h
注意: 包含文件:       C:\Program Files (x86)\Windows Kits\10\\include\10.0.26100.0\\shared\basetsd.h
注意: 包含文件:       C:\Program Files (x86)\Windows Kits\10\\include\10.0.26100.0\\shared\guiddef.h
注意: 包含文件:       C:\Program Files (x86)\Windows Kits\10\include\10.0.26100.0\shared\pshpack4.h
注意: 包含文件:       C:\Program Files (x86)\Windows Kits\10\include\10.0.26100.0\shared\poppack.h
注意: 包含文件:       C:\Program Files (x86)\Windows Kits\10\\include\10.0.26100.0\\shared\pshpack4.h
注意: 包含文件:       C:\Program Files (x86)\Windows Kits\10\\include\10.0.26100.0\\shared\poppack.h
注意: 包含文件:       C:\Program Files (x86)\Windows Kits\10\include\10.0.26100.0\shared\pshpack4.h
注意: 包含文件:       C:\Program Files (x86)\Windows Kits\10\include\10.0.26100.0\shared\pshpack2.h
注意: 包含文件:       C:\Program Files (x86)\Windows Kits\10\include\10.0.26100.0\shared\poppack.h
注意: 包含文件:       C:\Program Files (x86)\Windows Kits\10\include\10.0.26100.0\shared\pshpack2.h
注意: 包含文件:       C:\Program Files (x86)\Windows Kits\10\\include\10.0.26100.0\\shared\pshpack2.h
注意: 包含文件:       C:\Program Files (x86)\Windows Kits\10\\include\10.0.26100.0\\shared\poppack.h
注意: 包含文件:       C:\Program Files (x86)\Windows Kits\10\include\10.0.26100.0\shared\poppack.h
注意: 包含文件:       C:\Program Files (x86)\Windows Kits\10\include\10.0.26100.0\shared\pshpack8.h
注意: 包含文件:       C:\Program Files (x86)\Windows Kits\10\include\10.0.26100.0\shared\poppack.h
注意: 包含文件:       C:\Program Files (x86)\Windows Kits\10\include\10.0.26100.0\shared\pshpack1.h
注意: 包含文件:       C:\Program Files (x86)\Windows Kits\10\include\10.0.26100.0\shared\poppack.h
注意: 包含文件:       C:\Program Files (x86)\Windows Kits\10\include\10.0.26100.0\shared\pshpack1.h
注意: 包含文件:       C:\Program Files (x86)\Windows Kits\10\include\10.0.26100.0\shared\poppack.h
注意: 包含文件:       C:\Program Files (x86)\Windows Kits\10\include\10.0.26100.0\shared\poppack.h
注意: 包含文件:       C:\Program Files (x86)\Windows Kits\10\\include\10.0.26100.0\\shared\apiset.h
注意: 包含文件:       C:\Program Files (x86)\Windows Kits\10\\include\10.0.26100.0\\shared\ktmtypes.h
注意: 包含文件:    C:\Program Files (x86)\Windows Kits\10\\include\10.0.26100.0\\um\winbase.h
注意: 包含文件:     C:\Program Files (x86)\Windows Kits\10\\include\10.0.26100.0\\shared\apisetcconv.h
注意: 包含文件:     C:\Program Files (x86)\Windows Kits\10\\include\10.0.26100.0\\um\minwinbase.h
注意: 包含文件:     C:\Program Files (x86)\Windows Kits\10\\include\10.0.26100.0\\um\apiquery2.h
注意: 包含文件:     C:\Program Files (x86)\Windows Kits\10\\include\10.0.26100.0\\um\processenv.h
注意: 包含文件:     C:\Program Files (x86)\Windows Kits\10\\include\10.0.26100.0\\um\fileapifromapp.h
注意: 包含文件:      C:\Program Files (x86)\Windows Kits\10\\include\10.0.26100.0\\um\fileapi.h
注意: 包含文件:     C:\Program Files (x86)\Windows Kits\10\\include\10.0.26100.0\\um\debugapi.h
注意: 包含文件:     C:\Program Files (x86)\Windows Kits\10\\include\10.0.26100.0\\um\utilapiset.h
注意: 包含文件:     C:\Program Files (x86)\Windows Kits\10\\include\10.0.26100.0\\um\handleapi.h
注意: 包含文件:     C:\Program Files (x86)\Windows Kits\10\\include\10.0.26100.0\\um\errhandlingapi.h
注意: 包含文件:     C:\Program Files (x86)\Windows Kits\10\\include\10.0.26100.0\\um\fibersapi.h
注意: 包含文件:     C:\Program Files (x86)\Windows Kits\10\\include\10.0.26100.0\\um\namedpipeapi.h
注意: 包含文件:     C:\Program Files (x86)\Windows Kits\10\\include\10.0.26100.0\\um\profileapi.h
注意: 包含文件:     C:\Program Files (x86)\Windows Kits\10\\include\10.0.26100.0\\um\heapapi.h
注意: 包含文件:     C:\Program Files (x86)\Windows Kits\10\\include\10.0.26100.0\\um\ioapiset.h
注意: 包含文件:     C:\Program Files (x86)\Windows Kits\10\\include\10.0.26100.0\\um\synchapi.h
注意: 包含文件:     C:\Program Files (x86)\Windows Kits\10\\include\10.0.26100.0\\um\interlockedapi.h
注意: 包含文件:     C:\Program Files (x86)\Windows Kits\10\\include\10.0.26100.0\\um\processthreadsapi.h
注意: 包含文件:     C:\Program Files (x86)\Windows Kits\10\\include\10.0.26100.0\\um\sysinfoapi.h
注意: 包含文件:     C:\Program Files (x86)\Windows Kits\10\\include\10.0.26100.0\\um\memoryapi.h
注意: 包含文件:     C:\Program Files (x86)\Windows Kits\10\\include\10.0.26100.0\\um\enclaveapi.h
注意: 包含文件:     C:\Program Files (x86)\Windows Kits\10\\include\10.0.26100.0\\um\threadpoollegacyapiset.h
注意: 包含文件:     C:\Program Files (x86)\Windows Kits\10\\include\10.0.26100.0\\um\threadpoolapiset.h
注意: 包含文件:     C:\Program Files (x86)\Windows Kits\10\\include\10.0.26100.0\\um\jobapi.h
注意: 包含文件:     C:\Program Files (x86)\Windows Kits\10\\include\10.0.26100.0\\um\jobapi2.h
注意: 包含文件:     C:\Program Files (x86)\Windows Kits\10\\include\10.0.26100.0\\um\wow64apiset.h
注意: 包含文件:     C:\Program Files (x86)\Windows Kits\10\\include\10.0.26100.0\\um\libloaderapi.h
注意: 包含文件:     C:\Program Files (x86)\Windows Kits\10\\include\10.0.26100.0\\um\securitybaseapi.h
注意: 包含文件:     C:\Program Files (x86)\Windows Kits\10\\include\10.0.26100.0\\um\namespaceapi.h
注意: 包含文件:     C:\Program Files (x86)\Windows Kits\10\\include\10.0.26100.0\\um\systemtopologyapi.h
注意: 包含文件:     C:\Program Files (x86)\Windows Kits\10\\include\10.0.26100.0\\um\processtopologyapi.h
注意: 包含文件:     C:\Program Files (x86)\Windows Kits\10\\include\10.0.26100.0\\um\securityappcontainer.h
注意: 包含文件:     C:\Program Files (x86)\Windows Kits\10\\include\10.0.26100.0\\um\realtimeapiset.h
注意: 包含文件:     C:\Program Files (x86)\Windows Kits\10\\include\10.0.26100.0\\shared\winerror.h
注意: 包含文件:     C:\Program Files (x86)\Windows Kits\10\\include\10.0.26100.0\\um\timezoneapi.h
注意: 包含文件:    C:\Program Files (x86)\Windows Kits\10\\include\10.0.26100.0\\um\wingdi.h
注意: 包含文件:     C:\Program Files (x86)\Windows Kits\10\\include\10.0.26100.0\\shared\pshpack1.h
注意: 包含文件:     C:\Program Files (x86)\Windows Kits\10\\include\10.0.26100.0\\shared\poppack.h
注意: 包含文件:     C:\Program Files (x86)\Windows Kits\10\\include\10.0.26100.0\\shared\pshpack2.h
注意: 包含文件:     C:\Program Files (x86)\Windows Kits\10\\include\10.0.26100.0\\shared\poppack.h
注意: 包含文件:     C:\Program Files (x86)\Windows Kits\10\\include\10.0.26100.0\\shared\pshpack2.h
注意: 包含文件:     C:\Program Files (x86)\Windows Kits\10\\include\10.0.26100.0\\shared\poppack.h
注意: 包含文件:     C:\Program Files (x86)\Windows Kits\10\\include\10.0.26100.0\\shared\pshpack4.h
注意: 包含文件:     C:\Program Files (x86)\Windows Kits\10\\include\10.0.26100.0\\shared\poppack.h
注意: 包含文件:     C:\Program Files (x86)\Windows Kits\10\\include\10.0.26100.0\\shared\pshpack4.h
注意: 包含文件:     C:\Program Files (x86)\Windows Kits\10\\include\10.0.26100.0\\shared\poppack.h
注意: 包含文件:    C:\Program Files (x86)\Windows Kits\10\\include\10.0.26100.0\\um\winuser.h
注意: 包含文件:     C:\Program Files (x86)\Windows Kits\10\\include\10.0.26100.0\\shared\pshpack2.h
注意: 包含文件:     C:\Program Files (x86)\Windows Kits\10\\include\10.0.26100.0\\shared\poppack.h
注意: 包含文件:     C:\Program Files (x86)\Windows Kits\10\\include\10.0.26100.0\\shared\tvout.h
注意: 包含文件:    C:\Program Files (x86)\Windows Kits\10\\include\10.0.26100.0\\um\winnls.h
注意: 包含文件:     C:\Program Files (x86)\Windows Kits\10\\include\10.0.26100.0\\um\datetimeapi.h
注意: 包含文件:     C:\Program Files (x86)\Windows Kits\10\\include\10.0.26100.0\\um\stringapiset.h
注意: 包含文件:      C:\Program Files (x86)\Windows Kits\10\\include\10.0.26100.0\\um\winnls.h
注意: 包含文件:    C:\Program Files (x86)\Windows Kits\10\\include\10.0.26100.0\\um\wincon.h
注意: 包含文件:     C:\Program Files (x86)\Windows Kits\10\\include\10.0.26100.0\\um\wincontypes.h
注意: 包含文件:     C:\Program Files (x86)\Windows Kits\10\\include\10.0.26100.0\\um\consoleapi.h
注意: 包含文件:     C:\Program Files (x86)\Windows Kits\10\\include\10.0.26100.0\\um\consoleapi2.h
注意: 包含文件:     C:\Program Files (x86)\Windows Kits\10\\include\10.0.26100.0\\um\consoleapi3.h
注意: 包含文件:    C:\Program Files (x86)\Windows Kits\10\\include\10.0.26100.0\\um\winver.h
注意: 包含文件:     C:\Program Files (x86)\Windows Kits\10\\include\10.0.26100.0\\um\verrsrc.h
注意: 包含文件:    C:\Program Files (x86)\Windows Kits\10\\include\10.0.26100.0\\um\winreg.h
注意: 包含文件:     C:\Program Files (x86)\Windows Kits\10\\include\10.0.26100.0\\um\reason.h
注意: 包含文件:    C:\Program Files (x86)\Windows Kits\10\\include\10.0.26100.0\\um\winnetwk.h
注意: 包含文件:     C:\Program Files (x86)\Windows Kits\10\\include\10.0.26100.0\\shared\wnnc.h
注意: 包含文件:    C:\Program Files (x86)\Windows Kits\10\\include\10.0.26100.0\\shared\cderr.h
注意: 包含文件:    C:\Program Files (x86)\Windows Kits\10\\include\10.0.26100.0\\um\dde.h
注意: 包含文件:    C:\Program Files (x86)\Windows Kits\10\\include\10.0.26100.0\\um\ddeml.h
注意: 包含文件:    C:\Program Files (x86)\Windows Kits\10\\include\10.0.26100.0\\um\dlgs.h
注意: 包含文件:    C:\Program Files (x86)\Windows Kits\10\\include\10.0.26100.0\\um\lzexpand.h
注意: 包含文件:    C:\Program Files (x86)\Windows Kits\10\\include\10.0.26100.0\\um\mmsystem.h
注意: 包含文件:     C:\Program Files (x86)\Windows Kits\10\\include\10.0.26100.0\\um\mmsyscom.h
注意: 包含文件:      C:\Program Files (x86)\Windows Kits\10\\include\10.0.26100.0\\shared\pshpack1.h
注意: 包含文件:      C:\Program Files (x86)\Windows Kits\10\\include\10.0.26100.0\\shared\poppack.h
注意: 包含文件:     C:\Program Files (x86)\Windows Kits\10\\include\10.0.26100.0\\shared\pshpack1.h
注意: 包含文件:     C:\Program Files (x86)\Windows Kits\10\\include\10.0.26100.0\\um\mciapi.h
注意: 包含文件:      C:\Program Files (x86)\Windows Kits\10\\include\10.0.26100.0\\um\mmsyscom.h
注意: 包含文件:     C:\Program Files (x86)\Windows Kits\10\\include\10.0.26100.0\\um\mmiscapi.h
注意: 包含文件:      C:\Program Files (x86)\Windows Kits\10\\include\10.0.26100.0\\um\mmsyscom.h
注意: 包含文件:     C:\Program Files (x86)\Windows Kits\10\\include\10.0.26100.0\\um\mmiscapi2.h
注意: 包含文件:      C:\Program Files (x86)\Windows Kits\10\\include\10.0.26100.0\\um\mmsyscom.h
注意: 包含文件:     C:\Program Files (x86)\Windows Kits\10\\include\10.0.26100.0\\um\playsoundapi.h
注意: 包含文件:      C:\Program Files (x86)\Windows Kits\10\\include\10.0.26100.0\\um\mmsyscom.h
注意: 包含文件:     C:\Program Files (x86)\Windows Kits\10\\include\10.0.26100.0\\um\mmeapi.h
注意: 包含文件:      C:\Program Files (x86)\Windows Kits\10\\include\10.0.26100.0\\um\mmsyscom.h
注意: 包含文件:     C:\Program Files (x86)\Windows Kits\10\\include\10.0.26100.0\\um\timeapi.h
注意: 包含文件:      C:\Program Files (x86)\Windows Kits\10\\include\10.0.26100.0\\um\mmsyscom.h
注意: 包含文件:     C:\Program Files (x86)\Windows Kits\10\\include\10.0.26100.0\\um\joystickapi.h
注意: 包含文件:      C:\Program Files (x86)\Windows Kits\10\\include\10.0.26100.0\\um\mmsyscom.h
注意: 包含文件:     C:\Program Files (x86)\Windows Kits\10\\include\10.0.26100.0\\shared\poppack.h
注意: 包含文件:    C:\Program Files (x86)\Windows Kits\10\\include\10.0.26100.0\\um\nb30.h
注意: 包含文件:    C:\Program Files (x86)\Windows Kits\10\\include\10.0.26100.0\\shared\rpc.h
注意: 包含文件:     C:\Program Files (x86)\Windows Kits\10\\include\10.0.26100.0\\shared\pshpack8.h
注意: 包含文件:     C:\Program Files (x86)\Windows Kits\10\\include\10.0.26100.0\\shared\rpcdce.h
注意: 包含文件:      C:\Program Files (x86)\Windows Kits\10\\include\10.0.26100.0\\shared\rpcdcep.h
注意: 包含文件:     C:\Program Files (x86)\Windows Kits\10\\include\10.0.26100.0\\um\rpcnsi.h
注意: 包含文件:     C:\Program Files (x86)\Windows Kits\10\\include\10.0.26100.0\\shared\rpcnterr.h
注意: 包含文件:     C:\Program Files (x86)\Windows Kits\10\\include\10.0.26100.0\\shared\rpcasync.h
注意: 包含文件:      C:\Program Files (x86)\Windows Kits\10\\include\10.0.26100.0\\shared\pshpack8.h
注意: 包含文件:      C:\Program Files (x86)\Windows Kits\10\\include\10.0.26100.0\\shared\poppack.h
注意: 包含文件:     C:\Program Files (x86)\Windows Kits\10\\include\10.0.26100.0\\shared\poppack.h
注意: 包含文件:    C:\Program Files (x86)\Windows Kits\10\\include\10.0.26100.0\\um\shellapi.h
注意: 包含文件:    C:\Program Files (x86)\Windows Kits\10\\include\10.0.26100.0\\um\winperf.h
注意: 包含文件:     C:\Program Files (x86)\Windows Kits\10\\include\10.0.26100.0\\shared\pshpack8.h
注意: 包含文件:     C:\Program Files (x86)\Windows Kits\10\\include\10.0.26100.0\\shared\poppack.h
注意: 包含文件:    C:\Program Files (x86)\Windows Kits\10\\include\10.0.26100.0\\um\winsock.h
注意: 包含文件:     C:\Program Files (x86)\Windows Kits\10\\include\10.0.26100.0\\shared\inaddr.h
注意: 包含文件:    C:\Program Files (x86)\Windows Kits\10\\include\10.0.26100.0\\um\wincrypt.h
注意: 包含文件:     C:\Program Files (x86)\Windows Kits\10\\include\10.0.26100.0\\shared\bcrypt.h
注意: 包含文件:     C:\Program Files (x86)\Windows Kits\10\\include\10.0.26100.0\\um\ncrypt.h
注意: 包含文件:     C:\Program Files (x86)\Windows Kits\10\\include\10.0.26100.0\\um\dpapi.h
注意: 包含文件:    C:\Program Files (x86)\Windows Kits\10\\include\10.0.26100.0\\um\winefs.h
注意: 包含文件:    C:\Program Files (x86)\Windows Kits\10\\include\10.0.26100.0\\um\winscard.h
注意: 包含文件:     C:\Program Files (x86)\Windows Kits\10\\include\10.0.26100.0\\shared\wtypes.h
注意: 包含文件:      C:\Program Files (x86)\Windows Kits\10\include\10.0.26100.0\shared\rpcndr.h
注意: 包含文件:       C:\Program Files (x86)\Windows Kits\10\\include\10.0.26100.0\\shared\pshpack8.h
注意: 包含文件:       C:\Program Files (x86)\Windows Kits\10\\include\10.0.26100.0\\um\rpcnsip.h
注意: 包含文件:       C:\Program Files (x86)\Windows Kits\10\\include\10.0.26100.0\\shared\rpcsal.h
注意: 包含文件:       C:\Program Files (x86)\Windows Kits\10\\include\10.0.26100.0\\shared\poppack.h
注意: 包含文件:      C:\Program Files (x86)\Windows Kits\10\include\10.0.26100.0\shared\wtypesbase.h
注意: 包含文件:       C:\Program Files (x86)\Windows Kits\10\include\10.0.26100.0\shared\guiddef.h
注意: 包含文件:     C:\Program Files (x86)\Windows Kits\10\\include\10.0.26100.0\\um\winioctl.h
注意: 包含文件:      C:\Program Files (x86)\Windows Kits\10\\include\10.0.26100.0\\shared\pshpack1.h
注意: 包含文件:      C:\Program Files (x86)\Windows Kits\10\\include\10.0.26100.0\\shared\poppack.h
注意: 包含文件:      C:\Program Files (x86)\Windows Kits\10\\include\10.0.26100.0\\shared\pshpack1.h
注意: 包含文件:      C:\Program Files (x86)\Windows Kits\10\\include\10.0.26100.0\\shared\poppack.h
注意: 包含文件:      C:\Program Files (x86)\Windows Kits\10\\include\10.0.26100.0\\shared\pshpack1.h
注意: 包含文件:      C:\Program Files (x86)\Windows Kits\10\\include\10.0.26100.0\\shared\poppack.h
注意: 包含文件:      C:\Program Files (x86)\Windows Kits\10\\include\10.0.26100.0\\shared\pshpack1.h
注意: 包含文件:      C:\Program Files (x86)\Windows Kits\10\\include\10.0.26100.0\\shared\poppack.h
注意: 包含文件:      C:\Program Files (x86)\Windows Kits\10\\include\10.0.26100.0\\shared\pshpack1.h
注意: 包含文件:      C:\Program Files (x86)\Windows Kits\10\\include\10.0.26100.0\\shared\poppack.h
注意: 包含文件:      C:\Program Files (x86)\Windows Kits\10\\include\10.0.26100.0\\shared\pshpack1.h
注意: 包含文件:      C:\Program Files (x86)\Windows Kits\10\\include\10.0.26100.0\\shared\poppack.h
注意: 包含文件:      C:\Program Files (x86)\Windows Kits\10\\include\10.0.26100.0\\shared\pshpack1.h
注意: 包含文件:      C:\Program Files (x86)\Windows Kits\10\\include\10.0.26100.0\\shared\poppack.h
注意: 包含文件:     C:\Program Files (x86)\Windows Kits\10\\include\10.0.26100.0\\shared\winsmcrd.h
注意: 包含文件:    C:\Program Files (x86)\Windows Kits\10\\include\10.0.26100.0\\um\winspool.h
注意: 包含文件:     C:\Program Files (x86)\Windows Kits\10\\include\10.0.26100.0\\um\prsht.h
注意: 包含文件:      C:\Program Files (x86)\Windows Kits\10\\include\10.0.26100.0\\shared\pshpack8.h
注意: 包含文件:      C:\Program Files (x86)\Windows Kits\10\\include\10.0.26100.0\\shared\poppack.h
注意: 包含文件:    C:\Program Files (x86)\Windows Kits\10\\include\10.0.26100.0\\um\ole2.h
注意: 包含文件:     C:\Program Files (x86)\Windows Kits\10\\include\10.0.26100.0\\shared\pshpack8.h
注意: 包含文件:     C:\Program Files (x86)\Windows Kits\10\\include\10.0.26100.0\\um\objbase.h
注意: 包含文件:      C:\Program Files (x86)\Windows Kits\10\\include\10.0.26100.0\\shared\pshpack8.h
注意: 包含文件:      C:\Program Files (x86)\Windows Kits\10\\include\10.0.26100.0\\um\combaseapi.h
注意: 包含文件:       C:\Program Files (x86)\Windows Kits\10\\include\10.0.26100.0\\shared\pshpack8.h
注意: 包含文件:       C:\Program Files (x86)\Windows Kits\10\\include\10.0.26100.0\\um\unknwnbase.h
注意: 包含文件:       C:\Program Files (x86)\Windows Kits\10\\include\10.0.26100.0\\um\objidlbase.h
注意: 包含文件:       C:\Program Files (x86)\Windows Kits\10\\include\10.0.26100.0\\shared\guiddef.h
注意: 包含文件:       C:\Program Files (x86)\Windows Kits\10\\include\10.0.26100.0\\um\cguid.h
注意: 包含文件:       C:\Program Files (x86)\Windows Kits\10\\include\10.0.26100.0\\shared\poppack.h
注意: 包含文件:      C:\Program Files (x86)\Windows Kits\10\\include\10.0.26100.0\\um\coml2api.h
注意: 包含文件:       C:\Program Files (x86)\Windows Kits\10\\include\10.0.26100.0\\um\objidl.h
注意: 包含文件:        C:\Program Files (x86)\Windows Kits\10\include\10.0.26100.0\um\unknwn.h
注意: 包含文件:       C:\Program Files (x86)\Windows Kits\10\\include\10.0.26100.0\\um\propidlbase.h
注意: 包含文件:        C:\Program Files (x86)\Windows Kits\10\include\10.0.26100.0\um\oaidl.h
注意: 包含文件:      C:\Program Files (x86)\Windows Kits\10\\include\10.0.26100.0\\um\urlmon.h
注意: 包含文件:       C:\Program Files (x86)\Windows Kits\10\include\10.0.26100.0\um\oleidl.h
注意: 包含文件:       C:\Program Files (x86)\Windows Kits\10\include\10.0.26100.0\um\servprov.h
注意: 包含文件:       C:\Program Files (x86)\Windows Kits\10\include\10.0.26100.0\um\msxml.h
注意: 包含文件:      C:\Program Files (x86)\Windows Kits\10\\include\10.0.26100.0\\um\propidl.h
注意: 包含文件:      C:\Program Files (x86)\Windows Kits\10\\include\10.0.26100.0\\shared\poppack.h
注意: 包含文件:     C:\Program Files (x86)\Windows Kits\10\\include\10.0.26100.0\\um\oleauto.h
注意: 包含文件:      C:\Program Files (x86)\Windows Kits\10\\include\10.0.26100.0\\shared\pshpack8.h
注意: 包含文件:      C:\Program Files (x86)\Windows Kits\10\\include\10.0.26100.0\\shared\poppack.h
注意: 包含文件:     C:\Program Files (x86)\Windows Kits\10\\include\10.0.26100.0\\shared\poppack.h
注意: 包含文件:    C:\Program Files (x86)\Windows Kits\10\\include\10.0.26100.0\\um\commdlg.h
注意: 包含文件:     C:\Program Files (x86)\Windows Kits\10\\include\10.0.26100.0\\um\prsht.h
注意: 包含文件:    C:\Program Files (x86)\Windows Kits\10\\include\10.0.26100.0\\shared\stralign.h
注意: 包含文件:    C:\Program Files (x86)\Windows Kits\10\\include\10.0.26100.0\\um\winsvc.h
注意: 包含文件:    C:\Program Files (x86)\Windows Kits\10\\include\10.0.26100.0\\um\mcx.h
注意: 包含文件:    C:\Program Files (x86)\Windows Kits\10\\include\10.0.26100.0\\um\imm.h
注意: 包含文件:     C:\Program Files (x86)\Windows Kits\10\\include\10.0.26100.0\\um\ime_cmodes.h
注意: 包含文件:   C:\Program Files (x86)\Windows Kits\10\include\10.0.26100.0\ucrt\io.h
注意: 包含文件:    C:\Program Files (x86)\Windows Kits\10\include\10.0.26100.0\ucrt\corecrt_io.h
C:\Users\user\output\deepseek-v4部署\fastllm-master\include\utils\utils.h(109): warning C4996: '_wfopen': This function or variable may be unsafe. Consider using _wfopen_s instead. To disable deprecation, use _CRT_SECURE_NO_WARNINGS. See online help for details.
C:\Users\user\output\deepseek-v4部署\fastllm-master\include\utils\utils.h(118): warning C4996: '_wopen': This function or variable may be unsafe. Consider using _wsopen_s instead. To disable deprecation, use _CRT_SECURE_NO_WARNINGS. See online help for details.
C:\Users\user\output\deepseek-v4部署\fastllm-master\include\utils\utils.h(150): warning C4244: “return”: 从“double”转换到“float”，可能丢失数据
C:\Users\user\output\deepseek-v4部署\fastllm-master\include\utils\utils.h(355): warning C4267: “初始化”: 从“size_t”转换到“int”，可能丢失数据
C:\Users\user\output\deepseek-v4部署\fastllm-master\include\utils\utils.h(417): warning C4244: “+=”: 从“double”转换到“float”，可能丢失数据
[4/39] Building CXX object CMakeFiles\fastllm_tools.dir\src\devices\cpu\avx512vnni.cpp.obj
注意: 包含文件:  C:\Program Files (x86)\Microsoft Visual Studio\2022\BuildTools\VC\Tools\MSVC\14.44.35207\include\cstdint
注意: 包含文件:   C:\Program Files (x86)\Microsoft Visual Studio\2022\BuildTools\VC\Tools\MSVC\14.44.35207\include\yvals_core.h
注意: 包含文件:    C:\Program Files (x86)\Microsoft Visual Studio\2022\BuildTools\VC\Tools\MSVC\14.44.35207\include\vcruntime.h
注意: 包含文件:     C:\Program Files (x86)\Microsoft Visual Studio\2022\BuildTools\VC\Tools\MSVC\14.44.35207\include\sal.h
注意: 包含文件:      C:\Program Files (x86)\Microsoft Visual Studio\2022\BuildTools\VC\Tools\MSVC\14.44.35207\include\concurrencysal.h
注意: 包含文件:     C:\Program Files (x86)\Microsoft Visual Studio\2022\BuildTools\VC\Tools\MSVC\14.44.35207\include\vadefs.h
注意: 包含文件:    C:\Program Files (x86)\Microsoft Visual Studio\2022\BuildTools\VC\Tools\MSVC\14.44.35207\include\xkeycheck.h
注意: 包含文件:   C:\Program Files (x86)\Microsoft Visual Studio\2022\BuildTools\VC\Tools\MSVC\14.44.35207\include\stdint.h
注意: 包含文件:  C:\Program Files (x86)\Microsoft Visual Studio\2022\BuildTools\VC\Tools\MSVC\14.44.35207\include\algorithm
注意: 包含文件:   C:\Program Files (x86)\Microsoft Visual Studio\2022\BuildTools\VC\Tools\MSVC\14.44.35207\include\__msvc_heap_algorithms.hpp
注意: 包含文件:    C:\Program Files (x86)\Microsoft Visual Studio\2022\BuildTools\VC\Tools\MSVC\14.44.35207\include\xutility
注意: 包含文件:     C:\Program Files (x86)\Microsoft Visual Studio\2022\BuildTools\VC\Tools\MSVC\14.44.35207\include\yvals.h
注意: 包含文件:      C:\Program Files (x86)\Windows Kits\10\include\10.0.26100.0\ucrt\crtdbg.h
注意: 包含文件:       C:\Program Files (x86)\Windows Kits\10\include\10.0.26100.0\ucrt\corecrt.h
注意: 包含文件:       C:\Program Files (x86)\Microsoft Visual Studio\2022\BuildTools\VC\Tools\MSVC\14.44.35207\include\vcruntime_new_debug.h
注意: 包含文件:        C:\Program Files (x86)\Microsoft Visual Studio\2022\BuildTools\VC\Tools\MSVC\14.44.35207\include\vcruntime_new.h
注意: 包含文件:      C:\Program Files (x86)\Microsoft Visual Studio\2022\BuildTools\VC\Tools\MSVC\14.44.35207\include\crtdefs.h
注意: 包含文件:      C:\Program Files (x86)\Microsoft Visual Studio\2022\BuildTools\VC\Tools\MSVC\14.44.35207\include\use_ansi.h
注意: 包含文件:     C:\Program Files (x86)\Microsoft Visual Studio\2022\BuildTools\VC\Tools\MSVC\14.44.35207\include\__msvc_iter_core.hpp
注意: 包含文件:      C:\Program Files (x86)\Microsoft Visual Studio\2022\BuildTools\VC\Tools\MSVC\14.44.35207\include\utility
注意: 包含文件:       C:\Program Files (x86)\Microsoft Visual Studio\2022\BuildTools\VC\Tools\MSVC\14.44.35207\include\initializer_list
注意: 包含文件:        C:\Program Files (x86)\Microsoft Visual Studio\2022\BuildTools\VC\Tools\MSVC\14.44.35207\include\cstddef
注意: 包含文件:         C:\Program Files (x86)\Windows Kits\10\include\10.0.26100.0\ucrt\stddef.h
注意: 包含文件:         C:\Program Files (x86)\Microsoft Visual Studio\2022\BuildTools\VC\Tools\MSVC\14.44.35207\include\xtr1common
注意: 包含文件:       C:\Program Files (x86)\Microsoft Visual Studio\2022\BuildTools\VC\Tools\MSVC\14.44.35207\include\type_traits
注意: 包含文件:        C:\Program Files (x86)\Microsoft Visual Studio\2022\BuildTools\VC\Tools\MSVC\14.44.35207\include\cstring
注意: 包含文件:         C:\Program Files (x86)\Windows Kits\10\include\10.0.26100.0\ucrt\string.h
注意: 包含文件:          C:\Program Files (x86)\Windows Kits\10\include\10.0.26100.0\ucrt\corecrt_memory.h
注意: 包含文件:           C:\Program Files (x86)\Windows Kits\10\include\10.0.26100.0\ucrt\corecrt_memcpy_s.h
注意: 包含文件:            C:\Program Files (x86)\Windows Kits\10\include\10.0.26100.0\ucrt\errno.h
注意: 包含文件:            C:\Program Files (x86)\Microsoft Visual Studio\2022\BuildTools\VC\Tools\MSVC\14.44.35207\include\vcruntime_string.h
注意: 包含文件:          C:\Program Files (x86)\Windows Kits\10\include\10.0.26100.0\ucrt\corecrt_wstring.h
注意: 包含文件:     C:\Program Files (x86)\Microsoft Visual Studio\2022\BuildTools\VC\Tools\MSVC\14.44.35207\include\climits
注意: 包含文件:      C:\Program Files (x86)\Microsoft Visual Studio\2022\BuildTools\VC\Tools\MSVC\14.44.35207\include\limits.h
注意: 包含文件:     C:\Program Files (x86)\Microsoft Visual Studio\2022\BuildTools\VC\Tools\MSVC\14.44.35207\include\cstdlib
注意: 包含文件:      C:\Program Files (x86)\Windows Kits\10\include\10.0.26100.0\ucrt\math.h
注意: 包含文件:       C:\Program Files (x86)\Windows Kits\10\include\10.0.26100.0\ucrt\corecrt_math.h
注意: 包含文件:      C:\Program Files (x86)\Windows Kits\10\include\10.0.26100.0\ucrt\stdlib.h
注意: 包含文件:       C:\Program Files (x86)\Windows Kits\10\include\10.0.26100.0\ucrt\corecrt_malloc.h
注意: 包含文件:       C:\Program Files (x86)\Windows Kits\10\include\10.0.26100.0\ucrt\corecrt_search.h
注意: 包含文件:       C:\Program Files (x86)\Windows Kits\10\include\10.0.26100.0\ucrt\corecrt_wstdlib.h
注意: 包含文件:     C:\Program Files (x86)\Microsoft Visual Studio\2022\BuildTools\VC\Tools\MSVC\14.44.35207\include\cwchar
注意: 包含文件:      C:\Program Files (x86)\Microsoft Visual Studio\2022\BuildTools\VC\Tools\MSVC\14.44.35207\include\cstdio
注意: 包含文件:       C:\Program Files (x86)\Windows Kits\10\include\10.0.26100.0\ucrt\stdio.h
注意: 包含文件:        C:\Program Files (x86)\Windows Kits\10\include\10.0.26100.0\ucrt\corecrt_wstdio.h
注意: 包含文件:         C:\Program Files (x86)\Windows Kits\10\include\10.0.26100.0\ucrt\corecrt_stdio_config.h
注意: 包含文件:      C:\Program Files (x86)\Windows Kits\10\include\10.0.26100.0\ucrt\wchar.h
注意: 包含文件:       C:\Program Files (x86)\Windows Kits\10\include\10.0.26100.0\ucrt\corecrt_wconio.h
注意: 包含文件:       C:\Program Files (x86)\Windows Kits\10\include\10.0.26100.0\ucrt\corecrt_wctype.h
注意: 包含文件:       C:\Program Files (x86)\Windows Kits\10\include\10.0.26100.0\ucrt\corecrt_wdirect.h
注意: 包含文件:       C:\Program Files (x86)\Windows Kits\10\include\10.0.26100.0\ucrt\corecrt_wio.h
注意: 包含文件:        C:\Program Files (x86)\Windows Kits\10\include\10.0.26100.0\ucrt\corecrt_share.h
注意: 包含文件:       C:\Program Files (x86)\Windows Kits\10\include\10.0.26100.0\ucrt\corecrt_wprocess.h
注意: 包含文件:       C:\Program Files (x86)\Windows Kits\10\include\10.0.26100.0\ucrt\corecrt_wtime.h
注意: 包含文件:       C:\Program Files (x86)\Windows Kits\10\include\10.0.26100.0\ucrt\sys/stat.h
注意: 包含文件:        C:\Program Files (x86)\Windows Kits\10\include\10.0.26100.0\ucrt\sys/types.h
注意: 包含文件:       C:\Program Files (x86)\Microsoft Visual Studio\2022\BuildTools\VC\Tools\MSVC\14.44.35207\include\intrin.h
注意: 包含文件:        C:\Program Files (x86)\Microsoft Visual Studio\2022\BuildTools\VC\Tools\MSVC\14.44.35207\include\intrin0.inl.h
注意: 包含文件:        C:\Program Files (x86)\Microsoft Visual Studio\2022\BuildTools\VC\Tools\MSVC\14.44.35207\include\setjmp.h
注意: 包含文件:        C:\Program Files (x86)\Microsoft Visual Studio\2022\BuildTools\VC\Tools\MSVC\14.44.35207\include\immintrin.h
注意: 包含文件:         C:\Program Files (x86)\Microsoft Visual Studio\2022\BuildTools\VC\Tools\MSVC\14.44.35207\include\wmmintrin.h
注意: 包含文件:          C:\Program Files (x86)\Microsoft Visual Studio\2022\BuildTools\VC\Tools\MSVC\14.44.35207\include\nmmintrin.h
注意: 包含文件:           C:\Program Files (x86)\Microsoft Visual Studio\2022\BuildTools\VC\Tools\MSVC\14.44.35207\include\smmintrin.h
注意: 包含文件:            C:\Program Files (x86)\Microsoft Visual Studio\2022\BuildTools\VC\Tools\MSVC\14.44.35207\include\tmmintrin.h
注意: 包含文件:             C:\Program Files (x86)\Microsoft Visual Studio\2022\BuildTools\VC\Tools\MSVC\14.44.35207\include\pmmintrin.h
注意: 包含文件:              C:\Program Files (x86)\Microsoft Visual Studio\2022\BuildTools\VC\Tools\MSVC\14.44.35207\include\emmintrin.h
注意: 包含文件:               C:\Program Files (x86)\Microsoft Visual Studio\2022\BuildTools\VC\Tools\MSVC\14.44.35207\include\xmmintrin.h
注意: 包含文件:                C:\Program Files (x86)\Microsoft Visual Studio\2022\BuildTools\VC\Tools\MSVC\14.44.35207\include\mmintrin.h
注意: 包含文件:                C:\Program Files (x86)\Windows Kits\10\include\10.0.26100.0\ucrt\malloc.h
注意: 包含文件:         C:\Program Files (x86)\Microsoft Visual Studio\2022\BuildTools\VC\Tools\MSVC\14.44.35207\include\zmmintrin.h
注意: 包含文件:        C:\Program Files (x86)\Microsoft Visual Studio\2022\BuildTools\VC\Tools\MSVC\14.44.35207\include\ammintrin.h
注意: 包含文件:   C:\Program Files (x86)\Microsoft Visual Studio\2022\BuildTools\VC\Tools\MSVC\14.44.35207\include\__msvc_minmax.hpp
注意: 包含文件:   C:\Program Files (x86)\Microsoft Visual Studio\2022\BuildTools\VC\Tools\MSVC\14.44.35207\include\xmemory
注意: 包含文件:    C:\Program Files (x86)\Microsoft Visual Studio\2022\BuildTools\VC\Tools\MSVC\14.44.35207\include\limits
注意: 包含文件:     C:\Program Files (x86)\Microsoft Visual Studio\2022\BuildTools\VC\Tools\MSVC\14.44.35207\include\cfloat
注意: 包含文件:      C:\Program Files (x86)\Windows Kits\10\include\10.0.26100.0\ucrt\float.h
注意: 包含文件:     C:\Program Files (x86)\Microsoft Visual Studio\2022\BuildTools\VC\Tools\MSVC\14.44.35207\include\intrin0.h
注意: 包含文件:    C:\Program Files (x86)\Microsoft Visual Studio\2022\BuildTools\VC\Tools\MSVC\14.44.35207\include\new
注意: 包含文件:     C:\Program Files (x86)\Microsoft Visual Studio\2022\BuildTools\VC\Tools\MSVC\14.44.35207\include\exception
注意: 包含文件:      C:\Program Files (x86)\Microsoft Visual Studio\2022\BuildTools\VC\Tools\MSVC\14.44.35207\include\vcruntime_exception.h
注意: 包含文件:       C:\Program Files (x86)\Microsoft Visual Studio\2022\BuildTools\VC\Tools\MSVC\14.44.35207\include\eh.h
注意: 包含文件:        C:\Program Files (x86)\Windows Kits\10\include\10.0.26100.0\ucrt\corecrt_terminate.h
注意: 包含文件:    C:\Program Files (x86)\Microsoft Visual Studio\2022\BuildTools\VC\Tools\MSVC\14.44.35207\include\xatomic.h
注意: 包含文件:  C:\Users\user\output\deepseek-v4部署\fastllm-master\include\fastllm.h
注意: 包含文件:   C:\Program Files (x86)\Microsoft Visual Studio\2022\BuildTools\VC\Tools\MSVC\14.44.35207\include\vector
注意: 包含文件:    C:\Program Files (x86)\Microsoft Visual Studio\2022\BuildTools\VC\Tools\MSVC\14.44.35207\include\__msvc_bit_utils.hpp
注意: 包含文件:    C:\Program Files (x86)\Microsoft Visual Studio\2022\BuildTools\VC\Tools\MSVC\14.44.35207\include\__msvc_sanitizer_annotate_container.hpp
注意: 包含文件:    C:\Program Files (x86)\Microsoft Visual Studio\2022\BuildTools\VC\Tools\MSVC\14.44.35207\include\xpolymorphic_allocator.h
注意: 包含文件:     C:\Program Files (x86)\Microsoft Visual Studio\2022\BuildTools\VC\Tools\MSVC\14.44.35207\include\tuple
注意: 包含文件:   C:\Program Files (x86)\Microsoft Visual Studio\2022\BuildTools\VC\Tools\MSVC\14.44.35207\include\string
注意: 包含文件:    C:\Program Files (x86)\Microsoft Visual Studio\2022\BuildTools\VC\Tools\MSVC\14.44.35207\include\xstring
注意: 包含文件:     C:\Program Files (x86)\Microsoft Visual Studio\2022\BuildTools\VC\Tools\MSVC\14.44.35207\include\__msvc_string_view.hpp
注意: 包含文件:      C:\Program Files (x86)\Microsoft Visual Studio\2022\BuildTools\VC\Tools\MSVC\14.44.35207\include\iosfwd
注意: 包含文件:    C:\Program Files (x86)\Microsoft Visual Studio\2022\BuildTools\VC\Tools\MSVC\14.44.35207\include\cctype
注意: 包含文件:     C:\Program Files (x86)\Windows Kits\10\include\10.0.26100.0\ucrt\ctype.h
注意: 包含文件:   C:\Program Files (x86)\Microsoft Visual Studio\2022\BuildTools\VC\Tools\MSVC\14.44.35207\include\map
注意: 包含文件:    C:\Program Files (x86)\Microsoft Visual Studio\2022\BuildTools\VC\Tools\MSVC\14.44.35207\include\xtree
注意: 包含文件:     C:\Program Files (x86)\Microsoft Visual Studio\2022\BuildTools\VC\Tools\MSVC\14.44.35207\include\xnode_handle.h
注意: 包含文件:   C:\Program Files (x86)\Microsoft Visual Studio\2022\BuildTools\VC\Tools\MSVC\14.44.35207\include\set
注意: 包含文件:   C:\Program Files (x86)\Microsoft Visual Studio\2022\BuildTools\VC\Tools\MSVC\14.44.35207\include\queue
注意: 包含文件:    C:\Program Files (x86)\Microsoft Visual Studio\2022\BuildTools\VC\Tools\MSVC\14.44.35207\include\deque
注意: 包含文件:   C:\Program Files (x86)\Microsoft Visual Studio\2022\BuildTools\VC\Tools\MSVC\14.44.35207\include\unordered_map
注意: 包含文件:    C:\Program Files (x86)\Microsoft Visual Studio\2022\BuildTools\VC\Tools\MSVC\14.44.35207\include\xhash
注意: 包含文件:     C:\Program Files (x86)\Microsoft Visual Studio\2022\BuildTools\VC\Tools\MSVC\14.44.35207\include\cmath
注意: 包含文件:     C:\Program Files (x86)\Microsoft Visual Studio\2022\BuildTools\VC\Tools\MSVC\14.44.35207\include\list
注意: 包含文件:     C:\Program Files (x86)\Microsoft Visual Studio\2022\BuildTools\VC\Tools\MSVC\14.44.35207\include\xbit_ops.h
注意: 包含文件:   C:\Program Files (x86)\Microsoft Visual Studio\2022\BuildTools\VC\Tools\MSVC\14.44.35207\include\unordered_set
注意: 包含文件:   C:\Program Files (x86)\Microsoft Visual Studio\2022\BuildTools\VC\Tools\MSVC\14.44.35207\include\iostream
注意: 包含文件:    C:\Program Files (x86)\Microsoft Visual Studio\2022\BuildTools\VC\Tools\MSVC\14.44.35207\include\istream
注意: 包含文件:     C:\Program Files (x86)\Microsoft Visual Studio\2022\BuildTools\VC\Tools\MSVC\14.44.35207\include\__msvc_ostream.hpp
注意: 包含文件:      C:\Program Files (x86)\Microsoft Visual Studio\2022\BuildTools\VC\Tools\MSVC\14.44.35207\include\ios
注意: 包含文件:       C:\Program Files (x86)\Microsoft Visual Studio\2022\BuildTools\VC\Tools\MSVC\14.44.35207\include\xlocnum
注意: 包含文件:        C:\Program Files (x86)\Microsoft Visual Studio\2022\BuildTools\VC\Tools\MSVC\14.44.35207\include\iterator
注意: 包含文件:        C:\Program Files (x86)\Microsoft Visual Studio\2022\BuildTools\VC\Tools\MSVC\14.44.35207\include\streambuf
注意: 包含文件:         C:\Program Files (x86)\Microsoft Visual Studio\2022\BuildTools\VC\Tools\MSVC\14.44.35207\include\xiosbase
注意: 包含文件:          C:\Program Files (x86)\Windows Kits\10\include\10.0.26100.0\ucrt\share.h
注意: 包含文件:          C:\Program Files (x86)\Microsoft Visual Studio\2022\BuildTools\VC\Tools\MSVC\14.44.35207\include\system_error
注意: 包含文件:           C:\Program Files (x86)\Microsoft Visual Studio\2022\BuildTools\VC\Tools\MSVC\14.44.35207\include\__msvc_system_error_abi.hpp
注意: 包含文件:           C:\Program Files (x86)\Microsoft Visual Studio\2022\BuildTools\VC\Tools\MSVC\14.44.35207\include\cerrno
注意: 包含文件:           C:\Program Files (x86)\Microsoft Visual Studio\2022\BuildTools\VC\Tools\MSVC\14.44.35207\include\stdexcept
注意: 包含文件:           C:\Program Files (x86)\Microsoft Visual Studio\2022\BuildTools\VC\Tools\MSVC\14.44.35207\include\xcall_once.h
注意: 包含文件:           C:\Program Files (x86)\Microsoft Visual Studio\2022\BuildTools\VC\Tools\MSVC\14.44.35207\include\xerrc.h
注意: 包含文件:           C:\Program Files (x86)\Microsoft Visual Studio\2022\BuildTools\VC\Tools\MSVC\14.44.35207\include\atomic
注意: 包含文件:            C:\Program Files (x86)\Microsoft Visual Studio\2022\BuildTools\VC\Tools\MSVC\14.44.35207\include\xthreads.h
注意: 包含文件:             C:\Program Files (x86)\Microsoft Visual Studio\2022\BuildTools\VC\Tools\MSVC\14.44.35207\include\__msvc_threads_core.hpp
注意: 包含文件:             C:\Program Files (x86)\Microsoft Visual Studio\2022\BuildTools\VC\Tools\MSVC\14.44.35207\include\xtimec.h
注意: 包含文件:              C:\Program Files (x86)\Microsoft Visual Studio\2022\BuildTools\VC\Tools\MSVC\14.44.35207\include\ctime
注意: 包含文件:               C:\Program Files (x86)\Windows Kits\10\include\10.0.26100.0\ucrt\time.h
注意: 包含文件:          C:\Program Files (x86)\Microsoft Visual Studio\2022\BuildTools\VC\Tools\MSVC\14.44.35207\include\xlocale
注意: 包含文件:           C:\Program Files (x86)\Microsoft Visual Studio\2022\BuildTools\VC\Tools\MSVC\14.44.35207\include\memory
注意: 包含文件:            C:\Program Files (x86)\Microsoft Visual Studio\2022\BuildTools\VC\Tools\MSVC\14.44.35207\include\typeinfo
注意: 包含文件:             C:\Program Files (x86)\Microsoft Visual Studio\2022\BuildTools\VC\Tools\MSVC\14.44.35207\include\vcruntime_typeinfo.h
注意: 包含文件:           C:\Program Files (x86)\Microsoft Visual Studio\2022\BuildTools\VC\Tools\MSVC\14.44.35207\include\xfacet
注意: 包含文件:           C:\Program Files (x86)\Microsoft Visual Studio\2022\BuildTools\VC\Tools\MSVC\14.44.35207\include\xlocinfo
注意: 包含文件:            C:\Program Files (x86)\Microsoft Visual Studio\2022\BuildTools\VC\Tools\MSVC\14.44.35207\include\__msvc_xlocinfo_types.hpp
注意: 包含文件:            C:\Program Files (x86)\Microsoft Visual Studio\2022\BuildTools\VC\Tools\MSVC\14.44.35207\include\clocale
注意: 包含文件:             C:\Program Files (x86)\Windows Kits\10\include\10.0.26100.0\ucrt\locale.h
注意: 包含文件:    C:\Program Files (x86)\Microsoft Visual Studio\2022\BuildTools\VC\Tools\MSVC\14.44.35207\include\ostream
注意: 包含文件:   C:\Program Files (x86)\Microsoft Visual Studio\2022\BuildTools\VC\Tools\MSVC\14.44.35207\include\functional
注意: 包含文件:   C:\Program Files (x86)\Microsoft Visual Studio\2022\BuildTools\VC\Tools\MSVC\14.44.35207\include\mutex
注意: 包含文件:    C:\Program Files (x86)\Microsoft Visual Studio\2022\BuildTools\VC\Tools\MSVC\14.44.35207\include\__msvc_chrono.hpp
注意: 包含文件:     C:\Program Files (x86)\Microsoft Visual Studio\2022\BuildTools\VC\Tools\MSVC\14.44.35207\include\ratio
注意: 包含文件:    C:\Program Files (x86)\Microsoft Visual Studio\2022\BuildTools\VC\Tools\MSVC\14.44.35207\include\thread
注意: 包含文件:     C:\Program Files (x86)\Windows Kits\10\include\10.0.26100.0\ucrt\process.h
注意: 包含文件:      C:\Program Files (x86)\Windows Kits\10\include\10.0.26100.0\ucrt\corecrt_startup.h
注意: 包含文件:       C:\Program Files (x86)\Windows Kits\10\include\10.0.26100.0\ucrt\math.h
注意: 包含文件:        C:\Program Files (x86)\Windows Kits\10\include\10.0.26100.0\ucrt\corecrt_math_defines.h
注意: 包含文件:       C:\Program Files (x86)\Microsoft Visual Studio\2022\BuildTools\VC\Tools\MSVC\14.44.35207\include\vcruntime_startup.h
注意: 包含文件:   C:\Program Files (x86)\Microsoft Visual Studio\2022\BuildTools\VC\Tools\MSVC\14.44.35207\include\locale
注意: 包含文件:    C:\Program Files (x86)\Microsoft Visual Studio\2022\BuildTools\VC\Tools\MSVC\14.44.35207\include\xlocbuf
注意: 包含文件:    C:\Program Files (x86)\Microsoft Visual Studio\2022\BuildTools\VC\Tools\MSVC\14.44.35207\include\xlocmes
注意: 包含文件:    C:\Program Files (x86)\Microsoft Visual Studio\2022\BuildTools\VC\Tools\MSVC\14.44.35207\include\xlocmon
注意: 包含文件:    C:\Program Files (x86)\Microsoft Visual Studio\2022\BuildTools\VC\Tools\MSVC\14.44.35207\include\xloctime
注意: 包含文件:   C:\Program Files (x86)\Microsoft Visual Studio\2022\BuildTools\VC\Tools\MSVC\14.44.35207\include\codecvt
注意: 包含文件:   C:\Users\user\output\deepseek-v4部署\fastllm-master\include\devices/cpu/alivethreadpool.h
注意: 包含文件:    C:\Program Files (x86)\Microsoft Visual Studio\2022\BuildTools\VC\Tools\MSVC\14.44.35207\include\chrono
注意: 包含文件:     C:\Program Files (x86)\Microsoft Visual Studio\2022\BuildTools\VC\Tools\MSVC\14.44.35207\include\xfilesystem_abi.h
注意: 包含文件:    C:\Program Files (x86)\Windows Kits\10\\include\10.0.26100.0\\um\Windows.h
注意: 包含文件:     C:\Program Files (x86)\Windows Kits\10\\include\10.0.26100.0\\shared\winapifamily.h
注意: 包含文件:      C:\Program Files (x86)\Windows Kits\10\\include\10.0.26100.0\\shared\winpackagefamily.h
注意: 包含文件:     C:\Program Files (x86)\Windows Kits\10\\include\10.0.26100.0\\shared\sdkddkver.h
注意: 包含文件:     C:\Program Files (x86)\Microsoft Visual Studio\2022\BuildTools\VC\Tools\MSVC\14.44.35207\include\excpt.h
注意: 包含文件:     C:\Program Files (x86)\Microsoft Visual Studio\2022\BuildTools\VC\Tools\MSVC\14.44.35207\include\stdarg.h
注意: 包含文件:     C:\Program Files (x86)\Windows Kits\10\\include\10.0.26100.0\\shared\windef.h
注意: 包含文件:      C:\Program Files (x86)\Windows Kits\10\\include\10.0.26100.0\\shared\minwindef.h
注意: 包含文件:       C:\Program Files (x86)\Windows Kits\10\\include\10.0.26100.0\\shared\specstrings.h
注意: 包含文件:        C:\Program Files (x86)\Windows Kits\10\\include\10.0.26100.0\\shared\specstrings_strict.h
注意: 包含文件:         C:\Program Files (x86)\Windows Kits\10\\include\10.0.26100.0\\shared\specstrings_undef.h
注意: 包含文件:        C:\Program Files (x86)\Windows Kits\10\\include\10.0.26100.0\\shared\driverspecs.h
注意: 包含文件:         C:\Program Files (x86)\Windows Kits\10\include\10.0.26100.0\shared\sdv_driverspecs.h
注意: 包含文件:       C:\Program Files (x86)\Windows Kits\10\\include\10.0.26100.0\\um\winnt.h
注意: 包含文件:        C:\Program Files (x86)\Windows Kits\10\\include\10.0.26100.0\\shared\kernelspecs.h
注意: 包含文件:        C:\Program Files (x86)\Windows Kits\10\\include\10.0.26100.0\\shared\basetsd.h
注意: 包含文件:        C:\Program Files (x86)\Windows Kits\10\\include\10.0.26100.0\\shared\guiddef.h
注意: 包含文件:        C:\Program Files (x86)\Windows Kits\10\include\10.0.26100.0\shared\pshpack4.h
注意: 包含文件:        C:\Program Files (x86)\Windows Kits\10\include\10.0.26100.0\shared\poppack.h
注意: 包含文件:        C:\Program Files (x86)\Windows Kits\10\\include\10.0.26100.0\\shared\pshpack4.h
注意: 包含文件:        C:\Program Files (x86)\Windows Kits\10\\include\10.0.26100.0\\shared\poppack.h
注意: 包含文件:        C:\Program Files (x86)\Windows Kits\10\include\10.0.26100.0\shared\pshpack4.h
注意: 包含文件:        C:\Program Files (x86)\Windows Kits\10\include\10.0.26100.0\shared\pshpack2.h
注意: 包含文件:        C:\Program Files (x86)\Windows Kits\10\include\10.0.26100.0\shared\poppack.h
注意: 包含文件:        C:\Program Files (x86)\Windows Kits\10\include\10.0.26100.0\shared\pshpack2.h
注意: 包含文件:        C:\Program Files (x86)\Windows Kits\10\\include\10.0.26100.0\\shared\pshpack2.h
注意: 包含文件:        C:\Program Files (x86)\Windows Kits\10\\include\10.0.26100.0\\shared\poppack.h
注意: 包含文件:        C:\Program Files (x86)\Windows Kits\10\include\10.0.26100.0\shared\poppack.h
注意: 包含文件:        C:\Program Files (x86)\Windows Kits\10\include\10.0.26100.0\shared\pshpack8.h
注意: 包含文件:        C:\Program Files (x86)\Windows Kits\10\include\10.0.26100.0\shared\poppack.h
注意: 包含文件:        C:\Program Files (x86)\Windows Kits\10\include\10.0.26100.0\shared\pshpack1.h
注意: 包含文件:        C:\Program Files (x86)\Windows Kits\10\include\10.0.26100.0\shared\poppack.h
注意: 包含文件:        C:\Program Files (x86)\Windows Kits\10\include\10.0.26100.0\shared\pshpack1.h
注意: 包含文件:        C:\Program Files (x86)\Windows Kits\10\include\10.0.26100.0\shared\poppack.h
注意: 包含文件:        C:\Program Files (x86)\Windows Kits\10\include\10.0.26100.0\shared\poppack.h
注意: 包含文件:        C:\Program Files (x86)\Windows Kits\10\\include\10.0.26100.0\\shared\apiset.h
注意: 包含文件:        C:\Program Files (x86)\Windows Kits\10\\include\10.0.26100.0\\shared\ktmtypes.h
注意: 包含文件:     C:\Program Files (x86)\Windows Kits\10\\include\10.0.26100.0\\um\winbase.h
注意: 包含文件:      C:\Program Files (x86)\Windows Kits\10\\include\10.0.26100.0\\shared\apisetcconv.h
注意: 包含文件:      C:\Program Files (x86)\Windows Kits\10\\include\10.0.26100.0\\um\minwinbase.h
注意: 包含文件:      C:\Program Files (x86)\Windows Kits\10\\include\10.0.26100.0\\um\apiquery2.h
注意: 包含文件:      C:\Program Files (x86)\Windows Kits\10\\include\10.0.26100.0\\um\processenv.h
注意: 包含文件:      C:\Program Files (x86)\Windows Kits\10\\include\10.0.26100.0\\um\fileapifromapp.h
注意: 包含文件:       C:\Program Files (x86)\Windows Kits\10\\include\10.0.26100.0\\um\fileapi.h
注意: 包含文件:      C:\Program Files (x86)\Windows Kits\10\\include\10.0.26100.0\\um\debugapi.h
注意: 包含文件:      C:\Program Files (x86)\Windows Kits\10\\include\10.0.26100.0\\um\utilapiset.h
注意: 包含文件:      C:\Program Files (x86)\Windows Kits\10\\include\10.0.26100.0\\um\handleapi.h
注意: 包含文件:      C:\Program Files (x86)\Windows Kits\10\\include\10.0.26100.0\\um\errhandlingapi.h
注意: 包含文件:      C:\Program Files (x86)\Windows Kits\10\\include\10.0.26100.0\\um\fibersapi.h
注意: 包含文件:      C:\Program Files (x86)\Windows Kits\10\\include\10.0.26100.0\\um\namedpipeapi.h
注意: 包含文件:      C:\Program Files (x86)\Windows Kits\10\\include\10.0.26100.0\\um\profileapi.h
注意: 包含文件:      C:\Program Files (x86)\Windows Kits\10\\include\10.0.26100.0\\um\heapapi.h
注意: 包含文件:      C:\Program Files (x86)\Windows Kits\10\\include\10.0.26100.0\\um\ioapiset.h
注意: 包含文件:      C:\Program Files (x86)\Windows Kits\10\\include\10.0.26100.0\\um\synchapi.h
注意: 包含文件:      C:\Program Files (x86)\Windows Kits\10\\include\10.0.26100.0\\um\interlockedapi.h
注意: 包含文件:      C:\Program Files (x86)\Windows Kits\10\\include\10.0.26100.0\\um\processthreadsapi.h
注意: 包含文件:      C:\Program Files (x86)\Windows Kits\10\\include\10.0.26100.0\\um\sysinfoapi.h
注意: 包含文件:      C:\Program Files (x86)\Windows Kits\10\\include\10.0.26100.0\\um\memoryapi.h
注意: 包含文件:      C:\Program Files (x86)\Windows Kits\10\\include\10.0.26100.0\\um\enclaveapi.h
注意: 包含文件:      C:\Program Files (x86)\Windows Kits\10\\include\10.0.26100.0\\um\threadpoollegacyapiset.h
注意: 包含文件:      C:\Program Files (x86)\Windows Kits\10\\include\10.0.26100.0\\um\threadpoolapiset.h
注意: 包含文件:      C:\Program Files (x86)\Windows Kits\10\\include\10.0.26100.0\\um\jobapi.h
注意: 包含文件:      C:\Program Files (x86)\Windows Kits\10\\include\10.0.26100.0\\um\jobapi2.h
注意: 包含文件:      C:\Program Files (x86)\Windows Kits\10\\include\10.0.26100.0\\um\wow64apiset.h
注意: 包含文件:      C:\Program Files (x86)\Windows Kits\10\\include\10.0.26100.0\\um\libloaderapi.h
注意: 包含文件:      C:\Program Files (x86)\Windows Kits\10\\include\10.0.26100.0\\um\securitybaseapi.h
注意: 包含文件:      C:\Program Files (x86)\Windows Kits\10\\include\10.0.26100.0\\um\namespaceapi.h
注意: 包含文件:      C:\Program Files (x86)\Windows Kits\10\\include\10.0.26100.0\\um\systemtopologyapi.h
注意: 包含文件:      C:\Program Files (x86)\Windows Kits\10\\include\10.0.26100.0\\um\processtopologyapi.h
注意: 包含文件:      C:\Program Files (x86)\Windows Kits\10\\include\10.0.26100.0\\um\securityappcontainer.h
注意: 包含文件:      C:\Program Files (x86)\Windows Kits\10\\include\10.0.26100.0\\um\realtimeapiset.h
注意: 包含文件:      C:\Program Files (x86)\Windows Kits\10\\include\10.0.26100.0\\shared\winerror.h
注意: 包含文件:      C:\Program Files (x86)\Windows Kits\10\\include\10.0.26100.0\\um\timezoneapi.h
注意: 包含文件:     C:\Program Files (x86)\Windows Kits\10\\include\10.0.26100.0\\um\wingdi.h
注意: 包含文件:      C:\Program Files (x86)\Windows Kits\10\\include\10.0.26100.0\\shared\pshpack1.h
注意: 包含文件:      C:\Program Files (x86)\Windows Kits\10\\include\10.0.26100.0\\shared\poppack.h
注意: 包含文件:      C:\Program Files (x86)\Windows Kits\10\\include\10.0.26100.0\\shared\pshpack2.h
注意: 包含文件:      C:\Program Files (x86)\Windows Kits\10\\include\10.0.26100.0\\shared\poppack.h
注意: 包含文件:      C:\Program Files (x86)\Windows Kits\10\\include\10.0.26100.0\\shared\pshpack2.h
注意: 包含文件:      C:\Program Files (x86)\Windows Kits\10\\include\10.0.26100.0\\shared\poppack.h
注意: 包含文件:      C:\Program Files (x86)\Windows Kits\10\\include\10.0.26100.0\\shared\pshpack4.h
注意: 包含文件:      C:\Program Files (x86)\Windows Kits\10\\include\10.0.26100.0\\shared\poppack.h
注意: 包含文件:      C:\Program Files (x86)\Windows Kits\10\\include\10.0.26100.0\\shared\pshpack4.h
注意: 包含文件:      C:\Program Files (x86)\Windows Kits\10\\include\10.0.26100.0\\shared\poppack.h
注意: 包含文件:     C:\Program Files (x86)\Windows Kits\10\\include\10.0.26100.0\\um\winuser.h
注意: 包含文件:      C:\Program Files (x86)\Windows Kits\10\\include\10.0.26100.0\\shared\pshpack2.h
注意: 包含文件:      C:\Program Files (x86)\Windows Kits\10\\include\10.0.26100.0\\shared\poppack.h
注意: 包含文件:      C:\Program Files (x86)\Windows Kits\10\\include\10.0.26100.0\\shared\tvout.h
注意: 包含文件:     C:\Program Files (x86)\Windows Kits\10\\include\10.0.26100.0\\um\winnls.h
注意: 包含文件:      C:\Program Files (x86)\Windows Kits\10\\include\10.0.26100.0\\um\datetimeapi.h
注意: 包含文件:      C:\Program Files (x86)\Windows Kits\10\\include\10.0.26100.0\\um\stringapiset.h
注意: 包含文件:       C:\Program Files (x86)\Windows Kits\10\\include\10.0.26100.0\\um\winnls.h
注意: 包含文件:     C:\Program Files (x86)\Windows Kits\10\\include\10.0.26100.0\\um\wincon.h
注意: 包含文件:      C:\Program Files (x86)\Windows Kits\10\\include\10.0.26100.0\\um\wincontypes.h
注意: 包含文件:      C:\Program Files (x86)\Windows Kits\10\\include\10.0.26100.0\\um\consoleapi.h
注意: 包含文件:      C:\Program Files (x86)\Windows Kits\10\\include\10.0.26100.0\\um\consoleapi2.h
注意: 包含文件:      C:\Program Files (x86)\Windows Kits\10\\include\10.0.26100.0\\um\consoleapi3.h
注意: 包含文件:     C:\Program Files (x86)\Windows Kits\10\\include\10.0.26100.0\\um\winver.h
注意: 包含文件:      C:\Program Files (x86)\Windows Kits\10\\include\10.0.26100.0\\um\verrsrc.h
注意: 包含文件:     C:\Program Files (x86)\Windows Kits\10\\include\10.0.26100.0\\um\winreg.h
注意: 包含文件:      C:\Program Files (x86)\Windows Kits\10\\include\10.0.26100.0\\um\reason.h
注意: 包含文件:     C:\Program Files (x86)\Windows Kits\10\\include\10.0.26100.0\\um\winnetwk.h
注意: 包含文件:      C:\Program Files (x86)\Windows Kits\10\\include\10.0.26100.0\\shared\wnnc.h
注意: 包含文件:     C:\Program Files (x86)\Windows Kits\10\\include\10.0.26100.0\\shared\cderr.h
注意: 包含文件:     C:\Program Files (x86)\Windows Kits\10\\include\10.0.26100.0\\um\dde.h
注意: 包含文件:     C:\Program Files (x86)\Windows Kits\10\\include\10.0.26100.0\\um\ddeml.h
注意: 包含文件:     C:\Program Files (x86)\Windows Kits\10\\include\10.0.26100.0\\um\dlgs.h
注意: 包含文件:     C:\Program Files (x86)\Windows Kits\10\\include\10.0.26100.0\\um\lzexpand.h
注意: 包含文件:     C:\Program Files (x86)\Windows Kits\10\\include\10.0.26100.0\\um\mmsystem.h
注意: 包含文件:      C:\Program Files (x86)\Windows Kits\10\\include\10.0.26100.0\\um\mmsyscom.h
注意: 包含文件:       C:\Program Files (x86)\Windows Kits\10\\include\10.0.26100.0\\shared\pshpack1.h
注意: 包含文件:       C:\Program Files (x86)\Windows Kits\10\\include\10.0.26100.0\\shared\poppack.h
注意: 包含文件:      C:\Program Files (x86)\Windows Kits\10\\include\10.0.26100.0\\shared\pshpack1.h
注意: 包含文件:      C:\Program Files (x86)\Windows Kits\10\\include\10.0.26100.0\\um\mciapi.h
注意: 包含文件:       C:\Program Files (x86)\Windows Kits\10\\include\10.0.26100.0\\um\mmsyscom.h
注意: 包含文件:      C:\Program Files (x86)\Windows Kits\10\\include\10.0.26100.0\\um\mmiscapi.h
注意: 包含文件:       C:\Program Files (x86)\Windows Kits\10\\include\10.0.26100.0\\um\mmsyscom.h
注意: 包含文件:      C:\Program Files (x86)\Windows Kits\10\\include\10.0.26100.0\\um\mmiscapi2.h
注意: 包含文件:       C:\Program Files (x86)\Windows Kits\10\\include\10.0.26100.0\\um\mmsyscom.h
注意: 包含文件:      C:\Program Files (x86)\Windows Kits\10\\include\10.0.26100.0\\um\playsoundapi.h
注意: 包含文件:       C:\Program Files (x86)\Windows Kits\10\\include\10.0.26100.0\\um\mmsyscom.h
注意: 包含文件:      C:\Program Files (x86)\Windows Kits\10\\include\10.0.26100.0\\um\mmeapi.h
注意: 包含文件:       C:\Program Files (x86)\Windows Kits\10\\include\10.0.26100.0\\um\mmsyscom.h
注意: 包含文件:      C:\Program Files (x86)\Windows Kits\10\\include\10.0.26100.0\\um\timeapi.h
注意: 包含文件:       C:\Program Files (x86)\Windows Kits\10\\include\10.0.26100.0\\um\mmsyscom.h
注意: 包含文件:      C:\Program Files (x86)\Windows Kits\10\\include\10.0.26100.0\\um\joystickapi.h
注意: 包含文件:       C:\Program Files (x86)\Windows Kits\10\\include\10.0.26100.0\\um\mmsyscom.h
注意: 包含文件:      C:\Program Files (x86)\Windows Kits\10\\include\10.0.26100.0\\shared\poppack.h
注意: 包含文件:     C:\Program Files (x86)\Windows Kits\10\\include\10.0.26100.0\\um\nb30.h
注意: 包含文件:     C:\Program Files (x86)\Windows Kits\10\\include\10.0.26100.0\\shared\rpc.h
注意: 包含文件:      C:\Program Files (x86)\Windows Kits\10\\include\10.0.26100.0\\shared\pshpack8.h
注意: 包含文件:      C:\Program Files (x86)\Windows Kits\10\\include\10.0.26100.0\\shared\rpcdce.h
注意: 包含文件:       C:\Program Files (x86)\Windows Kits\10\\include\10.0.26100.0\\shared\rpcdcep.h
注意: 包含文件:      C:\Program Files (x86)\Windows Kits\10\\include\10.0.26100.0\\um\rpcnsi.h
注意: 包含文件:      C:\Program Files (x86)\Windows Kits\10\\include\10.0.26100.0\\shared\rpcnterr.h
注意: 包含文件:      C:\Program Files (x86)\Windows Kits\10\\include\10.0.26100.0\\shared\rpcasync.h
注意: 包含文件:       C:\Program Files (x86)\Windows Kits\10\\include\10.0.26100.0\\shared\pshpack8.h
注意: 包含文件:       C:\Program Files (x86)\Windows Kits\10\\include\10.0.26100.0\\shared\poppack.h
注意: 包含文件:      C:\Program Files (x86)\Windows Kits\10\\include\10.0.26100.0\\shared\poppack.h
注意: 包含文件:     C:\Program Files (x86)\Windows Kits\10\\include\10.0.26100.0\\um\shellapi.h
注意: 包含文件:     C:\Program Files (x86)\Windows Kits\10\\include\10.0.26100.0\\um\winperf.h
注意: 包含文件:      C:\Program Files (x86)\Windows Kits\10\\include\10.0.26100.0\\shared\pshpack8.h
注意: 包含文件:      C:\Program Files (x86)\Windows Kits\10\\include\10.0.26100.0\\shared\poppack.h
注意: 包含文件:     C:\Program Files (x86)\Windows Kits\10\\include\10.0.26100.0\\um\winsock.h
注意: 包含文件:      C:\Program Files (x86)\Windows Kits\10\\include\10.0.26100.0\\shared\inaddr.h
注意: 包含文件:     C:\Program Files (x86)\Windows Kits\10\\include\10.0.26100.0\\um\wincrypt.h
注意: 包含文件:      C:\Program Files (x86)\Windows Kits\10\\include\10.0.26100.0\\shared\bcrypt.h
注意: 包含文件:      C:\Program Files (x86)\Windows Kits\10\\include\10.0.26100.0\\um\ncrypt.h
注意: 包含文件:      C:\Program Files (x86)\Windows Kits\10\\include\10.0.26100.0\\um\dpapi.h
注意: 包含文件:     C:\Program Files (x86)\Windows Kits\10\\include\10.0.26100.0\\um\winefs.h
注意: 包含文件:     C:\Program Files (x86)\Windows Kits\10\\include\10.0.26100.0\\um\winscard.h
注意: 包含文件:      C:\Program Files (x86)\Windows Kits\10\\include\10.0.26100.0\\shared\wtypes.h
注意: 包含文件:       C:\Program Files (x86)\Windows Kits\10\include\10.0.26100.0\shared\rpcndr.h
注意: 包含文件:        C:\Program Files (x86)\Windows Kits\10\\include\10.0.26100.0\\shared\pshpack8.h
注意: 包含文件:        C:\Program Files (x86)\Windows Kits\10\\include\10.0.26100.0\\um\rpcnsip.h
注意: 包含文件:        C:\Program Files (x86)\Windows Kits\10\\include\10.0.26100.0\\shared\rpcsal.h
注意: 包含文件:        C:\Program Files (x86)\Windows Kits\10\\include\10.0.26100.0\\shared\poppack.h
注意: 包含文件:       C:\Program Files (x86)\Windows Kits\10\include\10.0.26100.0\shared\wtypesbase.h
注意: 包含文件:        C:\Program Files (x86)\Windows Kits\10\include\10.0.26100.0\shared\guiddef.h
注意: 包含文件:      C:\Program Files (x86)\Windows Kits\10\\include\10.0.26100.0\\um\winioctl.h
注意: 包含文件:       C:\Program Files (x86)\Windows Kits\10\\include\10.0.26100.0\\shared\pshpack1.h
注意: 包含文件:       C:\Program Files (x86)\Windows Kits\10\\include\10.0.26100.0\\shared\poppack.h
注意: 包含文件:       C:\Program Files (x86)\Windows Kits\10\\include\10.0.26100.0\\shared\pshpack1.h
注意: 包含文件:       C:\Program Files (x86)\Windows Kits\10\\include\10.0.26100.0\\shared\poppack.h
注意: 包含文件:       C:\Program Files (x86)\Windows Kits\10\\include\10.0.26100.0\\shared\pshpack1.h
注意: 包含文件:       C:\Program Files (x86)\Windows Kits\10\\include\10.0.26100.0\\shared\poppack.h
注意: 包含文件:       C:\Program Files (x86)\Windows Kits\10\\include\10.0.26100.0\\shared\pshpack1.h
注意: 包含文件:       C:\Program Files (x86)\Windows Kits\10\\include\10.0.26100.0\\shared\poppack.h
注意: 包含文件:       C:\Program Files (x86)\Windows Kits\10\\include\10.0.26100.0\\shared\pshpack1.h
注意: 包含文件:       C:\Program Files (x86)\Windows Kits\10\\include\10.0.26100.0\\shared\poppack.h
注意: 包含文件:       C:\Program Files (x86)\Windows Kits\10\\include\10.0.26100.0\\shared\pshpack1.h
注意: 包含文件:       C:\Program Files (x86)\Windows Kits\10\\include\10.0.26100.0\\shared\poppack.h
注意: 包含文件:       C:\Program Files (x86)\Windows Kits\10\\include\10.0.26100.0\\shared\pshpack1.h
注意: 包含文件:       C:\Program Files (x86)\Windows Kits\10\\include\10.0.26100.0\\shared\poppack.h
注意: 包含文件:      C:\Program Files (x86)\Windows Kits\10\\include\10.0.26100.0\\shared\winsmcrd.h
注意: 包含文件:     C:\Program Files (x86)\Windows Kits\10\\include\10.0.26100.0\\um\winspool.h
注意: 包含文件:      C:\Program Files (x86)\Windows Kits\10\\include\10.0.26100.0\\um\prsht.h
注意: 包含文件:       C:\Program Files (x86)\Windows Kits\10\\include\10.0.26100.0\\shared\pshpack8.h
注意: 包含文件:       C:\Program Files (x86)\Windows Kits\10\\include\10.0.26100.0\\shared\poppack.h
注意: 包含文件:     C:\Program Files (x86)\Windows Kits\10\\include\10.0.26100.0\\um\ole2.h
注意: 包含文件:      C:\Program Files (x86)\Windows Kits\10\\include\10.0.26100.0\\shared\pshpack8.h
注意: 包含文件:      C:\Program Files (x86)\Windows Kits\10\\include\10.0.26100.0\\um\objbase.h
注意: 包含文件:       C:\Program Files (x86)\Windows Kits\10\\include\10.0.26100.0\\shared\pshpack8.h
注意: 包含文件:       C:\Program Files (x86)\Windows Kits\10\\include\10.0.26100.0\\um\combaseapi.h
注意: 包含文件:        C:\Program Files (x86)\Windows Kits\10\\include\10.0.26100.0\\shared\pshpack8.h
注意: 包含文件:        C:\Program Files (x86)\Windows Kits\10\\include\10.0.26100.0\\um\unknwnbase.h
注意: 包含文件:        C:\Program Files (x86)\Windows Kits\10\\include\10.0.26100.0\\um\objidlbase.h
注意: 包含文件:        C:\Program Files (x86)\Windows Kits\10\\include\10.0.26100.0\\shared\guiddef.h
注意: 包含文件:        C:\Program Files (x86)\Windows Kits\10\\include\10.0.26100.0\\um\cguid.h
注意: 包含文件:        C:\Program Files (x86)\Windows Kits\10\\include\10.0.26100.0\\shared\poppack.h
注意: 包含文件:       C:\Program Files (x86)\Windows Kits\10\\include\10.0.26100.0\\um\coml2api.h
注意: 包含文件:        C:\Program Files (x86)\Windows Kits\10\\include\10.0.26100.0\\um\objidl.h
注意: 包含文件:         C:\Program Files (x86)\Windows Kits\10\include\10.0.26100.0\um\unknwn.h
注意: 包含文件:        C:\Program Files (x86)\Windows Kits\10\\include\10.0.26100.0\\um\propidlbase.h
注意: 包含文件:         C:\Program Files (x86)\Windows Kits\10\include\10.0.26100.0\um\oaidl.h
注意: 包含文件:       C:\Program Files (x86)\Windows Kits\10\\include\10.0.26100.0\\um\urlmon.h
注意: 包含文件:        C:\Program Files (x86)\Windows Kits\10\include\10.0.26100.0\um\oleidl.h
注意: 包含文件:        C:\Program Files (x86)\Windows Kits\10\include\10.0.26100.0\um\servprov.h
注意: 包含文件:        C:\Program Files (x86)\Windows Kits\10\include\10.0.26100.0\um\msxml.h
注意: 包含文件:       C:\Program Files (x86)\Windows Kits\10\\include\10.0.26100.0\\um\propidl.h
注意: 包含文件:       C:\Program Files (x86)\Windows Kits\10\\include\10.0.26100.0\\shared\poppack.h
注意: 包含文件:      C:\Program Files (x86)\Windows Kits\10\\include\10.0.26100.0\\um\oleauto.h
注意: 包含文件:       C:\Program Files (x86)\Windows Kits\10\\include\10.0.26100.0\\shared\pshpack8.h
注意: 包含文件:       C:\Program Files (x86)\Windows Kits\10\\include\10.0.26100.0\\shared\poppack.h
注意: 包含文件:      C:\Program Files (x86)\Windows Kits\10\\include\10.0.26100.0\\shared\poppack.h
注意: 包含文件:     C:\Program Files (x86)\Windows Kits\10\\include\10.0.26100.0\\um\commdlg.h
注意: 包含文件:      C:\Program Files (x86)\Windows Kits\10\\include\10.0.26100.0\\um\prsht.h
注意: 包含文件:     C:\Program Files (x86)\Windows Kits\10\\include\10.0.26100.0\\shared\stralign.h
注意: 包含文件:     C:\Program Files (x86)\Windows Kits\10\\include\10.0.26100.0\\um\winsvc.h
注意: 包含文件:     C:\Program Files (x86)\Windows Kits\10\\include\10.0.26100.0\\um\mcx.h
注意: 包含文件:     C:\Program Files (x86)\Windows Kits\10\\include\10.0.26100.0\\um\imm.h
注意: 包含文件:      C:\Program Files (x86)\Windows Kits\10\\include\10.0.26100.0\\um\ime_cmodes.h
C:\Users\user\output\deepseek-v4部署\fastllm-master\include\devices/cpu/alivethreadpool.h(136): warning C4267: “初始化”: 从“size_t”转换到“int”，可能丢失数据
C:\Users\user\output\deepseek-v4部署\fastllm-master\include\devices/cpu/alivethreadpool.h(176): warning C4267: “初始化”: 从“size_t”转换到“int”，可能丢失数据
C:\Users\user\output\deepseek-v4部署\fastllm-master\include\devices/cpu/alivethreadpool.h(236): warning C4267: “初始化”: 从“size_t”转换到“int”，可能丢失数据
C:\Users\user\output\deepseek-v4部署\fastllm-master\include\devices/cpu/alivethreadpool.h(237): warning C4267: “初始化”: 从“size_t”转换到“int”，可能丢失数据
C:\Users\user\output\deepseek-v4部署\fastllm-master\include\devices/cpu/alivethreadpool.h(238): warning C4267: “初始化”: 从“size_t”转换到“int”，可能丢失数据
C:\Users\user\output\deepseek-v4部署\fastllm-master\include\devices/cpu/alivethreadpool.h(281): warning C4267: “初始化”: 从“size_t”转换到“int”，可能丢失数据
C:\Users\user\output\deepseek-v4部署\fastllm-master\include\devices/cpu/alivethreadpool.h(327): warning C4267: “初始化”: 从“size_t”转换到“int”，可能丢失数据
C:\Users\user\output\deepseek-v4部署\fastllm-master\include\devices/cpu/alivethreadpool.h(330): warning C4267: “初始化”: 从“size_t”转换到“int”，可能丢失数据
C:\Users\user\output\deepseek-v4部署\fastllm-master\include\devices/cpu/alivethreadpool.h(370): warning C4267: “初始化”: 从“size_t”转换到“int”，可能丢失数据
C:\Users\user\output\deepseek-v4部署\fastllm-master\include\devices/cpu/alivethreadpool.h(372): warning C4267: “初始化”: 从“size_t”转换到“int”，可能丢失数据
注意: 包含文件:   C:\Users\user\output\deepseek-v4部署\fastllm-master\third_party\json11\json11.hpp
C:\Users\user\output\deepseek-v4部署\fastllm-master\include\fastllm.h(222): warning C4244: “初始化”: 从“int”转换到“float”，可能丢失数据
C:\Users\user\output\deepseek-v4部署\fastllm-master\include\fastllm.h(222): warning C4244: “初始化”: 从“int”转换到“const float”，可能丢失数据
C:\Users\user\output\deepseek-v4部署\fastllm-master\include\fastllm.h(227): warning C4244: “=”: 从“float”转换到“uint8_t”，可能丢失数据
C:\Users\user\output\deepseek-v4部署\fastllm-master\include\fastllm.h(229): warning C4244: “=”: 从“const float”转换到“uint8_t”，可能丢失数据
C:\Users\user\output\deepseek-v4部署\fastllm-master\include\fastllm.h(687): warning C4996: 'std::codecvt_utf8<wchar_t,1114111,(std::codecvt_mode)0>': warning STL4017: std::wbuffer_convert, std::wstring_convert, and the <codecvt> header (containing std::codecvt_mode, std::codecvt_utf8, std::codecvt_utf16, and std::codecvt_utf8_utf16) are deprecated in C++17. (The std::codecvt class template is NOT deprecated.) The C++ Standard doesn't provide equivalent non-deprecated functionality; consider using MultiByteToWideChar() and WideCharToMultiByte() from <Windows.h> instead. You can define _SILENCE_CXX17_CODECVT_HEADER_DEPRECATION_WARNING or _SILENCE_ALL_CXX17_DEPRECATION_WARNINGS to suppress this warning.
C:\Program Files (x86)\Microsoft Visual Studio\2022\BuildTools\VC\Tools\MSVC\14.44.35207\include\codecvt(34): note: 参见“std::codecvt_utf8”的声明
C:\Users\user\output\deepseek-v4部署\fastllm-master\include\fastllm.h(687): warning C4996: 'std::wstring_convert<std::codecvt_utf8<wchar_t,1114111,(std::codecvt_mode)0>,wchar_t,std::allocator<wchar_t>,std::allocator<char>>': warning STL4017: std::wbuffer_convert, std::wstring_convert, and the <codecvt> header (containing std::codecvt_mode, std::codecvt_utf8, std::codecvt_utf16, and std::codecvt_utf8_utf16) are deprecated in C++17. (The std::codecvt class template is NOT deprecated.) The C++ Standard doesn't provide equivalent non-deprecated functionality; consider using MultiByteToWideChar() and WideCharToMultiByte() from <Windows.h> instead. You can define _SILENCE_CXX17_CODECVT_HEADER_DEPRECATION_WARNING or _SILENCE_ALL_CXX17_DEPRECATION_WARNINGS to suppress this warning.
C:\Program Files (x86)\Microsoft Visual Studio\2022\BuildTools\VC\Tools\MSVC\14.44.35207\include\xlocbuf(303): note: 参见“std::wstring_convert”的声明
[5/39] Building CXX object CMakeFiles\fastllm_tools.dir\src\devices\cpu\avx512bf16.cpp.obj
注意: 包含文件:  C:\Program Files (x86)\Microsoft Visual Studio\2022\BuildTools\VC\Tools\MSVC\14.44.35207\include\cstdint
注意: 包含文件:   C:\Program Files (x86)\Microsoft Visual Studio\2022\BuildTools\VC\Tools\MSVC\14.44.35207\include\yvals_core.h
注意: 包含文件:    C:\Program Files (x86)\Microsoft Visual Studio\2022\BuildTools\VC\Tools\MSVC\14.44.35207\include\vcruntime.h
注意: 包含文件:     C:\Program Files (x86)\Microsoft Visual Studio\2022\BuildTools\VC\Tools\MSVC\14.44.35207\include\sal.h
注意: 包含文件:      C:\Program Files (x86)\Microsoft Visual Studio\2022\BuildTools\VC\Tools\MSVC\14.44.35207\include\concurrencysal.h
注意: 包含文件:     C:\Program Files (x86)\Microsoft Visual Studio\2022\BuildTools\VC\Tools\MSVC\14.44.35207\include\vadefs.h
注意: 包含文件:    C:\Program Files (x86)\Microsoft Visual Studio\2022\BuildTools\VC\Tools\MSVC\14.44.35207\include\xkeycheck.h
注意: 包含文件:   C:\Program Files (x86)\Microsoft Visual Studio\2022\BuildTools\VC\Tools\MSVC\14.44.35207\include\stdint.h
注意: 包含文件:  C:\Program Files (x86)\Microsoft Visual Studio\2022\BuildTools\VC\Tools\MSVC\14.44.35207\include\immintrin.h
注意: 包含文件:   C:\Program Files (x86)\Microsoft Visual Studio\2022\BuildTools\VC\Tools\MSVC\14.44.35207\include\wmmintrin.h
注意: 包含文件:    C:\Program Files (x86)\Microsoft Visual Studio\2022\BuildTools\VC\Tools\MSVC\14.44.35207\include\nmmintrin.h
注意: 包含文件:     C:\Program Files (x86)\Microsoft Visual Studio\2022\BuildTools\VC\Tools\MSVC\14.44.35207\include\smmintrin.h
注意: 包含文件:      C:\Program Files (x86)\Microsoft Visual Studio\2022\BuildTools\VC\Tools\MSVC\14.44.35207\include\tmmintrin.h
注意: 包含文件:       C:\Program Files (x86)\Microsoft Visual Studio\2022\BuildTools\VC\Tools\MSVC\14.44.35207\include\pmmintrin.h
注意: 包含文件:        C:\Program Files (x86)\Microsoft Visual Studio\2022\BuildTools\VC\Tools\MSVC\14.44.35207\include\emmintrin.h
注意: 包含文件:         C:\Program Files (x86)\Microsoft Visual Studio\2022\BuildTools\VC\Tools\MSVC\14.44.35207\include\xmmintrin.h
注意: 包含文件:          C:\Program Files (x86)\Microsoft Visual Studio\2022\BuildTools\VC\Tools\MSVC\14.44.35207\include\mmintrin.h
注意: 包含文件:          C:\Program Files (x86)\Windows Kits\10\include\10.0.26100.0\ucrt\malloc.h
注意: 包含文件:           C:\Program Files (x86)\Windows Kits\10\include\10.0.26100.0\ucrt\corecrt.h
注意: 包含文件:           C:\Program Files (x86)\Windows Kits\10\include\10.0.26100.0\ucrt\corecrt_malloc.h
注意: 包含文件:   C:\Program Files (x86)\Microsoft Visual Studio\2022\BuildTools\VC\Tools\MSVC\14.44.35207\include\zmmintrin.h
注意: 包含文件:  C:\Users\user\output\deepseek-v4部署\fastllm-master\include\utils\utils.h
注意: 包含文件:   C:\Program Files (x86)\Microsoft Visual Studio\2022\BuildTools\VC\Tools\MSVC\14.44.35207\include\cmath
注意: 包含文件:    C:\Program Files (x86)\Microsoft Visual Studio\2022\BuildTools\VC\Tools\MSVC\14.44.35207\include\yvals.h
注意: 包含文件:     C:\Program Files (x86)\Windows Kits\10\include\10.0.26100.0\ucrt\crtdbg.h
注意: 包含文件:      C:\Program Files (x86)\Microsoft Visual Studio\2022\BuildTools\VC\Tools\MSVC\14.44.35207\include\vcruntime_new_debug.h
注意: 包含文件:       C:\Program Files (x86)\Microsoft Visual Studio\2022\BuildTools\VC\Tools\MSVC\14.44.35207\include\vcruntime_new.h
注意: 包含文件:     C:\Program Files (x86)\Microsoft Visual Studio\2022\BuildTools\VC\Tools\MSVC\14.44.35207\include\crtdefs.h
注意: 包含文件:     C:\Program Files (x86)\Microsoft Visual Studio\2022\BuildTools\VC\Tools\MSVC\14.44.35207\include\use_ansi.h
注意: 包含文件:    C:\Program Files (x86)\Microsoft Visual Studio\2022\BuildTools\VC\Tools\MSVC\14.44.35207\include\cstdlib
注意: 包含文件:     C:\Program Files (x86)\Windows Kits\10\include\10.0.26100.0\ucrt\math.h
注意: 包含文件:      C:\Program Files (x86)\Windows Kits\10\include\10.0.26100.0\ucrt\corecrt_math.h
注意: 包含文件:     C:\Program Files (x86)\Windows Kits\10\include\10.0.26100.0\ucrt\stdlib.h
注意: 包含文件:      C:\Program Files (x86)\Windows Kits\10\include\10.0.26100.0\ucrt\corecrt_search.h
注意: 包含文件:       C:\Program Files (x86)\Windows Kits\10\include\10.0.26100.0\ucrt\stddef.h
注意: 包含文件:      C:\Program Files (x86)\Windows Kits\10\include\10.0.26100.0\ucrt\corecrt_wstdlib.h
注意: 包含文件:      C:\Program Files (x86)\Microsoft Visual Studio\2022\BuildTools\VC\Tools\MSVC\14.44.35207\include\limits.h
注意: 包含文件:    C:\Program Files (x86)\Microsoft Visual Studio\2022\BuildTools\VC\Tools\MSVC\14.44.35207\include\xtr1common
注意: 包含文件:    C:\Program Files (x86)\Microsoft Visual Studio\2022\BuildTools\VC\Tools\MSVC\14.44.35207\include\intrin0.h
注意: 包含文件:     C:\Program Files (x86)\Microsoft Visual Studio\2022\BuildTools\VC\Tools\MSVC\14.44.35207\include\intrin0.inl.h
注意: 包含文件:   C:\Program Files (x86)\Microsoft Visual Studio\2022\BuildTools\VC\Tools\MSVC\14.44.35207\include\algorithm
注意: 包含文件:    C:\Program Files (x86)\Microsoft Visual Studio\2022\BuildTools\VC\Tools\MSVC\14.44.35207\include\__msvc_heap_algorithms.hpp
注意: 包含文件:     C:\Program Files (x86)\Microsoft Visual Studio\2022\BuildTools\VC\Tools\MSVC\14.44.35207\include\xutility
注意: 包含文件:      C:\Program Files (x86)\Microsoft Visual Studio\2022\BuildTools\VC\Tools\MSVC\14.44.35207\include\__msvc_iter_core.hpp
注意: 包含文件:       C:\Program Files (x86)\Microsoft Visual Studio\2022\BuildTools\VC\Tools\MSVC\14.44.35207\include\utility
注意: 包含文件:        C:\Program Files (x86)\Microsoft Visual Studio\2022\BuildTools\VC\Tools\MSVC\14.44.35207\include\initializer_list
注意: 包含文件:         C:\Program Files (x86)\Microsoft Visual Studio\2022\BuildTools\VC\Tools\MSVC\14.44.35207\include\cstddef
注意: 包含文件:        C:\Program Files (x86)\Microsoft Visual Studio\2022\BuildTools\VC\Tools\MSVC\14.44.35207\include\type_traits
注意: 包含文件:         C:\Program Files (x86)\Microsoft Visual Studio\2022\BuildTools\VC\Tools\MSVC\14.44.35207\include\cstring
注意: 包含文件:          C:\Program Files (x86)\Windows Kits\10\include\10.0.26100.0\ucrt\string.h
注意: 包含文件:           C:\Program Files (x86)\Windows Kits\10\include\10.0.26100.0\ucrt\corecrt_memory.h
注意: 包含文件:            C:\Program Files (x86)\Windows Kits\10\include\10.0.26100.0\ucrt\corecrt_memcpy_s.h
注意: 包含文件:             C:\Program Files (x86)\Windows Kits\10\include\10.0.26100.0\ucrt\errno.h
注意: 包含文件:             C:\Program Files (x86)\Microsoft Visual Studio\2022\BuildTools\VC\Tools\MSVC\14.44.35207\include\vcruntime_string.h
注意: 包含文件:           C:\Program Files (x86)\Windows Kits\10\include\10.0.26100.0\ucrt\corecrt_wstring.h
注意: 包含文件:      C:\Program Files (x86)\Microsoft Visual Studio\2022\BuildTools\VC\Tools\MSVC\14.44.35207\include\climits
注意: 包含文件:      C:\Program Files (x86)\Microsoft Visual Studio\2022\BuildTools\VC\Tools\MSVC\14.44.35207\include\cwchar
注意: 包含文件:       C:\Program Files (x86)\Microsoft Visual Studio\2022\BuildTools\VC\Tools\MSVC\14.44.35207\include\cstdio
注意: 包含文件:        C:\Program Files (x86)\Windows Kits\10\include\10.0.26100.0\ucrt\stdio.h
注意: 包含文件:         C:\Program Files (x86)\Windows Kits\10\include\10.0.26100.0\ucrt\corecrt_wstdio.h
注意: 包含文件:          C:\Program Files (x86)\Windows Kits\10\include\10.0.26100.0\ucrt\corecrt_stdio_config.h
注意: 包含文件:       C:\Program Files (x86)\Windows Kits\10\include\10.0.26100.0\ucrt\wchar.h
注意: 包含文件:        C:\Program Files (x86)\Windows Kits\10\include\10.0.26100.0\ucrt\corecrt_wconio.h
注意: 包含文件:        C:\Program Files (x86)\Windows Kits\10\include\10.0.26100.0\ucrt\corecrt_wctype.h
注意: 包含文件:        C:\Program Files (x86)\Windows Kits\10\include\10.0.26100.0\ucrt\corecrt_wdirect.h
注意: 包含文件:        C:\Program Files (x86)\Windows Kits\10\include\10.0.26100.0\ucrt\corecrt_wio.h
注意: 包含文件:         C:\Program Files (x86)\Windows Kits\10\include\10.0.26100.0\ucrt\corecrt_share.h
注意: 包含文件:        C:\Program Files (x86)\Windows Kits\10\include\10.0.26100.0\ucrt\corecrt_wprocess.h
注意: 包含文件:        C:\Program Files (x86)\Windows Kits\10\include\10.0.26100.0\ucrt\corecrt_wtime.h
注意: 包含文件:        C:\Program Files (x86)\Windows Kits\10\include\10.0.26100.0\ucrt\sys/stat.h
注意: 包含文件:         C:\Program Files (x86)\Windows Kits\10\include\10.0.26100.0\ucrt\sys/types.h
注意: 包含文件:        C:\Program Files (x86)\Microsoft Visual Studio\2022\BuildTools\VC\Tools\MSVC\14.44.35207\include\intrin.h
注意: 包含文件:         C:\Program Files (x86)\Microsoft Visual Studio\2022\BuildTools\VC\Tools\MSVC\14.44.35207\include\setjmp.h
注意: 包含文件:         C:\Program Files (x86)\Microsoft Visual Studio\2022\BuildTools\VC\Tools\MSVC\14.44.35207\include\ammintrin.h
注意: 包含文件:    C:\Program Files (x86)\Microsoft Visual Studio\2022\BuildTools\VC\Tools\MSVC\14.44.35207\include\__msvc_minmax.hpp
注意: 包含文件:    C:\Program Files (x86)\Microsoft Visual Studio\2022\BuildTools\VC\Tools\MSVC\14.44.35207\include\xmemory
注意: 包含文件:     C:\Program Files (x86)\Microsoft Visual Studio\2022\BuildTools\VC\Tools\MSVC\14.44.35207\include\limits
注意: 包含文件:      C:\Program Files (x86)\Microsoft Visual Studio\2022\BuildTools\VC\Tools\MSVC\14.44.35207\include\cfloat
注意: 包含文件:       C:\Program Files (x86)\Windows Kits\10\include\10.0.26100.0\ucrt\float.h
注意: 包含文件:     C:\Program Files (x86)\Microsoft Visual Studio\2022\BuildTools\VC\Tools\MSVC\14.44.35207\include\new
注意: 包含文件:      C:\Program Files (x86)\Microsoft Visual Studio\2022\BuildTools\VC\Tools\MSVC\14.44.35207\include\exception
注意: 包含文件:       C:\Program Files (x86)\Microsoft Visual Studio\2022\BuildTools\VC\Tools\MSVC\14.44.35207\include\vcruntime_exception.h
注意: 包含文件:        C:\Program Files (x86)\Microsoft Visual Studio\2022\BuildTools\VC\Tools\MSVC\14.44.35207\include\eh.h
注意: 包含文件:         C:\Program Files (x86)\Windows Kits\10\include\10.0.26100.0\ucrt\corecrt_terminate.h
注意: 包含文件:     C:\Program Files (x86)\Microsoft Visual Studio\2022\BuildTools\VC\Tools\MSVC\14.44.35207\include\xatomic.h
注意: 包含文件:   C:\Program Files (x86)\Microsoft Visual Studio\2022\BuildTools\VC\Tools\MSVC\14.44.35207\include\map
注意: 包含文件:    C:\Program Files (x86)\Microsoft Visual Studio\2022\BuildTools\VC\Tools\MSVC\14.44.35207\include\tuple
注意: 包含文件:    C:\Program Files (x86)\Microsoft Visual Studio\2022\BuildTools\VC\Tools\MSVC\14.44.35207\include\xtree
注意: 包含文件:     C:\Program Files (x86)\Microsoft Visual Studio\2022\BuildTools\VC\Tools\MSVC\14.44.35207\include\xnode_handle.h
注意: 包含文件:    C:\Program Files (x86)\Microsoft Visual Studio\2022\BuildTools\VC\Tools\MSVC\14.44.35207\include\xpolymorphic_allocator.h
注意: 包含文件:   C:\Program Files (x86)\Microsoft Visual Studio\2022\BuildTools\VC\Tools\MSVC\14.44.35207\include\chrono
注意: 包含文件:    C:\Program Files (x86)\Microsoft Visual Studio\2022\BuildTools\VC\Tools\MSVC\14.44.35207\include\__msvc_chrono.hpp
注意: 包含文件:     C:\Program Files (x86)\Microsoft Visual Studio\2022\BuildTools\VC\Tools\MSVC\14.44.35207\include\ctime
注意: 包含文件:      C:\Program Files (x86)\Windows Kits\10\include\10.0.26100.0\ucrt\time.h
注意: 包含文件:     C:\Program Files (x86)\Microsoft Visual Studio\2022\BuildTools\VC\Tools\MSVC\14.44.35207\include\ratio
注意: 包含文件:     C:\Program Files (x86)\Microsoft Visual Studio\2022\BuildTools\VC\Tools\MSVC\14.44.35207\include\xtimec.h
注意: 包含文件:    C:\Program Files (x86)\Microsoft Visual Studio\2022\BuildTools\VC\Tools\MSVC\14.44.35207\include\system_error
注意: 包含文件:     C:\Program Files (x86)\Microsoft Visual Studio\2022\BuildTools\VC\Tools\MSVC\14.44.35207\include\__msvc_system_error_abi.hpp
注意: 包含文件:     C:\Program Files (x86)\Microsoft Visual Studio\2022\BuildTools\VC\Tools\MSVC\14.44.35207\include\cerrno
注意: 包含文件:     C:\Program Files (x86)\Microsoft Visual Studio\2022\BuildTools\VC\Tools\MSVC\14.44.35207\include\stdexcept
注意: 包含文件:      C:\Program Files (x86)\Microsoft Visual Studio\2022\BuildTools\VC\Tools\MSVC\14.44.35207\include\xstring
注意: 包含文件:       C:\Program Files (x86)\Microsoft Visual Studio\2022\BuildTools\VC\Tools\MSVC\14.44.35207\include\__msvc_sanitizer_annotate_container.hpp
注意: 包含文件:       C:\Program Files (x86)\Microsoft Visual Studio\2022\BuildTools\VC\Tools\MSVC\14.44.35207\include\__msvc_string_view.hpp
注意: 包含文件:        C:\Program Files (x86)\Microsoft Visual Studio\2022\BuildTools\VC\Tools\MSVC\14.44.35207\include\iosfwd
注意: 包含文件:     C:\Program Files (x86)\Microsoft Visual Studio\2022\BuildTools\VC\Tools\MSVC\14.44.35207\include\xcall_once.h
注意: 包含文件:     C:\Program Files (x86)\Microsoft Visual Studio\2022\BuildTools\VC\Tools\MSVC\14.44.35207\include\xerrc.h
注意: 包含文件:     C:\Program Files (x86)\Microsoft Visual Studio\2022\BuildTools\VC\Tools\MSVC\14.44.35207\include\atomic
注意: 包含文件:      C:\Program Files (x86)\Microsoft Visual Studio\2022\BuildTools\VC\Tools\MSVC\14.44.35207\include\xthreads.h
注意: 包含文件:       C:\Program Files (x86)\Microsoft Visual Studio\2022\BuildTools\VC\Tools\MSVC\14.44.35207\include\__msvc_threads_core.hpp
注意: 包含文件:    C:\Program Files (x86)\Microsoft Visual Studio\2022\BuildTools\VC\Tools\MSVC\14.44.35207\include\xfilesystem_abi.h
注意: 包含文件:   C:\Program Files (x86)\Microsoft Visual Studio\2022\BuildTools\VC\Tools\MSVC\14.44.35207\include\string
注意: 包含文件:    C:\Program Files (x86)\Microsoft Visual Studio\2022\BuildTools\VC\Tools\MSVC\14.44.35207\include\cctype
注意: 包含文件:     C:\Program Files (x86)\Windows Kits\10\include\10.0.26100.0\ucrt\ctype.h
注意: 包含文件:   C:\Program Files (x86)\Windows Kits\10\include\10.0.26100.0\ucrt\fcntl.h
注意: 包含文件:   C:\Program Files (x86)\Microsoft Visual Studio\2022\BuildTools\VC\Tools\MSVC\14.44.35207\include\thread
注意: 包含文件:    C:\Program Files (x86)\Microsoft Visual Studio\2022\BuildTools\VC\Tools\MSVC\14.44.35207\include\memory
注意: 包含文件:     C:\Program Files (x86)\Microsoft Visual Studio\2022\BuildTools\VC\Tools\MSVC\14.44.35207\include\typeinfo
注意: 包含文件:      C:\Program Files (x86)\Microsoft Visual Studio\2022\BuildTools\VC\Tools\MSVC\14.44.35207\include\vcruntime_typeinfo.h
注意: 包含文件:    C:\Program Files (x86)\Windows Kits\10\include\10.0.26100.0\ucrt\process.h
注意: 包含文件:     C:\Program Files (x86)\Windows Kits\10\include\10.0.26100.0\ucrt\corecrt_startup.h
注意: 包含文件:      C:\Program Files (x86)\Windows Kits\10\include\10.0.26100.0\ucrt\math.h
注意: 包含文件:      C:\Program Files (x86)\Microsoft Visual Studio\2022\BuildTools\VC\Tools\MSVC\14.44.35207\include\vcruntime_startup.h
注意: 包含文件:   C:\Program Files (x86)\Microsoft Visual Studio\2022\BuildTools\VC\Tools\MSVC\14.44.35207\include\vector
注意: 包含文件:    C:\Program Files (x86)\Microsoft Visual Studio\2022\BuildTools\VC\Tools\MSVC\14.44.35207\include\__msvc_bit_utils.hpp
注意: 包含文件:   C:\Program Files (x86)\Microsoft Visual Studio\2022\BuildTools\VC\Tools\MSVC\14.44.35207\include\deque
注意: 包含文件:   C:\Program Files (x86)\Microsoft Visual Studio\2022\BuildTools\VC\Tools\MSVC\14.44.35207\include\array
注意: 包含文件:   C:\Program Files (x86)\Microsoft Visual Studio\2022\BuildTools\VC\Tools\MSVC\14.44.35207\include\filesystem
注意: 包含文件:    C:\Program Files (x86)\Microsoft Visual Studio\2022\BuildTools\VC\Tools\MSVC\14.44.35207\include\iomanip
注意: 包含文件:     C:\Program Files (x86)\Microsoft Visual Studio\2022\BuildTools\VC\Tools\MSVC\14.44.35207\include\istream
注意: 包含文件:      C:\Program Files (x86)\Microsoft Visual Studio\2022\BuildTools\VC\Tools\MSVC\14.44.35207\include\__msvc_ostream.hpp
注意: 包含文件:       C:\Program Files (x86)\Microsoft Visual Studio\2022\BuildTools\VC\Tools\MSVC\14.44.35207\include\ios
注意: 包含文件:        C:\Program Files (x86)\Microsoft Visual Studio\2022\BuildTools\VC\Tools\MSVC\14.44.35207\include\xlocnum
注意: 包含文件:         C:\Program Files (x86)\Microsoft Visual Studio\2022\BuildTools\VC\Tools\MSVC\14.44.35207\include\iterator
注意: 包含文件:         C:\Program Files (x86)\Microsoft Visual Studio\2022\BuildTools\VC\Tools\MSVC\14.44.35207\include\streambuf
注意: 包含文件:          C:\Program Files (x86)\Microsoft Visual Studio\2022\BuildTools\VC\Tools\MSVC\14.44.35207\include\xiosbase
注意: 包含文件:           C:\Program Files (x86)\Windows Kits\10\include\10.0.26100.0\ucrt\share.h
注意: 包含文件:           C:\Program Files (x86)\Microsoft Visual Studio\2022\BuildTools\VC\Tools\MSVC\14.44.35207\include\xlocale
注意: 包含文件:            C:\Program Files (x86)\Microsoft Visual Studio\2022\BuildTools\VC\Tools\MSVC\14.44.35207\include\xfacet
注意: 包含文件:            C:\Program Files (x86)\Microsoft Visual Studio\2022\BuildTools\VC\Tools\MSVC\14.44.35207\include\xlocinfo
注意: 包含文件:             C:\Program Files (x86)\Microsoft Visual Studio\2022\BuildTools\VC\Tools\MSVC\14.44.35207\include\__msvc_xlocinfo_types.hpp
注意: 包含文件:             C:\Program Files (x86)\Microsoft Visual Studio\2022\BuildTools\VC\Tools\MSVC\14.44.35207\include\clocale
注意: 包含文件:              C:\Program Files (x86)\Windows Kits\10\include\10.0.26100.0\ucrt\locale.h
注意: 包含文件:     C:\Program Files (x86)\Microsoft Visual Studio\2022\BuildTools\VC\Tools\MSVC\14.44.35207\include\xlocmon
注意: 包含文件:     C:\Program Files (x86)\Microsoft Visual Studio\2022\BuildTools\VC\Tools\MSVC\14.44.35207\include\xloctime
注意: 包含文件:    C:\Program Files (x86)\Microsoft Visual Studio\2022\BuildTools\VC\Tools\MSVC\14.44.35207\include\locale
注意: 包含文件:     C:\Program Files (x86)\Microsoft Visual Studio\2022\BuildTools\VC\Tools\MSVC\14.44.35207\include\xlocbuf
注意: 包含文件:     C:\Program Files (x86)\Microsoft Visual Studio\2022\BuildTools\VC\Tools\MSVC\14.44.35207\include\xlocmes
C:\Users\user\output\deepseek-v4部署\fastllm-master\include\utils\utils.h(30): warning C4067: 预处理器指令后有意外标记 - 应输入换行符
注意: 包含文件:   C:\Program Files (x86)\Windows Kits\10\\include\10.0.26100.0\\um\Windows.h
注意: 包含文件:    C:\Program Files (x86)\Windows Kits\10\\include\10.0.26100.0\\shared\winapifamily.h
注意: 包含文件:     C:\Program Files (x86)\Windows Kits\10\\include\10.0.26100.0\\shared\winpackagefamily.h
注意: 包含文件:    C:\Program Files (x86)\Windows Kits\10\\include\10.0.26100.0\\shared\sdkddkver.h
注意: 包含文件:    C:\Program Files (x86)\Microsoft Visual Studio\2022\BuildTools\VC\Tools\MSVC\14.44.35207\include\excpt.h
注意: 包含文件:    C:\Program Files (x86)\Microsoft Visual Studio\2022\BuildTools\VC\Tools\MSVC\14.44.35207\include\stdarg.h
注意: 包含文件:    C:\Program Files (x86)\Windows Kits\10\\include\10.0.26100.0\\shared\windef.h
注意: 包含文件:     C:\Program Files (x86)\Windows Kits\10\\include\10.0.26100.0\\shared\minwindef.h
注意: 包含文件:      C:\Program Files (x86)\Windows Kits\10\\include\10.0.26100.0\\shared\specstrings.h
注意: 包含文件:       C:\Program Files (x86)\Windows Kits\10\\include\10.0.26100.0\\shared\specstrings_strict.h
注意: 包含文件:        C:\Program Files (x86)\Windows Kits\10\\include\10.0.26100.0\\shared\specstrings_undef.h
注意: 包含文件:       C:\Program Files (x86)\Windows Kits\10\\include\10.0.26100.0\\shared\driverspecs.h
注意: 包含文件:        C:\Program Files (x86)\Windows Kits\10\include\10.0.26100.0\shared\sdv_driverspecs.h
注意: 包含文件:      C:\Program Files (x86)\Windows Kits\10\\include\10.0.26100.0\\um\winnt.h
注意: 包含文件:       C:\Program Files (x86)\Windows Kits\10\\include\10.0.26100.0\\shared\kernelspecs.h
注意: 包含文件:       C:\Program Files (x86)\Windows Kits\10\\include\10.0.26100.0\\shared\basetsd.h
注意: 包含文件:       C:\Program Files (x86)\Windows Kits\10\\include\10.0.26100.0\\shared\guiddef.h
注意: 包含文件:       C:\Program Files (x86)\Windows Kits\10\include\10.0.26100.0\shared\pshpack4.h
注意: 包含文件:       C:\Program Files (x86)\Windows Kits\10\include\10.0.26100.0\shared\poppack.h
注意: 包含文件:       C:\Program Files (x86)\Windows Kits\10\\include\10.0.26100.0\\shared\pshpack4.h
注意: 包含文件:       C:\Program Files (x86)\Windows Kits\10\\include\10.0.26100.0\\shared\poppack.h
注意: 包含文件:       C:\Program Files (x86)\Windows Kits\10\include\10.0.26100.0\shared\pshpack4.h
注意: 包含文件:       C:\Program Files (x86)\Windows Kits\10\include\10.0.26100.0\shared\pshpack2.h
注意: 包含文件:       C:\Program Files (x86)\Windows Kits\10\include\10.0.26100.0\shared\poppack.h
注意: 包含文件:       C:\Program Files (x86)\Windows Kits\10\include\10.0.26100.0\shared\pshpack2.h
注意: 包含文件:       C:\Program Files (x86)\Windows Kits\10\\include\10.0.26100.0\\shared\pshpack2.h
注意: 包含文件:       C:\Program Files (x86)\Windows Kits\10\\include\10.0.26100.0\\shared\poppack.h
注意: 包含文件:       C:\Program Files (x86)\Windows Kits\10\include\10.0.26100.0\shared\poppack.h
注意: 包含文件:       C:\Program Files (x86)\Windows Kits\10\include\10.0.26100.0\shared\pshpack8.h
注意: 包含文件:       C:\Program Files (x86)\Windows Kits\10\include\10.0.26100.0\shared\poppack.h
注意: 包含文件:       C:\Program Files (x86)\Windows Kits\10\include\10.0.26100.0\shared\pshpack1.h
注意: 包含文件:       C:\Program Files (x86)\Windows Kits\10\include\10.0.26100.0\shared\poppack.h
注意: 包含文件:       C:\Program Files (x86)\Windows Kits\10\include\10.0.26100.0\shared\pshpack1.h
注意: 包含文件:       C:\Program Files (x86)\Windows Kits\10\include\10.0.26100.0\shared\poppack.h
注意: 包含文件:       C:\Program Files (x86)\Windows Kits\10\include\10.0.26100.0\shared\poppack.h
注意: 包含文件:       C:\Program Files (x86)\Windows Kits\10\\include\10.0.26100.0\\shared\apiset.h
注意: 包含文件:       C:\Program Files (x86)\Windows Kits\10\\include\10.0.26100.0\\shared\ktmtypes.h
注意: 包含文件:    C:\Program Files (x86)\Windows Kits\10\\include\10.0.26100.0\\um\winbase.h
注意: 包含文件:     C:\Program Files (x86)\Windows Kits\10\\include\10.0.26100.0\\shared\apisetcconv.h
注意: 包含文件:     C:\Program Files (x86)\Windows Kits\10\\include\10.0.26100.0\\um\minwinbase.h
注意: 包含文件:     C:\Program Files (x86)\Windows Kits\10\\include\10.0.26100.0\\um\apiquery2.h
注意: 包含文件:     C:\Program Files (x86)\Windows Kits\10\\include\10.0.26100.0\\um\processenv.h
注意: 包含文件:     C:\Program Files (x86)\Windows Kits\10\\include\10.0.26100.0\\um\fileapifromapp.h
注意: 包含文件:      C:\Program Files (x86)\Windows Kits\10\\include\10.0.26100.0\\um\fileapi.h
注意: 包含文件:     C:\Program Files (x86)\Windows Kits\10\\include\10.0.26100.0\\um\debugapi.h
注意: 包含文件:     C:\Program Files (x86)\Windows Kits\10\\include\10.0.26100.0\\um\utilapiset.h
注意: 包含文件:     C:\Program Files (x86)\Windows Kits\10\\include\10.0.26100.0\\um\handleapi.h
注意: 包含文件:     C:\Program Files (x86)\Windows Kits\10\\include\10.0.26100.0\\um\errhandlingapi.h
注意: 包含文件:     C:\Program Files (x86)\Windows Kits\10\\include\10.0.26100.0\\um\fibersapi.h
注意: 包含文件:     C:\Program Files (x86)\Windows Kits\10\\include\10.0.26100.0\\um\namedpipeapi.h
注意: 包含文件:     C:\Program Files (x86)\Windows Kits\10\\include\10.0.26100.0\\um\profileapi.h
注意: 包含文件:     C:\Program Files (x86)\Windows Kits\10\\include\10.0.26100.0\\um\heapapi.h
注意: 包含文件:     C:\Program Files (x86)\Windows Kits\10\\include\10.0.26100.0\\um\ioapiset.h
注意: 包含文件:     C:\Program Files (x86)\Windows Kits\10\\include\10.0.26100.0\\um\synchapi.h
注意: 包含文件:     C:\Program Files (x86)\Windows Kits\10\\include\10.0.26100.0\\um\interlockedapi.h
注意: 包含文件:     C:\Program Files (x86)\Windows Kits\10\\include\10.0.26100.0\\um\processthreadsapi.h
注意: 包含文件:     C:\Program Files (x86)\Windows Kits\10\\include\10.0.26100.0\\um\sysinfoapi.h
注意: 包含文件:     C:\Program Files (x86)\Windows Kits\10\\include\10.0.26100.0\\um\memoryapi.h
注意: 包含文件:     C:\Program Files (x86)\Windows Kits\10\\include\10.0.26100.0\\um\enclaveapi.h
注意: 包含文件:     C:\Program Files (x86)\Windows Kits\10\\include\10.0.26100.0\\um\threadpoollegacyapiset.h
注意: 包含文件:     C:\Program Files (x86)\Windows Kits\10\\include\10.0.26100.0\\um\threadpoolapiset.h
注意: 包含文件:     C:\Program Files (x86)\Windows Kits\10\\include\10.0.26100.0\\um\jobapi.h
注意: 包含文件:     C:\Program Files (x86)\Windows Kits\10\\include\10.0.26100.0\\um\jobapi2.h
注意: 包含文件:     C:\Program Files (x86)\Windows Kits\10\\include\10.0.26100.0\\um\wow64apiset.h
注意: 包含文件:     C:\Program Files (x86)\Windows Kits\10\\include\10.0.26100.0\\um\libloaderapi.h
注意: 包含文件:     C:\Program Files (x86)\Windows Kits\10\\include\10.0.26100.0\\um\securitybaseapi.h
注意: 包含文件:     C:\Program Files (x86)\Windows Kits\10\\include\10.0.26100.0\\um\namespaceapi.h
注意: 包含文件:     C:\Program Files (x86)\Windows Kits\10\\include\10.0.26100.0\\um\systemtopologyapi.h
注意: 包含文件:     C:\Program Files (x86)\Windows Kits\10\\include\10.0.26100.0\\um\processtopologyapi.h
注意: 包含文件:     C:\Program Files (x86)\Windows Kits\10\\include\10.0.26100.0\\um\securityappcontainer.h
注意: 包含文件:     C:\Program Files (x86)\Windows Kits\10\\include\10.0.26100.0\\um\realtimeapiset.h
注意: 包含文件:     C:\Program Files (x86)\Windows Kits\10\\include\10.0.26100.0\\shared\winerror.h
注意: 包含文件:     C:\Program Files (x86)\Windows Kits\10\\include\10.0.26100.0\\um\timezoneapi.h
注意: 包含文件:    C:\Program Files (x86)\Windows Kits\10\\include\10.0.26100.0\\um\wingdi.h
注意: 包含文件:     C:\Program Files (x86)\Windows Kits\10\\include\10.0.26100.0\\shared\pshpack1.h
注意: 包含文件:     C:\Program Files (x86)\Windows Kits\10\\include\10.0.26100.0\\shared\poppack.h
注意: 包含文件:     C:\Program Files (x86)\Windows Kits\10\\include\10.0.26100.0\\shared\pshpack2.h
注意: 包含文件:     C:\Program Files (x86)\Windows Kits\10\\include\10.0.26100.0\\shared\poppack.h
注意: 包含文件:     C:\Program Files (x86)\Windows Kits\10\\include\10.0.26100.0\\shared\pshpack2.h
注意: 包含文件:     C:\Program Files (x86)\Windows Kits\10\\include\10.0.26100.0\\shared\poppack.h
注意: 包含文件:     C:\Program Files (x86)\Windows Kits\10\\include\10.0.26100.0\\shared\pshpack4.h
注意: 包含文件:     C:\Program Files (x86)\Windows Kits\10\\include\10.0.26100.0\\shared\poppack.h
注意: 包含文件:     C:\Program Files (x86)\Windows Kits\10\\include\10.0.26100.0\\shared\pshpack4.h
注意: 包含文件:     C:\Program Files (x86)\Windows Kits\10\\include\10.0.26100.0\\shared\poppack.h
注意: 包含文件:    C:\Program Files (x86)\Windows Kits\10\\include\10.0.26100.0\\um\winuser.h
注意: 包含文件:     C:\Program Files (x86)\Windows Kits\10\\include\10.0.26100.0\\shared\pshpack2.h
注意: 包含文件:     C:\Program Files (x86)\Windows Kits\10\\include\10.0.26100.0\\shared\poppack.h
注意: 包含文件:     C:\Program Files (x86)\Windows Kits\10\\include\10.0.26100.0\\shared\tvout.h
注意: 包含文件:    C:\Program Files (x86)\Windows Kits\10\\include\10.0.26100.0\\um\winnls.h
注意: 包含文件:     C:\Program Files (x86)\Windows Kits\10\\include\10.0.26100.0\\um\datetimeapi.h
注意: 包含文件:     C:\Program Files (x86)\Windows Kits\10\\include\10.0.26100.0\\um\stringapiset.h
注意: 包含文件:      C:\Program Files (x86)\Windows Kits\10\\include\10.0.26100.0\\um\winnls.h
注意: 包含文件:    C:\Program Files (x86)\Windows Kits\10\\include\10.0.26100.0\\um\wincon.h
注意: 包含文件:     C:\Program Files (x86)\Windows Kits\10\\include\10.0.26100.0\\um\wincontypes.h
注意: 包含文件:     C:\Program Files (x86)\Windows Kits\10\\include\10.0.26100.0\\um\consoleapi.h
注意: 包含文件:     C:\Program Files (x86)\Windows Kits\10\\include\10.0.26100.0\\um\consoleapi2.h
注意: 包含文件:     C:\Program Files (x86)\Windows Kits\10\\include\10.0.26100.0\\um\consoleapi3.h
注意: 包含文件:    C:\Program Files (x86)\Windows Kits\10\\include\10.0.26100.0\\um\winver.h
注意: 包含文件:     C:\Program Files (x86)\Windows Kits\10\\include\10.0.26100.0\\um\verrsrc.h
注意: 包含文件:    C:\Program Files (x86)\Windows Kits\10\\include\10.0.26100.0\\um\winreg.h
注意: 包含文件:     C:\Program Files (x86)\Windows Kits\10\\include\10.0.26100.0\\um\reason.h
注意: 包含文件:    C:\Program Files (x86)\Windows Kits\10\\include\10.0.26100.0\\um\winnetwk.h
注意: 包含文件:     C:\Program Files (x86)\Windows Kits\10\\include\10.0.26100.0\\shared\wnnc.h
注意: 包含文件:    C:\Program Files (x86)\Windows Kits\10\\include\10.0.26100.0\\shared\cderr.h
注意: 包含文件:    C:\Program Files (x86)\Windows Kits\10\\include\10.0.26100.0\\um\dde.h
注意: 包含文件:    C:\Program Files (x86)\Windows Kits\10\\include\10.0.26100.0\\um\ddeml.h
注意: 包含文件:    C:\Program Files (x86)\Windows Kits\10\\include\10.0.26100.0\\um\dlgs.h
注意: 包含文件:    C:\Program Files (x86)\Windows Kits\10\\include\10.0.26100.0\\um\lzexpand.h
注意: 包含文件:    C:\Program Files (x86)\Windows Kits\10\\include\10.0.26100.0\\um\mmsystem.h
注意: 包含文件:     C:\Program Files (x86)\Windows Kits\10\\include\10.0.26100.0\\um\mmsyscom.h
注意: 包含文件:      C:\Program Files (x86)\Windows Kits\10\\include\10.0.26100.0\\shared\pshpack1.h
注意: 包含文件:      C:\Program Files (x86)\Windows Kits\10\\include\10.0.26100.0\\shared\poppack.h
注意: 包含文件:     C:\Program Files (x86)\Windows Kits\10\\include\10.0.26100.0\\shared\pshpack1.h
注意: 包含文件:     C:\Program Files (x86)\Windows Kits\10\\include\10.0.26100.0\\um\mciapi.h
注意: 包含文件:      C:\Program Files (x86)\Windows Kits\10\\include\10.0.26100.0\\um\mmsyscom.h
注意: 包含文件:     C:\Program Files (x86)\Windows Kits\10\\include\10.0.26100.0\\um\mmiscapi.h
注意: 包含文件:      C:\Program Files (x86)\Windows Kits\10\\include\10.0.26100.0\\um\mmsyscom.h
注意: 包含文件:     C:\Program Files (x86)\Windows Kits\10\\include\10.0.26100.0\\um\mmiscapi2.h
注意: 包含文件:      C:\Program Files (x86)\Windows Kits\10\\include\10.0.26100.0\\um\mmsyscom.h
注意: 包含文件:     C:\Program Files (x86)\Windows Kits\10\\include\10.0.26100.0\\um\playsoundapi.h
注意: 包含文件:      C:\Program Files (x86)\Windows Kits\10\\include\10.0.26100.0\\um\mmsyscom.h
注意: 包含文件:     C:\Program Files (x86)\Windows Kits\10\\include\10.0.26100.0\\um\mmeapi.h
注意: 包含文件:      C:\Program Files (x86)\Windows Kits\10\\include\10.0.26100.0\\um\mmsyscom.h
注意: 包含文件:     C:\Program Files (x86)\Windows Kits\10\\include\10.0.26100.0\\um\timeapi.h
注意: 包含文件:      C:\Program Files (x86)\Windows Kits\10\\include\10.0.26100.0\\um\mmsyscom.h
注意: 包含文件:     C:\Program Files (x86)\Windows Kits\10\\include\10.0.26100.0\\um\joystickapi.h
注意: 包含文件:      C:\Program Files (x86)\Windows Kits\10\\include\10.0.26100.0\\um\mmsyscom.h
注意: 包含文件:     C:\Program Files (x86)\Windows Kits\10\\include\10.0.26100.0\\shared\poppack.h
注意: 包含文件:    C:\Program Files (x86)\Windows Kits\10\\include\10.0.26100.0\\um\nb30.h
注意: 包含文件:    C:\Program Files (x86)\Windows Kits\10\\include\10.0.26100.0\\shared\rpc.h
注意: 包含文件:     C:\Program Files (x86)\Windows Kits\10\\include\10.0.26100.0\\shared\pshpack8.h
注意: 包含文件:     C:\Program Files (x86)\Windows Kits\10\\include\10.0.26100.0\\shared\rpcdce.h
注意: 包含文件:      C:\Program Files (x86)\Windows Kits\10\\include\10.0.26100.0\\shared\rpcdcep.h
注意: 包含文件:     C:\Program Files (x86)\Windows Kits\10\\include\10.0.26100.0\\um\rpcnsi.h
注意: 包含文件:     C:\Program Files (x86)\Windows Kits\10\\include\10.0.26100.0\\shared\rpcnterr.h
注意: 包含文件:     C:\Program Files (x86)\Windows Kits\10\\include\10.0.26100.0\\shared\rpcasync.h
注意: 包含文件:      C:\Program Files (x86)\Windows Kits\10\\include\10.0.26100.0\\shared\pshpack8.h
注意: 包含文件:      C:\Program Files (x86)\Windows Kits\10\\include\10.0.26100.0\\shared\poppack.h
注意: 包含文件:     C:\Program Files (x86)\Windows Kits\10\\include\10.0.26100.0\\shared\poppack.h
注意: 包含文件:    C:\Program Files (x86)\Windows Kits\10\\include\10.0.26100.0\\um\shellapi.h
注意: 包含文件:    C:\Program Files (x86)\Windows Kits\10\\include\10.0.26100.0\\um\winperf.h
注意: 包含文件:     C:\Program Files (x86)\Windows Kits\10\\include\10.0.26100.0\\shared\pshpack8.h
注意: 包含文件:     C:\Program Files (x86)\Windows Kits\10\\include\10.0.26100.0\\shared\poppack.h
注意: 包含文件:    C:\Program Files (x86)\Windows Kits\10\\include\10.0.26100.0\\um\winsock.h
注意: 包含文件:     C:\Program Files (x86)\Windows Kits\10\\include\10.0.26100.0\\shared\inaddr.h
注意: 包含文件:    C:\Program Files (x86)\Windows Kits\10\\include\10.0.26100.0\\um\wincrypt.h
注意: 包含文件:     C:\Program Files (x86)\Windows Kits\10\\include\10.0.26100.0\\shared\bcrypt.h
注意: 包含文件:     C:\Program Files (x86)\Windows Kits\10\\include\10.0.26100.0\\um\ncrypt.h
注意: 包含文件:     C:\Program Files (x86)\Windows Kits\10\\include\10.0.26100.0\\um\dpapi.h
注意: 包含文件:    C:\Program Files (x86)\Windows Kits\10\\include\10.0.26100.0\\um\winefs.h
注意: 包含文件:    C:\Program Files (x86)\Windows Kits\10\\include\10.0.26100.0\\um\winscard.h
注意: 包含文件:     C:\Program Files (x86)\Windows Kits\10\\include\10.0.26100.0\\shared\wtypes.h
注意: 包含文件:      C:\Program Files (x86)\Windows Kits\10\include\10.0.26100.0\shared\rpcndr.h
注意: 包含文件:       C:\Program Files (x86)\Windows Kits\10\\include\10.0.26100.0\\shared\pshpack8.h
注意: 包含文件:       C:\Program Files (x86)\Windows Kits\10\\include\10.0.26100.0\\um\rpcnsip.h
注意: 包含文件:       C:\Program Files (x86)\Windows Kits\10\\include\10.0.26100.0\\shared\rpcsal.h
注意: 包含文件:       C:\Program Files (x86)\Windows Kits\10\\include\10.0.26100.0\\shared\poppack.h
注意: 包含文件:      C:\Program Files (x86)\Windows Kits\10\include\10.0.26100.0\shared\wtypesbase.h
注意: 包含文件:       C:\Program Files (x86)\Windows Kits\10\include\10.0.26100.0\shared\guiddef.h
注意: 包含文件:     C:\Program Files (x86)\Windows Kits\10\\include\10.0.26100.0\\um\winioctl.h
注意: 包含文件:      C:\Program Files (x86)\Windows Kits\10\\include\10.0.26100.0\\shared\pshpack1.h
注意: 包含文件:      C:\Program Files (x86)\Windows Kits\10\\include\10.0.26100.0\\shared\poppack.h
注意: 包含文件:      C:\Program Files (x86)\Windows Kits\10\\include\10.0.26100.0\\shared\pshpack1.h
注意: 包含文件:      C:\Program Files (x86)\Windows Kits\10\\include\10.0.26100.0\\shared\poppack.h
注意: 包含文件:      C:\Program Files (x86)\Windows Kits\10\\include\10.0.26100.0\\shared\pshpack1.h
注意: 包含文件:      C:\Program Files (x86)\Windows Kits\10\\include\10.0.26100.0\\shared\poppack.h
注意: 包含文件:      C:\Program Files (x86)\Windows Kits\10\\include\10.0.26100.0\\shared\pshpack1.h
注意: 包含文件:      C:\Program Files (x86)\Windows Kits\10\\include\10.0.26100.0\\shared\poppack.h
注意: 包含文件:      C:\Program Files (x86)\Windows Kits\10\\include\10.0.26100.0\\shared\pshpack1.h
注意: 包含文件:      C:\Program Files (x86)\Windows Kits\10\\include\10.0.26100.0\\shared\poppack.h
注意: 包含文件:      C:\Program Files (x86)\Windows Kits\10\\include\10.0.26100.0\\shared\pshpack1.h
注意: 包含文件:      C:\Program Files (x86)\Windows Kits\10\\include\10.0.26100.0\\shared\poppack.h
注意: 包含文件:      C:\Program Files (x86)\Windows Kits\10\\include\10.0.26100.0\\shared\pshpack1.h
注意: 包含文件:      C:\Program Files (x86)\Windows Kits\10\\include\10.0.26100.0\\shared\poppack.h
注意: 包含文件:     C:\Program Files (x86)\Windows Kits\10\\include\10.0.26100.0\\shared\winsmcrd.h
注意: 包含文件:    C:\Program Files (x86)\Windows Kits\10\\include\10.0.26100.0\\um\winspool.h
注意: 包含文件:     C:\Program Files (x86)\Windows Kits\10\\include\10.0.26100.0\\um\prsht.h
注意: 包含文件:      C:\Program Files (x86)\Windows Kits\10\\include\10.0.26100.0\\shared\pshpack8.h
注意: 包含文件:      C:\Program Files (x86)\Windows Kits\10\\include\10.0.26100.0\\shared\poppack.h
注意: 包含文件:    C:\Program Files (x86)\Windows Kits\10\\include\10.0.26100.0\\um\ole2.h
注意: 包含文件:     C:\Program Files (x86)\Windows Kits\10\\include\10.0.26100.0\\shared\pshpack8.h
注意: 包含文件:     C:\Program Files (x86)\Windows Kits\10\\include\10.0.26100.0\\um\objbase.h
注意: 包含文件:      C:\Program Files (x86)\Windows Kits\10\\include\10.0.26100.0\\shared\pshpack8.h
注意: 包含文件:      C:\Program Files (x86)\Windows Kits\10\\include\10.0.26100.0\\um\combaseapi.h
注意: 包含文件:       C:\Program Files (x86)\Windows Kits\10\\include\10.0.26100.0\\shared\pshpack8.h
注意: 包含文件:       C:\Program Files (x86)\Windows Kits\10\\include\10.0.26100.0\\um\unknwnbase.h
注意: 包含文件:       C:\Program Files (x86)\Windows Kits\10\\include\10.0.26100.0\\um\objidlbase.h
注意: 包含文件:       C:\Program Files (x86)\Windows Kits\10\\include\10.0.26100.0\\shared\guiddef.h
注意: 包含文件:       C:\Program Files (x86)\Windows Kits\10\\include\10.0.26100.0\\um\cguid.h
注意: 包含文件:       C:\Program Files (x86)\Windows Kits\10\\include\10.0.26100.0\\shared\poppack.h
注意: 包含文件:      C:\Program Files (x86)\Windows Kits\10\\include\10.0.26100.0\\um\coml2api.h
注意: 包含文件:       C:\Program Files (x86)\Windows Kits\10\\include\10.0.26100.0\\um\objidl.h
注意: 包含文件:        C:\Program Files (x86)\Windows Kits\10\include\10.0.26100.0\um\unknwn.h
注意: 包含文件:       C:\Program Files (x86)\Windows Kits\10\\include\10.0.26100.0\\um\propidlbase.h
注意: 包含文件:        C:\Program Files (x86)\Windows Kits\10\include\10.0.26100.0\um\oaidl.h
注意: 包含文件:      C:\Program Files (x86)\Windows Kits\10\\include\10.0.26100.0\\um\urlmon.h
注意: 包含文件:       C:\Program Files (x86)\Windows Kits\10\include\10.0.26100.0\um\oleidl.h
注意: 包含文件:       C:\Program Files (x86)\Windows Kits\10\include\10.0.26100.0\um\servprov.h
注意: 包含文件:       C:\Program Files (x86)\Windows Kits\10\include\10.0.26100.0\um\msxml.h
注意: 包含文件:      C:\Program Files (x86)\Windows Kits\10\\include\10.0.26100.0\\um\propidl.h
注意: 包含文件:      C:\Program Files (x86)\Windows Kits\10\\include\10.0.26100.0\\shared\poppack.h
注意: 包含文件:     C:\Program Files (x86)\Windows Kits\10\\include\10.0.26100.0\\um\oleauto.h
注意: 包含文件:      C:\Program Files (x86)\Windows Kits\10\\include\10.0.26100.0\\shared\pshpack8.h
注意: 包含文件:      C:\Program Files (x86)\Windows Kits\10\\include\10.0.26100.0\\shared\poppack.h
注意: 包含文件:     C:\Program Files (x86)\Windows Kits\10\\include\10.0.26100.0\\shared\poppack.h
注意: 包含文件:    C:\Program Files (x86)\Windows Kits\10\\include\10.0.26100.0\\um\commdlg.h
注意: 包含文件:     C:\Program Files (x86)\Windows Kits\10\\include\10.0.26100.0\\um\prsht.h
注意: 包含文件:    C:\Program Files (x86)\Windows Kits\10\\include\10.0.26100.0\\shared\stralign.h
注意: 包含文件:    C:\Program Files (x86)\Windows Kits\10\\include\10.0.26100.0\\um\winsvc.h
注意: 包含文件:    C:\Program Files (x86)\Windows Kits\10\\include\10.0.26100.0\\um\mcx.h
注意: 包含文件:    C:\Program Files (x86)\Windows Kits\10\\include\10.0.26100.0\\um\imm.h
注意: 包含文件:     C:\Program Files (x86)\Windows Kits\10\\include\10.0.26100.0\\um\ime_cmodes.h
注意: 包含文件:   C:\Program Files (x86)\Windows Kits\10\include\10.0.26100.0\ucrt\io.h
注意: 包含文件:    C:\Program Files (x86)\Windows Kits\10\include\10.0.26100.0\ucrt\corecrt_io.h
C:\Users\user\output\deepseek-v4部署\fastllm-master\include\utils\utils.h(109): warning C4996: '_wfopen': This function or variable may be unsafe. Consider using _wfopen_s instead. To disable deprecation, use _CRT_SECURE_NO_WARNINGS. See online help for details.
C:\Users\user\output\deepseek-v4部署\fastllm-master\include\utils\utils.h(118): warning C4996: '_wopen': This function or variable may be unsafe. Consider using _wsopen_s instead. To disable deprecation, use _CRT_SECURE_NO_WARNINGS. See online help for details.
C:\Users\user\output\deepseek-v4部署\fastllm-master\include\utils\utils.h(150): warning C4244: “return”: 从“double”转换到“float”，可能丢失数据
C:\Users\user\output\deepseek-v4部署\fastllm-master\include\utils\utils.h(355): warning C4267: “初始化”: 从“size_t”转换到“int”，可能丢失数据
C:\Users\user\output\deepseek-v4部署\fastllm-master\include\utils\utils.h(417): warning C4244: “+=”: 从“double”转换到“float”，可能丢失数据
注意: 包含文件:  C:\Users\user\output\deepseek-v4部署\fastllm-master\include\fastllm.h
注意: 包含文件:   C:\Program Files (x86)\Microsoft Visual Studio\2022\BuildTools\VC\Tools\MSVC\14.44.35207\include\set
注意: 包含文件:   C:\Program Files (x86)\Microsoft Visual Studio\2022\BuildTools\VC\Tools\MSVC\14.44.35207\include\queue
注意: 包含文件:   C:\Program Files (x86)\Microsoft Visual Studio\2022\BuildTools\VC\Tools\MSVC\14.44.35207\include\unordered_map
注意: 包含文件:    C:\Program Files (x86)\Microsoft Visual Studio\2022\BuildTools\VC\Tools\MSVC\14.44.35207\include\xhash
注意: 包含文件:     C:\Program Files (x86)\Microsoft Visual Studio\2022\BuildTools\VC\Tools\MSVC\14.44.35207\include\list
注意: 包含文件:     C:\Program Files (x86)\Microsoft Visual Studio\2022\BuildTools\VC\Tools\MSVC\14.44.35207\include\xbit_ops.h
注意: 包含文件:   C:\Program Files (x86)\Microsoft Visual Studio\2022\BuildTools\VC\Tools\MSVC\14.44.35207\include\unordered_set
注意: 包含文件:   C:\Program Files (x86)\Microsoft Visual Studio\2022\BuildTools\VC\Tools\MSVC\14.44.35207\include\iostream
注意: 包含文件:    C:\Program Files (x86)\Microsoft Visual Studio\2022\BuildTools\VC\Tools\MSVC\14.44.35207\include\ostream
注意: 包含文件:   C:\Program Files (x86)\Microsoft Visual Studio\2022\BuildTools\VC\Tools\MSVC\14.44.35207\include\functional
注意: 包含文件:   C:\Program Files (x86)\Microsoft Visual Studio\2022\BuildTools\VC\Tools\MSVC\14.44.35207\include\mutex
注意: 包含文件:   C:\Program Files (x86)\Microsoft Visual Studio\2022\BuildTools\VC\Tools\MSVC\14.44.35207\include\codecvt
注意: 包含文件:   C:\Users\user\output\deepseek-v4部署\fastllm-master\include\devices/cpu/alivethreadpool.h
C:\Users\user\output\deepseek-v4部署\fastllm-master\include\devices/cpu/alivethreadpool.h(136): warning C4267: “初始化”: 从“size_t”转换到“int”，可能丢失数据
C:\Users\user\output\deepseek-v4部署\fastllm-master\include\devices/cpu/alivethreadpool.h(176): warning C4267: “初始化”: 从“size_t”转换到“int”，可能丢失数据
C:\Users\user\output\deepseek-v4部署\fastllm-master\include\devices/cpu/alivethreadpool.h(236): warning C4267: “初始化”: 从“size_t”转换到“int”，可能丢失数据
C:\Users\user\output\deepseek-v4部署\fastllm-master\include\devices/cpu/alivethreadpool.h(237): warning C4267: “初始化”: 从“size_t”转换到“int”，可能丢失数据
C:\Users\user\output\deepseek-v4部署\fastllm-master\include\devices/cpu/alivethreadpool.h(238): warning C4267: “初始化”: 从“size_t”转换到“int”，可能丢失数据
C:\Users\user\output\deepseek-v4部署\fastllm-master\include\devices/cpu/alivethreadpool.h(281): warning C4267: “初始化”: 从“size_t”转换到“int”，可能丢失数据
C:\Users\user\output\deepseek-v4部署\fastllm-master\include\devices/cpu/alivethreadpool.h(327): warning C4267: “初始化”: 从“size_t”转换到“int”，可能丢失数据
C:\Users\user\output\deepseek-v4部署\fastllm-master\include\devices/cpu/alivethreadpool.h(330): warning C4267: “初始化”: 从“size_t”转换到“int”，可能丢失数据
C:\Users\user\output\deepseek-v4部署\fastllm-master\include\devices/cpu/alivethreadpool.h(370): warning C4267: “初始化”: 从“size_t”转换到“int”，可能丢失数据
C:\Users\user\output\deepseek-v4部署\fastllm-master\include\devices/cpu/alivethreadpool.h(372): warning C4267: “初始化”: 从“size_t”转换到“int”，可能丢失数据
注意: 包含文件:   C:\Users\user\output\deepseek-v4部署\fastllm-master\third_party\json11\json11.hpp
C:\Users\user\output\deepseek-v4部署\fastllm-master\include\fastllm.h(222): warning C4244: “初始化”: 从“int”转换到“float”，可能丢失数据
C:\Users\user\output\deepseek-v4部署\fastllm-master\include\fastllm.h(222): warning C4244: “初始化”: 从“int”转换到“const float”，可能丢失数据
C:\Users\user\output\deepseek-v4部署\fastllm-master\include\fastllm.h(227): warning C4244: “=”: 从“float”转换到“uint8_t”，可能丢失数据
C:\Users\user\output\deepseek-v4部署\fastllm-master\include\fastllm.h(229): warning C4244: “=”: 从“const float”转换到“uint8_t”，可能丢失数据
C:\Users\user\output\deepseek-v4部署\fastllm-master\include\fastllm.h(687): warning C4996: 'std::codecvt_utf8<wchar_t,1114111,(std::codecvt_mode)0>': warning STL4017: std::wbuffer_convert, std::wstring_convert, and the <codecvt> header (containing std::codecvt_mode, std::codecvt_utf8, std::codecvt_utf16, and std::codecvt_utf8_utf16) are deprecated in C++17. (The std::codecvt class template is NOT deprecated.) The C++ Standard doesn't provide equivalent non-deprecated functionality; consider using MultiByteToWideChar() and WideCharToMultiByte() from <Windows.h> instead. You can define _SILENCE_CXX17_CODECVT_HEADER_DEPRECATION_WARNING or _SILENCE_ALL_CXX17_DEPRECATION_WARNINGS to suppress this warning.
C:\Program Files (x86)\Microsoft Visual Studio\2022\BuildTools\VC\Tools\MSVC\14.44.35207\include\codecvt(34): note: 参见“std::codecvt_utf8”的声明
C:\Users\user\output\deepseek-v4部署\fastllm-master\include\fastllm.h(687): warning C4996: 'std::wstring_convert<std::codecvt_utf8<wchar_t,1114111,(std::codecvt_mode)0>,wchar_t,std::allocator<wchar_t>,std::allocator<char>>': warning STL4017: std::wbuffer_convert, std::wstring_convert, and the <codecvt> header (containing std::codecvt_mode, std::codecvt_utf8, std::codecvt_utf16, and std::codecvt_utf8_utf16) are deprecated in C++17. (The std::codecvt class template is NOT deprecated.) The C++ Standard doesn't provide equivalent non-deprecated functionality; consider using MultiByteToWideChar() and WideCharToMultiByte() from <Windows.h> instead. You can define _SILENCE_CXX17_CODECVT_HEADER_DEPRECATION_WARNING or _SILENCE_ALL_CXX17_DEPRECATION_WARNINGS to suppress this warning.
C:\Program Files (x86)\Microsoft Visual Studio\2022\BuildTools\VC\Tools\MSVC\14.44.35207\include\xlocbuf(303): note: 参见“std::wstring_convert”的声明
[6/39] Building CXX object CMakeFiles\fastllm_tools.dir\third_party\gguf\gguf-adapter.cpp.obj
注意: 包含文件:  C:\Users\user\output\deepseek-v4部署\fastllm-master\third_party\gguf\gguf.h
注意: 包含文件:   C:\Program Files (x86)\Microsoft Visual Studio\2022\BuildTools\VC\Tools\MSVC\14.44.35207\include\regex
注意: 包含文件:    C:\Program Files (x86)\Microsoft Visual Studio\2022\BuildTools\VC\Tools\MSVC\14.44.35207\include\yvals_core.h
注意: 包含文件:     C:\Program Files (x86)\Microsoft Visual Studio\2022\BuildTools\VC\Tools\MSVC\14.44.35207\include\vcruntime.h
注意: 包含文件:      C:\Program Files (x86)\Microsoft Visual Studio\2022\BuildTools\VC\Tools\MSVC\14.44.35207\include\sal.h
注意: 包含文件:       C:\Program Files (x86)\Microsoft Visual Studio\2022\BuildTools\VC\Tools\MSVC\14.44.35207\include\concurrencysal.h
注意: 包含文件:      C:\Program Files (x86)\Microsoft Visual Studio\2022\BuildTools\VC\Tools\MSVC\14.44.35207\include\vadefs.h
注意: 包含文件:     C:\Program Files (x86)\Microsoft Visual Studio\2022\BuildTools\VC\Tools\MSVC\14.44.35207\include\xkeycheck.h
注意: 包含文件:    C:\Program Files (x86)\Microsoft Visual Studio\2022\BuildTools\VC\Tools\MSVC\14.44.35207\include\algorithm
注意: 包含文件:     C:\Program Files (x86)\Microsoft Visual Studio\2022\BuildTools\VC\Tools\MSVC\14.44.35207\include\__msvc_heap_algorithms.hpp
注意: 包含文件:      C:\Program Files (x86)\Microsoft Visual Studio\2022\BuildTools\VC\Tools\MSVC\14.44.35207\include\xutility
注意: 包含文件:       C:\Program Files (x86)\Microsoft Visual Studio\2022\BuildTools\VC\Tools\MSVC\14.44.35207\include\yvals.h
注意: 包含文件:        C:\Program Files (x86)\Windows Kits\10\include\10.0.26100.0\ucrt\crtdbg.h
注意: 包含文件:         C:\Program Files (x86)\Windows Kits\10\include\10.0.26100.0\ucrt\corecrt.h
注意: 包含文件:         C:\Program Files (x86)\Microsoft Visual Studio\2022\BuildTools\VC\Tools\MSVC\14.44.35207\include\vcruntime_new_debug.h
注意: 包含文件:          C:\Program Files (x86)\Microsoft Visual Studio\2022\BuildTools\VC\Tools\MSVC\14.44.35207\include\vcruntime_new.h
注意: 包含文件:        C:\Program Files (x86)\Microsoft Visual Studio\2022\BuildTools\VC\Tools\MSVC\14.44.35207\include\crtdefs.h
注意: 包含文件:        C:\Program Files (x86)\Microsoft Visual Studio\2022\BuildTools\VC\Tools\MSVC\14.44.35207\include\use_ansi.h
注意: 包含文件:       C:\Program Files (x86)\Microsoft Visual Studio\2022\BuildTools\VC\Tools\MSVC\14.44.35207\include\__msvc_iter_core.hpp
注意: 包含文件:        C:\Program Files (x86)\Microsoft Visual Studio\2022\BuildTools\VC\Tools\MSVC\14.44.35207\include\utility
注意: 包含文件:         C:\Program Files (x86)\Microsoft Visual Studio\2022\BuildTools\VC\Tools\MSVC\14.44.35207\include\initializer_list
注意: 包含文件:          C:\Program Files (x86)\Microsoft Visual Studio\2022\BuildTools\VC\Tools\MSVC\14.44.35207\include\cstddef
注意: 包含文件:           C:\Program Files (x86)\Windows Kits\10\include\10.0.26100.0\ucrt\stddef.h
注意: 包含文件:           C:\Program Files (x86)\Microsoft Visual Studio\2022\BuildTools\VC\Tools\MSVC\14.44.35207\include\xtr1common
注意: 包含文件:         C:\Program Files (x86)\Microsoft Visual Studio\2022\BuildTools\VC\Tools\MSVC\14.44.35207\include\type_traits
注意: 包含文件:          C:\Program Files (x86)\Microsoft Visual Studio\2022\BuildTools\VC\Tools\MSVC\14.44.35207\include\cstdint
注意: 包含文件:           C:\Program Files (x86)\Microsoft Visual Studio\2022\BuildTools\VC\Tools\MSVC\14.44.35207\include\stdint.h
注意: 包含文件:          C:\Program Files (x86)\Microsoft Visual Studio\2022\BuildTools\VC\Tools\MSVC\14.44.35207\include\cstring
注意: 包含文件:           C:\Program Files (x86)\Windows Kits\10\include\10.0.26100.0\ucrt\string.h
注意: 包含文件:            C:\Program Files (x86)\Windows Kits\10\include\10.0.26100.0\ucrt\corecrt_memory.h
注意: 包含文件:             C:\Program Files (x86)\Windows Kits\10\include\10.0.26100.0\ucrt\corecrt_memcpy_s.h
注意: 包含文件:              C:\Program Files (x86)\Windows Kits\10\include\10.0.26100.0\ucrt\errno.h
注意: 包含文件:              C:\Program Files (x86)\Microsoft Visual Studio\2022\BuildTools\VC\Tools\MSVC\14.44.35207\include\vcruntime_string.h
注意: 包含文件:            C:\Program Files (x86)\Windows Kits\10\include\10.0.26100.0\ucrt\corecrt_wstring.h
注意: 包含文件:       C:\Program Files (x86)\Microsoft Visual Studio\2022\BuildTools\VC\Tools\MSVC\14.44.35207\include\climits
注意: 包含文件:        C:\Program Files (x86)\Microsoft Visual Studio\2022\BuildTools\VC\Tools\MSVC\14.44.35207\include\limits.h
注意: 包含文件:       C:\Program Files (x86)\Microsoft Visual Studio\2022\BuildTools\VC\Tools\MSVC\14.44.35207\include\cstdlib
注意: 包含文件:        C:\Program Files (x86)\Windows Kits\10\include\10.0.26100.0\ucrt\math.h
注意: 包含文件:         C:\Program Files (x86)\Windows Kits\10\include\10.0.26100.0\ucrt\corecrt_math.h
注意: 包含文件:        C:\Program Files (x86)\Windows Kits\10\include\10.0.26100.0\ucrt\stdlib.h
注意: 包含文件:         C:\Program Files (x86)\Windows Kits\10\include\10.0.26100.0\ucrt\corecrt_malloc.h
注意: 包含文件:         C:\Program Files (x86)\Windows Kits\10\include\10.0.26100.0\ucrt\corecrt_search.h
注意: 包含文件:         C:\Program Files (x86)\Windows Kits\10\include\10.0.26100.0\ucrt\corecrt_wstdlib.h
注意: 包含文件:       C:\Program Files (x86)\Microsoft Visual Studio\2022\BuildTools\VC\Tools\MSVC\14.44.35207\include\cwchar
注意: 包含文件:        C:\Program Files (x86)\Microsoft Visual Studio\2022\BuildTools\VC\Tools\MSVC\14.44.35207\include\cstdio
注意: 包含文件:         C:\Program Files (x86)\Windows Kits\10\include\10.0.26100.0\ucrt\stdio.h
注意: 包含文件:          C:\Program Files (x86)\Windows Kits\10\include\10.0.26100.0\ucrt\corecrt_wstdio.h
注意: 包含文件:           C:\Program Files (x86)\Windows Kits\10\include\10.0.26100.0\ucrt\corecrt_stdio_config.h
注意: 包含文件:        C:\Program Files (x86)\Windows Kits\10\include\10.0.26100.0\ucrt\wchar.h
注意: 包含文件:         C:\Program Files (x86)\Windows Kits\10\include\10.0.26100.0\ucrt\corecrt_wconio.h
注意: 包含文件:         C:\Program Files (x86)\Windows Kits\10\include\10.0.26100.0\ucrt\corecrt_wctype.h
注意: 包含文件:         C:\Program Files (x86)\Windows Kits\10\include\10.0.26100.0\ucrt\corecrt_wdirect.h
注意: 包含文件:         C:\Program Files (x86)\Windows Kits\10\include\10.0.26100.0\ucrt\corecrt_wio.h
注意: 包含文件:          C:\Program Files (x86)\Windows Kits\10\include\10.0.26100.0\ucrt\corecrt_share.h
注意: 包含文件:         C:\Program Files (x86)\Windows Kits\10\include\10.0.26100.0\ucrt\corecrt_wprocess.h
注意: 包含文件:         C:\Program Files (x86)\Windows Kits\10\include\10.0.26100.0\ucrt\corecrt_wtime.h
注意: 包含文件:         C:\Program Files (x86)\Windows Kits\10\include\10.0.26100.0\ucrt\sys/stat.h
注意: 包含文件:          C:\Program Files (x86)\Windows Kits\10\include\10.0.26100.0\ucrt\sys/types.h
注意: 包含文件:         C:\Program Files (x86)\Microsoft Visual Studio\2022\BuildTools\VC\Tools\MSVC\14.44.35207\include\intrin.h
注意: 包含文件:          C:\Program Files (x86)\Microsoft Visual Studio\2022\BuildTools\VC\Tools\MSVC\14.44.35207\include\intrin0.inl.h
注意: 包含文件:          C:\Program Files (x86)\Microsoft Visual Studio\2022\BuildTools\VC\Tools\MSVC\14.44.35207\include\setjmp.h
注意: 包含文件:          C:\Program Files (x86)\Microsoft Visual Studio\2022\BuildTools\VC\Tools\MSVC\14.44.35207\include\immintrin.h
注意: 包含文件:           C:\Program Files (x86)\Microsoft Visual Studio\2022\BuildTools\VC\Tools\MSVC\14.44.35207\include\wmmintrin.h
注意: 包含文件:            C:\Program Files (x86)\Microsoft Visual Studio\2022\BuildTools\VC\Tools\MSVC\14.44.35207\include\nmmintrin.h
注意: 包含文件:             C:\Program Files (x86)\Microsoft Visual Studio\2022\BuildTools\VC\Tools\MSVC\14.44.35207\include\smmintrin.h
注意: 包含文件:              C:\Program Files (x86)\Microsoft Visual Studio\2022\BuildTools\VC\Tools\MSVC\14.44.35207\include\tmmintrin.h
注意: 包含文件:               C:\Program Files (x86)\Microsoft Visual Studio\2022\BuildTools\VC\Tools\MSVC\14.44.35207\include\pmmintrin.h
注意: 包含文件:                C:\Program Files (x86)\Microsoft Visual Studio\2022\BuildTools\VC\Tools\MSVC\14.44.35207\include\emmintrin.h
注意: 包含文件:                 C:\Program Files (x86)\Microsoft Visual Studio\2022\BuildTools\VC\Tools\MSVC\14.44.35207\include\xmmintrin.h
注意: 包含文件:                  C:\Program Files (x86)\Microsoft Visual Studio\2022\BuildTools\VC\Tools\MSVC\14.44.35207\include\mmintrin.h
注意: 包含文件:                  C:\Program Files (x86)\Windows Kits\10\include\10.0.26100.0\ucrt\malloc.h
注意: 包含文件:           C:\Program Files (x86)\Microsoft Visual Studio\2022\BuildTools\VC\Tools\MSVC\14.44.35207\include\zmmintrin.h
注意: 包含文件:          C:\Program Files (x86)\Microsoft Visual Studio\2022\BuildTools\VC\Tools\MSVC\14.44.35207\include\ammintrin.h
注意: 包含文件:     C:\Program Files (x86)\Microsoft Visual Studio\2022\BuildTools\VC\Tools\MSVC\14.44.35207\include\__msvc_minmax.hpp
注意: 包含文件:     C:\Program Files (x86)\Microsoft Visual Studio\2022\BuildTools\VC\Tools\MSVC\14.44.35207\include\xmemory
注意: 包含文件:      C:\Program Files (x86)\Microsoft Visual Studio\2022\BuildTools\VC\Tools\MSVC\14.44.35207\include\limits
注意: 包含文件:       C:\Program Files (x86)\Microsoft Visual Studio\2022\BuildTools\VC\Tools\MSVC\14.44.35207\include\cfloat
注意: 包含文件:        C:\Program Files (x86)\Windows Kits\10\include\10.0.26100.0\ucrt\float.h
注意: 包含文件:       C:\Program Files (x86)\Microsoft Visual Studio\2022\BuildTools\VC\Tools\MSVC\14.44.35207\include\intrin0.h
注意: 包含文件:      C:\Program Files (x86)\Microsoft Visual Studio\2022\BuildTools\VC\Tools\MSVC\14.44.35207\include\new
注意: 包含文件:       C:\Program Files (x86)\Microsoft Visual Studio\2022\BuildTools\VC\Tools\MSVC\14.44.35207\include\exception
注意: 包含文件:        C:\Program Files (x86)\Microsoft Visual Studio\2022\BuildTools\VC\Tools\MSVC\14.44.35207\include\vcruntime_exception.h
注意: 包含文件:         C:\Program Files (x86)\Microsoft Visual Studio\2022\BuildTools\VC\Tools\MSVC\14.44.35207\include\eh.h
注意: 包含文件:          C:\Program Files (x86)\Windows Kits\10\include\10.0.26100.0\ucrt\corecrt_terminate.h
注意: 包含文件:      C:\Program Files (x86)\Microsoft Visual Studio\2022\BuildTools\VC\Tools\MSVC\14.44.35207\include\xatomic.h
注意: 包含文件:    C:\Program Files (x86)\Microsoft Visual Studio\2022\BuildTools\VC\Tools\MSVC\14.44.35207\include\cctype
注意: 包含文件:     C:\Program Files (x86)\Windows Kits\10\include\10.0.26100.0\ucrt\ctype.h
注意: 包含文件:    C:\Program Files (x86)\Microsoft Visual Studio\2022\BuildTools\VC\Tools\MSVC\14.44.35207\include\iterator
注意: 包含文件:     C:\Program Files (x86)\Microsoft Visual Studio\2022\BuildTools\VC\Tools\MSVC\14.44.35207\include\iosfwd
注意: 包含文件:    C:\Program Files (x86)\Microsoft Visual Studio\2022\BuildTools\VC\Tools\MSVC\14.44.35207\include\locale
注意: 包含文件:     C:\Program Files (x86)\Microsoft Visual Studio\2022\BuildTools\VC\Tools\MSVC\14.44.35207\include\xlocbuf
注意: 包含文件:      C:\Program Files (x86)\Microsoft Visual Studio\2022\BuildTools\VC\Tools\MSVC\14.44.35207\include\streambuf
注意: 包含文件:       C:\Program Files (x86)\Microsoft Visual Studio\2022\BuildTools\VC\Tools\MSVC\14.44.35207\include\xiosbase
注意: 包含文件:        C:\Program Files (x86)\Windows Kits\10\include\10.0.26100.0\ucrt\share.h
注意: 包含文件:        C:\Program Files (x86)\Microsoft Visual Studio\2022\BuildTools\VC\Tools\MSVC\14.44.35207\include\system_error
注意: 包含文件:         C:\Program Files (x86)\Microsoft Visual Studio\2022\BuildTools\VC\Tools\MSVC\14.44.35207\include\__msvc_system_error_abi.hpp
注意: 包含文件:         C:\Program Files (x86)\Microsoft Visual Studio\2022\BuildTools\VC\Tools\MSVC\14.44.35207\include\cerrno
注意: 包含文件:         C:\Program Files (x86)\Microsoft Visual Studio\2022\BuildTools\VC\Tools\MSVC\14.44.35207\include\stdexcept
注意: 包含文件:          C:\Program Files (x86)\Microsoft Visual Studio\2022\BuildTools\VC\Tools\MSVC\14.44.35207\include\xstring
注意: 包含文件:           C:\Program Files (x86)\Microsoft Visual Studio\2022\BuildTools\VC\Tools\MSVC\14.44.35207\include\__msvc_sanitizer_annotate_container.hpp
注意: 包含文件:           C:\Program Files (x86)\Microsoft Visual Studio\2022\BuildTools\VC\Tools\MSVC\14.44.35207\include\__msvc_string_view.hpp
注意: 包含文件:           C:\Program Files (x86)\Microsoft Visual Studio\2022\BuildTools\VC\Tools\MSVC\14.44.35207\include\xpolymorphic_allocator.h
注意: 包含文件:            C:\Program Files (x86)\Microsoft Visual Studio\2022\BuildTools\VC\Tools\MSVC\14.44.35207\include\tuple
注意: 包含文件:         C:\Program Files (x86)\Microsoft Visual Studio\2022\BuildTools\VC\Tools\MSVC\14.44.35207\include\xcall_once.h
注意: 包含文件:         C:\Program Files (x86)\Microsoft Visual Studio\2022\BuildTools\VC\Tools\MSVC\14.44.35207\include\xerrc.h
注意: 包含文件:         C:\Program Files (x86)\Microsoft Visual Studio\2022\BuildTools\VC\Tools\MSVC\14.44.35207\include\atomic
注意: 包含文件:          C:\Program Files (x86)\Microsoft Visual Studio\2022\BuildTools\VC\Tools\MSVC\14.44.35207\include\xthreads.h
注意: 包含文件:           C:\Program Files (x86)\Microsoft Visual Studio\2022\BuildTools\VC\Tools\MSVC\14.44.35207\include\__msvc_threads_core.hpp
注意: 包含文件:           C:\Program Files (x86)\Microsoft Visual Studio\2022\BuildTools\VC\Tools\MSVC\14.44.35207\include\xtimec.h
注意: 包含文件:            C:\Program Files (x86)\Microsoft Visual Studio\2022\BuildTools\VC\Tools\MSVC\14.44.35207\include\ctime
注意: 包含文件:             C:\Program Files (x86)\Windows Kits\10\include\10.0.26100.0\ucrt\time.h
注意: 包含文件:        C:\Program Files (x86)\Microsoft Visual Studio\2022\BuildTools\VC\Tools\MSVC\14.44.35207\include\xlocale
注意: 包含文件:         C:\Program Files (x86)\Microsoft Visual Studio\2022\BuildTools\VC\Tools\MSVC\14.44.35207\include\memory
注意: 包含文件:          C:\Program Files (x86)\Microsoft Visual Studio\2022\BuildTools\VC\Tools\MSVC\14.44.35207\include\typeinfo
注意: 包含文件:           C:\Program Files (x86)\Microsoft Visual Studio\2022\BuildTools\VC\Tools\MSVC\14.44.35207\include\vcruntime_typeinfo.h
注意: 包含文件:         C:\Program Files (x86)\Microsoft Visual Studio\2022\BuildTools\VC\Tools\MSVC\14.44.35207\include\xfacet
注意: 包含文件:         C:\Program Files (x86)\Microsoft Visual Studio\2022\BuildTools\VC\Tools\MSVC\14.44.35207\include\xlocinfo
注意: 包含文件:          C:\Program Files (x86)\Microsoft Visual Studio\2022\BuildTools\VC\Tools\MSVC\14.44.35207\include\__msvc_xlocinfo_types.hpp
注意: 包含文件:          C:\Program Files (x86)\Microsoft Visual Studio\2022\BuildTools\VC\Tools\MSVC\14.44.35207\include\clocale
注意: 包含文件:           C:\Program Files (x86)\Windows Kits\10\include\10.0.26100.0\ucrt\locale.h
注意: 包含文件:     C:\Program Files (x86)\Microsoft Visual Studio\2022\BuildTools\VC\Tools\MSVC\14.44.35207\include\xlocmes
注意: 包含文件:     C:\Program Files (x86)\Microsoft Visual Studio\2022\BuildTools\VC\Tools\MSVC\14.44.35207\include\xlocmon
注意: 包含文件:      C:\Program Files (x86)\Microsoft Visual Studio\2022\BuildTools\VC\Tools\MSVC\14.44.35207\include\xlocnum
注意: 包含文件:       C:\Program Files (x86)\Microsoft Visual Studio\2022\BuildTools\VC\Tools\MSVC\14.44.35207\include\cmath
注意: 包含文件:     C:\Program Files (x86)\Microsoft Visual Studio\2022\BuildTools\VC\Tools\MSVC\14.44.35207\include\xloctime
注意: 包含文件:    C:\Program Files (x86)\Microsoft Visual Studio\2022\BuildTools\VC\Tools\MSVC\14.44.35207\include\string
注意: 包含文件:    C:\Program Files (x86)\Microsoft Visual Studio\2022\BuildTools\VC\Tools\MSVC\14.44.35207\include\vector
注意: 包含文件:     C:\Program Files (x86)\Microsoft Visual Studio\2022\BuildTools\VC\Tools\MSVC\14.44.35207\include\__msvc_bit_utils.hpp
注意: 包含文件:   C:\Users\user\output\deepseek-v4部署\fastllm-master\include\utils\utils.h
注意: 包含文件:    C:\Program Files (x86)\Microsoft Visual Studio\2022\BuildTools\VC\Tools\MSVC\14.44.35207\include\map
注意: 包含文件:     C:\Program Files (x86)\Microsoft Visual Studio\2022\BuildTools\VC\Tools\MSVC\14.44.35207\include\xtree
注意: 包含文件:      C:\Program Files (x86)\Microsoft Visual Studio\2022\BuildTools\VC\Tools\MSVC\14.44.35207\include\xnode_handle.h
注意: 包含文件:    C:\Program Files (x86)\Microsoft Visual Studio\2022\BuildTools\VC\Tools\MSVC\14.44.35207\include\chrono
注意: 包含文件:     C:\Program Files (x86)\Microsoft Visual Studio\2022\BuildTools\VC\Tools\MSVC\14.44.35207\include\__msvc_chrono.hpp
注意: 包含文件:      C:\Program Files (x86)\Microsoft Visual Studio\2022\BuildTools\VC\Tools\MSVC\14.44.35207\include\ratio
注意: 包含文件:     C:\Program Files (x86)\Microsoft Visual Studio\2022\BuildTools\VC\Tools\MSVC\14.44.35207\include\xfilesystem_abi.h
注意: 包含文件:    C:\Program Files (x86)\Windows Kits\10\include\10.0.26100.0\ucrt\fcntl.h
注意: 包含文件:    C:\Program Files (x86)\Microsoft Visual Studio\2022\BuildTools\VC\Tools\MSVC\14.44.35207\include\thread
注意: 包含文件:     C:\Program Files (x86)\Windows Kits\10\include\10.0.26100.0\ucrt\process.h
注意: 包含文件:      C:\Program Files (x86)\Windows Kits\10\include\10.0.26100.0\ucrt\corecrt_startup.h
注意: 包含文件:       C:\Program Files (x86)\Windows Kits\10\include\10.0.26100.0\ucrt\math.h
注意: 包含文件:       C:\Program Files (x86)\Microsoft Visual Studio\2022\BuildTools\VC\Tools\MSVC\14.44.35207\include\vcruntime_startup.h
注意: 包含文件:    C:\Program Files (x86)\Microsoft Visual Studio\2022\BuildTools\VC\Tools\MSVC\14.44.35207\include\deque
注意: 包含文件:    C:\Program Files (x86)\Microsoft Visual Studio\2022\BuildTools\VC\Tools\MSVC\14.44.35207\include\array
注意: 包含文件:    C:\Program Files (x86)\Microsoft Visual Studio\2022\BuildTools\VC\Tools\MSVC\14.44.35207\include\filesystem
注意: 包含文件:     C:\Program Files (x86)\Microsoft Visual Studio\2022\BuildTools\VC\Tools\MSVC\14.44.35207\include\iomanip
注意: 包含文件:      C:\Program Files (x86)\Microsoft Visual Studio\2022\BuildTools\VC\Tools\MSVC\14.44.35207\include\istream
注意: 包含文件:       C:\Program Files (x86)\Microsoft Visual Studio\2022\BuildTools\VC\Tools\MSVC\14.44.35207\include\__msvc_ostream.hpp
注意: 包含文件:        C:\Program Files (x86)\Microsoft Visual Studio\2022\BuildTools\VC\Tools\MSVC\14.44.35207\include\ios
C:\Users\user\output\deepseek-v4部署\fastllm-master\include\utils\utils.h(30): warning C4067: 预处理器指令后有意外标记 - 应输入换行符
注意: 包含文件:    C:\Program Files (x86)\Windows Kits\10\\include\10.0.26100.0\\um\Windows.h
注意: 包含文件:     C:\Program Files (x86)\Windows Kits\10\\include\10.0.26100.0\\shared\winapifamily.h
注意: 包含文件:      C:\Program Files (x86)\Windows Kits\10\\include\10.0.26100.0\\shared\winpackagefamily.h
注意: 包含文件:     C:\Program Files (x86)\Windows Kits\10\\include\10.0.26100.0\\shared\sdkddkver.h
注意: 包含文件:     C:\Program Files (x86)\Microsoft Visual Studio\2022\BuildTools\VC\Tools\MSVC\14.44.35207\include\excpt.h
注意: 包含文件:     C:\Program Files (x86)\Microsoft Visual Studio\2022\BuildTools\VC\Tools\MSVC\14.44.35207\include\stdarg.h
注意: 包含文件:     C:\Program Files (x86)\Windows Kits\10\\include\10.0.26100.0\\shared\windef.h
注意: 包含文件:      C:\Program Files (x86)\Windows Kits\10\\include\10.0.26100.0\\shared\minwindef.h
注意: 包含文件:       C:\Program Files (x86)\Windows Kits\10\\include\10.0.26100.0\\shared\specstrings.h
注意: 包含文件:        C:\Program Files (x86)\Windows Kits\10\\include\10.0.26100.0\\shared\specstrings_strict.h
注意: 包含文件:         C:\Program Files (x86)\Windows Kits\10\\include\10.0.26100.0\\shared\specstrings_undef.h
注意: 包含文件:        C:\Program Files (x86)\Windows Kits\10\\include\10.0.26100.0\\shared\driverspecs.h
注意: 包含文件:         C:\Program Files (x86)\Windows Kits\10\include\10.0.26100.0\shared\sdv_driverspecs.h
注意: 包含文件:       C:\Program Files (x86)\Windows Kits\10\\include\10.0.26100.0\\um\winnt.h
注意: 包含文件:        C:\Program Files (x86)\Windows Kits\10\\include\10.0.26100.0\\shared\kernelspecs.h
注意: 包含文件:        C:\Program Files (x86)\Windows Kits\10\\include\10.0.26100.0\\shared\basetsd.h
注意: 包含文件:        C:\Program Files (x86)\Windows Kits\10\\include\10.0.26100.0\\shared\guiddef.h
注意: 包含文件:        C:\Program Files (x86)\Windows Kits\10\include\10.0.26100.0\shared\pshpack4.h
注意: 包含文件:        C:\Program Files (x86)\Windows Kits\10\include\10.0.26100.0\shared\poppack.h
注意: 包含文件:        C:\Program Files (x86)\Windows Kits\10\\include\10.0.26100.0\\shared\pshpack4.h
注意: 包含文件:        C:\Program Files (x86)\Windows Kits\10\\include\10.0.26100.0\\shared\poppack.h
注意: 包含文件:        C:\Program Files (x86)\Windows Kits\10\include\10.0.26100.0\shared\pshpack4.h
注意: 包含文件:        C:\Program Files (x86)\Windows Kits\10\include\10.0.26100.0\shared\pshpack2.h
注意: 包含文件:        C:\Program Files (x86)\Windows Kits\10\include\10.0.26100.0\shared\poppack.h
注意: 包含文件:        C:\Program Files (x86)\Windows Kits\10\include\10.0.26100.0\shared\pshpack2.h
注意: 包含文件:        C:\Program Files (x86)\Windows Kits\10\\include\10.0.26100.0\\shared\pshpack2.h
注意: 包含文件:        C:\Program Files (x86)\Windows Kits\10\\include\10.0.26100.0\\shared\poppack.h
注意: 包含文件:        C:\Program Files (x86)\Windows Kits\10\include\10.0.26100.0\shared\poppack.h
注意: 包含文件:        C:\Program Files (x86)\Windows Kits\10\include\10.0.26100.0\shared\pshpack8.h
注意: 包含文件:        C:\Program Files (x86)\Windows Kits\10\include\10.0.26100.0\shared\poppack.h
注意: 包含文件:        C:\Program Files (x86)\Windows Kits\10\include\10.0.26100.0\shared\pshpack1.h
注意: 包含文件:        C:\Program Files (x86)\Windows Kits\10\include\10.0.26100.0\shared\poppack.h
注意: 包含文件:        C:\Program Files (x86)\Windows Kits\10\include\10.0.26100.0\shared\pshpack1.h
注意: 包含文件:        C:\Program Files (x86)\Windows Kits\10\include\10.0.26100.0\shared\poppack.h
注意: 包含文件:        C:\Program Files (x86)\Windows Kits\10\include\10.0.26100.0\shared\poppack.h
注意: 包含文件:        C:\Program Files (x86)\Windows Kits\10\\include\10.0.26100.0\\shared\apiset.h
注意: 包含文件:        C:\Program Files (x86)\Windows Kits\10\\include\10.0.26100.0\\shared\ktmtypes.h
注意: 包含文件:     C:\Program Files (x86)\Windows Kits\10\\include\10.0.26100.0\\um\winbase.h
注意: 包含文件:      C:\Program Files (x86)\Windows Kits\10\\include\10.0.26100.0\\shared\apisetcconv.h
注意: 包含文件:      C:\Program Files (x86)\Windows Kits\10\\include\10.0.26100.0\\um\minwinbase.h
注意: 包含文件:      C:\Program Files (x86)\Windows Kits\10\\include\10.0.26100.0\\um\apiquery2.h
注意: 包含文件:      C:\Program Files (x86)\Windows Kits\10\\include\10.0.26100.0\\um\processenv.h
注意: 包含文件:      C:\Program Files (x86)\Windows Kits\10\\include\10.0.26100.0\\um\fileapifromapp.h
注意: 包含文件:       C:\Program Files (x86)\Windows Kits\10\\include\10.0.26100.0\\um\fileapi.h
注意: 包含文件:      C:\Program Files (x86)\Windows Kits\10\\include\10.0.26100.0\\um\debugapi.h
注意: 包含文件:      C:\Program Files (x86)\Windows Kits\10\\include\10.0.26100.0\\um\utilapiset.h
注意: 包含文件:      C:\Program Files (x86)\Windows Kits\10\\include\10.0.26100.0\\um\handleapi.h
注意: 包含文件:      C:\Program Files (x86)\Windows Kits\10\\include\10.0.26100.0\\um\errhandlingapi.h
注意: 包含文件:      C:\Program Files (x86)\Windows Kits\10\\include\10.0.26100.0\\um\fibersapi.h
注意: 包含文件:      C:\Program Files (x86)\Windows Kits\10\\include\10.0.26100.0\\um\namedpipeapi.h
注意: 包含文件:      C:\Program Files (x86)\Windows Kits\10\\include\10.0.26100.0\\um\profileapi.h
注意: 包含文件:      C:\Program Files (x86)\Windows Kits\10\\include\10.0.26100.0\\um\heapapi.h
注意: 包含文件:      C:\Program Files (x86)\Windows Kits\10\\include\10.0.26100.0\\um\ioapiset.h
注意: 包含文件:      C:\Program Files (x86)\Windows Kits\10\\include\10.0.26100.0\\um\synchapi.h
注意: 包含文件:      C:\Program Files (x86)\Windows Kits\10\\include\10.0.26100.0\\um\interlockedapi.h
注意: 包含文件:      C:\Program Files (x86)\Windows Kits\10\\include\10.0.26100.0\\um\processthreadsapi.h
注意: 包含文件:      C:\Program Files (x86)\Windows Kits\10\\include\10.0.26100.0\\um\sysinfoapi.h
注意: 包含文件:      C:\Program Files (x86)\Windows Kits\10\\include\10.0.26100.0\\um\memoryapi.h
注意: 包含文件:      C:\Program Files (x86)\Windows Kits\10\\include\10.0.26100.0\\um\enclaveapi.h
注意: 包含文件:      C:\Program Files (x86)\Windows Kits\10\\include\10.0.26100.0\\um\threadpoollegacyapiset.h
注意: 包含文件:      C:\Program Files (x86)\Windows Kits\10\\include\10.0.26100.0\\um\threadpoolapiset.h
注意: 包含文件:      C:\Program Files (x86)\Windows Kits\10\\include\10.0.26100.0\\um\jobapi.h
注意: 包含文件:      C:\Program Files (x86)\Windows Kits\10\\include\10.0.26100.0\\um\jobapi2.h
注意: 包含文件:      C:\Program Files (x86)\Windows Kits\10\\include\10.0.26100.0\\um\wow64apiset.h
注意: 包含文件:      C:\Program Files (x86)\Windows Kits\10\\include\10.0.26100.0\\um\libloaderapi.h
注意: 包含文件:      C:\Program Files (x86)\Windows Kits\10\\include\10.0.26100.0\\um\securitybaseapi.h
注意: 包含文件:      C:\Program Files (x86)\Windows Kits\10\\include\10.0.26100.0\\um\namespaceapi.h
注意: 包含文件:      C:\Program Files (x86)\Windows Kits\10\\include\10.0.26100.0\\um\systemtopologyapi.h
注意: 包含文件:      C:\Program Files (x86)\Windows Kits\10\\include\10.0.26100.0\\um\processtopologyapi.h
注意: 包含文件:      C:\Program Files (x86)\Windows Kits\10\\include\10.0.26100.0\\um\securityappcontainer.h
注意: 包含文件:      C:\Program Files (x86)\Windows Kits\10\\include\10.0.26100.0\\um\realtimeapiset.h
注意: 包含文件:      C:\Program Files (x86)\Windows Kits\10\\include\10.0.26100.0\\shared\winerror.h
注意: 包含文件:      C:\Program Files (x86)\Windows Kits\10\\include\10.0.26100.0\\um\timezoneapi.h
注意: 包含文件:     C:\Program Files (x86)\Windows Kits\10\\include\10.0.26100.0\\um\wingdi.h
注意: 包含文件:      C:\Program Files (x86)\Windows Kits\10\\include\10.0.26100.0\\shared\pshpack1.h
注意: 包含文件:      C:\Program Files (x86)\Windows Kits\10\\include\10.0.26100.0\\shared\poppack.h
注意: 包含文件:      C:\Program Files (x86)\Windows Kits\10\\include\10.0.26100.0\\shared\pshpack2.h
注意: 包含文件:      C:\Program Files (x86)\Windows Kits\10\\include\10.0.26100.0\\shared\poppack.h
注意: 包含文件:      C:\Program Files (x86)\Windows Kits\10\\include\10.0.26100.0\\shared\pshpack2.h
注意: 包含文件:      C:\Program Files (x86)\Windows Kits\10\\include\10.0.26100.0\\shared\poppack.h
注意: 包含文件:      C:\Program Files (x86)\Windows Kits\10\\include\10.0.26100.0\\shared\pshpack4.h
注意: 包含文件:      C:\Program Files (x86)\Windows Kits\10\\include\10.0.26100.0\\shared\poppack.h
注意: 包含文件:      C:\Program Files (x86)\Windows Kits\10\\include\10.0.26100.0\\shared\pshpack4.h
注意: 包含文件:      C:\Program Files (x86)\Windows Kits\10\\include\10.0.26100.0\\shared\poppack.h
注意: 包含文件:     C:\Program Files (x86)\Windows Kits\10\\include\10.0.26100.0\\um\winuser.h
注意: 包含文件:      C:\Program Files (x86)\Windows Kits\10\\include\10.0.26100.0\\shared\pshpack2.h
注意: 包含文件:      C:\Program Files (x86)\Windows Kits\10\\include\10.0.26100.0\\shared\poppack.h
注意: 包含文件:      C:\Program Files (x86)\Windows Kits\10\\include\10.0.26100.0\\shared\tvout.h
注意: 包含文件:     C:\Program Files (x86)\Windows Kits\10\\include\10.0.26100.0\\um\winnls.h
注意: 包含文件:      C:\Program Files (x86)\Windows Kits\10\\include\10.0.26100.0\\um\datetimeapi.h
注意: 包含文件:      C:\Program Files (x86)\Windows Kits\10\\include\10.0.26100.0\\um\stringapiset.h
注意: 包含文件:       C:\Program Files (x86)\Windows Kits\10\\include\10.0.26100.0\\um\winnls.h
注意: 包含文件:     C:\Program Files (x86)\Windows Kits\10\\include\10.0.26100.0\\um\wincon.h
注意: 包含文件:      C:\Program Files (x86)\Windows Kits\10\\include\10.0.26100.0\\um\wincontypes.h
注意: 包含文件:      C:\Program Files (x86)\Windows Kits\10\\include\10.0.26100.0\\um\consoleapi.h
注意: 包含文件:      C:\Program Files (x86)\Windows Kits\10\\include\10.0.26100.0\\um\consoleapi2.h
注意: 包含文件:      C:\Program Files (x86)\Windows Kits\10\\include\10.0.26100.0\\um\consoleapi3.h
注意: 包含文件:     C:\Program Files (x86)\Windows Kits\10\\include\10.0.26100.0\\um\winver.h
注意: 包含文件:      C:\Program Files (x86)\Windows Kits\10\\include\10.0.26100.0\\um\verrsrc.h
注意: 包含文件:     C:\Program Files (x86)\Windows Kits\10\\include\10.0.26100.0\\um\winreg.h
注意: 包含文件:      C:\Program Files (x86)\Windows Kits\10\\include\10.0.26100.0\\um\reason.h
注意: 包含文件:     C:\Program Files (x86)\Windows Kits\10\\include\10.0.26100.0\\um\winnetwk.h
注意: 包含文件:      C:\Program Files (x86)\Windows Kits\10\\include\10.0.26100.0\\shared\wnnc.h
注意: 包含文件:     C:\Program Files (x86)\Windows Kits\10\\include\10.0.26100.0\\shared\cderr.h
注意: 包含文件:     C:\Program Files (x86)\Windows Kits\10\\include\10.0.26100.0\\um\dde.h
注意: 包含文件:     C:\Program Files (x86)\Windows Kits\10\\include\10.0.26100.0\\um\ddeml.h
注意: 包含文件:     C:\Program Files (x86)\Windows Kits\10\\include\10.0.26100.0\\um\dlgs.h
注意: 包含文件:     C:\Program Files (x86)\Windows Kits\10\\include\10.0.26100.0\\um\lzexpand.h
注意: 包含文件:     C:\Program Files (x86)\Windows Kits\10\\include\10.0.26100.0\\um\mmsystem.h
注意: 包含文件:      C:\Program Files (x86)\Windows Kits\10\\include\10.0.26100.0\\um\mmsyscom.h
注意: 包含文件:       C:\Program Files (x86)\Windows Kits\10\\include\10.0.26100.0\\shared\pshpack1.h
注意: 包含文件:       C:\Program Files (x86)\Windows Kits\10\\include\10.0.26100.0\\shared\poppack.h
注意: 包含文件:      C:\Program Files (x86)\Windows Kits\10\\include\10.0.26100.0\\shared\pshpack1.h
注意: 包含文件:      C:\Program Files (x86)\Windows Kits\10\\include\10.0.26100.0\\um\mciapi.h
注意: 包含文件:       C:\Program Files (x86)\Windows Kits\10\\include\10.0.26100.0\\um\mmsyscom.h
注意: 包含文件:      C:\Program Files (x86)\Windows Kits\10\\include\10.0.26100.0\\um\mmiscapi.h
注意: 包含文件:       C:\Program Files (x86)\Windows Kits\10\\include\10.0.26100.0\\um\mmsyscom.h
注意: 包含文件:      C:\Program Files (x86)\Windows Kits\10\\include\10.0.26100.0\\um\mmiscapi2.h
注意: 包含文件:       C:\Program Files (x86)\Windows Kits\10\\include\10.0.26100.0\\um\mmsyscom.h
注意: 包含文件:      C:\Program Files (x86)\Windows Kits\10\\include\10.0.26100.0\\um\playsoundapi.h
注意: 包含文件:       C:\Program Files (x86)\Windows Kits\10\\include\10.0.26100.0\\um\mmsyscom.h
注意: 包含文件:      C:\Program Files (x86)\Windows Kits\10\\include\10.0.26100.0\\um\mmeapi.h
注意: 包含文件:       C:\Program Files (x86)\Windows Kits\10\\include\10.0.26100.0\\um\mmsyscom.h
注意: 包含文件:      C:\Program Files (x86)\Windows Kits\10\\include\10.0.26100.0\\um\timeapi.h
注意: 包含文件:       C:\Program Files (x86)\Windows Kits\10\\include\10.0.26100.0\\um\mmsyscom.h
注意: 包含文件:      C:\Program Files (x86)\Windows Kits\10\\include\10.0.26100.0\\um\joystickapi.h
注意: 包含文件:       C:\Program Files (x86)\Windows Kits\10\\include\10.0.26100.0\\um\mmsyscom.h
注意: 包含文件:      C:\Program Files (x86)\Windows Kits\10\\include\10.0.26100.0\\shared\poppack.h
注意: 包含文件:     C:\Program Files (x86)\Windows Kits\10\\include\10.0.26100.0\\um\nb30.h
注意: 包含文件:     C:\Program Files (x86)\Windows Kits\10\\include\10.0.26100.0\\shared\rpc.h
注意: 包含文件:      C:\Program Files (x86)\Windows Kits\10\\include\10.0.26100.0\\shared\pshpack8.h
注意: 包含文件:      C:\Program Files (x86)\Windows Kits\10\\include\10.0.26100.0\\shared\rpcdce.h
注意: 包含文件:       C:\Program Files (x86)\Windows Kits\10\\include\10.0.26100.0\\shared\rpcdcep.h
注意: 包含文件:      C:\Program Files (x86)\Windows Kits\10\\include\10.0.26100.0\\um\rpcnsi.h
注意: 包含文件:      C:\Program Files (x86)\Windows Kits\10\\include\10.0.26100.0\\shared\rpcnterr.h
注意: 包含文件:      C:\Program Files (x86)\Windows Kits\10\\include\10.0.26100.0\\shared\rpcasync.h
注意: 包含文件:       C:\Program Files (x86)\Windows Kits\10\\include\10.0.26100.0\\shared\pshpack8.h
注意: 包含文件:       C:\Program Files (x86)\Windows Kits\10\\include\10.0.26100.0\\shared\poppack.h
注意: 包含文件:      C:\Program Files (x86)\Windows Kits\10\\include\10.0.26100.0\\shared\poppack.h
注意: 包含文件:     C:\Program Files (x86)\Windows Kits\10\\include\10.0.26100.0\\um\shellapi.h
注意: 包含文件:     C:\Program Files (x86)\Windows Kits\10\\include\10.0.26100.0\\um\winperf.h
注意: 包含文件:      C:\Program Files (x86)\Windows Kits\10\\include\10.0.26100.0\\shared\pshpack8.h
注意: 包含文件:      C:\Program Files (x86)\Windows Kits\10\\include\10.0.26100.0\\shared\poppack.h
注意: 包含文件:     C:\Program Files (x86)\Windows Kits\10\\include\10.0.26100.0\\um\winsock.h
注意: 包含文件:      C:\Program Files (x86)\Windows Kits\10\\include\10.0.26100.0\\shared\inaddr.h
注意: 包含文件:     C:\Program Files (x86)\Windows Kits\10\\include\10.0.26100.0\\um\wincrypt.h
注意: 包含文件:      C:\Program Files (x86)\Windows Kits\10\\include\10.0.26100.0\\shared\bcrypt.h
注意: 包含文件:      C:\Program Files (x86)\Windows Kits\10\\include\10.0.26100.0\\um\ncrypt.h
注意: 包含文件:      C:\Program Files (x86)\Windows Kits\10\\include\10.0.26100.0\\um\dpapi.h
注意: 包含文件:     C:\Program Files (x86)\Windows Kits\10\\include\10.0.26100.0\\um\winefs.h
注意: 包含文件:     C:\Program Files (x86)\Windows Kits\10\\include\10.0.26100.0\\um\winscard.h
注意: 包含文件:      C:\Program Files (x86)\Windows Kits\10\\include\10.0.26100.0\\shared\wtypes.h
注意: 包含文件:       C:\Program Files (x86)\Windows Kits\10\include\10.0.26100.0\shared\rpcndr.h
注意: 包含文件:        C:\Program Files (x86)\Windows Kits\10\\include\10.0.26100.0\\shared\pshpack8.h
注意: 包含文件:        C:\Program Files (x86)\Windows Kits\10\\include\10.0.26100.0\\um\rpcnsip.h
注意: 包含文件:        C:\Program Files (x86)\Windows Kits\10\\include\10.0.26100.0\\shared\rpcsal.h
注意: 包含文件:        C:\Program Files (x86)\Windows Kits\10\\include\10.0.26100.0\\shared\poppack.h
注意: 包含文件:       C:\Program Files (x86)\Windows Kits\10\include\10.0.26100.0\shared\wtypesbase.h
注意: 包含文件:        C:\Program Files (x86)\Windows Kits\10\include\10.0.26100.0\shared\guiddef.h
注意: 包含文件:      C:\Program Files (x86)\Windows Kits\10\\include\10.0.26100.0\\um\winioctl.h
注意: 包含文件:       C:\Program Files (x86)\Windows Kits\10\\include\10.0.26100.0\\shared\pshpack1.h
注意: 包含文件:       C:\Program Files (x86)\Windows Kits\10\\include\10.0.26100.0\\shared\poppack.h
注意: 包含文件:       C:\Program Files (x86)\Windows Kits\10\\include\10.0.26100.0\\shared\pshpack1.h
注意: 包含文件:       C:\Program Files (x86)\Windows Kits\10\\include\10.0.26100.0\\shared\poppack.h
注意: 包含文件:       C:\Program Files (x86)\Windows Kits\10\\include\10.0.26100.0\\shared\pshpack1.h
注意: 包含文件:       C:\Program Files (x86)\Windows Kits\10\\include\10.0.26100.0\\shared\poppack.h
注意: 包含文件:       C:\Program Files (x86)\Windows Kits\10\\include\10.0.26100.0\\shared\pshpack1.h
注意: 包含文件:       C:\Program Files (x86)\Windows Kits\10\\include\10.0.26100.0\\shared\poppack.h
注意: 包含文件:       C:\Program Files (x86)\Windows Kits\10\\include\10.0.26100.0\\shared\pshpack1.h
注意: 包含文件:       C:\Program Files (x86)\Windows Kits\10\\include\10.0.26100.0\\shared\poppack.h
注意: 包含文件:       C:\Program Files (x86)\Windows Kits\10\\include\10.0.26100.0\\shared\pshpack1.h
注意: 包含文件:       C:\Program Files (x86)\Windows Kits\10\\include\10.0.26100.0\\shared\poppack.h
注意: 包含文件:       C:\Program Files (x86)\Windows Kits\10\\include\10.0.26100.0\\shared\pshpack1.h
注意: 包含文件:       C:\Program Files (x86)\Windows Kits\10\\include\10.0.26100.0\\shared\poppack.h
注意: 包含文件:      C:\Program Files (x86)\Windows Kits\10\\include\10.0.26100.0\\shared\winsmcrd.h
注意: 包含文件:     C:\Program Files (x86)\Windows Kits\10\\include\10.0.26100.0\\um\winspool.h
注意: 包含文件:      C:\Program Files (x86)\Windows Kits\10\\include\10.0.26100.0\\um\prsht.h
注意: 包含文件:       C:\Program Files (x86)\Windows Kits\10\\include\10.0.26100.0\\shared\pshpack8.h
注意: 包含文件:       C:\Program Files (x86)\Windows Kits\10\\include\10.0.26100.0\\shared\poppack.h
注意: 包含文件:     C:\Program Files (x86)\Windows Kits\10\\include\10.0.26100.0\\um\ole2.h
注意: 包含文件:      C:\Program Files (x86)\Windows Kits\10\\include\10.0.26100.0\\shared\pshpack8.h
注意: 包含文件:      C:\Program Files (x86)\Windows Kits\10\\include\10.0.26100.0\\um\objbase.h
注意: 包含文件:       C:\Program Files (x86)\Windows Kits\10\\include\10.0.26100.0\\shared\pshpack8.h
注意: 包含文件:       C:\Program Files (x86)\Windows Kits\10\\include\10.0.26100.0\\um\combaseapi.h
注意: 包含文件:        C:\Program Files (x86)\Windows Kits\10\\include\10.0.26100.0\\shared\pshpack8.h
注意: 包含文件:        C:\Program Files (x86)\Windows Kits\10\\include\10.0.26100.0\\um\unknwnbase.h
注意: 包含文件:        C:\Program Files (x86)\Windows Kits\10\\include\10.0.26100.0\\um\objidlbase.h
注意: 包含文件:        C:\Program Files (x86)\Windows Kits\10\\include\10.0.26100.0\\shared\guiddef.h
注意: 包含文件:        C:\Program Files (x86)\Windows Kits\10\\include\10.0.26100.0\\um\cguid.h
注意: 包含文件:        C:\Program Files (x86)\Windows Kits\10\\include\10.0.26100.0\\shared\poppack.h
注意: 包含文件:       C:\Program Files (x86)\Windows Kits\10\\include\10.0.26100.0\\um\coml2api.h
注意: 包含文件:        C:\Program Files (x86)\Windows Kits\10\\include\10.0.26100.0\\um\objidl.h
注意: 包含文件:         C:\Program Files (x86)\Windows Kits\10\include\10.0.26100.0\um\unknwn.h
注意: 包含文件:        C:\Program Files (x86)\Windows Kits\10\\include\10.0.26100.0\\um\propidlbase.h
注意: 包含文件:         C:\Program Files (x86)\Windows Kits\10\include\10.0.26100.0\um\oaidl.h
注意: 包含文件:       C:\Program Files (x86)\Windows Kits\10\\include\10.0.26100.0\\um\urlmon.h
注意: 包含文件:        C:\Program Files (x86)\Windows Kits\10\include\10.0.26100.0\um\oleidl.h
注意: 包含文件:        C:\Program Files (x86)\Windows Kits\10\include\10.0.26100.0\um\servprov.h
注意: 包含文件:        C:\Program Files (x86)\Windows Kits\10\include\10.0.26100.0\um\msxml.h
注意: 包含文件:       C:\Program Files (x86)\Windows Kits\10\\include\10.0.26100.0\\um\propidl.h
注意: 包含文件:       C:\Program Files (x86)\Windows Kits\10\\include\10.0.26100.0\\shared\poppack.h
注意: 包含文件:      C:\Program Files (x86)\Windows Kits\10\\include\10.0.26100.0\\um\oleauto.h
注意: 包含文件:       C:\Program Files (x86)\Windows Kits\10\\include\10.0.26100.0\\shared\pshpack8.h
注意: 包含文件:       C:\Program Files (x86)\Windows Kits\10\\include\10.0.26100.0\\shared\poppack.h
注意: 包含文件:      C:\Program Files (x86)\Windows Kits\10\\include\10.0.26100.0\\shared\poppack.h
注意: 包含文件:     C:\Program Files (x86)\Windows Kits\10\\include\10.0.26100.0\\um\commdlg.h
注意: 包含文件:      C:\Program Files (x86)\Windows Kits\10\\include\10.0.26100.0\\um\prsht.h
注意: 包含文件:     C:\Program Files (x86)\Windows Kits\10\\include\10.0.26100.0\\shared\stralign.h
注意: 包含文件:     C:\Program Files (x86)\Windows Kits\10\\include\10.0.26100.0\\um\winsvc.h
注意: 包含文件:     C:\Program Files (x86)\Windows Kits\10\\include\10.0.26100.0\\um\mcx.h
注意: 包含文件:     C:\Program Files (x86)\Windows Kits\10\\include\10.0.26100.0\\um\imm.h
注意: 包含文件:      C:\Program Files (x86)\Windows Kits\10\\include\10.0.26100.0\\um\ime_cmodes.h
注意: 包含文件:    C:\Program Files (x86)\Windows Kits\10\include\10.0.26100.0\ucrt\io.h
注意: 包含文件:     C:\Program Files (x86)\Windows Kits\10\include\10.0.26100.0\ucrt\corecrt_io.h
C:\Users\user\output\deepseek-v4部署\fastllm-master\include\utils\utils.h(109): warning C4996: '_wfopen': This function or variable may be unsafe. Consider using _wfopen_s instead. To disable deprecation, use _CRT_SECURE_NO_WARNINGS. See online help for details.
C:\Users\user\output\deepseek-v4部署\fastllm-master\include\utils\utils.h(118): warning C4996: '_wopen': This function or variable may be unsafe. Consider using _wsopen_s instead. To disable deprecation, use _CRT_SECURE_NO_WARNINGS. See online help for details.
C:\Users\user\output\deepseek-v4部署\fastllm-master\include\utils\utils.h(150): warning C4244: “return”: 从“double”转换到“float”，可能丢失数据
C:\Users\user\output\deepseek-v4部署\fastllm-master\include\utils\utils.h(355): warning C4267: “初始化”: 从“size_t”转换到“int”，可能丢失数据
C:\Users\user\output\deepseek-v4部署\fastllm-master\include\utils\utils.h(417): warning C4244: “+=”: 从“double”转换到“float”，可能丢失数据
注意: 包含文件:   C:\Users\user\output\deepseek-v4部署\fastllm-master\include\fastllm.h
注意: 包含文件:    C:\Program Files (x86)\Microsoft Visual Studio\2022\BuildTools\VC\Tools\MSVC\14.44.35207\include\set
注意: 包含文件:    C:\Program Files (x86)\Microsoft Visual Studio\2022\BuildTools\VC\Tools\MSVC\14.44.35207\include\queue
注意: 包含文件:    C:\Program Files (x86)\Microsoft Visual Studio\2022\BuildTools\VC\Tools\MSVC\14.44.35207\include\unordered_map
注意: 包含文件:     C:\Program Files (x86)\Microsoft Visual Studio\2022\BuildTools\VC\Tools\MSVC\14.44.35207\include\xhash
注意: 包含文件:      C:\Program Files (x86)\Microsoft Visual Studio\2022\BuildTools\VC\Tools\MSVC\14.44.35207\include\list
注意: 包含文件:      C:\Program Files (x86)\Microsoft Visual Studio\2022\BuildTools\VC\Tools\MSVC\14.44.35207\include\xbit_ops.h
注意: 包含文件:    C:\Program Files (x86)\Microsoft Visual Studio\2022\BuildTools\VC\Tools\MSVC\14.44.35207\include\unordered_set
注意: 包含文件:    C:\Program Files (x86)\Microsoft Visual Studio\2022\BuildTools\VC\Tools\MSVC\14.44.35207\include\iostream
注意: 包含文件:     C:\Program Files (x86)\Microsoft Visual Studio\2022\BuildTools\VC\Tools\MSVC\14.44.35207\include\ostream
注意: 包含文件:    C:\Program Files (x86)\Microsoft Visual Studio\2022\BuildTools\VC\Tools\MSVC\14.44.35207\include\functional
注意: 包含文件:    C:\Program Files (x86)\Microsoft Visual Studio\2022\BuildTools\VC\Tools\MSVC\14.44.35207\include\mutex
注意: 包含文件:    C:\Program Files (x86)\Microsoft Visual Studio\2022\BuildTools\VC\Tools\MSVC\14.44.35207\include\codecvt
注意: 包含文件:    C:\Users\user\output\deepseek-v4部署\fastllm-master\include\devices/cpu/alivethreadpool.h
C:\Users\user\output\deepseek-v4部署\fastllm-master\include\devices/cpu/alivethreadpool.h(136): warning C4267: “初始化”: 从“size_t”转换到“int”，可能丢失数据
C:\Users\user\output\deepseek-v4部署\fastllm-master\include\devices/cpu/alivethreadpool.h(176): warning C4267: “初始化”: 从“size_t”转换到“int”，可能丢失数据
C:\Users\user\output\deepseek-v4部署\fastllm-master\include\devices/cpu/alivethreadpool.h(236): warning C4267: “初始化”: 从“size_t”转换到“int”，可能丢失数据
C:\Users\user\output\deepseek-v4部署\fastllm-master\include\devices/cpu/alivethreadpool.h(237): warning C4267: “初始化”: 从“size_t”转换到“int”，可能丢失数据
C:\Users\user\output\deepseek-v4部署\fastllm-master\include\devices/cpu/alivethreadpool.h(238): warning C4267: “初始化”: 从“size_t”转换到“int”，可能丢失数据
C:\Users\user\output\deepseek-v4部署\fastllm-master\include\devices/cpu/alivethreadpool.h(281): warning C4267: “初始化”: 从“size_t”转换到“int”，可能丢失数据
C:\Users\user\output\deepseek-v4部署\fastllm-master\include\devices/cpu/alivethreadpool.h(327): warning C4267: “初始化”: 从“size_t”转换到“int”，可能丢失数据
C:\Users\user\output\deepseek-v4部署\fastllm-master\include\devices/cpu/alivethreadpool.h(330): warning C4267: “初始化”: 从“size_t”转换到“int”，可能丢失数据
C:\Users\user\output\deepseek-v4部署\fastllm-master\include\devices/cpu/alivethreadpool.h(370): warning C4267: “初始化”: 从“size_t”转换到“int”，可能丢失数据
C:\Users\user\output\deepseek-v4部署\fastllm-master\include\devices/cpu/alivethreadpool.h(372): warning C4267: “初始化”: 从“size_t”转换到“int”，可能丢失数据
注意: 包含文件:    C:\Users\user\output\deepseek-v4部署\fastllm-master\third_party\json11\json11.hpp
C:\Users\user\output\deepseek-v4部署\fastllm-master\include\fastllm.h(222): warning C4244: “初始化”: 从“int”转换到“float”，可能丢失数据
C:\Users\user\output\deepseek-v4部署\fastllm-master\include\fastllm.h(222): warning C4244: “初始化”: 从“int”转换到“const float”，可能丢失数据
C:\Users\user\output\deepseek-v4部署\fastllm-master\include\fastllm.h(227): warning C4244: “=”: 从“float”转换到“uint8_t”，可能丢失数据
C:\Users\user\output\deepseek-v4部署\fastllm-master\include\fastllm.h(229): warning C4244: “=”: 从“const float”转换到“uint8_t”，可能丢失数据
C:\Users\user\output\deepseek-v4部署\fastllm-master\include\fastllm.h(687): warning C4996: 'std::codecvt_utf8<wchar_t,1114111,(std::codecvt_mode)0>': warning STL4017: std::wbuffer_convert, std::wstring_convert, and the <codecvt> header (containing std::codecvt_mode, std::codecvt_utf8, std::codecvt_utf16, and std::codecvt_utf8_utf16) are deprecated in C++17. (The std::codecvt class template is NOT deprecated.) The C++ Standard doesn't provide equivalent non-deprecated functionality; consider using MultiByteToWideChar() and WideCharToMultiByte() from <Windows.h> instead. You can define _SILENCE_CXX17_CODECVT_HEADER_DEPRECATION_WARNING or _SILENCE_ALL_CXX17_DEPRECATION_WARNINGS to suppress this warning.
C:\Program Files (x86)\Microsoft Visual Studio\2022\BuildTools\VC\Tools\MSVC\14.44.35207\include\codecvt(34): note: 参见“std::codecvt_utf8”的声明
C:\Users\user\output\deepseek-v4部署\fastllm-master\include\fastllm.h(687): warning C4996: 'std::wstring_convert<std::codecvt_utf8<wchar_t,1114111,(std::codecvt_mode)0>,wchar_t,std::allocator<wchar_t>,std::allocator<char>>': warning STL4017: std::wbuffer_convert, std::wstring_convert, and the <codecvt> header (containing std::codecvt_mode, std::codecvt_utf8, std::codecvt_utf16, and std::codecvt_utf8_utf16) are deprecated in C++17. (The std::codecvt class template is NOT deprecated.) The C++ Standard doesn't provide equivalent non-deprecated functionality; consider using MultiByteToWideChar() and WideCharToMultiByte() from <Windows.h> instead. You can define _SILENCE_CXX17_CODECVT_HEADER_DEPRECATION_WARNING or _SILENCE_ALL_CXX17_DEPRECATION_WARNINGS to suppress this warning.
C:\Program Files (x86)\Microsoft Visual Studio\2022\BuildTools\VC\Tools\MSVC\14.44.35207\include\xlocbuf(303): note: 参见“std::wstring_convert”的声明
注意: 包含文件:   C:\Users\user\output\deepseek-v4部署\fastllm-master\include\models\basellm.h
注意: 包含文件:    C:\Users\user\output\deepseek-v4部署\fastllm-master\include\blocks\baseblock.h
注意: 包含文件:    C:\Users\user\output\deepseek-v4部署\fastllm-master\include\template.h
注意: 包含文件:    C:\Program Files (x86)\Microsoft Visual Studio\2022\BuildTools\VC\Tools\MSVC\14.44.35207\include\condition_variable
C:\Users\user\output\deepseek-v4部署\fastllm-master\include\models\basellm.h(344): warning C4305: “初始化”: 从“double”到“float”截断
C:\Users\user\output\deepseek-v4部署\fastllm-master\include\models\basellm.h(348): warning C4244: “初始化”: 从“double”转换到“const float”，可能丢失数据
[7/39] Building CXX object CMakeFiles\fastllm_tools.dir\third_party\gguf\gguf.cpp.obj
注意: 包含文件:  C:\Program Files (x86)\Microsoft Visual Studio\2022\BuildTools\VC\Tools\MSVC\14.44.35207\include\map
注意: 包含文件:   C:\Program Files (x86)\Microsoft Visual Studio\2022\BuildTools\VC\Tools\MSVC\14.44.35207\include\yvals_core.h
注意: 包含文件:    C:\Program Files (x86)\Microsoft Visual Studio\2022\BuildTools\VC\Tools\MSVC\14.44.35207\include\vcruntime.h
注意: 包含文件:     C:\Program Files (x86)\Microsoft Visual Studio\2022\BuildTools\VC\Tools\MSVC\14.44.35207\include\sal.h
注意: 包含文件:      C:\Program Files (x86)\Microsoft Visual Studio\2022\BuildTools\VC\Tools\MSVC\14.44.35207\include\concurrencysal.h
注意: 包含文件:     C:\Program Files (x86)\Microsoft Visual Studio\2022\BuildTools\VC\Tools\MSVC\14.44.35207\include\vadefs.h
注意: 包含文件:    C:\Program Files (x86)\Microsoft Visual Studio\2022\BuildTools\VC\Tools\MSVC\14.44.35207\include\xkeycheck.h
注意: 包含文件:   C:\Program Files (x86)\Microsoft Visual Studio\2022\BuildTools\VC\Tools\MSVC\14.44.35207\include\tuple
注意: 包含文件:    C:\Program Files (x86)\Microsoft Visual Studio\2022\BuildTools\VC\Tools\MSVC\14.44.35207\include\__msvc_iter_core.hpp
注意: 包含文件:     C:\Program Files (x86)\Microsoft Visual Studio\2022\BuildTools\VC\Tools\MSVC\14.44.35207\include\utility
注意: 包含文件:      C:\Program Files (x86)\Microsoft Visual Studio\2022\BuildTools\VC\Tools\MSVC\14.44.35207\include\initializer_list
注意: 包含文件:       C:\Program Files (x86)\Microsoft Visual Studio\2022\BuildTools\VC\Tools\MSVC\14.44.35207\include\cstddef
注意: 包含文件:        C:\Program Files (x86)\Windows Kits\10\include\10.0.26100.0\ucrt\stddef.h
注意: 包含文件:         C:\Program Files (x86)\Windows Kits\10\include\10.0.26100.0\ucrt\corecrt.h
注意: 包含文件:        C:\Program Files (x86)\Microsoft Visual Studio\2022\BuildTools\VC\Tools\MSVC\14.44.35207\include\xtr1common
注意: 包含文件:      C:\Program Files (x86)\Microsoft Visual Studio\2022\BuildTools\VC\Tools\MSVC\14.44.35207\include\type_traits
注意: 包含文件:       C:\Program Files (x86)\Microsoft Visual Studio\2022\BuildTools\VC\Tools\MSVC\14.44.35207\include\cstdint
注意: 包含文件:        C:\Program Files (x86)\Microsoft Visual Studio\2022\BuildTools\VC\Tools\MSVC\14.44.35207\include\stdint.h
注意: 包含文件:       C:\Program Files (x86)\Microsoft Visual Studio\2022\BuildTools\VC\Tools\MSVC\14.44.35207\include\cstring
注意: 包含文件:        C:\Program Files (x86)\Windows Kits\10\include\10.0.26100.0\ucrt\string.h
注意: 包含文件:         C:\Program Files (x86)\Windows Kits\10\include\10.0.26100.0\ucrt\corecrt_memory.h
注意: 包含文件:          C:\Program Files (x86)\Windows Kits\10\include\10.0.26100.0\ucrt\corecrt_memcpy_s.h
注意: 包含文件:           C:\Program Files (x86)\Windows Kits\10\include\10.0.26100.0\ucrt\errno.h
注意: 包含文件:           C:\Program Files (x86)\Microsoft Visual Studio\2022\BuildTools\VC\Tools\MSVC\14.44.35207\include\vcruntime_string.h
注意: 包含文件:         C:\Program Files (x86)\Windows Kits\10\include\10.0.26100.0\ucrt\corecrt_wstring.h
注意: 包含文件:   C:\Program Files (x86)\Microsoft Visual Studio\2022\BuildTools\VC\Tools\MSVC\14.44.35207\include\xtree
注意: 包含文件:    C:\Program Files (x86)\Microsoft Visual Studio\2022\BuildTools\VC\Tools\MSVC\14.44.35207\include\xmemory
注意: 包含文件:     C:\Program Files (x86)\Microsoft Visual Studio\2022\BuildTools\VC\Tools\MSVC\14.44.35207\include\cstdlib
注意: 包含文件:      C:\Program Files (x86)\Windows Kits\10\include\10.0.26100.0\ucrt\math.h
注意: 包含文件:       C:\Program Files (x86)\Windows Kits\10\include\10.0.26100.0\ucrt\corecrt_math.h
注意: 包含文件:      C:\Program Files (x86)\Windows Kits\10\include\10.0.26100.0\ucrt\stdlib.h
注意: 包含文件:       C:\Program Files (x86)\Windows Kits\10\include\10.0.26100.0\ucrt\corecrt_malloc.h
注意: 包含文件:       C:\Program Files (x86)\Windows Kits\10\include\10.0.26100.0\ucrt\corecrt_search.h
注意: 包含文件:       C:\Program Files (x86)\Windows Kits\10\include\10.0.26100.0\ucrt\corecrt_wstdlib.h
注意: 包含文件:       C:\Program Files (x86)\Microsoft Visual Studio\2022\BuildTools\VC\Tools\MSVC\14.44.35207\include\limits.h
注意: 包含文件:     C:\Program Files (x86)\Microsoft Visual Studio\2022\BuildTools\VC\Tools\MSVC\14.44.35207\include\limits
注意: 包含文件:      C:\Program Files (x86)\Microsoft Visual Studio\2022\BuildTools\VC\Tools\MSVC\14.44.35207\include\cfloat
注意: 包含文件:       C:\Program Files (x86)\Windows Kits\10\include\10.0.26100.0\ucrt\float.h
注意: 包含文件:      C:\Program Files (x86)\Microsoft Visual Studio\2022\BuildTools\VC\Tools\MSVC\14.44.35207\include\climits
注意: 包含文件:      C:\Program Files (x86)\Microsoft Visual Studio\2022\BuildTools\VC\Tools\MSVC\14.44.35207\include\cwchar
注意: 包含文件:       C:\Program Files (x86)\Microsoft Visual Studio\2022\BuildTools\VC\Tools\MSVC\14.44.35207\include\cstdio
注意: 包含文件:        C:\Program Files (x86)\Windows Kits\10\include\10.0.26100.0\ucrt\stdio.h
注意: 包含文件:         C:\Program Files (x86)\Windows Kits\10\include\10.0.26100.0\ucrt\corecrt_wstdio.h
注意: 包含文件:          C:\Program Files (x86)\Windows Kits\10\include\10.0.26100.0\ucrt\corecrt_stdio_config.h
注意: 包含文件:       C:\Program Files (x86)\Windows Kits\10\include\10.0.26100.0\ucrt\wchar.h
注意: 包含文件:        C:\Program Files (x86)\Windows Kits\10\include\10.0.26100.0\ucrt\corecrt_wconio.h
注意: 包含文件:        C:\Program Files (x86)\Windows Kits\10\include\10.0.26100.0\ucrt\corecrt_wctype.h
注意: 包含文件:        C:\Program Files (x86)\Windows Kits\10\include\10.0.26100.0\ucrt\corecrt_wdirect.h
注意: 包含文件:        C:\Program Files (x86)\Windows Kits\10\include\10.0.26100.0\ucrt\corecrt_wio.h
注意: 包含文件:         C:\Program Files (x86)\Windows Kits\10\include\10.0.26100.0\ucrt\corecrt_share.h
注意: 包含文件:        C:\Program Files (x86)\Windows Kits\10\include\10.0.26100.0\ucrt\corecrt_wprocess.h
注意: 包含文件:        C:\Program Files (x86)\Windows Kits\10\include\10.0.26100.0\ucrt\corecrt_wtime.h
注意: 包含文件:        C:\Program Files (x86)\Windows Kits\10\include\10.0.26100.0\ucrt\sys/stat.h
注意: 包含文件:         C:\Program Files (x86)\Windows Kits\10\include\10.0.26100.0\ucrt\sys/types.h
注意: 包含文件:        C:\Program Files (x86)\Microsoft Visual Studio\2022\BuildTools\VC\Tools\MSVC\14.44.35207\include\intrin.h
注意: 包含文件:         C:\Program Files (x86)\Microsoft Visual Studio\2022\BuildTools\VC\Tools\MSVC\14.44.35207\include\intrin0.inl.h
注意: 包含文件:         C:\Program Files (x86)\Microsoft Visual Studio\2022\BuildTools\VC\Tools\MSVC\14.44.35207\include\setjmp.h
注意: 包含文件:         C:\Program Files (x86)\Microsoft Visual Studio\2022\BuildTools\VC\Tools\MSVC\14.44.35207\include\immintrin.h
注意: 包含文件:          C:\Program Files (x86)\Microsoft Visual Studio\2022\BuildTools\VC\Tools\MSVC\14.44.35207\include\wmmintrin.h
注意: 包含文件:           C:\Program Files (x86)\Microsoft Visual Studio\2022\BuildTools\VC\Tools\MSVC\14.44.35207\include\nmmintrin.h
注意: 包含文件:            C:\Program Files (x86)\Microsoft Visual Studio\2022\BuildTools\VC\Tools\MSVC\14.44.35207\include\smmintrin.h
注意: 包含文件:             C:\Program Files (x86)\Microsoft Visual Studio\2022\BuildTools\VC\Tools\MSVC\14.44.35207\include\tmmintrin.h
注意: 包含文件:              C:\Program Files (x86)\Microsoft Visual Studio\2022\BuildTools\VC\Tools\MSVC\14.44.35207\include\pmmintrin.h
注意: 包含文件:               C:\Program Files (x86)\Microsoft Visual Studio\2022\BuildTools\VC\Tools\MSVC\14.44.35207\include\emmintrin.h
注意: 包含文件:                C:\Program Files (x86)\Microsoft Visual Studio\2022\BuildTools\VC\Tools\MSVC\14.44.35207\include\xmmintrin.h
注意: 包含文件:                 C:\Program Files (x86)\Microsoft Visual Studio\2022\BuildTools\VC\Tools\MSVC\14.44.35207\include\mmintrin.h
注意: 包含文件:                 C:\Program Files (x86)\Windows Kits\10\include\10.0.26100.0\ucrt\malloc.h
注意: 包含文件:          C:\Program Files (x86)\Microsoft Visual Studio\2022\BuildTools\VC\Tools\MSVC\14.44.35207\include\zmmintrin.h
注意: 包含文件:         C:\Program Files (x86)\Microsoft Visual Studio\2022\BuildTools\VC\Tools\MSVC\14.44.35207\include\ammintrin.h
注意: 包含文件:      C:\Program Files (x86)\Microsoft Visual Studio\2022\BuildTools\VC\Tools\MSVC\14.44.35207\include\intrin0.h
注意: 包含文件:     C:\Program Files (x86)\Microsoft Visual Studio\2022\BuildTools\VC\Tools\MSVC\14.44.35207\include\new
注意: 包含文件:      C:\Program Files (x86)\Microsoft Visual Studio\2022\BuildTools\VC\Tools\MSVC\14.44.35207\include\exception
注意: 包含文件:       C:\Program Files (x86)\Microsoft Visual Studio\2022\BuildTools\VC\Tools\MSVC\14.44.35207\include\yvals.h
注意: 包含文件:        C:\Program Files (x86)\Windows Kits\10\include\10.0.26100.0\ucrt\crtdbg.h
注意: 包含文件:         C:\Program Files (x86)\Microsoft Visual Studio\2022\BuildTools\VC\Tools\MSVC\14.44.35207\include\vcruntime_new_debug.h
注意: 包含文件:          C:\Program Files (x86)\Microsoft Visual Studio\2022\BuildTools\VC\Tools\MSVC\14.44.35207\include\vcruntime_new.h
注意: 包含文件:        C:\Program Files (x86)\Microsoft Visual Studio\2022\BuildTools\VC\Tools\MSVC\14.44.35207\include\crtdefs.h
注意: 包含文件:        C:\Program Files (x86)\Microsoft Visual Studio\2022\BuildTools\VC\Tools\MSVC\14.44.35207\include\use_ansi.h
注意: 包含文件:       C:\Program Files (x86)\Microsoft Visual Studio\2022\BuildTools\VC\Tools\MSVC\14.44.35207\include\vcruntime_exception.h
注意: 包含文件:        C:\Program Files (x86)\Microsoft Visual Studio\2022\BuildTools\VC\Tools\MSVC\14.44.35207\include\eh.h
注意: 包含文件:         C:\Program Files (x86)\Windows Kits\10\include\10.0.26100.0\ucrt\corecrt_terminate.h
注意: 包含文件:     C:\Program Files (x86)\Microsoft Visual Studio\2022\BuildTools\VC\Tools\MSVC\14.44.35207\include\xatomic.h
注意: 包含文件:     C:\Program Files (x86)\Microsoft Visual Studio\2022\BuildTools\VC\Tools\MSVC\14.44.35207\include\xutility
注意: 包含文件:    C:\Program Files (x86)\Microsoft Visual Studio\2022\BuildTools\VC\Tools\MSVC\14.44.35207\include\xnode_handle.h
注意: 包含文件:   C:\Program Files (x86)\Microsoft Visual Studio\2022\BuildTools\VC\Tools\MSVC\14.44.35207\include\xpolymorphic_allocator.h
注意: 包含文件:  C:\Program Files (x86)\Windows Kits\10\include\10.0.26100.0\ucrt\assert.h
注意: 包含文件:  C:\Users\user\output\deepseek-v4部署\fastllm-master\third_party\gguf\gguf.h
注意: 包含文件:   C:\Program Files (x86)\Microsoft Visual Studio\2022\BuildTools\VC\Tools\MSVC\14.44.35207\include\regex
注意: 包含文件:    C:\Program Files (x86)\Microsoft Visual Studio\2022\BuildTools\VC\Tools\MSVC\14.44.35207\include\algorithm
注意: 包含文件:     C:\Program Files (x86)\Microsoft Visual Studio\2022\BuildTools\VC\Tools\MSVC\14.44.35207\include\__msvc_heap_algorithms.hpp
注意: 包含文件:     C:\Program Files (x86)\Microsoft Visual Studio\2022\BuildTools\VC\Tools\MSVC\14.44.35207\include\__msvc_minmax.hpp
注意: 包含文件:    C:\Program Files (x86)\Microsoft Visual Studio\2022\BuildTools\VC\Tools\MSVC\14.44.35207\include\cctype
注意: 包含文件:     C:\Program Files (x86)\Windows Kits\10\include\10.0.26100.0\ucrt\ctype.h
注意: 包含文件:    C:\Program Files (x86)\Microsoft Visual Studio\2022\BuildTools\VC\Tools\MSVC\14.44.35207\include\iterator
注意: 包含文件:     C:\Program Files (x86)\Microsoft Visual Studio\2022\BuildTools\VC\Tools\MSVC\14.44.35207\include\iosfwd
注意: 包含文件:    C:\Program Files (x86)\Microsoft Visual Studio\2022\BuildTools\VC\Tools\MSVC\14.44.35207\include\locale
注意: 包含文件:     C:\Program Files (x86)\Microsoft Visual Studio\2022\BuildTools\VC\Tools\MSVC\14.44.35207\include\xlocbuf
注意: 包含文件:      C:\Program Files (x86)\Microsoft Visual Studio\2022\BuildTools\VC\Tools\MSVC\14.44.35207\include\streambuf
注意: 包含文件:       C:\Program Files (x86)\Microsoft Visual Studio\2022\BuildTools\VC\Tools\MSVC\14.44.35207\include\xiosbase
注意: 包含文件:        C:\Program Files (x86)\Windows Kits\10\include\10.0.26100.0\ucrt\share.h
注意: 包含文件:        C:\Program Files (x86)\Microsoft Visual Studio\2022\BuildTools\VC\Tools\MSVC\14.44.35207\include\system_error
注意: 包含文件:         C:\Program Files (x86)\Microsoft Visual Studio\2022\BuildTools\VC\Tools\MSVC\14.44.35207\include\__msvc_system_error_abi.hpp
注意: 包含文件:         C:\Program Files (x86)\Microsoft Visual Studio\2022\BuildTools\VC\Tools\MSVC\14.44.35207\include\cerrno
注意: 包含文件:         C:\Program Files (x86)\Microsoft Visual Studio\2022\BuildTools\VC\Tools\MSVC\14.44.35207\include\stdexcept
注意: 包含文件:          C:\Program Files (x86)\Microsoft Visual Studio\2022\BuildTools\VC\Tools\MSVC\14.44.35207\include\xstring
注意: 包含文件:           C:\Program Files (x86)\Microsoft Visual Studio\2022\BuildTools\VC\Tools\MSVC\14.44.35207\include\__msvc_sanitizer_annotate_container.hpp
注意: 包含文件:           C:\Program Files (x86)\Microsoft Visual Studio\2022\BuildTools\VC\Tools\MSVC\14.44.35207\include\__msvc_string_view.hpp
注意: 包含文件:         C:\Program Files (x86)\Microsoft Visual Studio\2022\BuildTools\VC\Tools\MSVC\14.44.35207\include\xcall_once.h
注意: 包含文件:         C:\Program Files (x86)\Microsoft Visual Studio\2022\BuildTools\VC\Tools\MSVC\14.44.35207\include\xerrc.h
注意: 包含文件:         C:\Program Files (x86)\Microsoft Visual Studio\2022\BuildTools\VC\Tools\MSVC\14.44.35207\include\atomic
注意: 包含文件:          C:\Program Files (x86)\Microsoft Visual Studio\2022\BuildTools\VC\Tools\MSVC\14.44.35207\include\xthreads.h
注意: 包含文件:           C:\Program Files (x86)\Microsoft Visual Studio\2022\BuildTools\VC\Tools\MSVC\14.44.35207\include\__msvc_threads_core.hpp
注意: 包含文件:           C:\Program Files (x86)\Microsoft Visual Studio\2022\BuildTools\VC\Tools\MSVC\14.44.35207\include\xtimec.h
注意: 包含文件:            C:\Program Files (x86)\Microsoft Visual Studio\2022\BuildTools\VC\Tools\MSVC\14.44.35207\include\ctime
注意: 包含文件:             C:\Program Files (x86)\Windows Kits\10\include\10.0.26100.0\ucrt\time.h
注意: 包含文件:        C:\Program Files (x86)\Microsoft Visual Studio\2022\BuildTools\VC\Tools\MSVC\14.44.35207\include\xlocale
注意: 包含文件:         C:\Program Files (x86)\Microsoft Visual Studio\2022\BuildTools\VC\Tools\MSVC\14.44.35207\include\memory
注意: 包含文件:          C:\Program Files (x86)\Microsoft Visual Studio\2022\BuildTools\VC\Tools\MSVC\14.44.35207\include\typeinfo
注意: 包含文件:           C:\Program Files (x86)\Microsoft Visual Studio\2022\BuildTools\VC\Tools\MSVC\14.44.35207\include\vcruntime_typeinfo.h
注意: 包含文件:         C:\Program Files (x86)\Microsoft Visual Studio\2022\BuildTools\VC\Tools\MSVC\14.44.35207\include\xfacet
注意: 包含文件:         C:\Program Files (x86)\Microsoft Visual Studio\2022\BuildTools\VC\Tools\MSVC\14.44.35207\include\xlocinfo
注意: 包含文件:          C:\Program Files (x86)\Microsoft Visual Studio\2022\BuildTools\VC\Tools\MSVC\14.44.35207\include\__msvc_xlocinfo_types.hpp
注意: 包含文件:          C:\Program Files (x86)\Microsoft Visual Studio\2022\BuildTools\VC\Tools\MSVC\14.44.35207\include\clocale
注意: 包含文件:           C:\Program Files (x86)\Windows Kits\10\include\10.0.26100.0\ucrt\locale.h
注意: 包含文件:     C:\Program Files (x86)\Microsoft Visual Studio\2022\BuildTools\VC\Tools\MSVC\14.44.35207\include\xlocmes
注意: 包含文件:     C:\Program Files (x86)\Microsoft Visual Studio\2022\BuildTools\VC\Tools\MSVC\14.44.35207\include\xlocmon
注意: 包含文件:      C:\Program Files (x86)\Microsoft Visual Studio\2022\BuildTools\VC\Tools\MSVC\14.44.35207\include\xlocnum
注意: 包含文件:       C:\Program Files (x86)\Microsoft Visual Studio\2022\BuildTools\VC\Tools\MSVC\14.44.35207\include\cmath
注意: 包含文件:     C:\Program Files (x86)\Microsoft Visual Studio\2022\BuildTools\VC\Tools\MSVC\14.44.35207\include\xloctime
注意: 包含文件:    C:\Program Files (x86)\Microsoft Visual Studio\2022\BuildTools\VC\Tools\MSVC\14.44.35207\include\string
注意: 包含文件:    C:\Program Files (x86)\Microsoft Visual Studio\2022\BuildTools\VC\Tools\MSVC\14.44.35207\include\vector
注意: 包含文件:     C:\Program Files (x86)\Microsoft Visual Studio\2022\BuildTools\VC\Tools\MSVC\14.44.35207\include\__msvc_bit_utils.hpp
注意: 包含文件:   C:\Users\user\output\deepseek-v4部署\fastllm-master\include\utils\utils.h
注意: 包含文件:    C:\Program Files (x86)\Microsoft Visual Studio\2022\BuildTools\VC\Tools\MSVC\14.44.35207\include\chrono
注意: 包含文件:     C:\Program Files (x86)\Microsoft Visual Studio\2022\BuildTools\VC\Tools\MSVC\14.44.35207\include\__msvc_chrono.hpp
注意: 包含文件:      C:\Program Files (x86)\Microsoft Visual Studio\2022\BuildTools\VC\Tools\MSVC\14.44.35207\include\ratio
注意: 包含文件:     C:\Program Files (x86)\Microsoft Visual Studio\2022\BuildTools\VC\Tools\MSVC\14.44.35207\include\xfilesystem_abi.h
注意: 包含文件:    C:\Program Files (x86)\Windows Kits\10\include\10.0.26100.0\ucrt\fcntl.h
注意: 包含文件:    C:\Program Files (x86)\Microsoft Visual Studio\2022\BuildTools\VC\Tools\MSVC\14.44.35207\include\thread
注意: 包含文件:     C:\Program Files (x86)\Windows Kits\10\include\10.0.26100.0\ucrt\process.h
注意: 包含文件:      C:\Program Files (x86)\Windows Kits\10\include\10.0.26100.0\ucrt\corecrt_startup.h
注意: 包含文件:       C:\Program Files (x86)\Windows Kits\10\include\10.0.26100.0\ucrt\math.h
注意: 包含文件:       C:\Program Files (x86)\Microsoft Visual Studio\2022\BuildTools\VC\Tools\MSVC\14.44.35207\include\vcruntime_startup.h
注意: 包含文件:    C:\Program Files (x86)\Microsoft Visual Studio\2022\BuildTools\VC\Tools\MSVC\14.44.35207\include\deque
注意: 包含文件:    C:\Program Files (x86)\Microsoft Visual Studio\2022\BuildTools\VC\Tools\MSVC\14.44.35207\include\array
注意: 包含文件:    C:\Program Files (x86)\Microsoft Visual Studio\2022\BuildTools\VC\Tools\MSVC\14.44.35207\include\filesystem
注意: 包含文件:     C:\Program Files (x86)\Microsoft Visual Studio\2022\BuildTools\VC\Tools\MSVC\14.44.35207\include\iomanip
注意: 包含文件:      C:\Program Files (x86)\Microsoft Visual Studio\2022\BuildTools\VC\Tools\MSVC\14.44.35207\include\istream
注意: 包含文件:       C:\Program Files (x86)\Microsoft Visual Studio\2022\BuildTools\VC\Tools\MSVC\14.44.35207\include\__msvc_ostream.hpp
注意: 包含文件:        C:\Program Files (x86)\Microsoft Visual Studio\2022\BuildTools\VC\Tools\MSVC\14.44.35207\include\ios
C:\Users\user\output\deepseek-v4部署\fastllm-master\include\utils\utils.h(30): warning C4067: 预处理器指令后有意外标记 - 应输入换行符
注意: 包含文件:    C:\Program Files (x86)\Windows Kits\10\\include\10.0.26100.0\\um\Windows.h
注意: 包含文件:     C:\Program Files (x86)\Windows Kits\10\\include\10.0.26100.0\\shared\winapifamily.h
注意: 包含文件:      C:\Program Files (x86)\Windows Kits\10\\include\10.0.26100.0\\shared\winpackagefamily.h
注意: 包含文件:     C:\Program Files (x86)\Windows Kits\10\\include\10.0.26100.0\\shared\sdkddkver.h
注意: 包含文件:     C:\Program Files (x86)\Microsoft Visual Studio\2022\BuildTools\VC\Tools\MSVC\14.44.35207\include\excpt.h
注意: 包含文件:     C:\Program Files (x86)\Microsoft Visual Studio\2022\BuildTools\VC\Tools\MSVC\14.44.35207\include\stdarg.h
注意: 包含文件:     C:\Program Files (x86)\Windows Kits\10\\include\10.0.26100.0\\shared\windef.h
注意: 包含文件:      C:\Program Files (x86)\Windows Kits\10\\include\10.0.26100.0\\shared\minwindef.h
注意: 包含文件:       C:\Program Files (x86)\Windows Kits\10\\include\10.0.26100.0\\shared\specstrings.h
注意: 包含文件:        C:\Program Files (x86)\Windows Kits\10\\include\10.0.26100.0\\shared\specstrings_strict.h
注意: 包含文件:         C:\Program Files (x86)\Windows Kits\10\\include\10.0.26100.0\\shared\specstrings_undef.h
注意: 包含文件:        C:\Program Files (x86)\Windows Kits\10\\include\10.0.26100.0\\shared\driverspecs.h
注意: 包含文件:         C:\Program Files (x86)\Windows Kits\10\include\10.0.26100.0\shared\sdv_driverspecs.h
注意: 包含文件:       C:\Program Files (x86)\Windows Kits\10\\include\10.0.26100.0\\um\winnt.h
注意: 包含文件:        C:\Program Files (x86)\Windows Kits\10\\include\10.0.26100.0\\shared\kernelspecs.h
注意: 包含文件:        C:\Program Files (x86)\Windows Kits\10\\include\10.0.26100.0\\shared\basetsd.h
注意: 包含文件:        C:\Program Files (x86)\Windows Kits\10\\include\10.0.26100.0\\shared\guiddef.h
注意: 包含文件:        C:\Program Files (x86)\Windows Kits\10\include\10.0.26100.0\shared\pshpack4.h
注意: 包含文件:        C:\Program Files (x86)\Windows Kits\10\include\10.0.26100.0\shared\poppack.h
注意: 包含文件:        C:\Program Files (x86)\Windows Kits\10\\include\10.0.26100.0\\shared\pshpack4.h
注意: 包含文件:        C:\Program Files (x86)\Windows Kits\10\\include\10.0.26100.0\\shared\poppack.h
注意: 包含文件:        C:\Program Files (x86)\Windows Kits\10\include\10.0.26100.0\shared\pshpack4.h
注意: 包含文件:        C:\Program Files (x86)\Windows Kits\10\include\10.0.26100.0\shared\pshpack2.h
注意: 包含文件:        C:\Program Files (x86)\Windows Kits\10\include\10.0.26100.0\shared\poppack.h
注意: 包含文件:        C:\Program Files (x86)\Windows Kits\10\include\10.0.26100.0\shared\pshpack2.h
注意: 包含文件:        C:\Program Files (x86)\Windows Kits\10\\include\10.0.26100.0\\shared\pshpack2.h
注意: 包含文件:        C:\Program Files (x86)\Windows Kits\10\\include\10.0.26100.0\\shared\poppack.h
注意: 包含文件:        C:\Program Files (x86)\Windows Kits\10\include\10.0.26100.0\shared\poppack.h
注意: 包含文件:        C:\Program Files (x86)\Windows Kits\10\include\10.0.26100.0\shared\pshpack8.h
注意: 包含文件:        C:\Program Files (x86)\Windows Kits\10\include\10.0.26100.0\shared\poppack.h
注意: 包含文件:        C:\Program Files (x86)\Windows Kits\10\include\10.0.26100.0\shared\pshpack1.h
注意: 包含文件:        C:\Program Files (x86)\Windows Kits\10\include\10.0.26100.0\shared\poppack.h
注意: 包含文件:        C:\Program Files (x86)\Windows Kits\10\include\10.0.26100.0\shared\pshpack1.h
注意: 包含文件:        C:\Program Files (x86)\Windows Kits\10\include\10.0.26100.0\shared\poppack.h
注意: 包含文件:        C:\Program Files (x86)\Windows Kits\10\include\10.0.26100.0\shared\poppack.h
注意: 包含文件:        C:\Program Files (x86)\Windows Kits\10\\include\10.0.26100.0\\shared\apiset.h
注意: 包含文件:        C:\Program Files (x86)\Windows Kits\10\\include\10.0.26100.0\\shared\ktmtypes.h
注意: 包含文件:     C:\Program Files (x86)\Windows Kits\10\\include\10.0.26100.0\\um\winbase.h
注意: 包含文件:      C:\Program Files (x86)\Windows Kits\10\\include\10.0.26100.0\\shared\apisetcconv.h
注意: 包含文件:      C:\Program Files (x86)\Windows Kits\10\\include\10.0.26100.0\\um\minwinbase.h
注意: 包含文件:      C:\Program Files (x86)\Windows Kits\10\\include\10.0.26100.0\\um\apiquery2.h
注意: 包含文件:      C:\Program Files (x86)\Windows Kits\10\\include\10.0.26100.0\\um\processenv.h
注意: 包含文件:      C:\Program Files (x86)\Windows Kits\10\\include\10.0.26100.0\\um\fileapifromapp.h
注意: 包含文件:       C:\Program Files (x86)\Windows Kits\10\\include\10.0.26100.0\\um\fileapi.h
注意: 包含文件:      C:\Program Files (x86)\Windows Kits\10\\include\10.0.26100.0\\um\debugapi.h
注意: 包含文件:      C:\Program Files (x86)\Windows Kits\10\\include\10.0.26100.0\\um\utilapiset.h
注意: 包含文件:      C:\Program Files (x86)\Windows Kits\10\\include\10.0.26100.0\\um\handleapi.h
注意: 包含文件:      C:\Program Files (x86)\Windows Kits\10\\include\10.0.26100.0\\um\errhandlingapi.h
注意: 包含文件:      C:\Program Files (x86)\Windows Kits\10\\include\10.0.26100.0\\um\fibersapi.h
注意: 包含文件:      C:\Program Files (x86)\Windows Kits\10\\include\10.0.26100.0\\um\namedpipeapi.h
注意: 包含文件:      C:\Program Files (x86)\Windows Kits\10\\include\10.0.26100.0\\um\profileapi.h
注意: 包含文件:      C:\Program Files (x86)\Windows Kits\10\\include\10.0.26100.0\\um\heapapi.h
注意: 包含文件:      C:\Program Files (x86)\Windows Kits\10\\include\10.0.26100.0\\um\ioapiset.h
注意: 包含文件:      C:\Program Files (x86)\Windows Kits\10\\include\10.0.26100.0\\um\synchapi.h
注意: 包含文件:      C:\Program Files (x86)\Windows Kits\10\\include\10.0.26100.0\\um\interlockedapi.h
注意: 包含文件:      C:\Program Files (x86)\Windows Kits\10\\include\10.0.26100.0\\um\processthreadsapi.h
注意: 包含文件:      C:\Program Files (x86)\Windows Kits\10\\include\10.0.26100.0\\um\sysinfoapi.h
注意: 包含文件:      C:\Program Files (x86)\Windows Kits\10\\include\10.0.26100.0\\um\memoryapi.h
注意: 包含文件:      C:\Program Files (x86)\Windows Kits\10\\include\10.0.26100.0\\um\enclaveapi.h
注意: 包含文件:      C:\Program Files (x86)\Windows Kits\10\\include\10.0.26100.0\\um\threadpoollegacyapiset.h
注意: 包含文件:      C:\Program Files (x86)\Windows Kits\10\\include\10.0.26100.0\\um\threadpoolapiset.h
注意: 包含文件:      C:\Program Files (x86)\Windows Kits\10\\include\10.0.26100.0\\um\jobapi.h
注意: 包含文件:      C:\Program Files (x86)\Windows Kits\10\\include\10.0.26100.0\\um\jobapi2.h
注意: 包含文件:      C:\Program Files (x86)\Windows Kits\10\\include\10.0.26100.0\\um\wow64apiset.h
注意: 包含文件:      C:\Program Files (x86)\Windows Kits\10\\include\10.0.26100.0\\um\libloaderapi.h
注意: 包含文件:      C:\Program Files (x86)\Windows Kits\10\\include\10.0.26100.0\\um\securitybaseapi.h
注意: 包含文件:      C:\Program Files (x86)\Windows Kits\10\\include\10.0.26100.0\\um\namespaceapi.h
注意: 包含文件:      C:\Program Files (x86)\Windows Kits\10\\include\10.0.26100.0\\um\systemtopologyapi.h
注意: 包含文件:      C:\Program Files (x86)\Windows Kits\10\\include\10.0.26100.0\\um\processtopologyapi.h
注意: 包含文件:      C:\Program Files (x86)\Windows Kits\10\\include\10.0.26100.0\\um\securityappcontainer.h
注意: 包含文件:      C:\Program Files (x86)\Windows Kits\10\\include\10.0.26100.0\\um\realtimeapiset.h
注意: 包含文件:      C:\Program Files (x86)\Windows Kits\10\\include\10.0.26100.0\\shared\winerror.h
注意: 包含文件:      C:\Program Files (x86)\Windows Kits\10\\include\10.0.26100.0\\um\timezoneapi.h
注意: 包含文件:     C:\Program Files (x86)\Windows Kits\10\\include\10.0.26100.0\\um\wingdi.h
注意: 包含文件:      C:\Program Files (x86)\Windows Kits\10\\include\10.0.26100.0\\shared\pshpack1.h
注意: 包含文件:      C:\Program Files (x86)\Windows Kits\10\\include\10.0.26100.0\\shared\poppack.h
注意: 包含文件:      C:\Program Files (x86)\Windows Kits\10\\include\10.0.26100.0\\shared\pshpack2.h
注意: 包含文件:      C:\Program Files (x86)\Windows Kits\10\\include\10.0.26100.0\\shared\poppack.h
注意: 包含文件:      C:\Program Files (x86)\Windows Kits\10\\include\10.0.26100.0\\shared\pshpack2.h
注意: 包含文件:      C:\Program Files (x86)\Windows Kits\10\\include\10.0.26100.0\\shared\poppack.h
注意: 包含文件:      C:\Program Files (x86)\Windows Kits\10\\include\10.0.26100.0\\shared\pshpack4.h
注意: 包含文件:      C:\Program Files (x86)\Windows Kits\10\\include\10.0.26100.0\\shared\poppack.h
注意: 包含文件:      C:\Program Files (x86)\Windows Kits\10\\include\10.0.26100.0\\shared\pshpack4.h
注意: 包含文件:      C:\Program Files (x86)\Windows Kits\10\\include\10.0.26100.0\\shared\poppack.h
注意: 包含文件:     C:\Program Files (x86)\Windows Kits\10\\include\10.0.26100.0\\um\winuser.h
注意: 包含文件:      C:\Program Files (x86)\Windows Kits\10\\include\10.0.26100.0\\shared\pshpack2.h
注意: 包含文件:      C:\Program Files (x86)\Windows Kits\10\\include\10.0.26100.0\\shared\poppack.h
注意: 包含文件:      C:\Program Files (x86)\Windows Kits\10\\include\10.0.26100.0\\shared\tvout.h
注意: 包含文件:     C:\Program Files (x86)\Windows Kits\10\\include\10.0.26100.0\\um\winnls.h
注意: 包含文件:      C:\Program Files (x86)\Windows Kits\10\\include\10.0.26100.0\\um\datetimeapi.h
注意: 包含文件:      C:\Program Files (x86)\Windows Kits\10\\include\10.0.26100.0\\um\stringapiset.h
注意: 包含文件:       C:\Program Files (x86)\Windows Kits\10\\include\10.0.26100.0\\um\winnls.h
注意: 包含文件:     C:\Program Files (x86)\Windows Kits\10\\include\10.0.26100.0\\um\wincon.h
注意: 包含文件:      C:\Program Files (x86)\Windows Kits\10\\include\10.0.26100.0\\um\wincontypes.h
注意: 包含文件:      C:\Program Files (x86)\Windows Kits\10\\include\10.0.26100.0\\um\consoleapi.h
注意: 包含文件:      C:\Program Files (x86)\Windows Kits\10\\include\10.0.26100.0\\um\consoleapi2.h
注意: 包含文件:      C:\Program Files (x86)\Windows Kits\10\\include\10.0.26100.0\\um\consoleapi3.h
注意: 包含文件:     C:\Program Files (x86)\Windows Kits\10\\include\10.0.26100.0\\um\winver.h
注意: 包含文件:      C:\Program Files (x86)\Windows Kits\10\\include\10.0.26100.0\\um\verrsrc.h
注意: 包含文件:     C:\Program Files (x86)\Windows Kits\10\\include\10.0.26100.0\\um\winreg.h
注意: 包含文件:      C:\Program Files (x86)\Windows Kits\10\\include\10.0.26100.0\\um\reason.h
注意: 包含文件:     C:\Program Files (x86)\Windows Kits\10\\include\10.0.26100.0\\um\winnetwk.h
注意: 包含文件:      C:\Program Files (x86)\Windows Kits\10\\include\10.0.26100.0\\shared\wnnc.h
注意: 包含文件:     C:\Program Files (x86)\Windows Kits\10\\include\10.0.26100.0\\shared\cderr.h
注意: 包含文件:     C:\Program Files (x86)\Windows Kits\10\\include\10.0.26100.0\\um\dde.h
注意: 包含文件:     C:\Program Files (x86)\Windows Kits\10\\include\10.0.26100.0\\um\ddeml.h
注意: 包含文件:     C:\Program Files (x86)\Windows Kits\10\\include\10.0.26100.0\\um\dlgs.h
注意: 包含文件:     C:\Program Files (x86)\Windows Kits\10\\include\10.0.26100.0\\um\lzexpand.h
注意: 包含文件:     C:\Program Files (x86)\Windows Kits\10\\include\10.0.26100.0\\um\mmsystem.h
注意: 包含文件:      C:\Program Files (x86)\Windows Kits\10\\include\10.0.26100.0\\um\mmsyscom.h
注意: 包含文件:       C:\Program Files (x86)\Windows Kits\10\\include\10.0.26100.0\\shared\pshpack1.h
注意: 包含文件:       C:\Program Files (x86)\Windows Kits\10\\include\10.0.26100.0\\shared\poppack.h
注意: 包含文件:      C:\Program Files (x86)\Windows Kits\10\\include\10.0.26100.0\\shared\pshpack1.h
注意: 包含文件:      C:\Program Files (x86)\Windows Kits\10\\include\10.0.26100.0\\um\mciapi.h
注意: 包含文件:       C:\Program Files (x86)\Windows Kits\10\\include\10.0.26100.0\\um\mmsyscom.h
注意: 包含文件:      C:\Program Files (x86)\Windows Kits\10\\include\10.0.26100.0\\um\mmiscapi.h
注意: 包含文件:       C:\Program Files (x86)\Windows Kits\10\\include\10.0.26100.0\\um\mmsyscom.h
注意: 包含文件:      C:\Program Files (x86)\Windows Kits\10\\include\10.0.26100.0\\um\mmiscapi2.h
注意: 包含文件:       C:\Program Files (x86)\Windows Kits\10\\include\10.0.26100.0\\um\mmsyscom.h
注意: 包含文件:      C:\Program Files (x86)\Windows Kits\10\\include\10.0.26100.0\\um\playsoundapi.h
注意: 包含文件:       C:\Program Files (x86)\Windows Kits\10\\include\10.0.26100.0\\um\mmsyscom.h
注意: 包含文件:      C:\Program Files (x86)\Windows Kits\10\\include\10.0.26100.0\\um\mmeapi.h
注意: 包含文件:       C:\Program Files (x86)\Windows Kits\10\\include\10.0.26100.0\\um\mmsyscom.h
注意: 包含文件:      C:\Program Files (x86)\Windows Kits\10\\include\10.0.26100.0\\um\timeapi.h
注意: 包含文件:       C:\Program Files (x86)\Windows Kits\10\\include\10.0.26100.0\\um\mmsyscom.h
注意: 包含文件:      C:\Program Files (x86)\Windows Kits\10\\include\10.0.26100.0\\um\joystickapi.h
注意: 包含文件:       C:\Program Files (x86)\Windows Kits\10\\include\10.0.26100.0\\um\mmsyscom.h
注意: 包含文件:      C:\Program Files (x86)\Windows Kits\10\\include\10.0.26100.0\\shared\poppack.h
注意: 包含文件:     C:\Program Files (x86)\Windows Kits\10\\include\10.0.26100.0\\um\nb30.h
注意: 包含文件:     C:\Program Files (x86)\Windows Kits\10\\include\10.0.26100.0\\shared\rpc.h
注意: 包含文件:      C:\Program Files (x86)\Windows Kits\10\\include\10.0.26100.0\\shared\pshpack8.h
注意: 包含文件:      C:\Program Files (x86)\Windows Kits\10\\include\10.0.26100.0\\shared\rpcdce.h
注意: 包含文件:       C:\Program Files (x86)\Windows Kits\10\\include\10.0.26100.0\\shared\rpcdcep.h
注意: 包含文件:      C:\Program Files (x86)\Windows Kits\10\\include\10.0.26100.0\\um\rpcnsi.h
注意: 包含文件:      C:\Program Files (x86)\Windows Kits\10\\include\10.0.26100.0\\shared\rpcnterr.h
注意: 包含文件:      C:\Program Files (x86)\Windows Kits\10\\include\10.0.26100.0\\shared\rpcasync.h
注意: 包含文件:       C:\Program Files (x86)\Windows Kits\10\\include\10.0.26100.0\\shared\pshpack8.h
注意: 包含文件:       C:\Program Files (x86)\Windows Kits\10\\include\10.0.26100.0\\shared\poppack.h
注意: 包含文件:      C:\Program Files (x86)\Windows Kits\10\\include\10.0.26100.0\\shared\poppack.h
注意: 包含文件:     C:\Program Files (x86)\Windows Kits\10\\include\10.0.26100.0\\um\shellapi.h
注意: 包含文件:     C:\Program Files (x86)\Windows Kits\10\\include\10.0.26100.0\\um\winperf.h
注意: 包含文件:      C:\Program Files (x86)\Windows Kits\10\\include\10.0.26100.0\\shared\pshpack8.h
注意: 包含文件:      C:\Program Files (x86)\Windows Kits\10\\include\10.0.26100.0\\shared\poppack.h
注意: 包含文件:     C:\Program Files (x86)\Windows Kits\10\\include\10.0.26100.0\\um\winsock.h
注意: 包含文件:      C:\Program Files (x86)\Windows Kits\10\\include\10.0.26100.0\\shared\inaddr.h
注意: 包含文件:     C:\Program Files (x86)\Windows Kits\10\\include\10.0.26100.0\\um\wincrypt.h
注意: 包含文件:      C:\Program Files (x86)\Windows Kits\10\\include\10.0.26100.0\\shared\bcrypt.h
注意: 包含文件:      C:\Program Files (x86)\Windows Kits\10\\include\10.0.26100.0\\um\ncrypt.h
注意: 包含文件:      C:\Program Files (x86)\Windows Kits\10\\include\10.0.26100.0\\um\dpapi.h
注意: 包含文件:     C:\Program Files (x86)\Windows Kits\10\\include\10.0.26100.0\\um\winefs.h
注意: 包含文件:     C:\Program Files (x86)\Windows Kits\10\\include\10.0.26100.0\\um\winscard.h
注意: 包含文件:      C:\Program Files (x86)\Windows Kits\10\\include\10.0.26100.0\\shared\wtypes.h
注意: 包含文件:       C:\Program Files (x86)\Windows Kits\10\include\10.0.26100.0\shared\rpcndr.h
注意: 包含文件:        C:\Program Files (x86)\Windows Kits\10\\include\10.0.26100.0\\shared\pshpack8.h
注意: 包含文件:        C:\Program Files (x86)\Windows Kits\10\\include\10.0.26100.0\\um\rpcnsip.h
注意: 包含文件:        C:\Program Files (x86)\Windows Kits\10\\include\10.0.26100.0\\shared\rpcsal.h
注意: 包含文件:        C:\Program Files (x86)\Windows Kits\10\\include\10.0.26100.0\\shared\poppack.h
注意: 包含文件:       C:\Program Files (x86)\Windows Kits\10\include\10.0.26100.0\shared\wtypesbase.h
注意: 包含文件:        C:\Program Files (x86)\Windows Kits\10\include\10.0.26100.0\shared\guiddef.h
注意: 包含文件:      C:\Program Files (x86)\Windows Kits\10\\include\10.0.26100.0\\um\winioctl.h
注意: 包含文件:       C:\Program Files (x86)\Windows Kits\10\\include\10.0.26100.0\\shared\pshpack1.h
注意: 包含文件:       C:\Program Files (x86)\Windows Kits\10\\include\10.0.26100.0\\shared\poppack.h
注意: 包含文件:       C:\Program Files (x86)\Windows Kits\10\\include\10.0.26100.0\\shared\pshpack1.h
注意: 包含文件:       C:\Program Files (x86)\Windows Kits\10\\include\10.0.26100.0\\shared\poppack.h
注意: 包含文件:       C:\Program Files (x86)\Windows Kits\10\\include\10.0.26100.0\\shared\pshpack1.h
注意: 包含文件:       C:\Program Files (x86)\Windows Kits\10\\include\10.0.26100.0\\shared\poppack.h
注意: 包含文件:       C:\Program Files (x86)\Windows Kits\10\\include\10.0.26100.0\\shared\pshpack1.h
注意: 包含文件:       C:\Program Files (x86)\Windows Kits\10\\include\10.0.26100.0\\shared\poppack.h
注意: 包含文件:       C:\Program Files (x86)\Windows Kits\10\\include\10.0.26100.0\\shared\pshpack1.h
注意: 包含文件:       C:\Program Files (x86)\Windows Kits\10\\include\10.0.26100.0\\shared\poppack.h
注意: 包含文件:       C:\Program Files (x86)\Windows Kits\10\\include\10.0.26100.0\\shared\pshpack1.h
注意: 包含文件:       C:\Program Files (x86)\Windows Kits\10\\include\10.0.26100.0\\shared\poppack.h
注意: 包含文件:       C:\Program Files (x86)\Windows Kits\10\\include\10.0.26100.0\\shared\pshpack1.h
注意: 包含文件:       C:\Program Files (x86)\Windows Kits\10\\include\10.0.26100.0\\shared\poppack.h
注意: 包含文件:      C:\Program Files (x86)\Windows Kits\10\\include\10.0.26100.0\\shared\winsmcrd.h
注意: 包含文件:     C:\Program Files (x86)\Windows Kits\10\\include\10.0.26100.0\\um\winspool.h
注意: 包含文件:      C:\Program Files (x86)\Windows Kits\10\\include\10.0.26100.0\\um\prsht.h
注意: 包含文件:       C:\Program Files (x86)\Windows Kits\10\\include\10.0.26100.0\\shared\pshpack8.h
注意: 包含文件:       C:\Program Files (x86)\Windows Kits\10\\include\10.0.26100.0\\shared\poppack.h
注意: 包含文件:     C:\Program Files (x86)\Windows Kits\10\\include\10.0.26100.0\\um\ole2.h
注意: 包含文件:      C:\Program Files (x86)\Windows Kits\10\\include\10.0.26100.0\\shared\pshpack8.h
注意: 包含文件:      C:\Program Files (x86)\Windows Kits\10\\include\10.0.26100.0\\um\objbase.h
注意: 包含文件:       C:\Program Files (x86)\Windows Kits\10\\include\10.0.26100.0\\shared\pshpack8.h
注意: 包含文件:       C:\Program Files (x86)\Windows Kits\10\\include\10.0.26100.0\\um\combaseapi.h
注意: 包含文件:        C:\Program Files (x86)\Windows Kits\10\\include\10.0.26100.0\\shared\pshpack8.h
注意: 包含文件:        C:\Program Files (x86)\Windows Kits\10\\include\10.0.26100.0\\um\unknwnbase.h
注意: 包含文件:        C:\Program Files (x86)\Windows Kits\10\\include\10.0.26100.0\\um\objidlbase.h
注意: 包含文件:        C:\Program Files (x86)\Windows Kits\10\\include\10.0.26100.0\\shared\guiddef.h
注意: 包含文件:        C:\Program Files (x86)\Windows Kits\10\\include\10.0.26100.0\\um\cguid.h
注意: 包含文件:        C:\Program Files (x86)\Windows Kits\10\\include\10.0.26100.0\\shared\poppack.h
注意: 包含文件:       C:\Program Files (x86)\Windows Kits\10\\include\10.0.26100.0\\um\coml2api.h
注意: 包含文件:        C:\Program Files (x86)\Windows Kits\10\\include\10.0.26100.0\\um\objidl.h
注意: 包含文件:         C:\Program Files (x86)\Windows Kits\10\include\10.0.26100.0\um\unknwn.h
注意: 包含文件:        C:\Program Files (x86)\Windows Kits\10\\include\10.0.26100.0\\um\propidlbase.h
注意: 包含文件:         C:\Program Files (x86)\Windows Kits\10\include\10.0.26100.0\um\oaidl.h
注意: 包含文件:       C:\Program Files (x86)\Windows Kits\10\\include\10.0.26100.0\\um\urlmon.h
注意: 包含文件:        C:\Program Files (x86)\Windows Kits\10\include\10.0.26100.0\um\oleidl.h
注意: 包含文件:        C:\Program Files (x86)\Windows Kits\10\include\10.0.26100.0\um\servprov.h
注意: 包含文件:        C:\Program Files (x86)\Windows Kits\10\include\10.0.26100.0\um\msxml.h
注意: 包含文件:       C:\Program Files (x86)\Windows Kits\10\\include\10.0.26100.0\\um\propidl.h
注意: 包含文件:       C:\Program Files (x86)\Windows Kits\10\\include\10.0.26100.0\\shared\poppack.h
注意: 包含文件:      C:\Program Files (x86)\Windows Kits\10\\include\10.0.26100.0\\um\oleauto.h
注意: 包含文件:       C:\Program Files (x86)\Windows Kits\10\\include\10.0.26100.0\\shared\pshpack8.h
注意: 包含文件:       C:\Program Files (x86)\Windows Kits\10\\include\10.0.26100.0\\shared\poppack.h
注意: 包含文件:      C:\Program Files (x86)\Windows Kits\10\\include\10.0.26100.0\\shared\poppack.h
注意: 包含文件:     C:\Program Files (x86)\Windows Kits\10\\include\10.0.26100.0\\um\commdlg.h
注意: 包含文件:      C:\Program Files (x86)\Windows Kits\10\\include\10.0.26100.0\\um\prsht.h
注意: 包含文件:     C:\Program Files (x86)\Windows Kits\10\\include\10.0.26100.0\\shared\stralign.h
注意: 包含文件:     C:\Program Files (x86)\Windows Kits\10\\include\10.0.26100.0\\um\winsvc.h
注意: 包含文件:     C:\Program Files (x86)\Windows Kits\10\\include\10.0.26100.0\\um\mcx.h
注意: 包含文件:     C:\Program Files (x86)\Windows Kits\10\\include\10.0.26100.0\\um\imm.h
注意: 包含文件:      C:\Program Files (x86)\Windows Kits\10\\include\10.0.26100.0\\um\ime_cmodes.h
注意: 包含文件:    C:\Program Files (x86)\Windows Kits\10\include\10.0.26100.0\ucrt\io.h
注意: 包含文件:     C:\Program Files (x86)\Windows Kits\10\include\10.0.26100.0\ucrt\corecrt_io.h
C:\Users\user\output\deepseek-v4部署\fastllm-master\include\utils\utils.h(109): warning C4996: '_wfopen': This function or variable may be unsafe. Consider using _wfopen_s instead. To disable deprecation, use _CRT_SECURE_NO_WARNINGS. See online help for details.
C:\Users\user\output\deepseek-v4部署\fastllm-master\include\utils\utils.h(118): warning C4996: '_wopen': This function or variable may be unsafe. Consider using _wsopen_s instead. To disable deprecation, use _CRT_SECURE_NO_WARNINGS. See online help for details.
C:\Users\user\output\deepseek-v4部署\fastllm-master\include\utils\utils.h(150): warning C4244: “return”: 从“double”转换到“float”，可能丢失数据
C:\Users\user\output\deepseek-v4部署\fastllm-master\include\utils\utils.h(355): warning C4267: “初始化”: 从“size_t”转换到“int”，可能丢失数据
C:\Users\user\output\deepseek-v4部署\fastllm-master\include\utils\utils.h(417): warning C4244: “+=”: 从“double”转换到“float”，可能丢失数据
注意: 包含文件:   C:\Users\user\output\deepseek-v4部署\fastllm-master\include\fastllm.h
注意: 包含文件:    C:\Program Files (x86)\Microsoft Visual Studio\2022\BuildTools\VC\Tools\MSVC\14.44.35207\include\set
注意: 包含文件:    C:\Program Files (x86)\Microsoft Visual Studio\2022\BuildTools\VC\Tools\MSVC\14.44.35207\include\queue
注意: 包含文件:    C:\Program Files (x86)\Microsoft Visual Studio\2022\BuildTools\VC\Tools\MSVC\14.44.35207\include\unordered_map
注意: 包含文件:     C:\Program Files (x86)\Microsoft Visual Studio\2022\BuildTools\VC\Tools\MSVC\14.44.35207\include\xhash
注意: 包含文件:      C:\Program Files (x86)\Microsoft Visual Studio\2022\BuildTools\VC\Tools\MSVC\14.44.35207\include\list
注意: 包含文件:      C:\Program Files (x86)\Microsoft Visual Studio\2022\BuildTools\VC\Tools\MSVC\14.44.35207\include\xbit_ops.h
注意: 包含文件:    C:\Program Files (x86)\Microsoft Visual Studio\2022\BuildTools\VC\Tools\MSVC\14.44.35207\include\unordered_set
注意: 包含文件:    C:\Program Files (x86)\Microsoft Visual Studio\2022\BuildTools\VC\Tools\MSVC\14.44.35207\include\iostream
注意: 包含文件:     C:\Program Files (x86)\Microsoft Visual Studio\2022\BuildTools\VC\Tools\MSVC\14.44.35207\include\ostream
注意: 包含文件:    C:\Program Files (x86)\Microsoft Visual Studio\2022\BuildTools\VC\Tools\MSVC\14.44.35207\include\functional
注意: 包含文件:    C:\Program Files (x86)\Microsoft Visual Studio\2022\BuildTools\VC\Tools\MSVC\14.44.35207\include\mutex
注意: 包含文件:    C:\Program Files (x86)\Microsoft Visual Studio\2022\BuildTools\VC\Tools\MSVC\14.44.35207\include\codecvt
注意: 包含文件:    C:\Users\user\output\deepseek-v4部署\fastllm-master\include\devices/cpu/alivethreadpool.h
C:\Users\user\output\deepseek-v4部署\fastllm-master\include\devices/cpu/alivethreadpool.h(136): warning C4267: “初始化”: 从“size_t”转换到“int”，可能丢失数据
C:\Users\user\output\deepseek-v4部署\fastllm-master\include\devices/cpu/alivethreadpool.h(176): warning C4267: “初始化”: 从“size_t”转换到“int”，可能丢失数据
C:\Users\user\output\deepseek-v4部署\fastllm-master\include\devices/cpu/alivethreadpool.h(236): warning C4267: “初始化”: 从“size_t”转换到“int”，可能丢失数据
C:\Users\user\output\deepseek-v4部署\fastllm-master\include\devices/cpu/alivethreadpool.h(237): warning C4267: “初始化”: 从“size_t”转换到“int”，可能丢失数据
C:\Users\user\output\deepseek-v4部署\fastllm-master\include\devices/cpu/alivethreadpool.h(238): warning C4267: “初始化”: 从“size_t”转换到“int”，可能丢失数据
C:\Users\user\output\deepseek-v4部署\fastllm-master\include\devices/cpu/alivethreadpool.h(281): warning C4267: “初始化”: 从“size_t”转换到“int”，可能丢失数据
C:\Users\user\output\deepseek-v4部署\fastllm-master\include\devices/cpu/alivethreadpool.h(327): warning C4267: “初始化”: 从“size_t”转换到“int”，可能丢失数据
C:\Users\user\output\deepseek-v4部署\fastllm-master\include\devices/cpu/alivethreadpool.h(330): warning C4267: “初始化”: 从“size_t”转换到“int”，可能丢失数据
C:\Users\user\output\deepseek-v4部署\fastllm-master\include\devices/cpu/alivethreadpool.h(370): warning C4267: “初始化”: 从“size_t”转换到“int”，可能丢失数据
C:\Users\user\output\deepseek-v4部署\fastllm-master\include\devices/cpu/alivethreadpool.h(372): warning C4267: “初始化”: 从“size_t”转换到“int”，可能丢失数据
注意: 包含文件:    C:\Users\user\output\deepseek-v4部署\fastllm-master\third_party\json11\json11.hpp
C:\Users\user\output\deepseek-v4部署\fastllm-master\include\fastllm.h(222): warning C4244: “初始化”: 从“int”转换到“float”，可能丢失数据
C:\Users\user\output\deepseek-v4部署\fastllm-master\include\fastllm.h(222): warning C4244: “初始化”: 从“int”转换到“const float”，可能丢失数据
C:\Users\user\output\deepseek-v4部署\fastllm-master\include\fastllm.h(227): warning C4244: “=”: 从“float”转换到“uint8_t”，可能丢失数据
C:\Users\user\output\deepseek-v4部署\fastllm-master\include\fastllm.h(229): warning C4244: “=”: 从“const float”转换到“uint8_t”，可能丢失数据
C:\Users\user\output\deepseek-v4部署\fastllm-master\include\fastllm.h(687): warning C4996: 'std::codecvt_utf8<wchar_t,1114111,(std::codecvt_mode)0>': warning STL4017: std::wbuffer_convert, std::wstring_convert, and the <codecvt> header (containing std::codecvt_mode, std::codecvt_utf8, std::codecvt_utf16, and std::codecvt_utf8_utf16) are deprecated in C++17. (The std::codecvt class template is NOT deprecated.) The C++ Standard doesn't provide equivalent non-deprecated functionality; consider using MultiByteToWideChar() and WideCharToMultiByte() from <Windows.h> instead. You can define _SILENCE_CXX17_CODECVT_HEADER_DEPRECATION_WARNING or _SILENCE_ALL_CXX17_DEPRECATION_WARNINGS to suppress this warning.
C:\Program Files (x86)\Microsoft Visual Studio\2022\BuildTools\VC\Tools\MSVC\14.44.35207\include\codecvt(34): note: 参见“std::codecvt_utf8”的声明
C:\Users\user\output\deepseek-v4部署\fastllm-master\include\fastllm.h(687): warning C4996: 'std::wstring_convert<std::codecvt_utf8<wchar_t,1114111,(std::codecvt_mode)0>,wchar_t,std::allocator<wchar_t>,std::allocator<char>>': warning STL4017: std::wbuffer_convert, std::wstring_convert, and the <codecvt> header (containing std::codecvt_mode, std::codecvt_utf8, std::codecvt_utf16, and std::codecvt_utf8_utf16) are deprecated in C++17. (The std::codecvt class template is NOT deprecated.) The C++ Standard doesn't provide equivalent non-deprecated functionality; consider using MultiByteToWideChar() and WideCharToMultiByte() from <Windows.h> instead. You can define _SILENCE_CXX17_CODECVT_HEADER_DEPRECATION_WARNING or _SILENCE_ALL_CXX17_DEPRECATION_WARNINGS to suppress this warning.
C:\Program Files (x86)\Microsoft Visual Studio\2022\BuildTools\VC\Tools\MSVC\14.44.35207\include\xlocbuf(303): note: 参见“std::wstring_convert”的声明
注意: 包含文件:   C:\Users\user\output\deepseek-v4部署\fastllm-master\include\models\basellm.h
注意: 包含文件:    C:\Users\user\output\deepseek-v4部署\fastllm-master\include\blocks\baseblock.h
注意: 包含文件:    C:\Users\user\output\deepseek-v4部署\fastllm-master\include\template.h
注意: 包含文件:    C:\Program Files (x86)\Microsoft Visual Studio\2022\BuildTools\VC\Tools\MSVC\14.44.35207\include\condition_variable
C:\Users\user\output\deepseek-v4部署\fastllm-master\include\models\basellm.h(344): warning C4305: “初始化”: 从“double”到“float”截断
C:\Users\user\output\deepseek-v4部署\fastllm-master\include\models\basellm.h(348): warning C4244: “初始化”: 从“double”转换到“const float”，可能丢失数据
C:\Users\user\output\deepseek-v4部署\fastllm-master\third_party\gguf\gguf.cpp(689): warning C4267: “初始化”: 从“size_t”转换到“int”，可能丢失数据
C:\Users\user\output\deepseek-v4部署\fastllm-master\third_party\gguf\gguf.cpp(697): warning C4267: “初始化”: 从“size_t”转换到“int”，可能丢失数据
C:\Users\user\output\deepseek-v4部署\fastllm-master\third_party\gguf\gguf.cpp(753): warning C4267: “初始化”: 从“size_t”转换到“int”，可能丢失数据
C:\Users\user\output\deepseek-v4部署\fastllm-master\third_party\gguf\gguf.cpp(790): warning C4267: “初始化”: 从“size_t”转换到“int”，可能丢失数据
C:\Users\user\output\deepseek-v4部署\fastllm-master\third_party\gguf\gguf.cpp(818): warning C4267: “初始化”: 从“size_t”转换到“int”，可能丢失数据
C:\Users\user\output\deepseek-v4部署\fastllm-master\third_party\gguf\gguf.cpp(829): warning C4244: “参数”: 从“uint64_t”转换到“int”，可能丢失数据
C:\Users\user\output\deepseek-v4部署\fastllm-master\third_party\gguf\gguf.cpp(989): warning C4018: “<”: 有符号/无符号不匹配
C:\Users\user\output\deepseek-v4部署\fastllm-master\third_party\gguf\gguf.cpp(991): warning C4244: “参数”: 从“int64_t”转换到“_Ty”，可能丢失数据
        with
        [
            _Ty=int
        ]
C:\Users\user\output\deepseek-v4部署\fastllm-master\third_party\gguf\gguf.cpp(996): warning C4018: “<”: 有符号/无符号不匹配
C:\Users\user\output\deepseek-v4部署\fastllm-master\third_party\gguf\gguf.cpp(1067): warning C4244: “初始化”: 从“int64_t”转换到“int”，可能丢失数据
C:\Users\user\output\deepseek-v4部署\fastllm-master\third_party\gguf\gguf.cpp(1173): warning C4018: “<”: 有符号/无符号不匹配
C:\Users\user\output\deepseek-v4部署\fastllm-master\third_party\gguf\gguf.cpp(1175): warning C4244: “参数”: 从“int64_t”转换到“_Ty”，可能丢失数据
        with
        [
            _Ty=int
        ]
C:\Users\user\output\deepseek-v4部署\fastllm-master\third_party\gguf\gguf.cpp(1180): warning C4018: “<”: 有符号/无符号不匹配
C:\Users\user\output\deepseek-v4部署\fastllm-master\third_party\gguf\gguf.cpp(1272): warning C4244: “初始化”: 从“int64_t”转换到“int”，可能丢失数据
ninja: build stopped: subcommand failed.
